Log file open, 03/14/26 17:20:20
LogWindows: Failed to load 'aqProf.dll' (GetLastError=126)
LogWindows: File 'aqProf.dll' does not exist
LogWindows: Failed to load 'VtuneApi.dll' (GetLastError=126)
LogWindows: File 'VtuneApi.dll' does not exist
LogWindows: Failed to load 'VtuneApi32e.dll' (GetLastError=126)
LogWindows: File 'VtuneApi32e.dll' does not exist
LogConsoleResponse: Display: Failed to find resolution value strings in scalability ini. Falling back to default.
LogConsoleResponse: Display: Failed to find resolution value strings in scalability ini. Falling back to default.
LogInit: Display: Running engine for game: RoadHopper
LogPlatformFile: Not using cached read wrapper
LogTaskGraph: Started task graph with 5 named threads and 47 total threads with 3 sets of task threads.
LogStats: Stats thread started at 0.348038
LogICUInternationalization: ICU TimeZone Detection - Raw Offset: -7:00, Platform Override: ''
LogInit: Display: Loading text-based GConfig....
LogPluginManager: Mounting plugin MeshPainting
LogPluginManager: Mounting plugin XGEController
LogPluginManager: Mounting plugin Paper2D
LogPluginManager: Mounting plugin LightPropagationVolume
LogPluginManager: Mounting plugin EnvironmentQueryEditor
LogPluginManager: Mounting plugin GameplayCameras
LogPluginManager: Mounting plugin LiveLink
LogPluginManager: Mounting plugin AISupport
LogPluginManager: Mounting plugin OodleData
LogPluginManager: Mounting plugin OodleNetwork
LogPluginManager: Mounting plugin CameraShakePreviewer
LogPluginManager: Mounting plugin AnimationSharing
LogPluginManager: Mounting plugin CodeLiteSourceCodeAccess
LogPluginManager: Mounting plugin CLionSourceCodeAccess
LogPluginManager: Mounting plugin GitSourceControl
LogPluginManager: Mounting plugin KDevelopSourceCodeAccess
LogPluginManager: Mounting plugin NullSourceCodeAccess
LogPluginManager: Mounting plugin PerforceSourceControl
LogPluginManager: Mounting plugin PixWinPlugin
LogPluginManager: Mounting plugin PlasticSourceControl
LogPluginManager: Mounting plugin PluginUtils
LogPluginManager: Mounting plugin PropertyAccessNode
LogPluginManager: Mounting plugin RiderSourceCodeAccess
LogPluginManager: Mounting plugin SubversionSourceControl
LogPluginManager: Mounting plugin TextureFormatOodle
LogPluginManager: Mounting plugin DatasmithContent
LogPluginManager: Mounting plugin UObjectPlugin
LogPluginManager: Mounting plugin VisualStudioSourceCodeAccess
LogPluginManager: Mounting plugin VisualStudioCodeSourceCodeAccess
LogPluginManager: Mounting plugin XCodeSourceCodeAccess
LogPluginManager: Mounting plugin AssetManagerEditor
LogPluginManager: Mounting plugin CryptoKeys
LogPluginManager: Mounting plugin VariantManagerContent
LogPluginManager: Mounting plugin FacialAnimation
LogPluginManager: Mounting plugin DataValidation
LogPluginManager: Mounting plugin CurveEditorTools
LogPluginManager: Mounting plugin GameplayTagsEditor
LogPluginManager: Mounting plugin GeometryMode
LogPluginManager: Mounting plugin AlembicImporter
LogPluginManager: Mounting plugin Niagara
LogPluginManager: Mounting plugin MaterialAnalyzer
LogPluginManager: Mounting plugin AutomationUtils
LogPluginManager: Mounting plugin MacGraphicsSwitching
LogPluginManager: Mounting plugin PluginBrowser
LogPluginManager: Mounting plugin MobileLauncherProfileWizard
LogPluginManager: Mounting plugin SpeedTreeImporter
LogPluginManager: Mounting plugin BackChannel
LogPluginManager: Mounting plugin ChaosClothEditor
LogPluginManager: Mounting plugin ChaosCloth
LogPluginManager: Mounting plugin ChaosEditor
LogPluginManager: Mounting plugin ChaosSolverPlugin
LogPluginManager: Mounting plugin ChaosNiagara
LogPluginManager: Mounting plugin CharacterAI
LogPluginManager: Mounting plugin GeometryCache
LogPluginManager: Mounting plugin GeometryCollectionPlugin
LogPluginManager: Mounting plugin GeometryProcessing
LogPluginManager: Mounting plugin MotoSynth
LogPluginManager: Mounting plugin OpenImageDenoise
LogPluginManager: Mounting plugin PlatformCrypto
LogPluginManager: Mounting plugin PlanarCut
LogPluginManager: Mounting plugin ProxyLODPlugin
LogPluginManager: Mounting plugin PythonScriptPlugin
LogPluginManager: Mounting plugin LuminPlatformFeatures
LogPluginManager: Mounting plugin MagicLeap
LogPluginManager: Mounting plugin MagicLeapLightEstimation
LogPluginManager: Mounting plugin SkeletalReduction
LogPluginManager: Mounting plugin MagicLeapMedia
LogPluginManager: Mounting plugin AndroidMedia
LogPluginManager: Mounting plugin MagicLeapPassableWorld
LogPluginManager: Mounting plugin MLSDK
LogPluginManager: Mounting plugin AvfMedia
LogPluginManager: Mounting plugin ImgMedia
LogPluginManager: Mounting plugin TcpMessaging
LogPluginManager: Mounting plugin UdpMessaging
LogPluginManager: Mounting plugin ActorSequence
LogPluginManager: Mounting plugin MediaCompositing
LogPluginManager: Mounting plugin LevelSequenceEditor
LogPluginManager: Mounting plugin MediaPlayerEditor
LogPluginManager: Mounting plugin WebMMedia
LogPluginManager: Mounting plugin WmfMedia
LogPluginManager: Mounting plugin TemplateSequence
LogPluginManager: Mounting plugin MatineeToLevelSequence
LogPluginManager: Mounting plugin OnlineSubsystem
LogPluginManager: Mounting plugin ActorLayerUtilities
LogPluginManager: Mounting plugin LauncherChunkInstaller
LogPluginManager: Mounting plugin AndroidDeviceProfileSelector
LogPluginManager: Mounting plugin OnlineSubsystemNull
LogPluginManager: Mounting plugin AndroidMoviePlayer
LogPluginManager: Mounting plugin OnlineSubsystemUtils
LogPluginManager: Mounting plugin AndroidPermission
LogPluginManager: Mounting plugin AppleMoviePlayer
LogPluginManager: Mounting plugin AppleImageUtils
LogPluginManager: Mounting plugin ArchVisCharacter
LogPluginManager: Mounting plugin AssetTags
LogPluginManager: Mounting plugin AudioCapture
LogPluginManager: Mounting plugin AudioSynesthesia
LogPluginManager: Mounting plugin CustomMeshComponent
LogPluginManager: Mounting plugin ChunkDownloader
LogPluginManager: Mounting plugin CableComponent
LogPluginManager: Mounting plugin EditableMesh
LogPluginManager: Mounting plugin ExampleDeviceProfileSelector
LogPluginManager: Mounting plugin GoogleCloudMessaging
LogPluginManager: Mounting plugin GooglePAD
LogPluginManager: Mounting plugin IOSDeviceProfileSelector
LogPluginManager: Mounting plugin LinuxDeviceProfileSelector
LogPluginManager: Mounting plugin LocationServicesBPLibrary
LogPluginManager: Mounting plugin MobilePatchingUtils
LogPluginManager: Mounting plugin OpenXR
LogPluginManager: Mounting plugin OpenXREyeTracker
LogPluginManager: Mounting plugin OpenXRHandTracking
LogPluginManager: Mounting plugin PhysXVehicles
LogPluginManager: Mounting plugin PostSplashScreen
LogPluginManager: Mounting plugin ProceduralMeshComponent
LogPluginManager: Mounting plugin PropertyAccessEditor
LogPluginManager: Mounting plugin RuntimePhysXCooking
LogPluginManager: Mounting plugin SignificanceManager
LogPluginManager: Mounting plugin SoundFields
LogPluginManager: Mounting plugin Synthesis
LogPluginManager: Mounting plugin WebMMoviePlayer
LogPluginManager: Mounting plugin WindowsMoviePlayer
LogPluginManager: Mounting plugin ScreenshotTools
LogPluginManager: Mounting plugin Takes
LogPluginManager: Mounting plugin ContentBrowserAssetDataSource
LogPluginManager: Mounting plugin ContentBrowserFileDataSource
LogPluginManager: Mounting plugin ContentBrowserClassDataSource
LogPluginManager: Mounting plugin OnlineSubsystemGooglePlay
LogPluginManager: Mounting plugin OnlineSubsystemIOS
LogPluginManager: Mounting plugin OculusVR
LogPluginManager: Mounting plugin SteamVR
PixWinPlugin: PIX capture plugin failed to initialize! Check that the process is launched from PIX.
LogInit: Using libcurl 7.55.1-DEV
LogInit:  - built for x86_64-pc-win32
LogInit:  - supports SSL with OpenSSL/1.1.1
LogInit:  - supports HTTP deflate (compression) using libz 1.2.8
LogInit:  - other features:
LogInit:      CURL_VERSION_SSL
LogInit:      CURL_VERSION_LIBZ
LogInit:      CURL_VERSION_IPV6
LogInit:      CURL_VERSION_ASYNCHDNS
LogInit:      CURL_VERSION_LARGEFILE
LogInit:      CURL_VERSION_IDN
LogInit:  CurlRequestOptions (configurable via config and command line):
LogInit:  - bVerifyPeer = true  - Libcurl will verify peer certificate
LogInit:  - bUseHttpProxy = false  - Libcurl will NOT use HTTP proxy
LogInit:  - bDontReuseConnections = false  - Libcurl will reuse connections
LogInit:  - MaxHostConnections = 16  - Libcurl will limit the number of connections to a host
LogInit:  - LocalHostAddr = Default
LogInit:  - BufferSize = 65536
LogOnline: OSS: Creating online subsystem instance for: NULL
LogInit: WinSock: version 1.1 (2.2), MaxSocks=32767, MaxUdp=65467
LogOnline: OSS: TryLoadSubsystemAndSetDefault: Loaded subsystem for module [NULL]
LogOculusPluginWrapper: OculusPlugin initialized successfully
LogHMD: Failed initializing OVRPlugin 1.59.0
LogInit: Build: ++UE4+Release-4.27-CL-18319896
LogInit: Engine Version: 4.27.2-18319896+++UE4+Release-4.27
LogInit: Compatible Engine Version: 4.27.0-17155196+++UE4+Release-4.27
LogInit: Net CL: 17155196
LogInit: OS: Windows 10 (Release 2009) (), CPU: 12th Gen Intel(R) Core(TM) i5-12600K, GPU: NVIDIA GeForce RTX 3080
LogInit: Compiled (64-bit): Nov 30 2021 07:12:08
LogInit: Compiled with Visual C++: 19.24.28315.00
LogInit: Build Configuration: Development
LogInit: Branch Name: ++UE4+Release-4.27
LogInit: Command Line: 
LogInit: Base Directory: D:/Epic Games/UE_4.27/Engine/Binaries/Win64/
LogInit: Allocator: TBB
LogInit: Installed Engine Build: 1
LogDevObjectVersion: Number of dev versions registered: 29
LogDevObjectVersion:   Dev-Blueprints (B0D832E4-1F89-4F0D-ACCF-7EB736FD4AA2): 10
LogDevObjectVersion:   Dev-Build (E1C64328-A22C-4D53-A36C-8E866417BD8C): 0
LogDevObjectVersion:   Dev-Core (375EC13C-06E4-48FB-B500-84F0262A717E): 4
LogDevObjectVersion:   Dev-Editor (E4B068ED-F494-42E9-A231-DA0B2E46BB41): 40
LogDevObjectVersion:   Dev-Framework (CFFC743F-43B0-4480-9391-14DF171D2073): 37
LogDevObjectVersion:   Dev-Mobile (B02B49B5-BB20-44E9-A304-32B752E40360): 3
LogDevObjectVersion:   Dev-Networking (A4E4105C-59A1-49B5-A7C5-40C4547EDFEE): 0
LogDevObjectVersion:   Dev-Online (39C831C9-5AE6-47DC-9A44-9C173E1C8E7C): 0
LogDevObjectVersion:   Dev-Physics (78F01B33-EBEA-4F98-B9B4-84EACCB95AA2): 14
LogDevObjectVersion:   Dev-Platform (6631380F-2D4D-43E0-8009-CF276956A95A): 0
LogDevObjectVersion:   Dev-Rendering (12F88B9F-8875-4AFC-A67C-D90C383ABD29): 45
LogDevObjectVersion:   Dev-Sequencer (7B5AE74C-D270-4C10-A958-57980B212A5A): 13
LogDevObjectVersion:   Dev-VR (D7296918-1DD6-4BDD-9DE2-64A83CC13884): 3
LogDevObjectVersion:   Dev-LoadTimes (C2A15278-BFE7-4AFE-6C17-90FF531DF755): 1
LogDevObjectVersion:   Private-Geometry (6EACA3D4-40EC-4CC1-B786-8BED09428FC5): 3
LogDevObjectVersion:   Dev-AnimPhys (29E575DD-E0A3-4627-9D10-D276232CDCEA): 17
LogDevObjectVersion:   Dev-Anim (AF43A65D-7FD3-4947-9873-3E8ED9C1BB05): 15
LogDevObjectVersion:   Dev-ReflectionCapture (6B266CEC-1EC7-4B8F-A30B-E4D90942FC07): 1
LogDevObjectVersion:   Dev-Automation (0DF73D61-A23F-47EA-B727-89E90C41499A): 1
LogDevObjectVersion:   FortniteMain (601D1886-AC64-4F84-AA16-D3DE0DEAC7D6): 47
LogDevObjectVersion:   FortniteRelease (E7086368-6B23-4C58-8439-1B7016265E91): 1
LogDevObjectVersion:   Dev-Enterprise (9DFFBCD6-494F-0158-E221-12823C92A888): 10
LogDevObjectVersion:   Dev-Niagara (F2AED0AC-9AFE-416F-8664-AA7FFA26D6FC): 1
LogDevObjectVersion:   Dev-Destruction (174F1F0B-B4C6-45A5-B13F-2EE8D0FB917D): 10
LogDevObjectVersion:   Dev-Physics-Ext (35F94A83-E258-406C-A318-09F59610247C): 41
LogDevObjectVersion:   Dev-PhysicsMaterial-Chaos (B68FC16E-8B1B-42E2-B453-215C058844FE): 1
LogDevObjectVersion:   Dev-CineCamera (B2E18506-4273-CFC2-A54E-F4BB758BBA07): 1
LogDevObjectVersion:   Dev-VirtualProduction (64F58936-FD1B-42BA-BA96-7289D5D0FA4E): 1
LogDevObjectVersion:   Dev-MediaFramework (6F0ED827-A609-4895-9C91-998D90180EA4): 2
LogInit: Presizing for max 25165824 objects, including 0 objects not considered by GC, pre-allocating 0 bytes for permanent pool.
LogConfig: Applying CVar settings from Section [/Script/Engine.StreamingSettings] File [C:/Users/titan/Desktop/Titan_RoadHopper/RoadHopper4.27/Saved/Config/Windows/Engine.ini]
LogConfig: Setting CVar [[s.MinBulkDataSizeForAsyncLoading:131072]]
LogConfig: Setting CVar [[s.AsyncLoadingThreadEnabled:0]]
LogConfig: Setting CVar [[s.EventDrivenLoaderEnabled:1]]
LogConfig: Setting CVar [[s.WarnIfTimeLimitExceeded:0]]
LogConfig: Setting CVar [[s.TimeLimitExceededMultiplier:1.5]]
LogConfig: Setting CVar [[s.TimeLimitExceededMinTime:0.005]]
LogConfig: Setting CVar [[s.UseBackgroundLevelStreaming:1]]
LogConfig: Setting CVar [[s.PriorityAsyncLoadingExtraTime:15.0]]
LogConfig: Setting CVar [[s.LevelStreamingActorsUpdateTimeLimit:5.0]]
LogConfig: Setting CVar [[s.PriorityLevelStreamingActorsUpdateExtraTime:5.0]]
LogConfig: Setting CVar [[s.LevelStreamingComponentsRegistrationGranularity:10]]
LogConfig: Setting CVar [[s.UnregisterComponentsTimeLimit:1.0]]
LogConfig: Setting CVar [[s.LevelStreamingComponentsUnregistrationGranularity:5]]
LogConfig: Setting CVar [[s.FlushStreamingOnExit:1]]
LogInit: Object subsystem initialized
LogConfig: Setting CVar [[con.DebugEarlyDefault:1]]
LogConfig: Setting CVar [[r.setres:1280x720]]
[2026.03.14-23.20.23:317][  0]LogConfig: Setting CVar [[r.VSync:0]]
[2026.03.14-23.20.23:317][  0]LogConfig: Setting CVar [[r.RHICmdBypass:0]]
[2026.03.14-23.20.23:317][  0]LogConfig: Applying CVar settings from Section [/Script/Engine.RendererSettings] File [C:/Users/titan/Desktop/Titan_RoadHopper/RoadHopper4.27/Saved/Config/Windows/Engine.ini]
[2026.03.14-23.20.23:317][  0]LogConfig: Setting CVar [[r.GPUCrashDebugging:0]]
[2026.03.14-23.20.23:317][  0]LogConfig: Setting CVar [[r.Mobile.DisableVertexFog:1]]
[2026.03.14-23.20.23:317][  0]LogConfig: Setting CVar [[r.Shadow.CSM.MaxMobileCascades:2]]
[2026.03.14-23.20.23:317][  0]LogConfig: Setting CVar [[r.MobileMSAA:1]]
[2026.03.14-23.20.23:317][  0]LogConfig: Setting CVar [[r.Mobile.AllowDitheredLODTransition:0]]
[2026.03.14-23.20.23:317][  0]LogConfig: Setting CVar [[r.Mobile.AllowSoftwareOcclusion:0]]
[2026.03.14-23.20.23:317][  0]LogConfig: Setting CVar [[r.Mobile.VirtualTextures:0]]
[2026.03.14-23.20.23:317][  0]LogConfig: Setting CVar [[r.DiscardUnusedQuality:0]]
[2026.03.14-23.20.23:317][  0]LogConfig: Setting CVar [[r.AllowOcclusionQueries:1]]
[2026.03.14-23.20.23:317][  0]LogConfig: Setting CVar [[r.MinScreenRadiusForLights:0.030000]]
[2026.03.14-23.20.23:317][  0]LogConfig: Setting CVar [[r.MinScreenRadiusForDepthPrepass:0.030000]]
[2026.03.14-23.20.23:317][  0]LogConfig: Setting CVar [[r.MinScreenRadiusForCSMDepth:0.010000]]
[2026.03.14-23.20.23:317][  0]LogConfig: Setting CVar [[r.PrecomputedVisibilityWarning:0]]
[2026.03.14-23.20.23:317][  0]LogConfig: Setting CVar [[r.TextureStreaming:1]]
[2026.03.14-23.20.23:317][  0]LogConfig: Setting CVar [[Compat.UseDXT5NormalMaps:0]]
[2026.03.14-23.20.23:317][  0]LogConfig: Setting CVar [[r.VirtualTextures:0]]
[2026.03.14-23.20.23:317][  0]LogConfig: Setting CVar [[r.VT.EnableAutoImport:1]]
[2026.03.14-23.20.23:317][  0]LogConfig: Setting CVar [[r.VirtualTexturedLightmaps:0]]
[2026.03.14-23.20.23:317][  0]LogConfig: Setting CVar [[r.VT.TileSize:128]]
[2026.03.14-23.20.23:317][  0]LogConfig: Setting CVar [[r.VT.TileBorderSize:4]]
[2026.03.14-23.20.23:317][  0]LogConfig: Setting CVar [[r.vt.FeedbackFactor:16]]
[2026.03.14-23.20.23:317][  0]LogConfig: Setting CVar [[r.VT.EnableCompressZlib:1]]
[2026.03.14-23.20.23:317][  0]LogConfig: Setting CVar [[r.VT.EnableCompressCrunch:0]]
[2026.03.14-23.20.23:317][  0]LogConfig: Setting CVar [[r.ClearCoatNormal:0]]
[2026.03.14-23.20.23:317][  0]LogConfig: Setting CVar [[r.ReflectionCaptureResolution:128]]
[2026.03.14-23.20.23:317][  0]LogConfig: Setting CVar [[r.Mobile.ReflectionCaptureCompression:0]]
[2026.03.14-23.20.23:317][  0]LogConfig: Setting CVar [[r.ReflectionEnvironmentLightmapMixBasedOnRoughness:1]]
[2026.03.14-23.20.23:317][  0]LogConfig: Setting CVar [[r.ForwardShading:0]]
[2026.03.14-23.20.23:317][  0]LogConfig: Setting CVar [[r.VertexFoggingForOpaque:1]]
[2026.03.14-23.20.23:317][  0]LogConfig: Setting CVar [[r.AllowStaticLighting:1]]
[2026.03.14-23.20.23:317][  0]LogConfig: Setting CVar [[r.NormalMapsForStaticLighting:0]]
[2026.03.14-23.20.23:317][  0]LogConfig: Setting CVar [[r.GenerateMeshDistanceFields:0]]
[2026.03.14-23.20.23:317][  0]LogConfig: Setting CVar [[r.DistanceFieldBuild.EightBit:0]]
[2026.03.14-23.20.23:317][  0]LogConfig: Setting CVar [[r.GenerateLandscapeGIData:0]]
[2026.03.14-23.20.23:317][  0]LogConfig: Setting CVar [[r.DistanceFieldBuild.Compress:0]]
[2026.03.14-23.20.23:317][  0]LogConfig: Setting CVar [[r.TessellationAdaptivePixelsPerTriangle:48.000000]]
[2026.03.14-23.20.23:317][  0]LogConfig: Setting CVar [[r.SeparateTranslucency:1]]
[2026.03.14-23.20.23:317][  0]LogConfig: Setting CVar [[r.TranslucentSortPolicy:0]]
[2026.03.14-23.20.23:317][  0]LogConfig: Setting CVar [[vr.VRS.HMDFixedFoveationLevel:0]]
[2026.03.14-23.20.23:317][  0]LogConfig: Setting CVar [[r.CustomDepth:1]]
[2026.03.14-23.20.23:317][  0]LogConfig: Setting CVar [[r.CustomDepthTemporalAAJitter:1]]
[2026.03.14-23.20.23:317][  0]LogConfig: Setting CVar [[r.PostProcessing.PropagateAlpha:0]]
[2026.03.14-23.20.23:317][  0]LogConfig: Setting CVar [[r.DefaultFeature.Bloom:1]]
[2026.03.14-23.20.23:317][  0]LogConfig: Setting CVar [[r.DefaultFeature.AmbientOcclusion:1]]
[2026.03.14-23.20.23:317][  0]LogConfig: Setting CVar [[r.DefaultFeature.AmbientOcclusionStaticFraction:1]]
[2026.03.14-23.20.23:317][  0]LogConfig: Setting CVar [[r.DefaultFeature.AutoExposure:0]]
[2026.03.14-23.20.23:317][  0]LogConfig: Setting CVar [[r.DefaultFeature.AutoExposure.Method:0]]
[2026.03.14-23.20.23:317][  0]LogConfig: Setting CVar [[r.DefaultFeature.AutoExposure.Bias:1.000000]]
[2026.03.14-23.20.23:317][  0]LogConfig: Setting CVar [[r.DefaultFeature.AutoExposure.ExtendDefaultLuminanceRange:0]]
[2026.03.14-23.20.23:317][  0]LogConfig: Setting CVar [[r.UsePreExposure:1]]
[2026.03.14-23.20.23:317][  0]LogConfig: Setting CVar [[r.EyeAdaptation.EditorOnly:0]]
[2026.03.14-23.20.23:317][  0]LogConfig: Setting CVar [[r.DefaultFeature.MotionBlur:0]]
[2026.03.14-23.20.23:317][  0]LogConfig: Setting CVar [[r.DefaultFeature.LensFlare:0]]
[2026.03.14-23.20.23:317][  0]LogConfig: Setting CVar [[r.TemporalAA.Upsampling:0]]
[2026.03.14-23.20.23:317][  0]LogConfig: Setting CVar [[r.SSGI.Enable:0]]
[2026.03.14-23.20.23:317][  0]LogConfig: Setting CVar [[r.DefaultFeature.AntiAliasing:0]]
[2026.03.14-23.20.23:317][  0]LogConfig: Setting CVar [[r.DefaultFeature.LightUnits:1]]
[2026.03.14-23.20.23:317][  0]LogConfig: Setting CVar [[r.DefaultBackBufferPixelFormat:4]]
[2026.03.14-23.20.23:317][  0]LogConfig: Setting CVar [[r.Shadow.UnbuiltPreviewInGame:1]]
[2026.03.14-23.20.23:317][  0]LogConfig: Setting CVar [[r.StencilForLODDither:0]]
[2026.03.14-23.20.23:317][  0]LogConfig: Setting CVar [[r.EarlyZPass:3]]
[2026.03.14-23.20.23:317][  0]LogConfig: Setting CVar [[r.EarlyZPassOnlyMaterialMasking:0]]
[2026.03.14-23.20.23:317][  0]LogConfig: Setting CVar [[r.DBuffer:1]]
[2026.03.14-23.20.23:317][  0]LogConfig: Setting CVar [[r.ClearSceneMethod:1]]
[2026.03.14-23.20.23:317][  0]LogConfig: Setting CVar [[r.BasePassOutputsVelocity:0]]
[2026.03.14-23.20.23:317][  0]LogConfig: Setting CVar [[r.VertexDeformationOutputsVelocity:0]]
[2026.03.14-23.20.23:317][  0]LogConfig: Setting CVar [[r.SelectiveBasePassOutputs:0]]
[2026.03.14-23.20.23:317][  0]LogConfig: Setting CVar [[fx.GPUSimulationTextureSizeX:1024]]
[2026.03.14-23.20.23:317][  0]LogConfig: Setting CVar [[fx.GPUSimulationTextureSizeY:1024]]
[2026.03.14-23.20.23:317][  0]LogConfig: Setting CVar [[r.AllowGlobalClipPlane:0]]
[2026.03.14-23.20.23:317][  0]LogConfig: Setting CVar [[r.GBufferFormat:1]]
[2026.03.14-23.20.23:317][  0]LogConfig: Setting CVar [[r.MorphTarget.Mode:1]]
[2026.03.14-23.20.23:317][  0]LogConfig: Setting CVar [[vr.InstancedStereo:0]]
[2026.03.14-23.20.23:317][  0]LogConfig: Setting CVar [[r.MobileHDR:1]]
[2026.03.14-23.20.23:317][  0]LogConfig: Setting CVar [[vr.MobileMultiView:0]]
[2026.03.14-23.20.23:317][  0]LogConfig: Setting CVar [[r.Mobile.UseHWsRGBEncoding:0]]
[2026.03.14-23.20.23:317][  0]LogConfig: Setting CVar [[vr.RoundRobinOcclusion:0]]
[2026.03.14-23.20.23:317][  0]LogConfig: Setting CVar [[vr.ODSCapture:0]]
[2026.03.14-23.20.23:317][  0]LogConfig: Setting CVar [[r.MeshStreaming:0]]
[2026.03.14-23.20.23:317][  0]LogConfig: Setting CVar [[r.WireframeCullThreshold:5.000000]]
[2026.03.14-23.20.23:317][  0]LogConfig: Setting CVar [[r.RayTracing:0]]
[2026.03.14-23.20.23:317][  0]LogConfig: Setting CVar [[r.RayTracing.UseTextureLod:0]]
[2026.03.14-23.20.23:317][  0]LogConfig: Setting CVar [[r.SupportStationarySkylight:1]]
[2026.03.14-23.20.23:317][  0]LogConfig: Setting CVar [[r.SupportLowQualityLightmaps:1]]
[2026.03.14-23.20.23:317][  0]LogConfig: Setting CVar [[r.SupportPointLightWholeSceneShadows:1]]
[2026.03.14-23.20.23:317][  0]LogConfig: Setting CVar [[r.SupportAtmosphericFog:1]]
[2026.03.14-23.20.23:317][  0]LogConfig: Setting CVar [[r.SupportSkyAtmosphere:1]]
[2026.03.14-23.20.23:317][  0]LogConfig: Setting CVar [[r.SupportSkyAtmosphereAffectsHeightFog:0]]
[2026.03.14-23.20.23:317][  0]LogConfig: Setting CVar [[r.SkinCache.CompileShaders:0]]
[2026.03.14-23.20.23:317][  0]LogConfig: Setting CVar [[r.SkinCache.DefaultBehavior:1]]
[2026.03.14-23.20.23:317][  0]LogConfig: Setting CVar [[r.SkinCache.SceneMemoryLimitInMB:128.000000]]
[2026.03.14-23.20.23:317][  0]LogConfig: Setting CVar [[r.Mobile.EnableStaticAndCSMShadowReceivers:1]]
[2026.03.14-23.20.23:317][  0]LogConfig: Setting CVar [[r.Mobile.EnableMovableLightCSMShaderCulling:1]]
[2026.03.14-23.20.23:317][  0]LogConfig: Setting CVar [[r.Mobile.AllowDistanceFieldShadows:1]]
[2026.03.14-23.20.23:317][  0]LogConfig: Setting CVar [[r.Mobile.AllowMovableDirectionalLights:1]]
[2026.03.14-23.20.23:317][  0]LogConfig: Setting CVar [[r.MobileNumDynamicPointLights:4]]
[2026.03.14-23.20.23:317][  0]LogConfig: Setting CVar [[r.MobileDynamicPointLightsUseStaticBranch:1]]
[2026.03.14-23.20.23:317][  0]LogConfig: Setting CVar [[r.Mobile.EnableMovableSpotlights:0]]
[2026.03.14-23.20.23:317][  0]LogConfig: Setting CVar [[r.Mobile.EnableMovableSpotlightsShadow:0]]
[2026.03.14-23.20.23:317][  0]LogConfig: Setting CVar [[r.GPUSkin.Support16BitBoneIndex:0]]
[2026.03.14-23.20.23:317][  0]LogConfig: Setting CVar [[r.GPUSkin.Limit2BoneInfluences:0]]
[2026.03.14-23.20.23:317][  0]LogConfig: Setting CVar [[r.SupportDepthOnlyIndexBuffers:1]]
[2026.03.14-23.20.23:317][  0]LogConfig: Setting CVar [[r.SupportReversedIndexBuffers:1]]
[2026.03.14-23.20.23:317][  0]LogConfig: Setting CVar [[r.LightPropagationVolume:0]]
[2026.03.14-23.20.23:317][  0]LogConfig: Setting CVar [[r.Mobile.AmbientOcclusion:0]]
[2026.03.14-23.20.23:317][  0]LogConfig: Setting CVar [[r.GPUSkin.UnlimitedBoneInfluences:0]]
[2026.03.14-23.20.23:317][  0]LogConfig: Setting CVar [[r.GPUSkin.UnlimitedBoneInfluencesThreshold:8]]
[2026.03.14-23.20.23:317][  0]LogConfig: Setting CVar [[r.Mobile.PlanarReflectionMode:0]]
[2026.03.14-23.20.23:317][  0]LogConfig: Setting CVar [[r.Mobile.SupportsGen4TAA:0]]
[2026.03.14-23.20.23:317][  0]LogConfig: Applying CVar settings from Section [/Script/Engine.RendererOverrideSettings] File [C:/Users/titan/Desktop/Titan_RoadHopper/RoadHopper4.27/Saved/Config/Windows/Engine.ini]
[2026.03.14-23.20.23:317][  0]LogConfig: Applying CVar settings from Section [/Script/Engine.StreamingSettings] File [C:/Users/titan/Desktop/Titan_RoadHopper/RoadHopper4.27/Saved/Config/Windows/Engine.ini]
[2026.03.14-23.20.23:317][  0]LogConfig: Setting CVar [[s.MinBulkDataSizeForAsyncLoading:131072]]
[2026.03.14-23.20.23:317][  0]LogConfig: Setting CVar [[s.AsyncLoadingThreadEnabled:0]]
[2026.03.14-23.20.23:317][  0]LogConfig: Setting CVar [[s.EventDrivenLoaderEnabled:1]]
[2026.03.14-23.20.23:317][  0]LogConfig: Setting CVar [[s.WarnIfTimeLimitExceeded:0]]
[2026.03.14-23.20.23:317][  0]LogConfig: Setting CVar [[s.TimeLimitExceededMultiplier:1.5]]
[2026.03.14-23.20.23:317][  0]LogConfig: Setting CVar [[s.TimeLimitExceededMinTime:0.005]]
[2026.03.14-23.20.23:317][  0]LogConfig: Setting CVar [[s.UseBackgroundLevelStreaming:1]]
[2026.03.14-23.20.23:317][  0]LogConfig: Setting CVar [[s.PriorityAsyncLoadingExtraTime:15.0]]
[2026.03.14-23.20.23:317][  0]LogConfig: Setting CVar [[s.LevelStreamingActorsUpdateTimeLimit:5.0]]
[2026.03.14-23.20.23:317][  0]LogConfig: Setting CVar [[s.PriorityLevelStreamingActorsUpdateExtraTime:5.0]]
[2026.03.14-23.20.23:317][  0]LogConfig: Setting CVar [[s.LevelStreamingComponentsRegistrationGranularity:10]]
[2026.03.14-23.20.23:317][  0]LogConfig: Setting CVar [[s.UnregisterComponentsTimeLimit:1.0]]
[2026.03.14-23.20.23:317][  0]LogConfig: Setting CVar [[s.LevelStreamingComponentsUnregistrationGranularity:5]]
[2026.03.14-23.20.23:317][  0]LogConfig: Setting CVar [[s.FlushStreamingOnExit:1]]
[2026.03.14-23.20.23:318][  0]LogConfig: Applying CVar settings from Section [/Script/Engine.GarbageCollectionSettings] File [C:/Users/titan/Desktop/Titan_RoadHopper/RoadHopper4.27/Saved/Config/Windows/Engine.ini]
[2026.03.14-23.20.23:318][  0]LogConfig: Setting CVar [[gc.MaxObjectsNotConsideredByGC:1]]
[2026.03.14-23.20.23:318][  0]LogConfig: Setting CVar [[gc.SizeOfPermanentObjectPool:0]]
[2026.03.14-23.20.23:318][  0]LogConfig: Setting CVar [[gc.FlushStreamingOnGC:0]]
[2026.03.14-23.20.23:318][  0]LogConfig: Setting CVar [[gc.NumRetriesBeforeForcingGC:10]]
[2026.03.14-23.20.23:318][  0]LogConfig: Setting CVar [[gc.AllowParallelGC:1]]
[2026.03.14-23.20.23:318][  0]LogConfig: Setting CVar [[gc.TimeBetweenPurgingPendingKillObjects:61.1]]
[2026.03.14-23.20.23:318][  0]LogConfig: Setting CVar [[gc.MaxObjectsInEditor:25165824]]
[2026.03.14-23.20.23:318][  0]LogConfig: Setting CVar [[gc.IncrementalBeginDestroyEnabled:1]]
[2026.03.14-23.20.23:318][  0]LogConfig: Setting CVar [[gc.CreateGCClusters:1]]
[2026.03.14-23.20.23:318][  0]LogConfig: Setting CVar [[gc.MinGCClusterSize:5]]
[2026.03.14-23.20.23:318][  0]LogConfig: Setting CVar [[gc.ActorClusteringEnabled:0]]
[2026.03.14-23.20.23:318][  0]LogConfig: Setting CVar [[gc.BlueprintClusteringEnabled:0]]
[2026.03.14-23.20.23:318][  0]LogConfig: Setting CVar [[gc.UseDisregardForGCOnDedicatedServers:0]]
[2026.03.14-23.20.23:318][  0]LogConfig: Setting CVar [[gc.MultithreadedDestructionEnabled:1]]
[2026.03.14-23.20.23:318][  0]LogConfig: Applying CVar settings from Section [/Script/Engine.NetworkSettings] File [C:/Users/titan/Desktop/Titan_RoadHopper/RoadHopper4.27/Saved/Config/Windows/Engine.ini]
[2026.03.14-23.20.23:318][  0]LogConfig: Applying CVar settings from Section [/Script/UnrealEd.CookerSettings] File [C:/Users/titan/Desktop/Titan_RoadHopper/RoadHopper4.27/Saved/Config/Windows/Engine.ini]
[2026.03.14-23.20.23:340][  0]LogConfig: Applying CVar settings from Section [ViewDistanceQuality@3] File [C:/Users/titan/Desktop/Titan_RoadHopper/RoadHopper4.27/Saved/Config/Windows/Scalability.ini]
[2026.03.14-23.20.23:340][  0]LogConfig: Setting CVar [[r.SkeletalMeshLODBias:0]]
[2026.03.14-23.20.23:340][  0]LogConfig: Setting CVar [[r.ViewDistanceScale:1.0]]
[2026.03.14-23.20.23:340][  0]LogConfig: Applying CVar settings from Section [AntiAliasingQuality@3] File [C:/Users/titan/Desktop/Titan_RoadHopper/RoadHopper4.27/Saved/Config/Windows/Scalability.ini]
[2026.03.14-23.20.23:340][  0]LogConfig: Setting CVar [[r.PostProcessAAQuality:4]]
[2026.03.14-23.20.23:340][  0]LogConfig: Applying CVar settings from Section [ShadowQuality@3] File [C:/Users/titan/Desktop/Titan_RoadHopper/RoadHopper4.27/Saved/Config/Windows/Scalability.ini]
[2026.03.14-23.20.23:340][  0]LogConfig: Setting CVar [[r.LightFunctionQuality:1]]
[2026.03.14-23.20.23:340][  0]LogConfig: Setting CVar [[r.ShadowQuality:5]]
[2026.03.14-23.20.23:340][  0]LogConfig: Setting CVar [[r.Shadow.CSM.MaxCascades:10]]
[2026.03.14-23.20.23:340][  0]LogConfig: Setting CVar [[r.Shadow.MaxResolution:2048]]
[2026.03.14-23.20.23:340][  0]LogConfig: Setting CVar [[r.Shadow.MaxCSMResolution:2048]]
[2026.03.14-23.20.23:340][  0]LogConfig: Setting CVar [[r.Shadow.RadiusThreshold:0.01]]
[2026.03.14-23.20.23:340][  0]LogConfig: Setting CVar [[r.Shadow.DistanceScale:1.0]]
[2026.03.14-23.20.23:340][  0]LogConfig: Setting CVar [[r.Shadow.CSM.TransitionScale:1.0]]
[2026.03.14-23.20.23:340][  0]LogConfig: Setting CVar [[r.Shadow.PreShadowResolutionFactor:1.0]]
[2026.03.14-23.20.23:340][  0]LogConfig: Setting CVar [[r.DistanceFieldShadowing:1]]
[2026.03.14-23.20.23:340][  0]LogConfig: Setting CVar [[r.DistanceFieldAO:1]]
[2026.03.14-23.20.23:340][  0]LogConfig: Setting CVar [[r.AOQuality:2]]
[2026.03.14-23.20.23:340][  0]LogConfig: Setting CVar [[r.VolumetricFog:1]]
[2026.03.14-23.20.23:340][  0]LogConfig: Setting CVar [[r.VolumetricFog.GridPixelSize:8]]
[2026.03.14-23.20.23:340][  0]LogConfig: Setting CVar [[r.VolumetricFog.GridSizeZ:128]]
[2026.03.14-23.20.23:340][  0]LogConfig: Setting CVar [[r.VolumetricFog.HistoryMissSupersampleCount:4]]
[2026.03.14-23.20.23:340][  0]LogConfig: Setting CVar [[r.LightMaxDrawDistanceScale:1]]
[2026.03.14-23.20.23:340][  0]LogConfig: Setting CVar [[r.CapsuleShadows:1]]
[2026.03.14-23.20.23:340][  0]LogConfig: Applying CVar settings from Section [PostProcessQuality@3] File [C:/Users/titan/Desktop/Titan_RoadHopper/RoadHopper4.27/Saved/Config/Windows/Scalability.ini]
[2026.03.14-23.20.23:340][  0]LogConfig: Setting CVar [[r.MotionBlurQuality:4]]
[2026.03.14-23.20.23:340][  0]LogConfig: Setting CVar [[r.AmbientOcclusionMipLevelFactor:0.4]]
[2026.03.14-23.20.23:340][  0]LogConfig: Setting CVar [[r.AmbientOcclusionMaxQuality:100]]
[2026.03.14-23.20.23:340][  0]LogConfig: Setting CVar [[r.AmbientOcclusionLevels:-1]]
[2026.03.14-23.20.23:340][  0]LogConfig: Setting CVar [[r.AmbientOcclusionRadiusScale:1.0]]
[2026.03.14-23.20.23:340][  0]LogConfig: Setting CVar [[r.DepthOfFieldQuality:2]]
[2026.03.14-23.20.23:340][  0]LogConfig: Setting CVar [[r.RenderTargetPoolMin:400]]
[2026.03.14-23.20.23:340][  0]LogConfig: Setting CVar [[r.LensFlareQuality:2]]
[2026.03.14-23.20.23:340][  0]LogConfig: Setting CVar [[r.SceneColorFringeQuality:1]]
[2026.03.14-23.20.23:340][  0]LogConfig: Setting CVar [[r.EyeAdaptationQuality:2]]
[2026.03.14-23.20.23:340][  0]LogConfig: Setting CVar [[r.BloomQuality:5]]
[2026.03.14-23.20.23:340][  0]LogConfig: Setting CVar [[r.FastBlurThreshold:100]]
[2026.03.14-23.20.23:340][  0]LogConfig: Setting CVar [[r.Upscale.Quality:3]]
[2026.03.14-23.20.23:340][  0]LogConfig: Setting CVar [[r.Tonemapper.GrainQuantization:1]]
[2026.03.14-23.20.23:340][  0]LogConfig: Setting CVar [[r.LightShaftQuality:1]]
[2026.03.14-23.20.23:340][  0]LogConfig: Setting CVar [[r.Filter.SizeScale:1]]
[2026.03.14-23.20.23:340][  0]LogConfig: Setting CVar [[r.Tonemapper.Quality:5]]
[2026.03.14-23.20.23:340][  0]LogConfig: Setting CVar [[r.DOF.Gather.AccumulatorQuality:1        ; higher gathering accumulator quality]]
[2026.03.14-23.20.23:340][  0]LogConfig: Setting CVar [[r.DOF.Gather.PostfilterMethod:1          ; Median3x3 postfilering method]]
[2026.03.14-23.20.23:340][  0]LogConfig: Setting CVar [[r.DOF.Gather.EnableBokehSettings:0       ; no bokeh simulation when gathering]]
[2026.03.14-23.20.23:340][  0]LogConfig: Setting CVar [[r.DOF.Gather.RingCount:4                 ; medium number of samples when gathering]]
[2026.03.14-23.20.23:340][  0]LogConfig: Setting CVar [[r.DOF.Scatter.ForegroundCompositing:1    ; additive foreground scattering]]
[2026.03.14-23.20.23:340][  0]LogConfig: Setting CVar [[r.DOF.Scatter.BackgroundCompositing:2    ; additive background scattering]]
[2026.03.14-23.20.23:340][  0]LogConfig: Setting CVar [[r.DOF.Scatter.EnableBokehSettings:1      ; bokeh simulation when scattering]]
[2026.03.14-23.20.23:340][  0]LogConfig: Setting CVar [[r.DOF.Scatter.MaxSpriteRatio:0.1         ; only a maximum of 10% of scattered bokeh]]
[2026.03.14-23.20.23:340][  0]LogConfig: Setting CVar [[r.DOF.Recombine.Quality:1                ; cheap slight out of focus]]
[2026.03.14-23.20.23:340][  0]LogConfig: Setting CVar [[r.DOF.Recombine.EnableBokehSettings:0    ; no bokeh simulation on slight out of focus]]
[2026.03.14-23.20.23:340][  0]LogConfig: Setting CVar [[r.DOF.TemporalAAQuality:1                ; more stable temporal accumulation]]
[2026.03.14-23.20.23:340][  0]LogConfig: Setting CVar [[r.DOF.Kernel.MaxForegroundRadius:0.025]]
[2026.03.14-23.20.23:340][  0]LogConfig: Setting CVar [[r.DOF.Kernel.MaxBackgroundRadius:0.025]]
[2026.03.14-23.20.23:341][  0]LogConfig: Applying CVar settings from Section [TextureQuality@3] File [C:/Users/titan/Desktop/Titan_RoadHopper/RoadHopper4.27/Saved/Config/Windows/Scalability.ini]
[2026.03.14-23.20.23:341][  0]LogConfig: Setting CVar [[r.Streaming.MipBias:0]]
[2026.03.14-23.20.23:341][  0]LogConfig: Setting CVar [[r.Streaming.AmortizeCPUToGPUCopy:0]]
[2026.03.14-23.20.23:341][  0]LogConfig: Setting CVar [[r.Streaming.MaxNumTexturesToStreamPerFrame:0]]
[2026.03.14-23.20.23:341][  0]LogConfig: Setting CVar [[r.Streaming.Boost:1]]
[2026.03.14-23.20.23:341][  0]LogConfig: Setting CVar [[r.MaxAnisotropy:8]]
[2026.03.14-23.20.23:341][  0]LogConfig: Setting CVar [[r.VT.MaxAnisotropy:8]]
[2026.03.14-23.20.23:341][  0]LogConfig: Setting CVar [[r.Streaming.LimitPoolSizeToVRAM:0]]
[2026.03.14-23.20.23:341][  0]LogConfig: Setting CVar [[r.Streaming.PoolSize:1000]]
[2026.03.14-23.20.23:341][  0]LogConfig: Setting CVar [[r.Streaming.MaxEffectiveScreenSize:0]]
[2026.03.14-23.20.23:341][  0]LogConfig: Applying CVar settings from Section [EffectsQuality@3] File [C:/Users/titan/Desktop/Titan_RoadHopper/RoadHopper4.27/Saved/Config/Windows/Scalability.ini]
[2026.03.14-23.20.23:341][  0]LogConfig: Setting CVar [[r.TranslucencyLightingVolumeDim:64]]
[2026.03.14-23.20.23:341][  0]LogConfig: Setting CVar [[r.RefractionQuality:2]]
[2026.03.14-23.20.23:341][  0]LogConfig: Setting CVar [[r.SSR.Quality:3]]
[2026.03.14-23.20.23:341][  0]LogConfig: Setting CVar [[r.SSR.HalfResSceneColor:0]]
[2026.03.14-23.20.23:341][  0]LogConfig: Setting CVar [[r.SceneColorFormat:4]]
[2026.03.14-23.20.23:341][  0]LogConfig: Setting CVar [[r.DetailMode:2]]
[2026.03.14-23.20.23:341][  0]LogConfig: Setting CVar [[r.TranslucencyVolumeBlur:1]]
[2026.03.14-23.20.23:341][  0]LogConfig: Setting CVar [[r.MaterialQualityLevel:1 ; High quality]]
[2026.03.14-23.20.23:341][  0]LogConfig: Setting CVar [[r.AnisotropicMaterials:1]]
[2026.03.14-23.20.23:341][  0]LogConfig: Setting CVar [[r.SSS.Scale:1]]
[2026.03.14-23.20.23:341][  0]LogConfig: Setting CVar [[r.SSS.SampleSet:2]]
[2026.03.14-23.20.23:341][  0]LogConfig: Setting CVar [[r.SSS.Quality:1]]
[2026.03.14-23.20.23:341][  0]LogConfig: Setting CVar [[r.SSS.HalfRes:0]]
[2026.03.14-23.20.23:341][  0]LogConfig: Setting CVar [[r.SSGI.Quality:3]]
[2026.03.14-23.20.23:341][  0]LogConfig: Setting CVar [[r.EmitterSpawnRateScale:1.0]]
[2026.03.14-23.20.23:341][  0]LogConfig: Setting CVar [[r.ParticleLightQuality:2]]
[2026.03.14-23.20.23:341][  0]LogConfig: Setting CVar [[r.SkyAtmosphere.AerialPerspectiveLUT.FastApplyOnOpaque:1 ; Always have FastSkyLUT 1 in this case to avoid wrong sky]]
[2026.03.14-23.20.23:341][  0]LogConfig: Setting CVar [[r.SkyAtmosphere.AerialPerspectiveLUT.SampleCountMaxPerSlice:4]]
[2026.03.14-23.20.23:341][  0]LogConfig: Setting CVar [[r.SkyAtmosphere.AerialPerspectiveLUT.DepthResolution:16.0]]
[2026.03.14-23.20.23:341][  0]LogConfig: Setting CVar [[r.SkyAtmosphere.FastSkyLUT:1]]
[2026.03.14-23.20.23:341][  0]LogConfig: Setting CVar [[r.SkyAtmosphere.FastSkyLUT.SampleCountMin:4.0]]
[2026.03.14-23.20.23:341][  0]LogConfig: Setting CVar [[r.SkyAtmosphere.FastSkyLUT.SampleCountMax:128.0]]
[2026.03.14-23.20.23:341][  0]LogConfig: Setting CVar [[r.SkyAtmosphere.SampleCountMin:4.0]]
[2026.03.14-23.20.23:341][  0]LogConfig: Setting CVar [[r.SkyAtmosphere.SampleCountMax:128.0]]
[2026.03.14-23.20.23:341][  0]LogConfig: Setting CVar [[r.SkyAtmosphere.TransmittanceLUT.UseSmallFormat:0]]
[2026.03.14-23.20.23:341][  0]LogConfig: Setting CVar [[r.SkyAtmosphere.TransmittanceLUT.SampleCount:10.0]]
[2026.03.14-23.20.23:341][  0]LogConfig: Setting CVar [[r.SkyAtmosphere.MultiScatteringLUT.SampleCount:15.0]]
[2026.03.14-23.20.23:341][  0]LogConfig: Setting CVar [[r.SkyLight.RealTimeReflectionCapture:1]]
[2026.03.14-23.20.23:341][  0]LogConfig: Applying CVar settings from Section [FoliageQuality@3] File [C:/Users/titan/Desktop/Titan_RoadHopper/RoadHopper4.27/Saved/Config/Windows/Scalability.ini]
[2026.03.14-23.20.23:341][  0]LogConfig: Setting CVar [[foliage.DensityScale:1.0]]
[2026.03.14-23.20.23:341][  0]LogConfig: Setting CVar [[grass.DensityScale:1.0]]
[2026.03.14-23.20.23:341][  0]LogConfig: Applying CVar settings from Section [ShadingQuality@3] File [C:/Users/titan/Desktop/Titan_RoadHopper/RoadHopper4.27/Saved/Config/Windows/Scalability.ini]
[2026.03.14-23.20.23:341][  0]LogConfig: Setting CVar [[r.HairStrands.SkyLighting.IntegrationType:2]]
[2026.03.14-23.20.23:341][  0]LogConfig: Setting CVar [[r.HairStrands.SkyAO.SampleCount:4]]
[2026.03.14-23.20.23:341][  0]LogConfig: Setting CVar [[r.HairStrands.Visibility.MSAA.SamplePerPixel:4]]
[2026.03.14-23.20.23:341][  0]LogInit: Selected Device Profile: [Windows]
[2026.03.14-23.20.23:341][  0]LogInit: Applying CVar settings loaded from the selected device profile: [Windows]
[2026.03.14-23.20.23:341][  0]LogHAL: Display: Platform has ~ 32 GB [34088599552 / 34359738368 / 32], which maps to Largest [LargestMinGB=32, LargerMinGB=12, DefaultMinGB=8, SmallerMinGB=6, SmallestMinGB=0)
[2026.03.14-23.20.23:341][  0]LogInit: Going up to parent DeviceProfile []
[2026.03.14-23.20.23:341][  0]LogConfig: Applying CVar settings from Section [ViewDistanceQuality@3] File [C:/Users/titan/Desktop/Titan_RoadHopper/RoadHopper4.27/Saved/Config/Windows/Scalability.ini]
[2026.03.14-23.20.23:341][  0]LogConfig: Setting CVar [[r.SkeletalMeshLODBias:0]]
[2026.03.14-23.20.23:341][  0]LogConfig: Setting CVar [[r.ViewDistanceScale:1.0]]
[2026.03.14-23.20.23:341][  0]LogConfig: Applying CVar settings from Section [AntiAliasingQuality@3] File [C:/Users/titan/Desktop/Titan_RoadHopper/RoadHopper4.27/Saved/Config/Windows/Scalability.ini]
[2026.03.14-23.20.23:341][  0]LogConfig: Setting CVar [[r.PostProcessAAQuality:4]]
[2026.03.14-23.20.23:341][  0]LogConfig: Applying CVar settings from Section [ShadowQuality@3] File [C:/Users/titan/Desktop/Titan_RoadHopper/RoadHopper4.27/Saved/Config/Windows/Scalability.ini]
[2026.03.14-23.20.23:341][  0]LogConfig: Setting CVar [[r.LightFunctionQuality:1]]
[2026.03.14-23.20.23:341][  0]LogConfig: Setting CVar [[r.ShadowQuality:5]]
[2026.03.14-23.20.23:341][  0]LogConfig: Setting CVar [[r.Shadow.CSM.MaxCascades:10]]
[2026.03.14-23.20.23:341][  0]LogConfig: Setting CVar [[r.Shadow.MaxResolution:2048]]
[2026.03.14-23.20.23:341][  0]LogConfig: Setting CVar [[r.Shadow.MaxCSMResolution:2048]]
[2026.03.14-23.20.23:341][  0]LogConfig: Setting CVar [[r.Shadow.RadiusThreshold:0.01]]
[2026.03.14-23.20.23:341][  0]LogConfig: Setting CVar [[r.Shadow.DistanceScale:1.0]]
[2026.03.14-23.20.23:341][  0]LogConfig: Setting CVar [[r.Shadow.CSM.TransitionScale:1.0]]
[2026.03.14-23.20.23:341][  0]LogConfig: Setting CVar [[r.Shadow.PreShadowResolutionFactor:1.0]]
[2026.03.14-23.20.23:341][  0]LogConfig: Setting CVar [[r.DistanceFieldShadowing:1]]
[2026.03.14-23.20.23:341][  0]LogConfig: Setting CVar [[r.DistanceFieldAO:1]]
[2026.03.14-23.20.23:341][  0]LogConfig: Setting CVar [[r.AOQuality:2]]
[2026.03.14-23.20.23:341][  0]LogConfig: Setting CVar [[r.VolumetricFog:1]]
[2026.03.14-23.20.23:341][  0]LogConfig: Setting CVar [[r.VolumetricFog.GridPixelSize:8]]
[2026.03.14-23.20.23:341][  0]LogConfig: Setting CVar [[r.VolumetricFog.GridSizeZ:128]]
[2026.03.14-23.20.23:341][  0]LogConfig: Setting CVar [[r.VolumetricFog.HistoryMissSupersampleCount:4]]
[2026.03.14-23.20.23:341][  0]LogConfig: Setting CVar [[r.LightMaxDrawDistanceScale:1]]
[2026.03.14-23.20.23:341][  0]LogConfig: Setting CVar [[r.CapsuleShadows:1]]
[2026.03.14-23.20.23:341][  0]LogConfig: Applying CVar settings from Section [PostProcessQuality@3] File [C:/Users/titan/Desktop/Titan_RoadHopper/RoadHopper4.27/Saved/Config/Windows/Scalability.ini]
[2026.03.14-23.20.23:341][  0]LogConfig: Setting CVar [[r.MotionBlurQuality:4]]
[2026.03.14-23.20.23:341][  0]LogConfig: Setting CVar [[r.AmbientOcclusionMipLevelFactor:0.4]]
[2026.03.14-23.20.23:341][  0]LogConfig: Setting CVar [[r.AmbientOcclusionMaxQuality:100]]
[2026.03.14-23.20.23:341][  0]LogConfig: Setting CVar [[r.AmbientOcclusionLevels:-1]]
[2026.03.14-23.20.23:341][  0]LogConfig: Setting CVar [[r.AmbientOcclusionRadiusScale:1.0]]
[2026.03.14-23.20.23:341][  0]LogConfig: Setting CVar [[r.DepthOfFieldQuality:2]]
[2026.03.14-23.20.23:341][  0]LogConfig: Setting CVar [[r.RenderTargetPoolMin:400]]
[2026.03.14-23.20.23:341][  0]LogConfig: Setting CVar [[r.LensFlareQuality:2]]
[2026.03.14-23.20.23:341][  0]LogConfig: Setting CVar [[r.SceneColorFringeQuality:1]]
[2026.03.14-23.20.23:341][  0]LogConfig: Setting CVar [[r.EyeAdaptationQuality:2]]
[2026.03.14-23.20.23:341][  0]LogConfig: Setting CVar [[r.BloomQuality:5]]
[2026.03.14-23.20.23:341][  0]LogConfig: Setting CVar [[r.FastBlurThreshold:100]]
[2026.03.14-23.20.23:341][  0]LogConfig: Setting CVar [[r.Upscale.Quality:3]]
[2026.03.14-23.20.23:341][  0]LogConfig: Setting CVar [[r.Tonemapper.GrainQuantization:1]]
[2026.03.14-23.20.23:341][  0]LogConfig: Setting CVar [[r.LightShaftQuality:1]]
[2026.03.14-23.20.23:341][  0]LogConfig: Setting CVar [[r.Filter.SizeScale:1]]
[2026.03.14-23.20.23:341][  0]LogConfig: Setting CVar [[r.Tonemapper.Quality:5]]
[2026.03.14-23.20.23:341][  0]LogConfig: Setting CVar [[r.DOF.Gather.AccumulatorQuality:1        ; higher gathering accumulator quality]]
[2026.03.14-23.20.23:341][  0]LogConfig: Setting CVar [[r.DOF.Gather.PostfilterMethod:1          ; Median3x3 postfilering method]]
[2026.03.14-23.20.23:341][  0]LogConfig: Setting CVar [[r.DOF.Gather.EnableBokehSettings:0       ; no bokeh simulation when gathering]]
[2026.03.14-23.20.23:341][  0]LogConfig: Setting CVar [[r.DOF.Gather.RingCount:4                 ; medium number of samples when gathering]]
[2026.03.14-23.20.23:341][  0]LogConfig: Setting CVar [[r.DOF.Scatter.ForegroundCompositing:1    ; additive foreground scattering]]
[2026.03.14-23.20.23:341][  0]LogConfig: Setting CVar [[r.DOF.Scatter.BackgroundCompositing:2    ; additive background scattering]]
[2026.03.14-23.20.23:341][  0]LogConfig: Setting CVar [[r.DOF.Scatter.EnableBokehSettings:1      ; bokeh simulation when scattering]]
[2026.03.14-23.20.23:341][  0]LogConfig: Setting CVar [[r.DOF.Scatter.MaxSpriteRatio:0.1         ; only a maximum of 10% of scattered bokeh]]
[2026.03.14-23.20.23:341][  0]LogConfig: Setting CVar [[r.DOF.Recombine.Quality:1                ; cheap slight out of focus]]
[2026.03.14-23.20.23:341][  0]LogConfig: Setting CVar [[r.DOF.Recombine.EnableBokehSettings:0    ; no bokeh simulation on slight out of focus]]
[2026.03.14-23.20.23:341][  0]LogConfig: Setting CVar [[r.DOF.TemporalAAQuality:1                ; more stable temporal accumulation]]
[2026.03.14-23.20.23:341][  0]LogConfig: Setting CVar [[r.DOF.Kernel.MaxForegroundRadius:0.025]]
[2026.03.14-23.20.23:341][  0]LogConfig: Setting CVar [[r.DOF.Kernel.MaxBackgroundRadius:0.025]]
[2026.03.14-23.20.23:341][  0]LogConfig: Applying CVar settings from Section [TextureQuality@3] File [C:/Users/titan/Desktop/Titan_RoadHopper/RoadHopper4.27/Saved/Config/Windows/Scalability.ini]
[2026.03.14-23.20.23:341][  0]LogConfig: Setting CVar [[r.Streaming.MipBias:0]]
[2026.03.14-23.20.23:341][  0]LogConfig: Setting CVar [[r.Streaming.AmortizeCPUToGPUCopy:0]]
[2026.03.14-23.20.23:341][  0]LogConfig: Setting CVar [[r.Streaming.MaxNumTexturesToStreamPerFrame:0]]
[2026.03.14-23.20.23:341][  0]LogConfig: Setting CVar [[r.Streaming.Boost:1]]
[2026.03.14-23.20.23:341][  0]LogConfig: Setting CVar [[r.MaxAnisotropy:8]]
[2026.03.14-23.20.23:341][  0]LogConfig: Setting CVar [[r.VT.MaxAnisotropy:8]]
[2026.03.14-23.20.23:341][  0]LogConfig: Setting CVar [[r.Streaming.LimitPoolSizeToVRAM:0]]
[2026.03.14-23.20.23:341][  0]LogConfig: Setting CVar [[r.Streaming.PoolSize:1000]]
[2026.03.14-23.20.23:341][  0]LogConfig: Setting CVar [[r.Streaming.MaxEffectiveScreenSize:0]]
[2026.03.14-23.20.23:341][  0]LogConfig: Applying CVar settings from Section [EffectsQuality@3] File [C:/Users/titan/Desktop/Titan_RoadHopper/RoadHopper4.27/Saved/Config/Windows/Scalability.ini]
[2026.03.14-23.20.23:341][  0]LogConfig: Setting CVar [[r.TranslucencyLightingVolumeDim:64]]
[2026.03.14-23.20.23:341][  0]LogConfig: Setting CVar [[r.RefractionQuality:2]]
[2026.03.14-23.20.23:341][  0]LogConfig: Setting CVar [[r.SSR.Quality:3]]
[2026.03.14-23.20.23:341][  0]LogConfig: Setting CVar [[r.SSR.HalfResSceneColor:0]]
[2026.03.14-23.20.23:341][  0]LogConfig: Setting CVar [[r.SceneColorFormat:4]]
[2026.03.14-23.20.23:341][  0]LogConfig: Setting CVar [[r.DetailMode:2]]
[2026.03.14-23.20.23:342][  0]LogConfig: Setting CVar [[r.TranslucencyVolumeBlur:1]]
[2026.03.14-23.20.23:342][  0]LogConfig: Setting CVar [[r.MaterialQualityLevel:1 ; High quality]]
[2026.03.14-23.20.23:342][  0]LogConfig: Setting CVar [[r.AnisotropicMaterials:1]]
[2026.03.14-23.20.23:342][  0]LogConfig: Setting CVar [[r.SSS.Scale:1]]
[2026.03.14-23.20.23:342][  0]LogConfig: Setting CVar [[r.SSS.SampleSet:2]]
[2026.03.14-23.20.23:342][  0]LogConfig: Setting CVar [[r.SSS.Quality:1]]
[2026.03.14-23.20.23:342][  0]LogConfig: Setting CVar [[r.SSS.HalfRes:0]]
[2026.03.14-23.20.23:342][  0]LogConfig: Setting CVar [[r.SSGI.Quality:3]]
[2026.03.14-23.20.23:342][  0]LogConfig: Setting CVar [[r.EmitterSpawnRateScale:1.0]]
[2026.03.14-23.20.23:342][  0]LogConfig: Setting CVar [[r.ParticleLightQuality:2]]
[2026.03.14-23.20.23:342][  0]LogConfig: Setting CVar [[r.SkyAtmosphere.AerialPerspectiveLUT.FastApplyOnOpaque:1 ; Always have FastSkyLUT 1 in this case to avoid wrong sky]]
[2026.03.14-23.20.23:342][  0]LogConfig: Setting CVar [[r.SkyAtmosphere.AerialPerspectiveLUT.SampleCountMaxPerSlice:4]]
[2026.03.14-23.20.23:342][  0]LogConfig: Setting CVar [[r.SkyAtmosphere.AerialPerspectiveLUT.DepthResolution:16.0]]
[2026.03.14-23.20.23:342][  0]LogConfig: Setting CVar [[r.SkyAtmosphere.FastSkyLUT:1]]
[2026.03.14-23.20.23:342][  0]LogConfig: Setting CVar [[r.SkyAtmosphere.FastSkyLUT.SampleCountMin:4.0]]
[2026.03.14-23.20.23:342][  0]LogConfig: Setting CVar [[r.SkyAtmosphere.FastSkyLUT.SampleCountMax:128.0]]
[2026.03.14-23.20.23:342][  0]LogConfig: Setting CVar [[r.SkyAtmosphere.SampleCountMin:4.0]]
[2026.03.14-23.20.23:342][  0]LogConfig: Setting CVar [[r.SkyAtmosphere.SampleCountMax:128.0]]
[2026.03.14-23.20.23:342][  0]LogConfig: Setting CVar [[r.SkyAtmosphere.TransmittanceLUT.UseSmallFormat:0]]
[2026.03.14-23.20.23:342][  0]LogConfig: Setting CVar [[r.SkyAtmosphere.TransmittanceLUT.SampleCount:10.0]]
[2026.03.14-23.20.23:342][  0]LogConfig: Setting CVar [[r.SkyAtmosphere.MultiScatteringLUT.SampleCount:15.0]]
[2026.03.14-23.20.23:342][  0]LogConfig: Setting CVar [[r.SkyLight.RealTimeReflectionCapture:1]]
[2026.03.14-23.20.23:342][  0]LogConfig: Applying CVar settings from Section [FoliageQuality@3] File [C:/Users/titan/Desktop/Titan_RoadHopper/RoadHopper4.27/Saved/Config/Windows/Scalability.ini]
[2026.03.14-23.20.23:342][  0]LogConfig: Setting CVar [[foliage.DensityScale:1.0]]
[2026.03.14-23.20.23:342][  0]LogConfig: Setting CVar [[grass.DensityScale:1.0]]
[2026.03.14-23.20.23:342][  0]LogConfig: Applying CVar settings from Section [ShadingQuality@3] File [C:/Users/titan/Desktop/Titan_RoadHopper/RoadHopper4.27/Saved/Config/Windows/Scalability.ini]
[2026.03.14-23.20.23:342][  0]LogConfig: Setting CVar [[r.HairStrands.SkyLighting.IntegrationType:2]]
[2026.03.14-23.20.23:342][  0]LogConfig: Setting CVar [[r.HairStrands.SkyAO.SampleCount:4]]
[2026.03.14-23.20.23:342][  0]LogConfig: Setting CVar [[r.HairStrands.Visibility.MSAA.SamplePerPixel:4]]
[2026.03.14-23.20.23:342][  0]LogConfig: Applying CVar settings from Section [Startup] File [../../../Engine/Config/ConsoleVariables.ini]
[2026.03.14-23.20.23:350][  0]LogConfig: Setting CVar [[net.UseAdaptiveNetUpdateFrequency:0]]
[2026.03.14-23.20.23:350][  0]LogConfig: Setting CVar [[p.chaos.AllowCreatePhysxBodies:1]]
[2026.03.14-23.20.23:350][  0]LogConfig: Setting CVar [[fx.SkipVectorVMBackendOptimizations:1]]
[2026.03.14-23.20.23:350][  0]LogConfig: Applying CVar settings from Section [ConsoleVariables] File [C:/Users/titan/Desktop/Titan_RoadHopper/RoadHopper4.27/Saved/Config/Windows/Engine.ini]
[2026.03.14-23.20.23:350][  0]LogConfig: Applying CVar settings from Section [ConsoleVariables] File [C:/Users/titan/Desktop/Titan_RoadHopper/RoadHopper4.27/Saved/Config/Windows/Editor.ini]
[2026.03.14-23.20.23:350][  0]LogInit: Computer: TITANPC
[2026.03.14-23.20.23:350][  0]LogInit: User: titan
[2026.03.14-23.20.23:350][  0]LogInit: CPU Page size=4096, Cores=10
[2026.03.14-23.20.23:350][  0]LogInit: High frequency timer resolution =10.000000 MHz
[2026.03.14-23.20.23:350][  0]LogMemory: Memory total: Physical=31.7GB (32GB approx)
[2026.03.14-23.20.23:350][  0]LogMemory: Platform Memory Stats for Windows
[2026.03.14-23.20.23:350][  0]LogMemory: Process Physical Memory: 153.68 MB used, 153.68 MB peak
[2026.03.14-23.20.23:350][  0]LogMemory: Process Virtual Memory: 131.59 MB used, 131.59 MB peak
[2026.03.14-23.20.23:350][  0]LogMemory: Physical Memory: 12049.00 MB used,  20460.42 MB free, 32509.42 MB total
[2026.03.14-23.20.23:350][  0]LogMemory: Virtual Memory: 134199384.00 MB used,  18344.60 MB free, 134217728.00 MB total
[2026.03.14-23.20.23:355][  0]LogWindows: WindowsPlatformFeatures enabled
[2026.03.14-23.20.23:615][  0]LogInit: Physics initialised using underlying interface: PhysX
[2026.03.14-23.20.23:615][  0]LogInit: Using OS detected language (en-US).
[2026.03.14-23.20.23:615][  0]LogInit: Using OS detected locale (en-CA).
[2026.03.14-23.20.23:617][  0]LogTextLocalizationManager: No specific localization for 'en-US' exists, so the 'en' localization will be used.
[2026.03.14-23.20.23:812][  0]LogInit: Setting process to per monitor DPI aware
[2026.03.14-23.20.23:845][  0]LogWindowsTextInputMethodSystem: Display: IME system deactivated.
[2026.03.14-23.20.23:925][  0]LogSlate: New Slate User Created.  User Index 0, Is Virtual User: 0
[2026.03.14-23.20.23:925][  0]LogSlate: Slate User Registered.  User Index 0, Is Virtual User: 0
[2026.03.14-23.20.26:761][  0]LogD3D11RHI: Loaded GFSDK_Aftermath_Lib.x64.dll
[2026.03.14-23.20.26:768][  0]LogHMD: Failed to initialize OpenVR with code 110
[2026.03.14-23.20.26:769][  0]LogD3D11RHI: D3D11 min allowed feature level: 11_0
[2026.03.14-23.20.26:769][  0]LogD3D11RHI: D3D11 max allowed feature level: 11_0
[2026.03.14-23.20.26:769][  0]LogD3D11RHI: D3D11 adapters:
[2026.03.14-23.20.26:916][  0]LogD3D11RHI:    0. 'NVIDIA GeForce RTX 3080' (Feature Level 11_0)
[2026.03.14-23.20.26:916][  0]LogD3D11RHI:       12093/0/16254 MB DedicatedVideo/DedicatedSystem/SharedSystem, Outputs:3, VendorId:0x10de
[2026.03.14-23.20.26:918][  0]LogD3D11RHI:    1. 'Microsoft Basic Render Driver' (Feature Level 11_0)
[2026.03.14-23.20.26:918][  0]LogD3D11RHI:       0/0/16254 MB DedicatedVideo/DedicatedSystem/SharedSystem, Outputs:0, VendorId:0x1414
[2026.03.14-23.20.26:918][  0]LogD3D11RHI: Chosen D3D11 Adapter:
[2026.03.14-23.20.26:918][  0]LogD3D11RHI:     Description : NVIDIA GeForce RTX 3080
[2026.03.14-23.20.26:918][  0]LogD3D11RHI:     VendorId    : 10de
[2026.03.14-23.20.26:918][  0]LogD3D11RHI:     DeviceId    : 220a
[2026.03.14-23.20.26:918][  0]LogD3D11RHI:     SubSysId    : 48773842
[2026.03.14-23.20.26:918][  0]LogD3D11RHI:     Revision    : 00a1
[2026.03.14-23.20.26:918][  0]LogD3D11RHI:     DedicatedVideoMemory : 12680429568 bytes
[2026.03.14-23.20.26:918][  0]LogD3D11RHI:     DedicatedSystemMemory : 0 bytes
[2026.03.14-23.20.26:918][  0]LogD3D11RHI:     SharedSystemMemory : 17044299776 bytes
[2026.03.14-23.20.26:918][  0]LogD3D11RHI:     AdapterLuid : 0 54500
[2026.03.14-23.20.26:925][  0]LogD3D11RHI: Creating new Direct3DDevice
[2026.03.14-23.20.26:925][  0]LogD3D11RHI:     GPU DeviceId: 0x220a (for the marketing name, search the web for "GPU Device Id")
[2026.03.14-23.20.26:925][  0]LogWindows: EnumDisplayDevices:
[2026.03.14-23.20.26:925][  0]LogWindows:    0. 'NVIDIA GeForce RTX 3080' (P:1 D:1)
[2026.03.14-23.20.26:925][  0]LogWindows:    1. 'NVIDIA GeForce RTX 3080' (P:0 D:1)
[2026.03.14-23.20.26:925][  0]LogWindows:    2. 'NVIDIA GeForce RTX 3080' (P:0 D:1)
[2026.03.14-23.20.26:925][  0]LogWindows:    3. 'NVIDIA GeForce RTX 3080' (P:0 D:0)
[2026.03.14-23.20.26:925][  0]LogWindows: DebugString: FoundDriverCount:4 
[2026.03.14-23.20.26:925][  0]LogD3D11RHI:     Adapter Name: NVIDIA GeForce RTX 3080
[2026.03.14-23.20.26:925][  0]LogD3D11RHI:   Driver Version: 591.86 (internal:32.0.15.9186, unified:591.86)
[2026.03.14-23.20.26:925][  0]LogD3D11RHI:      Driver Date: 1-20-2026
[2026.03.14-23.20.26:925][  0]LogRHI: Texture pool is 8465 MB (70% of 12093 MB)
[2026.03.14-23.20.26:925][  0]LogD3D11RHI: Creating D3DDevice using adapter:
[2026.03.14-23.20.26:925][  0]LogD3D11RHI:     Description : NVIDIA GeForce RTX 3080
[2026.03.14-23.20.26:925][  0]LogD3D11RHI:     VendorId    : 10de
[2026.03.14-23.20.26:925][  0]LogD3D11RHI:     DeviceId    : 220a
[2026.03.14-23.20.26:925][  0]LogD3D11RHI:     SubSysId    : 48773842
[2026.03.14-23.20.26:925][  0]LogD3D11RHI:     Revision    : 00a1
[2026.03.14-23.20.26:925][  0]LogD3D11RHI:     DedicatedVideoMemory : 12680429568 bytes
[2026.03.14-23.20.26:925][  0]LogD3D11RHI:     DedicatedSystemMemory : 0 bytes
[2026.03.14-23.20.26:925][  0]LogD3D11RHI:     SharedSystemMemory : 17044299776 bytes
[2026.03.14-23.20.26:925][  0]LogD3D11RHI:     AdapterLuid : 0 54500
[2026.03.14-23.20.27:030][  0]LogD3D11RHI: RHI has support for 64 bit atomics
[2026.03.14-23.20.27:030][  0]LogD3D11RHI: Async texture creation enabled
[2026.03.14-23.20.27:030][  0]LogD3D11RHI: Array index from any shader is supported
[2026.03.14-23.20.27:031][  0]LogD3D11RHI: HDR output is supported on display 0 (NvId: 0x80061082).
[2026.03.14-23.20.27:047][  0]LogD3D11RHI: GPU Timing Frequency: 1000.000000 (Debug: 2 2)
[2026.03.14-23.20.27:109][  0]LogRHI: GeForceNow SDK initialized: 1
[2026.03.14-23.20.27:739][  0]LogTargetPlatformManager: Display: Loaded TargetPlatform 'AllDesktop'
[2026.03.14-23.20.27:776][  0]LogTargetPlatformManager: Display: Loaded TargetPlatform 'Android'
[2026.03.14-23.20.27:776][  0]LogTargetPlatformManager: Display: Loaded TargetPlatform 'Android_ASTC'
[2026.03.14-23.20.27:776][  0]LogTargetPlatformManager: Display: Loaded TargetPlatform 'Android_DXT'
[2026.03.14-23.20.27:776][  0]LogTargetPlatformManager: Display: Loaded TargetPlatform 'Android_ETC2'
[2026.03.14-23.20.27:776][  0]LogTargetPlatformManager: Display: Loaded TargetPlatform 'AndroidClient'
[2026.03.14-23.20.27:776][  0]LogTargetPlatformManager: Display: Loaded TargetPlatform 'Android_ASTCClient'
[2026.03.14-23.20.27:776][  0]LogTargetPlatformManager: Display: Loaded TargetPlatform 'Android_DXTClient'
[2026.03.14-23.20.27:776][  0]LogTargetPlatformManager: Display: Loaded TargetPlatform 'Android_ETC2Client'
[2026.03.14-23.20.27:776][  0]LogTargetPlatformManager: Display: Loaded TargetPlatform 'Android_Multi'
[2026.03.14-23.20.27:776][  0]LogTargetPlatformManager: Display: Loaded TargetPlatform 'Android_MultiClient'
[2026.03.14-23.20.27:854][  0]LogTargetPlatformManager: Display: Loaded TargetPlatform 'IOSClient'
[2026.03.14-23.20.27:854][  0]LogTargetPlatformManager: Display: Loaded TargetPlatform 'IOS'
[2026.03.14-23.20.27:892][  0]LogTargetPlatformManager: Display: Loaded TargetPlatform 'Linux'
[2026.03.14-23.20.27:916][  0]LogTargetPlatformManager: Display: Loaded TargetPlatform 'LinuxNoEditor'
[2026.03.14-23.20.27:941][  0]LogTargetPlatformManager: Display: Loaded TargetPlatform 'LinuxClient'
[2026.03.14-23.20.27:967][  0]LogTargetPlatformManager: Display: Loaded TargetPlatform 'LinuxServer'
[2026.03.14-23.20.27:999][  0]LogTargetPlatformManager: Display: Loaded TargetPlatform 'LinuxAArch64NoEditor'
[2026.03.14-23.20.28:022][  0]LogTargetPlatformManager: Display: Loaded TargetPlatform 'LinuxAArch64Client'
[2026.03.14-23.20.28:047][  0]LogTargetPlatformManager: Display: Loaded TargetPlatform 'LinuxAArch64Server'
[2026.03.14-23.20.28:088][  0]LogTargetPlatformManager: Display: Loaded TargetPlatform 'Lumin'
[2026.03.14-23.20.28:088][  0]LogTargetPlatformManager: Display: Loaded TargetPlatform 'LuminClient'
[2026.03.14-23.20.28:123][  0]LogTargetPlatformManager: Display: Loaded TargetPlatform 'MacNoEditor'
[2026.03.14-23.20.28:148][  0]LogTargetPlatformManager: Display: Loaded TargetPlatform 'Mac'
[2026.03.14-23.20.28:172][  0]LogTargetPlatformManager: Display: Loaded TargetPlatform 'MacClient'
[2026.03.14-23.20.28:195][  0]LogTargetPlatformManager: Display: Loaded TargetPlatform 'MacServer'
[2026.03.14-23.20.28:220][  0]LogTargetPlatformManager: Display: Loaded TargetPlatform 'TVOSClient'
[2026.03.14-23.20.28:220][  0]LogTargetPlatformManager: Display: Loaded TargetPlatform 'TVOS'
[2026.03.14-23.20.28:247][  0]LogTargetPlatformManager: Display: Loaded TargetPlatform 'WindowsNoEditor'
[2026.03.14-23.20.28:272][  0]LogTargetPlatformManager: Display: Loaded TargetPlatform 'Windows'
[2026.03.14-23.20.28:296][  0]LogTargetPlatformManager: Display: Loaded TargetPlatform 'WindowsClient'
[2026.03.14-23.20.28:322][  0]LogTargetPlatformManager: Display: Loaded TargetPlatform 'WindowsServer'
[2026.03.14-23.20.28:322][  0]LogTargetPlatformManager: Display: Building Assets For Windows
[2026.03.14-23.20.28:412][  0]LogAudioDebug: Display: Lib vorbis DLL was dynamically loaded.
[2026.03.14-23.20.28:666][  0]LogTextureFormatOodle: Display: Oodle Texture 2.9.0 init RDO Off
[2026.03.14-23.20.28:960][  0]LogRendererCore: Ray tracing is disabled. Reason: r.RayTracing=0.
[2026.03.14-23.20.28:960][  0]LogShaderCompilers: Guid format shader working directory is -9 characters bigger than the processId version (C:/Users/titan/Desktop/Titan_RoadHopper/RoadHopper4.27/Intermediate/Shaders/WorkingDirectory/29196/).
[2026.03.14-23.20.28:960][  0]LogShaderCompilers: Cleaned the shader compiler working directory 'C:/Users/titan/AppData/Local/Temp/UnrealShaderWorkingDir/579E6E98438A0674709042AA1F73953C/'.
[2026.03.14-23.20.28:960][  0]LogXGEController: Cannot use XGE Controller as Incredibuild is not installed on this machine.
[2026.03.14-23.20.28:960][  0]LogShaderCompilers: Cannot use XGE Shader Compiler as Incredibuild is not installed on this machine.
[2026.03.14-23.20.28:960][  0]LogShaderCompilers: Display: Using Local Shader Compiler.
[2026.03.14-23.20.32:641][  0]LogDerivedDataCache: Display: Max Cache Size: 512 MB
[2026.03.14-23.20.32:691][  0]LogDerivedDataCache: Loaded boot cache 0.05s 94MB C:/Users/titan/AppData/Local/UnrealEngine/4.27/DerivedDataCache/Boot.ddc.
[2026.03.14-23.20.32:691][  0]LogDerivedDataCache: Display: Loaded Boot cache: C:/Users/titan/AppData/Local/UnrealEngine/4.27/DerivedDataCache/Boot.ddc
[2026.03.14-23.20.32:691][  0]LogDerivedDataCache: FDerivedDataBackendGraph:  Pak pak cache file C:/Users/titan/Desktop/Titan_RoadHopper/RoadHopper4.27/DerivedDataCache/DDC.ddp not found, will not use a pak cache.
[2026.03.14-23.20.32:691][  0]LogDerivedDataCache: Unable to find inner node Pak for hierarchical cache Hierarchy.
[2026.03.14-23.20.32:691][  0]LogDerivedDataCache: FDerivedDataBackendGraph:  CompressedPak pak cache file C:/Users/titan/Desktop/Titan_RoadHopper/RoadHopper4.27/DerivedDataCache/Compressed.ddp not found, will not use a pak cache.
[2026.03.14-23.20.32:691][  0]LogDerivedDataCache: Unable to find inner node CompressedPak for hierarchical cache Hierarchy.
[2026.03.14-23.20.32:713][  0]LogDerivedDataCache: Display: Pak cache opened for reading ../../../Engine/DerivedDataCache/Compressed.ddp.
[2026.03.14-23.20.32:713][  0]LogDerivedDataCache: FDerivedDataBackendGraph:  EnterprisePak pak cache file ../../../Enterprise/DerivedDataCache/Compressed.ddp not found, will not use a pak cache.
[2026.03.14-23.20.32:713][  0]LogDerivedDataCache: Unable to find inner node EnterprisePak for hierarchical cache Hierarchy.
[2026.03.14-23.20.32:765][  0]LogDerivedDataCache: Speed tests for C:/Users/titan/AppData/Local/UnrealEngine/Common/DerivedDataCache took 0.05 seconds
[2026.03.14-23.20.32:765][  0]LogDerivedDataCache: Display: Performance to C:/Users/titan/AppData/Local/UnrealEngine/Common/DerivedDataCache: Latency=0.03ms. RandomReadSpeed=20.24MBs, RandomWriteSpeed=171.07MBs. Assigned SpeedClass 'Local'
[2026.03.14-23.20.32:766][  0]LogDerivedDataCache: Using Local data cache path C:/Users/titan/AppData/Local/UnrealEngine/Common/DerivedDataCache: Writable
[2026.03.14-23.20.32:766][  0]LogDerivedDataCache: Shared data cache path not found in *engine.ini, will not use an Shared cache.
[2026.03.14-23.20.32:766][  0]LogDerivedDataCache: Unable to find inner node Shared for hierarchical cache Hierarchy.
[2026.03.14-23.20.32:797][  0]LogSlate: Using FreeType 2.10.0
[2026.03.14-23.20.32:815][  0]LogSlate: SlateFontServices - WITH_FREETYPE: 1, WITH_HARFBUZZ: 1
[2026.03.14-23.20.32:942][  0]LogAssetRegistry: FAssetRegistry took 0.0021 seconds to start up
[2026.03.14-23.20.33:090][  0]LogInit: Selected Device Profile: [Windows]
[2026.03.14-23.20.33:090][  0]LogInit: Active device profile: [0000025899040900][00000258979681C0 49] Windows
[2026.03.14-23.20.33:090][  0]LogInit: Profiles: [0000025899040900][00000258979681C0 49] Windows, [0000025899007800][000002589260E340 49] WindowsNoEditor, [0000025899043500][00000258926124C0 49] WindowsServer, [0000025899004E00][0000025892616640 49] WindowsClient, [0000025899043800][000002589260A780 49] IOS, [0000025899006800][0000025899E8A8C0 49] iPadAir, [0000025899042000][0000025899E8EA00 49] iPadAir2, [0000025898FB8A00][0000025899E9AC80 49] IPadPro, [0000025898FB8B00][0000025899E92CC0 49] iPadAir3, [0000025899005900][0000025899E9EE40 49] iPadAir4, [0000025898FBB400][0000025899EA2FC0 49] iPadMini2, [0000025899006A00][0000025899EA7140 49] iPadMini3, [0000025898FB9700][0000025899EAB2C0 49] iPadMini4, [0000025899041100][0000025899EAF440 49] iPadMini5, [0000025898FF0300][0000025899EB7700 49] iPhone6, [0000025898FF0400][0000025899EB3740 49] iPodTouch6, [000002589A3AFF00][0000025899EBFA00 49] iPhone7, [000002589A3AFE00][0000025899EBBA40 49] iPodTouch7, [0000025899006000][0000025899EC3BC0 49] iPhone5S, [000002589A3ADA00][0000025899EC61C0 49] iPhone6Plus, [0000025898FF0200][0000025899ECA340 49] iPhone6S, [000002589A3AC600][0000025899ECE4C0 49] iPhone6SPlus, [0000025898FF2900][0000025899ED2640 49] iPhone7Plus, [000002589A3AF100][0000025899ED67C0 49] iPhoneSE, [0000025898FF2200][0000025899EDA940 49] iPhone8, [000002589A3AFB00][0000025899E96A80 49] iPhone8Plus, [0000025898FF0A00][0000025899EDEBC0 49] iPhoneX, [000002589A3AD400][0000025899EE2D00 49] iPhoneXS, [0000025898FF3900][0000025899EEAE80 49] iPhoneXSMax, [000002589A3AC900][0000025899EEF000 49] iPhoneXR, [0000025898FF2F00][0000025899EF3180 49] iPhone11, [000002589A3AD300][0000025899EF7300 49] iPhone11Pro, [0000025898FF1000][0000025899EFF480 49] iPhone11ProMax, [000002589A3AEA00][0000025899F73600 49] iPhoneSE2, [0000025898FF1400][0000025899F77780 49] iPhone12Mini, [000002589A3AE400][0000025899F7B900 49] iPhone12, [0000025898FF0D00][0000025899FA7A80 49] iPhone12Pro, [000002589A3AEB00][0000025899FABC00 49] iPhone12ProMax, [0000025898FF3000][000002588EDEE200 49] iPadPro105, [000002589A3AC700][000002589225A380 49] iPadPro129, [0000025898FF2800][000002588EE5E500 49] iPadPro97, [000002589A3AE600][000002588EE62680 49] iPadPro2_129, [0000025898FF3C00][000002588EE66800 49] iPad5, [000002589A3AE200][0000025894288980 49] iPad6, [0000025898FF0F00][000002589428CB00 49] iPad7, [000002589A3AED00][0000025899EE6C40 49] iPad8, [0000025898FF1100][0000025894290D80 49] iPadPro11, [000002589A3AD600][0000025894298EC0 49] iPadPro2_11, [0000025898FF3400][00000258942A5040 49] iPadPro3_129, [000002589A3AE800][00000258942B51C0 49] iPadPro4_129, [0000025898FF3A00][00000258942B9340 49] AppleTV, [000002589A3AE100][00000258942BD4C0 49] AppleTV4K, [0000025898FF1F00][00000258942E7640 49] TVOS, [000002589A3AF400][00000258942EB7C0 49] Mac, [0000025898FF3800][00000258942F3940 49] MacClient, [000002589A3ADE00][0000025899F07AC0 49] MacNoEditor, [0000025898FF3F00][0000025899F3A0C0 49] MacServer, [000002589A3AF500][0000025899F54240 49] Linux, [0000025898FF0C00][0000025899F583C0 49] LinuxAArch64, [000002589A3AEF00][0000025899F5C540 49] LinuxNoEditor, [0000025898FF0B00][0000025899F606C0 49] LinuxAArch64NoEditor, [000002589A3AF700][0000025899F64840 49] LinuxClient, [0000025898FF1A00][0000025899F689C0 49] LinuxAArch64Client, [000002589A3AD000][0000025899F6CB40 49] LinuxServer, [0000025898FF2500][0000025892238CC0 49] LinuxAArch64Server, [000002589A3AD900][000002589429CE00 49] Android, [0000025898FF1300][00000258942F6F40 49] Android_Low, [000002589A3AE700][000002589B3B3080 49] Android_Mid, [0000025898FF2B00][000002589B3B71C0 49] Android_High, [000002589A3AF800][0000025892241340 49] Android_Default, [0000025898FF1600][000002589B7954C0 49] Android_Adreno4xx, [000002589A3AD500][000002589B799640 49] Android_Adreno5xx_Low, [0000025898FBB600][000002589B79D7C0 49] Android_Adreno5xx, [0000025899005800][000002589B7A5940 49] Android_Adreno6xx, [0000025898FB9200][000002589B7A9AC0 49] Android_Adreno6xx_Vulkan, [0000025899007C00][000002589B7AC0C0 49] Android_Mali_T6xx, [0000025898FB9100][000002589B7C4240 49] Android_Mali_T7xx, [0000025899005600][000002589B7C83C0 49] Android_Mali_T8xx, [0000025898FB9E00][000002589B7CC540 49] Android_Mali_G71, [0000025899004500][00000258979F06C0 49] Android_Mali_G72, [0000025898FB8800][00000258979F4840 49] Android_Mali_G72_Vulkan, [0000025899005300][00000258979F89C0 49] Android_Mali_G76, [0000025898FB8100][00000258979FCB40 49] Android_Mali_G76_Vulkan, [0000025899005F00][0000025897A00CC0 49] Android_Mali_G77, [0000025898FB9000][0000025897A04E40 49] Android_Mali_G77_Vulkan, [0000025899004A00][000002589B3BAF80 49] Android_Mali_G78, [0000025898FBAC00][00000258921C90C0 49] Android_Mali_G78_Vulkan, [0000025899007600][00000258921CD200 49] Android_Mali_G710, [0000025898FBAA00][00000258921D1340 49] Android_Mali_G710_Vulkan, [0000025899007F00][00000258921D94C0 49] Android_Vulkan_SM5, [0000025898FBBB00][00000258921F1640 49] Android_PowerVR_G6xxx, [0000025899007B00][00000258921F57C0 49] Android_PowerVR_GT7xxx, [0000025898FBB900][0000025892201940 49] Android_PowerVR_GE8xxx, [0000025899004C00][0000025892205AC0 49] Android_PowerVR_GM9xxx, [0000025898FBA700][00000258922080C0 49] Android_PowerVR_GM9xxx_Vulkan, [0000025899006700][000002589220C240 49] Android_TegraK1, [0000025898FB8900][00000258922143C0 49] Android_Unknown_Vulkan, [0000025899005D00][000002588ED9C540 49] Lumin, [0000025898FB8500][000002588EDA06C0 49] Lumin_Desktop, [0000025899007300][000002588EDA8840 49] HoloLens, 
[2026.03.14-23.20.33:523][  0]LogMeshReduction: Using QuadricMeshReduction for automatic static mesh reduction
[2026.03.14-23.20.33:523][  0]LogMeshReduction: Using SimplygonMeshReduction for automatic skeletal mesh reduction
[2026.03.14-23.20.33:523][  0]LogMeshReduction: Using ProxyLODMeshReduction for automatic mesh merging
[2026.03.14-23.20.33:523][  0]LogMeshReduction: No distributed automatic mesh merging module available
[2026.03.14-23.20.33:523][  0]LogMeshMerging: No distributed automatic mesh merging module available
[2026.03.14-23.20.33:586][  0]LogNetVersion: RoadHopper 1.0.0, NetCL: 17155196, EngineNetVer: 17, GameNetVer: 0 (Checksum: 3032267352)
[2026.03.14-23.20.35:240][  0]LogTexture: Default maximum texture size for cubemaps generated from long-lat sources has been changed from 512 to unlimited. In order to preserve old behaiour for '/Engine/MapTemplates/Sky/DaylightAmbientCubemap.DaylightAmbientCubemap', its maximum texture size has been explicitly set to 512.
[2026.03.14-23.20.35:336][  0]LogHMD: PokeAHoleMaterial loaded successfully
[2026.03.14-23.20.35:340][  0]LogUObjectArray: 17178 objects as part of root set at end of initial load.
[2026.03.14-23.20.35:340][  0]LogUObjectAllocator: 4302048 out of 0 bytes used by permanent object pool.
[2026.03.14-23.20.35:340][  0]LogUObjectArray: CloseDisregardForGC: 0/0 objects in disregard for GC pool
[2026.03.14-23.20.36:962][  0]LogNiagaraDebuggerClient: Niagara Debugger Client Initialized | Session: 99DC51C24FC33BDD1F5EA897965279D9 | Instance: DA035A6440F9CC42988ECE9B9FB450BA (TITANPC-29196).
[2026.03.14-23.20.37:143][  0]LogPython: Using Python 3.7.7
[2026.03.14-23.20.38:090][  0]LogTcpMessaging: Initializing TcpMessaging bridge
[2026.03.14-23.20.38:118][  0]LogUdpMessaging: Initializing bridge on interface 0.0.0.0:0 to multicast group 230.0.0.1:6666.
[2026.03.14-23.20.39:038][  0]SourceControl: Source control is disabled
[2026.03.14-23.20.39:038][  0]SourceControl: Source control is disabled
[2026.03.14-23.20.39:075][  0]SourceControl: Source control is disabled
[2026.03.14-23.20.39:102][  0]SourceControl: Source control is disabled
[2026.03.14-23.20.39:181][  0]SourceControl: Source control is disabled
[2026.03.14-23.20.39:265][  0]LogUProjectInfo: Found projects:
[2026.03.14-23.20.39:268][  0]LogVSAccessor: Display: Unable to create Visual Studio setup instance: 80040154
[2026.03.14-23.20.39:269][  0]LogVSAccessor: Display: Unable to create Visual Studio setup instance: 80040154
[2026.03.14-23.20.39:269][  0]LogVSAccessor: Display: Unable to create Visual Studio setup instance: 80040154
[2026.03.14-23.20.40:433][  0]LogOpenImageDenoise: OIDN starting up
[2026.03.14-23.20.40:699][  0]LogAndroidPermission: UAndroidPermissionCallbackProxy::GetInstance
[2026.03.14-23.20.40:843][  0]LogAudioCaptureCore: Display: No Audio Capture implementations found. Audio input will be silent.
[2026.03.14-23.20.40:843][  0]LogAudioCaptureCore: Display: No Audio Capture implementations found. Audio input will be silent.
[2026.03.14-23.20.41:428][  0]LogCollectionManager: Loaded 0 collections in 0.000456 seconds
[2026.03.14-23.20.41:531][  0]LogFileCache: Scanning file cache for directory 'C:/Users/titan/Desktop/Titan_RoadHopper/RoadHopper4.27/Saved/Collections/' took 0.00s
[2026.03.14-23.20.41:531][  0]LogFileCache: Scanning file cache for directory 'C:/Users/titan/Desktop/Titan_RoadHopper/RoadHopper4.27/Content/Developers/titan/Collections/' took 0.00s
[2026.03.14-23.20.41:531][  0]LogFileCache: Scanning file cache for directory 'C:/Users/titan/Desktop/Titan_RoadHopper/RoadHopper4.27/Content/Collections/' took 0.00s
[2026.03.14-23.20.41:531][  0]LogOcInput: OculusInput pre-init called
[2026.03.14-23.20.41:928][  0]LogEngine: Initializing Engine...
[2026.03.14-23.20.41:971][  0]LogHMD: Failed to enumerate extensions. Please check that you have a valid OpenXR runtime installed.
[2026.03.14-23.20.41:971][  0]LogHMD: Failed to initialize OpenVR with code 110
[2026.03.14-23.20.41:971][  0]LogMagicLeap: Warning: VR disabled because ZI is not enabled.  To enable, in the editor, Edit -> Project Settings -> Plugins -> Magic Leap Plugin -> Enable Zero Iteration
[2026.03.14-23.20.41:972][  0]LogStats: UGameplayTagsManager::InitializeManager -  0.000 s
[2026.03.14-23.20.42:233][  0]LogInit: Initializing FReadOnlyCVARCache
[2026.03.14-23.20.42:269][  0]LogAIModule: Creating AISystem for world Untitled
[2026.03.14-23.20.42:270][  0]LogAudio: Display: Initializing Audio Device Manager...
[2026.03.14-23.20.42:297][  0]LogAudio: Display: Loading Default Audio Settings Objects...
[2026.03.14-23.20.42:297][  0]LogAudio: Display: No default SoundConcurrencyObject specified (or failed to load).
[2026.03.14-23.20.42:297][  0]LogAudio: Display: Audio Device Manager Initialized
[2026.03.14-23.20.42:297][  0]LogAudio: Display: Creating Audio Device:                 Id: 1, Scope: Shared, Realtime: True
[2026.03.14-23.20.42:297][  0]LogAudioMixer: Display: Audio Mixer Platform Settings:
[2026.03.14-23.20.42:297][  0]LogAudioMixer: Display: 	Sample Rate:						  48000
[2026.03.14-23.20.42:297][  0]LogAudioMixer: Display: 	Callback Buffer Frame Size Requested: 1024
[2026.03.14-23.20.42:297][  0]LogAudioMixer: Display: 	Callback Buffer Frame Size To Use:	  1024
[2026.03.14-23.20.42:297][  0]LogAudioMixer: Display: 	Number of buffers to queue:			  2
[2026.03.14-23.20.42:297][  0]LogAudioMixer: Display: 	Max Channels (voices):				  32
[2026.03.14-23.20.42:297][  0]LogAudioMixer: Display: 	Number of Async Source Workers:		  0
[2026.03.14-23.20.42:297][  0]LogAudio: Display: AudioDevice MaxSources: 32
[2026.03.14-23.20.42:298][  0]LogAudio: Display: Audio Spatialization Plugin: None (built-in).
[2026.03.14-23.20.42:298][  0]LogAudio: Display: Audio Reverb Plugin: None (built-in).
[2026.03.14-23.20.42:298][  0]LogAudio: Display: Audio Occlusion Plugin: None (built-in).
[2026.03.14-23.20.42:298][  0]LogAudioMixer: Display: Initializing audio mixer.
[2026.03.14-23.20.42:305][  0]LogAudioMixer: Display: 0: FrontLeft
[2026.03.14-23.20.42:305][  0]LogAudioMixer: Display: 1: FrontRight
[2026.03.14-23.20.42:305][  0]LogAudioMixer: Display: 2: FrontCenter
[2026.03.14-23.20.42:305][  0]LogAudioMixer: Display: 3: LowFrequency
[2026.03.14-23.20.42:305][  0]LogAudioMixer: Display: 4: BackLeft
[2026.03.14-23.20.42:305][  0]LogAudioMixer: Display: 5: BackRight
[2026.03.14-23.20.42:305][  0]LogAudioMixer: Display: 6: SideLeft
[2026.03.14-23.20.42:305][  0]LogAudioMixer: Display: 7: SideRight
[2026.03.14-23.20.42:325][  0]LogAudioMixer: Display: Using Audio Device Headset Earphone (CORSAIR VOID PRO Wireless Gaming Headset)
[2026.03.14-23.20.42:325][  0]LogAudioMixer: Display: Initializing Sound Submixes...
[2026.03.14-23.20.42:337][  0]LogAudioMixer: Display: Creating Master Submix 'MasterSubmixDefault'
[2026.03.14-23.20.42:337][  0]LogAudioMixer: Display: Creating Master Submix 'MasterReverbSubmixDefault'
[2026.03.14-23.20.42:338][  0]LogAudioMixer: Display: Creating Master Submix 'MasterEQSubmixDefault'
[2026.03.14-23.20.42:338][  0]LogAudioMixer: FMixerPlatformXAudio2::StartAudioStream() called
[2026.03.14-23.20.42:338][  0]LogAudioMixer: Display: Output buffers initialized: Frames=1024, Channels=8, Samples=8192
[2026.03.14-23.20.42:339][  0]LogAudioMixer: Display: Starting AudioMixerPlatformInterface::RunInternal()
[2026.03.14-23.20.42:339][  0]LogAudioMixer: Display: FMixerPlatformXAudio2::SubmitBuffer() called for the first time
[2026.03.14-23.20.42:339][  0]LogInit: FAudioDevice initialized.
[2026.03.14-23.20.42:339][  0]LogAudio: Display: Audio Device (ID: 1) registered with world 'Untitled'.
[2026.03.14-23.20.42:339][  0]LogNetVersion: Set ProjectVersion to 1.0.0.0. Version Checksum will be recalculated on next use.
[2026.03.14-23.20.42:425][  0]LogDerivedDataCache: Saved boot cache 0.09s 94MB C:/Users/titan/AppData/Local/UnrealEngine/4.27/DerivedDataCache/Boot.ddc.
[2026.03.14-23.20.42:426][  0]LogInit: Texture streaming: Enabled
[2026.03.14-23.20.42:499][  0]LogAnalytics: Display: [UEEditor.Rocket.Release] APIServer = https://datarouter.ol.epicgames.com/. AppVersion = 4.27.2-18319896+++UE4+Release-4.27
[2026.03.14-23.20.42:521][  0]LogEngineSessionManager: EngineSessionManager initialized
[2026.03.14-23.20.42:521][  0]LogEditorSessionSummary: Verbose: Initializing EditorSessionSummaryWriter for editor session tracking
[2026.03.14-23.20.42:522][  0]LogEditorSessionSummary: EditorSessionSummaryWriter initialized
[2026.03.14-23.20.42:593][  0]LogInit: Transaction tracking system initialized
[2026.03.14-23.20.42:746][  0]BlueprintLog: New page: Editor Load
[2026.03.14-23.20.43:164][  0]LocalizationService: Localization service is disabled
[2026.03.14-23.20.43:338][  0]TimingProfiler: Initialize
[2026.03.14-23.20.43:339][  0]TimingProfiler: OnSessionChanged
[2026.03.14-23.20.43:339][  0]LoadingProfiler: Initialize
[2026.03.14-23.20.43:339][  0]LoadingProfiler: OnSessionChanged
[2026.03.14-23.20.43:339][  0]NetworkingProfiler: Initialize
[2026.03.14-23.20.43:339][  0]NetworkingProfiler: OnSessionChanged
[2026.03.14-23.20.43:339][  0]MemoryProfiler: Initialize
[2026.03.14-23.20.43:339][  0]MemoryProfiler: OnSessionChanged
[2026.03.14-23.20.43:626][  0]LogVSAccessor: Display: Unable to create Visual Studio setup instance: 80040154
[2026.03.14-23.20.43:627][  0]LogVSAccessor: Display: Unable to create Visual Studio setup instance: 80040154
[2026.03.14-23.20.43:627][  0]LogVSAccessor: Display: Unable to create Visual Studio setup instance: 80040154
[2026.03.14-23.20.43:929][  0]LogCook: Display: CookSettings for Memory: MemoryMaxUsedVirtual 0MiB, MemoryMaxUsedPhysical 16384MiB, MemoryMinFreeVirtual 0MiB, MemoryMinFreePhysical 1024MiB
[2026.03.14-23.20.43:929][  0]LogCook: Display: Mobile HDR setting 1
[2026.03.14-23.20.44:796][  0]LogFileCache: Scanning file cache for directory 'C:/Users/titan/Desktop/Titan_RoadHopper/RoadHopper4.27/Content/' took 0.01s
[2026.03.14-23.20.45:140][  0]LogInit: Display: Engine is initialized. Leaving FEngineLoop::Init()
[2026.03.14-23.20.45:142][  0]SourceControl: Source control is disabled
[2026.03.14-23.20.45:142][  0]LogUnrealEdMisc: Loading editor; pre map load, took 25.424
[2026.03.14-23.20.45:142][  0]Cmd: MAP LOAD FILE="../../../Engine/Content/Maps/Templates/Template_Default.umap" TEMPLATE=1 SHOWPROGRESS=1 FEATURELEVEL=3
[2026.03.14-23.20.45:143][  0]LightingResults: New page: Lighting Build
[2026.03.14-23.20.45:143][  0]LogWorld: UWorld::CleanupWorld for Untitled, bSessionEnded=true, bCleanupResources=true
[2026.03.14-23.20.45:144][  0]LogSlate: InvalidateAllWidgets triggered.  All widgets were invalidated
[2026.03.14-23.20.45:144][  0]MapCheck: New page: Map Check
[2026.03.14-23.20.45:144][  0]LightingResults: New page: Lighting Build
[2026.03.14-23.20.45:147][  0]LogAudio: Display: Audio Device unregistered from world 'None'.
[2026.03.14-23.20.45:149][  0]LogUObjectHash: Compacting FUObjectHashTables data took   0.48ms
[2026.03.14-23.20.45:240][  0]LogTexture: Display: Building textures: DeprecatedTextureEB9CBE3C423008B5E8E130901E171C89 (BGRA8, 128X128)
[2026.03.14-23.20.45:242][  0]LogAudio: Display: Audio Device (ID: 1) registered with world 'Untitled_1'.
[2026.03.14-23.20.45:243][  0]LogAIModule: Creating AISystem for world Untitled_1
[2026.03.14-23.20.45:251][  0]LogEditorServer: Finished looking for orphan Actors (0.000 secs)
[2026.03.14-23.20.45:256][  0]LogUObjectHash: Compacting FUObjectHashTables data took   0.49ms
[2026.03.14-23.20.45:256][  0]Cmd: MAP CHECKDEP NOCLEARLOG
[2026.03.14-23.20.45:256][  0]MapCheck: Map check complete: 0 Error(s), 0 Warning(s), took 0.139ms to complete.
[2026.03.14-23.20.45:256][  0]LogFileHelpers: Loading map 'Template_Default' took 0.113
[2026.03.14-23.20.45:257][  0]LogUnrealEdMisc: Total Editor Startup Time, took 25.539
[2026.03.14-23.20.45:382][  0]LogSlate: Updating window title bar state: overlay mode, drag disabled, window buttons hidden, title bar hidden
[2026.03.14-23.20.45:386][  0]LogSlate: Updating window title bar state: overlay mode, drag disabled, window buttons hidden, title bar hidden
[2026.03.14-23.20.45:390][  0]LogSlate: Updating window title bar state: overlay mode, drag disabled, window buttons hidden, title bar hidden
[2026.03.14-23.20.45:394][  0]LogSlate: Updating window title bar state: overlay mode, drag disabled, window buttons hidden, title bar hidden
[2026.03.14-23.20.45:409][  0]LogNativeClassHierarchy: Verbose: Native class hierarchy populated in 0.0064 seconds. Added 3822 classes and 928 folders.
[2026.03.14-23.20.45:411][  0]LogNativeClassHierarchy: Verbose: Native class hierarchy updated for 'WidgetCarousel' in 0.0002 seconds. Added 0 classes and 0 folders.
[2026.03.14-23.20.45:428][  0]LogPakFile: PakFile PrimaryIndexSize=187
[2026.03.14-23.20.45:429][  0]LogPakFile: PakFile PathHashIndexSize=101
[2026.03.14-23.20.45:429][  0]LogPakFile: PakFile FullDirectoryIndexSize=148
[2026.03.14-23.20.45:429][  0]LogShaderLibrary: Display: ShaderCodeLibraryPakFileMountedCallback: PakFile 'D:/Epic Games/UE_4.27/FeaturePacks/FP_FirstPerson.upack' (chunk index -1, root 'root:/') mounted
[2026.03.14-23.20.45:429][  0]LogShaderLibrary: Display: ShaderCodeLibraryPakFileMountedCallback: pending pak file info (ChunkID:-1 Root:root:/ File:D:/Epic Games/UE_4.27/FeaturePacks/FP_FirstPerson.upack)
[2026.03.14-23.20.45:429][  0]LogPakFile: OnPakFileMounted2Time == 0.000042
[2026.03.14-23.20.45:438][  0]LogPakFile: PakFile PrimaryIndexSize=189
[2026.03.14-23.20.45:438][  0]LogPakFile: PakFile PathHashIndexSize=101
[2026.03.14-23.20.45:438][  0]LogPakFile: PakFile FullDirectoryIndexSize=152
[2026.03.14-23.20.45:438][  0]LogShaderLibrary: Display: ShaderCodeLibraryPakFileMountedCallback: PakFile 'D:/Epic Games/UE_4.27/FeaturePacks/FP_FirstPersonBP.upack' (chunk index -1, root 'root:/') mounted
[2026.03.14-23.20.45:438][  0]LogShaderLibrary: Display: ShaderCodeLibraryPakFileMountedCallback: pending pak file info (ChunkID:-1 Root:root:/ File:D:/Epic Games/UE_4.27/FeaturePacks/FP_FirstPersonBP.upack)
[2026.03.14-23.20.45:439][  0]LogPakFile: OnPakFileMounted2Time == 0.000035
[2026.03.14-23.20.45:445][  0]LogPakFile: PakFile PrimaryIndexSize=191
[2026.03.14-23.20.45:445][  0]LogPakFile: PakFile PathHashIndexSize=101
[2026.03.14-23.20.45:445][  0]LogPakFile: PakFile FullDirectoryIndexSize=160
[2026.03.14-23.20.45:445][  0]LogShaderLibrary: Display: ShaderCodeLibraryPakFileMountedCallback: PakFile 'D:/Epic Games/UE_4.27/FeaturePacks/MobileStarterContent.upack' (chunk index -1, root 'root:/') mounted
[2026.03.14-23.20.45:445][  0]LogShaderLibrary: Display: ShaderCodeLibraryPakFileMountedCallback: pending pak file info (ChunkID:-1 Root:root:/ File:D:/Epic Games/UE_4.27/FeaturePacks/MobileStarterContent.upack)
[2026.03.14-23.20.45:445][  0]LogPakFile: OnPakFileMounted2Time == 0.000029
[2026.03.14-23.20.45:452][  0]LogPakFile: PakFile PrimaryIndexSize=185
[2026.03.14-23.20.45:452][  0]LogPakFile: PakFile PathHashIndexSize=101
[2026.03.14-23.20.45:452][  0]LogPakFile: PakFile FullDirectoryIndexSize=148
[2026.03.14-23.20.45:452][  0]LogShaderLibrary: Display: ShaderCodeLibraryPakFileMountedCallback: PakFile 'D:/Epic Games/UE_4.27/FeaturePacks/StarterContent.upack' (chunk index -1, root 'root:/') mounted
[2026.03.14-23.20.45:452][  0]LogShaderLibrary: Display: ShaderCodeLibraryPakFileMountedCallback: pending pak file info (ChunkID:-1 Root:root:/ File:D:/Epic Games/UE_4.27/FeaturePacks/StarterContent.upack)
[2026.03.14-23.20.45:452][  0]LogPakFile: OnPakFileMounted2Time == 0.000030
[2026.03.14-23.20.45:459][  0]LogPakFile: PakFile PrimaryIndexSize=190
[2026.03.14-23.20.45:459][  0]LogPakFile: PakFile PathHashIndexSize=101
[2026.03.14-23.20.45:459][  0]LogPakFile: PakFile FullDirectoryIndexSize=154
[2026.03.14-23.20.45:459][  0]LogShaderLibrary: Display: ShaderCodeLibraryPakFileMountedCallback: PakFile 'D:/Epic Games/UE_4.27/FeaturePacks/TP_2DSideScroller.upack' (chunk index -1, root 'root:/') mounted
[2026.03.14-23.20.45:459][  0]LogShaderLibrary: Display: ShaderCodeLibraryPakFileMountedCallback: pending pak file info (ChunkID:-1 Root:root:/ File:D:/Epic Games/UE_4.27/FeaturePacks/TP_2DSideScroller.upack)
[2026.03.14-23.20.45:459][  0]LogPakFile: OnPakFileMounted2Time == 0.000030
[2026.03.14-23.20.45:466][  0]LogPakFile: PakFile PrimaryIndexSize=192
[2026.03.14-23.20.45:466][  0]LogPakFile: PakFile PathHashIndexSize=101
[2026.03.14-23.20.45:466][  0]LogPakFile: PakFile FullDirectoryIndexSize=158
[2026.03.14-23.20.45:466][  0]LogShaderLibrary: Display: ShaderCodeLibraryPakFileMountedCallback: PakFile 'D:/Epic Games/UE_4.27/FeaturePacks/TP_2DSideScrollerBP.upack' (chunk index -1, root 'root:/') mounted
[2026.03.14-23.20.45:466][  0]LogShaderLibrary: Display: ShaderCodeLibraryPakFileMountedCallback: pending pak file info (ChunkID:-1 Root:root:/ File:D:/Epic Games/UE_4.27/FeaturePacks/TP_2DSideScrollerBP.upack)
[2026.03.14-23.20.45:466][  0]LogPakFile: OnPakFileMounted2Time == 0.000030
[2026.03.14-23.20.45:472][  0]LogPakFile: PakFile PrimaryIndexSize=182
[2026.03.14-23.20.45:472][  0]LogPakFile: PakFile PathHashIndexSize=101
[2026.03.14-23.20.45:472][  0]LogPakFile: PakFile FullDirectoryIndexSize=138
[2026.03.14-23.20.45:472][  0]LogShaderLibrary: Display: ShaderCodeLibraryPakFileMountedCallback: PakFile 'D:/Epic Games/UE_4.27/FeaturePacks/TP_Flying.upack' (chunk index -1, root 'root:/') mounted
[2026.03.14-23.20.45:472][  0]LogShaderLibrary: Display: ShaderCodeLibraryPakFileMountedCallback: pending pak file info (ChunkID:-1 Root:root:/ File:D:/Epic Games/UE_4.27/FeaturePacks/TP_Flying.upack)
[2026.03.14-23.20.45:472][  0]LogPakFile: OnPakFileMounted2Time == 0.000030
[2026.03.14-23.20.45:479][  0]LogPakFile: PakFile PrimaryIndexSize=184
[2026.03.14-23.20.45:479][  0]LogPakFile: PakFile PathHashIndexSize=101
[2026.03.14-23.20.45:479][  0]LogPakFile: PakFile FullDirectoryIndexSize=142
[2026.03.14-23.20.45:479][  0]LogShaderLibrary: Display: ShaderCodeLibraryPakFileMountedCallback: PakFile 'D:/Epic Games/UE_4.27/FeaturePacks/TP_FlyingBP.upack' (chunk index -1, root 'root:/') mounted
[2026.03.14-23.20.45:479][  0]LogShaderLibrary: Display: ShaderCodeLibraryPakFileMountedCallback: pending pak file info (ChunkID:-1 Root:root:/ File:D:/Epic Games/UE_4.27/FeaturePacks/TP_FlyingBP.upack)
[2026.03.14-23.20.45:479][  0]LogPakFile: OnPakFileMounted2Time == 0.000030
[2026.03.14-23.20.45:484][  0]LogPakFile: PakFile PrimaryIndexSize=188
[2026.03.14-23.20.45:484][  0]LogPakFile: PakFile PathHashIndexSize=101
[2026.03.14-23.20.45:484][  0]LogPakFile: PakFile FullDirectoryIndexSize=150
[2026.03.14-23.20.45:484][  0]LogShaderLibrary: Display: ShaderCodeLibraryPakFileMountedCallback: PakFile 'D:/Epic Games/UE_4.27/FeaturePacks/TP_HandheldARBP.upack' (chunk index -1, root 'root:/') mounted
[2026.03.14-23.20.45:484][  0]LogShaderLibrary: Display: ShaderCodeLibraryPakFileMountedCallback: pending pak file info (ChunkID:-1 Root:root:/ File:D:/Epic Games/UE_4.27/FeaturePacks/TP_HandheldARBP.upack)
[2026.03.14-23.20.45:484][  0]LogPakFile: OnPakFileMounted2Time == 0.000029
[2026.03.14-23.20.45:491][  0]LogPakFile: PakFile PrimaryIndexSize=182
[2026.03.14-23.20.45:491][  0]LogPakFile: PakFile PathHashIndexSize=101
[2026.03.14-23.20.45:491][  0]LogPakFile: PakFile FullDirectoryIndexSize=138
[2026.03.14-23.20.45:491][  0]LogShaderLibrary: Display: ShaderCodeLibraryPakFileMountedCallback: PakFile 'D:/Epic Games/UE_4.27/FeaturePacks/TP_Puzzle.upack' (chunk index -1, root 'root:/') mounted
[2026.03.14-23.20.45:492][  0]LogShaderLibrary: Display: ShaderCodeLibraryPakFileMountedCallback: pending pak file info (ChunkID:-1 Root:root:/ File:D:/Epic Games/UE_4.27/FeaturePacks/TP_Puzzle.upack)
[2026.03.14-23.20.45:492][  0]LogPakFile: OnPakFileMounted2Time == 0.000029
[2026.03.14-23.20.45:498][  0]LogPakFile: PakFile PrimaryIndexSize=184
[2026.03.14-23.20.45:498][  0]LogPakFile: PakFile PathHashIndexSize=101
[2026.03.14-23.20.45:498][  0]LogPakFile: PakFile FullDirectoryIndexSize=142
[2026.03.14-23.20.45:498][  0]LogShaderLibrary: Display: ShaderCodeLibraryPakFileMountedCallback: PakFile 'D:/Epic Games/UE_4.27/FeaturePacks/TP_PuzzleBP.upack' (chunk index -1, root 'root:/') mounted
[2026.03.14-23.20.45:498][  0]LogShaderLibrary: Display: ShaderCodeLibraryPakFileMountedCallback: pending pak file info (ChunkID:-1 Root:root:/ File:D:/Epic Games/UE_4.27/FeaturePacks/TP_PuzzleBP.upack)
[2026.03.14-23.20.45:498][  0]LogPakFile: OnPakFileMounted2Time == 0.000028
[2026.03.14-23.20.45:505][  0]LogPakFile: PakFile PrimaryIndexSize=183
[2026.03.14-23.20.45:505][  0]LogPakFile: PakFile PathHashIndexSize=101
[2026.03.14-23.20.45:505][  0]LogPakFile: PakFile FullDirectoryIndexSize=140
[2026.03.14-23.20.45:505][  0]LogShaderLibrary: Display: ShaderCodeLibraryPakFileMountedCallback: PakFile 'D:/Epic Games/UE_4.27/FeaturePacks/TP_Rolling.upack' (chunk index -1, root 'root:/') mounted
[2026.03.14-23.20.45:505][  0]LogShaderLibrary: Display: ShaderCodeLibraryPakFileMountedCallback: pending pak file info (ChunkID:-1 Root:root:/ File:D:/Epic Games/UE_4.27/FeaturePacks/TP_Rolling.upack)
[2026.03.14-23.20.45:505][  0]LogPakFile: OnPakFileMounted2Time == 0.000029
[2026.03.14-23.20.45:511][  0]LogPakFile: PakFile PrimaryIndexSize=185
[2026.03.14-23.20.45:511][  0]LogPakFile: PakFile PathHashIndexSize=101
[2026.03.14-23.20.45:511][  0]LogPakFile: PakFile FullDirectoryIndexSize=144
[2026.03.14-23.20.45:511][  0]LogShaderLibrary: Display: ShaderCodeLibraryPakFileMountedCallback: PakFile 'D:/Epic Games/UE_4.27/FeaturePacks/TP_RollingBP.upack' (chunk index -1, root 'root:/') mounted
[2026.03.14-23.20.45:511][  0]LogShaderLibrary: Display: ShaderCodeLibraryPakFileMountedCallback: pending pak file info (ChunkID:-1 Root:root:/ File:D:/Epic Games/UE_4.27/FeaturePacks/TP_RollingBP.upack)
[2026.03.14-23.20.45:511][  0]LogPakFile: OnPakFileMounted2Time == 0.000029
[2026.03.14-23.20.45:517][  0]LogPakFile: PakFile PrimaryIndexSize=188
[2026.03.14-23.20.45:517][  0]LogPakFile: PakFile PathHashIndexSize=101
[2026.03.14-23.20.45:517][  0]LogPakFile: PakFile FullDirectoryIndexSize=150
[2026.03.14-23.20.45:517][  0]LogShaderLibrary: Display: ShaderCodeLibraryPakFileMountedCallback: PakFile 'D:/Epic Games/UE_4.27/FeaturePacks/TP_SideScroller.upack' (chunk index -1, root 'root:/') mounted
[2026.03.14-23.20.45:517][  0]LogShaderLibrary: Display: ShaderCodeLibraryPakFileMountedCallback: pending pak file info (ChunkID:-1 Root:root:/ File:D:/Epic Games/UE_4.27/FeaturePacks/TP_SideScroller.upack)
[2026.03.14-23.20.45:517][  0]LogPakFile: OnPakFileMounted2Time == 0.000029
[2026.03.14-23.20.45:524][  0]LogPakFile: PakFile PrimaryIndexSize=190
[2026.03.14-23.20.45:524][  0]LogPakFile: PakFile PathHashIndexSize=101
[2026.03.14-23.20.45:524][  0]LogPakFile: PakFile FullDirectoryIndexSize=154
[2026.03.14-23.20.45:524][  0]LogShaderLibrary: Display: ShaderCodeLibraryPakFileMountedCallback: PakFile 'D:/Epic Games/UE_4.27/FeaturePacks/TP_SideScrollerBP.upack' (chunk index -1, root 'root:/') mounted
[2026.03.14-23.20.45:524][  0]LogShaderLibrary: Display: ShaderCodeLibraryPakFileMountedCallback: pending pak file info (ChunkID:-1 Root:root:/ File:D:/Epic Games/UE_4.27/FeaturePacks/TP_SideScrollerBP.upack)
[2026.03.14-23.20.45:524][  0]LogPakFile: OnPakFileMounted2Time == 0.000029
[2026.03.14-23.20.45:530][  0]LogPakFile: PakFile PrimaryIndexSize=187
[2026.03.14-23.20.45:530][  0]LogPakFile: PakFile PathHashIndexSize=101
[2026.03.14-23.20.45:530][  0]LogPakFile: PakFile FullDirectoryIndexSize=148
[2026.03.14-23.20.45:530][  0]LogShaderLibrary: Display: ShaderCodeLibraryPakFileMountedCallback: PakFile 'D:/Epic Games/UE_4.27/FeaturePacks/TP_ThirdPerson.upack' (chunk index -1, root 'root:/') mounted
[2026.03.14-23.20.45:530][  0]LogShaderLibrary: Display: ShaderCodeLibraryPakFileMountedCallback: pending pak file info (ChunkID:-1 Root:root:/ File:D:/Epic Games/UE_4.27/FeaturePacks/TP_ThirdPerson.upack)
[2026.03.14-23.20.45:530][  0]LogPakFile: OnPakFileMounted2Time == 0.000028
[2026.03.14-23.20.45:536][  0]LogPakFile: PakFile PrimaryIndexSize=189
[2026.03.14-23.20.45:536][  0]LogPakFile: PakFile PathHashIndexSize=101
[2026.03.14-23.20.45:536][  0]LogPakFile: PakFile FullDirectoryIndexSize=152
[2026.03.14-23.20.45:536][  0]LogShaderLibrary: Display: ShaderCodeLibraryPakFileMountedCallback: PakFile 'D:/Epic Games/UE_4.27/FeaturePacks/TP_ThirdPersonBP.upack' (chunk index -1, root 'root:/') mounted
[2026.03.14-23.20.45:536][  0]LogShaderLibrary: Display: ShaderCodeLibraryPakFileMountedCallback: pending pak file info (ChunkID:-1 Root:root:/ File:D:/Epic Games/UE_4.27/FeaturePacks/TP_ThirdPersonBP.upack)
[2026.03.14-23.20.45:537][  0]LogPakFile: OnPakFileMounted2Time == 0.000028
[2026.03.14-23.20.45:542][  0]LogPakFile: PakFile PrimaryIndexSize=183
[2026.03.14-23.20.45:543][  0]LogPakFile: PakFile PathHashIndexSize=101
[2026.03.14-23.20.45:543][  0]LogPakFile: PakFile FullDirectoryIndexSize=140
[2026.03.14-23.20.45:543][  0]LogShaderLibrary: Display: ShaderCodeLibraryPakFileMountedCallback: PakFile 'D:/Epic Games/UE_4.27/FeaturePacks/TP_TopDown.upack' (chunk index -1, root 'root:/') mounted
[2026.03.14-23.20.45:543][  0]LogShaderLibrary: Display: ShaderCodeLibraryPakFileMountedCallback: pending pak file info (ChunkID:-1 Root:root:/ File:D:/Epic Games/UE_4.27/FeaturePacks/TP_TopDown.upack)
[2026.03.14-23.20.45:543][  0]LogPakFile: OnPakFileMounted2Time == 0.000034
[2026.03.14-23.20.45:548][  0]LogPakFile: PakFile PrimaryIndexSize=185
[2026.03.14-23.20.45:548][  0]LogPakFile: PakFile PathHashIndexSize=101
[2026.03.14-23.20.45:548][  0]LogPakFile: PakFile FullDirectoryIndexSize=144
[2026.03.14-23.20.45:548][  0]LogShaderLibrary: Display: ShaderCodeLibraryPakFileMountedCallback: PakFile 'D:/Epic Games/UE_4.27/FeaturePacks/TP_TopDownBP.upack' (chunk index -1, root 'root:/') mounted
[2026.03.14-23.20.45:548][  0]LogShaderLibrary: Display: ShaderCodeLibraryPakFileMountedCallback: pending pak file info (ChunkID:-1 Root:root:/ File:D:/Epic Games/UE_4.27/FeaturePacks/TP_TopDownBP.upack)
[2026.03.14-23.20.45:548][  0]LogPakFile: OnPakFileMounted2Time == 0.000027
[2026.03.14-23.20.45:557][  0]LogPakFile: PakFile PrimaryIndexSize=185
[2026.03.14-23.20.45:557][  0]LogPakFile: PakFile PathHashIndexSize=101
[2026.03.14-23.20.45:557][  0]LogPakFile: PakFile FullDirectoryIndexSize=144
[2026.03.14-23.20.45:557][  0]LogShaderLibrary: Display: ShaderCodeLibraryPakFileMountedCallback: PakFile 'D:/Epic Games/UE_4.27/FeaturePacks/TP_TwinStick.upack' (chunk index -1, root 'root:/') mounted
[2026.03.14-23.20.45:557][  0]LogShaderLibrary: Display: ShaderCodeLibraryPakFileMountedCallback: pending pak file info (ChunkID:-1 Root:root:/ File:D:/Epic Games/UE_4.27/FeaturePacks/TP_TwinStick.upack)
[2026.03.14-23.20.45:557][  0]LogPakFile: OnPakFileMounted2Time == 0.000046
[2026.03.14-23.20.45:563][  0]LogPakFile: PakFile PrimaryIndexSize=187
[2026.03.14-23.20.45:563][  0]LogPakFile: PakFile PathHashIndexSize=101
[2026.03.14-23.20.45:563][  0]LogPakFile: PakFile FullDirectoryIndexSize=148
[2026.03.14-23.20.45:563][  0]LogShaderLibrary: Display: ShaderCodeLibraryPakFileMountedCallback: PakFile 'D:/Epic Games/UE_4.27/FeaturePacks/TP_TwinStickBP.upack' (chunk index -1, root 'root:/') mounted
[2026.03.14-23.20.45:563][  0]LogShaderLibrary: Display: ShaderCodeLibraryPakFileMountedCallback: pending pak file info (ChunkID:-1 Root:root:/ File:D:/Epic Games/UE_4.27/FeaturePacks/TP_TwinStickBP.upack)
[2026.03.14-23.20.45:563][  0]LogPakFile: OnPakFileMounted2Time == 0.000028
[2026.03.14-23.20.45:569][  0]LogPakFile: PakFile PrimaryIndexSize=183
[2026.03.14-23.20.45:569][  0]LogPakFile: PakFile PathHashIndexSize=101
[2026.03.14-23.20.45:569][  0]LogPakFile: PakFile FullDirectoryIndexSize=140
[2026.03.14-23.20.45:569][  0]LogShaderLibrary: Display: ShaderCodeLibraryPakFileMountedCallback: PakFile 'D:/Epic Games/UE_4.27/FeaturePacks/TP_Vehicle.upack' (chunk index -1, root 'root:/') mounted
[2026.03.14-23.20.45:569][  0]LogShaderLibrary: Display: ShaderCodeLibraryPakFileMountedCallback: pending pak file info (ChunkID:-1 Root:root:/ File:D:/Epic Games/UE_4.27/FeaturePacks/TP_Vehicle.upack)
[2026.03.14-23.20.45:569][  0]LogPakFile: OnPakFileMounted2Time == 0.000027
[2026.03.14-23.20.45:575][  0]LogPakFile: PakFile PrimaryIndexSize=186
[2026.03.14-23.20.45:575][  0]LogPakFile: PakFile PathHashIndexSize=101
[2026.03.14-23.20.45:575][  0]LogPakFile: PakFile FullDirectoryIndexSize=146
[2026.03.14-23.20.45:575][  0]LogShaderLibrary: Display: ShaderCodeLibraryPakFileMountedCallback: PakFile 'D:/Epic Games/UE_4.27/FeaturePacks/TP_VehicleAdv.upack' (chunk index -1, root 'root:/') mounted
[2026.03.14-23.20.45:575][  0]LogShaderLibrary: Display: ShaderCodeLibraryPakFileMountedCallback: pending pak file info (ChunkID:-1 Root:root:/ File:D:/Epic Games/UE_4.27/FeaturePacks/TP_VehicleAdv.upack)
[2026.03.14-23.20.45:575][  0]LogPakFile: OnPakFileMounted2Time == 0.000030
[2026.03.14-23.20.45:581][  0]LogPakFile: PakFile PrimaryIndexSize=188
[2026.03.14-23.20.45:582][  0]LogPakFile: PakFile PathHashIndexSize=101
[2026.03.14-23.20.45:582][  0]LogPakFile: PakFile FullDirectoryIndexSize=150
[2026.03.14-23.20.45:582][  0]LogShaderLibrary: Display: ShaderCodeLibraryPakFileMountedCallback: PakFile 'D:/Epic Games/UE_4.27/FeaturePacks/TP_VehicleAdvBP.upack' (chunk index -1, root 'root:/') mounted
[2026.03.14-23.20.45:582][  0]LogShaderLibrary: Display: ShaderCodeLibraryPakFileMountedCallback: pending pak file info (ChunkID:-1 Root:root:/ File:D:/Epic Games/UE_4.27/FeaturePacks/TP_VehicleAdvBP.upack)
[2026.03.14-23.20.45:582][  0]LogPakFile: OnPakFileMounted2Time == 0.000038
[2026.03.14-23.20.45:588][  0]LogPakFile: PakFile PrimaryIndexSize=185
[2026.03.14-23.20.45:588][  0]LogPakFile: PakFile PathHashIndexSize=101
[2026.03.14-23.20.45:588][  0]LogPakFile: PakFile FullDirectoryIndexSize=144
[2026.03.14-23.20.45:588][  0]LogShaderLibrary: Display: ShaderCodeLibraryPakFileMountedCallback: PakFile 'D:/Epic Games/UE_4.27/FeaturePacks/TP_VehicleBP.upack' (chunk index -1, root 'root:/') mounted
[2026.03.14-23.20.45:588][  0]LogShaderLibrary: Display: ShaderCodeLibraryPakFileMountedCallback: pending pak file info (ChunkID:-1 Root:root:/ File:D:/Epic Games/UE_4.27/FeaturePacks/TP_VehicleBP.upack)
[2026.03.14-23.20.45:588][  0]LogPakFile: OnPakFileMounted2Time == 0.000028
[2026.03.14-23.20.45:596][  0]LogPakFile: PakFile PrimaryIndexSize=192
[2026.03.14-23.20.45:596][  0]LogPakFile: PakFile PathHashIndexSize=101
[2026.03.14-23.20.45:596][  0]LogPakFile: PakFile FullDirectoryIndexSize=158
[2026.03.14-23.20.45:596][  0]LogShaderLibrary: Display: ShaderCodeLibraryPakFileMountedCallback: PakFile 'D:/Epic Games/UE_4.27/FeaturePacks/TP_VirtualRealityBP.upack' (chunk index -1, root 'root:/') mounted
[2026.03.14-23.20.45:596][  0]LogShaderLibrary: Display: ShaderCodeLibraryPakFileMountedCallback: pending pak file info (ChunkID:-1 Root:root:/ File:D:/Epic Games/UE_4.27/FeaturePacks/TP_VirtualRealityBP.upack)
[2026.03.14-23.20.45:596][  0]LogPakFile: OnPakFileMounted2Time == 0.000028
[2026.03.14-23.20.45:965][  0]LogNativeClassHierarchy: Verbose: Native class hierarchy updated for 'AddContentDialog' in 0.0002 seconds. Added 0 classes and 0 folders.
[2026.03.14-23.20.45:966][  0]LogNativeClassHierarchy: Verbose: Native class hierarchy updated for 'SceneOutliner' in 0.0002 seconds. Added 2 classes and 0 folders.
[2026.03.14-23.20.45:989][  0]LogSlate: Took 0.006751 seconds to synchronously load lazily loaded font '../../../Engine/Content/Slate/Fonts/Roboto-Regular.ttf' (155K)
[2026.03.14-23.20.45:996][  0]LogSlate: Took 0.006474 seconds to synchronously load lazily loaded font '../../../Engine/Content/Editor/Slate/Fonts/FontAwesome.ttf' (139K)
[2026.03.14-23.20.46:002][  0]LogSlate: Took 0.005089 seconds to synchronously load lazily loaded font '../../../Engine/Content/Slate/Fonts/Roboto-Bold.ttf' (160K)
[2026.03.14-23.20.46:123][  0]LogRenderer: Reallocating scene render targets to support 1756x992 Format 10 NumSamples 1 (Frame:1).
[2026.03.14-23.20.46:234][  0]LogNativeClassHierarchy: Verbose: Native class hierarchy updated for 'HierarchicalLODOutliner' in 0.0002 seconds. Added 0 classes and 0 folders.
[2026.03.14-23.20.46:234][  0]LogLoad: (Engine Initialization) Total time: 26.52 seconds
[2026.03.14-23.20.46:234][  0]LogLoad: (Engine Initialization) Total Blueprint compile time: 0.00 seconds
[2026.03.14-23.20.46:268][  0]LogAssetRegistry: Asset discovery search completed in 13.3269 seconds
[2026.03.14-23.20.46:298][  0]LogCollectionManager: Fixed up redirectors for 0 collections in 0.000004 seconds (updated 0 objects)
[2026.03.14-23.20.46:299][  0]LogContentStreaming: Texture pool size now 1000 MB
[2026.03.14-23.20.46:356][  4]LogSlate: Took 0.005439 seconds to synchronously load lazily loaded font '../../../Engine/Content/Slate/Fonts/Roboto-Light.ttf' (167K)
[2026.03.14-23.20.47:247][111]LogSlate: Took 0.000221 seconds to synchronously load lazily loaded font '../../../Engine/Content/Slate/Fonts/Roboto-Light.ttf' (167K)
[2026.03.14-23.20.55:051][  6]LogAssetEditorSubsystem: Opening Asset editor for Blueprint /Game/Blueprints/BP_Car.BP_Car
[2026.03.14-23.20.55:793][  6]LogNativeClassHierarchy: Verbose: Native class hierarchy updated for 'BlueprintGraph' in 0.0003 seconds. Added 126 classes and 0 folders.
[2026.03.14-23.20.56:357][  6]LogSlate: Took 0.004854 seconds to synchronously load lazily loaded font '../../../Engine/Content/Slate/Fonts/Roboto-BoldCondensed.ttf' (158K)
[2026.03.14-23.20.57:458][129]LogLinker: Warning: Asset 'C:/Users/titan/Desktop/Titan_RoadHopper/RoadHopper4.27/Content/Models/MiniCharacters/character-female-d_head-mesh.uasset' has been saved with empty engine version. The asset will be loaded but may be incompatible.
[2026.03.14-23.20.57:464][129]LogLinker: Warning: Asset 'C:/Users/titan/Desktop/Titan_RoadHopper/RoadHopper4.27/Content/Models/MiniCharacters/colormap.uasset' has been saved with empty engine version. The asset will be loaded but may be incompatible.
[2026.03.14-23.20.57:469][129]LogLinker: Warning: Asset 'C:/Users/titan/Desktop/Titan_RoadHopper/RoadHopper4.27/Content/Models/MiniCharacters/colormap_ncl1_1.uasset' has been saved with empty engine version. The asset will be loaded but may be incompatible.
[2026.03.14-23.20.57:474][129]LogLinker: Warning: Asset 'C:/Users/titan/Desktop/Titan_RoadHopper/RoadHopper4.27/Content/Models/MiniCharacters/character-female-e_body-mesh.uasset' has been saved with empty engine version. The asset will be loaded but may be incompatible.
[2026.03.14-23.20.57:547][129]LogAssetEditorSubsystem: Opening Asset editor for Blueprint /Game/Blueprints/BP_Player.BP_Player
[2026.03.14-23.20.57:846][130]LogSlate: Took 0.005100 seconds to synchronously load lazily loaded font '../../../Engine/Content/Slate/Fonts/Roboto-Italic.ttf' (157K)
[2026.03.14-23.21.01:553][461]LogSlate: Window 'BP_Player' being destroyed
[2026.03.14-23.21.51:671][391]LogSlate: Took 0.000282 seconds to synchronously load lazily loaded font '../../../Engine/Content/Slate/Fonts/Roboto-BoldCondensedItalic.ttf' (160K)
[2026.03.14-23.22.08:331][352]BlueprintLog: New page: Compile BP_Car
[2026.03.14-23.22.08:355][352]LogUObjectHash: Compacting FUObjectHashTables data took   1.38ms
[2026.03.14-23.22.08:374][352]LogSlate: Took 0.005162 seconds to synchronously load lazily loaded font '../../../Engine/Content/Slate/Fonts/DroidSansMono.ttf' (77K)
[2026.03.14-23.24.02:565][956]BlueprintLog: New page: Compile BP_Car
[2026.03.14-23.24.02:588][956]LogUObjectHash: Compacting FUObjectHashTables data took   1.57ms
[2026.03.14-23.24.06:701][438]LogUObjectHash: Compacting FUObjectHashTables data took   1.31ms
[2026.03.14-23.24.09:993][438]LogSlate: Window 'Save Content' being destroyed
[2026.03.14-23.24.10:031][438]Cmd: OBJ SAVEPACKAGE PACKAGE="/Game/Blueprints/BP_Car" FILE="C:/Users/titan/Desktop/Titan_RoadHopper/RoadHopper4.27/Content/Blueprints/BP_Car.uasset" SILENT=true
[2026.03.14-23.24.10:038][438]LogSavePackage: Moving 'C:/Users/titan/Desktop/Titan_RoadHopper/RoadHopper4.27/Saved/BP_Car438B929A4FB8F1E44A3D5987471F0F61.tmp' to 'C:/Users/titan/Desktop/Titan_RoadHopper/RoadHopper4.27/Content/Blueprints/BP_Car.uasset'
[2026.03.14-23.24.10:074][438]LogLinker: Warning: Asset 'C:/Users/titan/Desktop/Titan_RoadHopper/RoadHopper4.27/Content/Blueprints/BP_Grass.uasset' has been saved with empty engine version. The asset will be loaded but may be incompatible.
[2026.03.14-23.24.10:080][438]LogLinker: Warning: Asset 'C:/Users/titan/Desktop/Titan_RoadHopper/RoadHopper4.27/Content/Models/MiniGolf/open.uasset' has been saved with empty engine version. The asset will be loaded but may be incompatible.
[2026.03.14-23.24.10:085][438]LogLinker: Warning: Asset 'C:/Users/titan/Desktop/Titan_RoadHopper/RoadHopper4.27/Content/Models/MiniGolf/colormap.uasset' has been saved with empty engine version. The asset will be loaded but may be incompatible.
[2026.03.14-23.24.10:090][438]LogLinker: Warning: Asset 'C:/Users/titan/Desktop/Titan_RoadHopper/RoadHopper4.27/Content/Models/MiniGolf/colormap_ncl1_1.uasset' has been saved with empty engine version. The asset will be loaded but may be incompatible.
[2026.03.14-23.24.10:093][438]LogLinker: Warning: Asset 'C:/Users/titan/Desktop/Titan_RoadHopper/RoadHopper4.27/Content/Blueprints/BP_Road.uasset' has been saved with empty engine version. The asset will be loaded but may be incompatible.
[2026.03.14-23.24.10:099][438]LogLinker: Warning: Asset 'C:/Users/titan/Desktop/Titan_RoadHopper/RoadHopper4.27/Content/Models/City/driveway-long.uasset' has been saved with empty engine version. The asset will be loaded but may be incompatible.
[2026.03.14-23.24.10:104][438]LogLinker: Warning: Asset 'C:/Users/titan/Desktop/Titan_RoadHopper/RoadHopper4.27/Content/Models/City/colormap.uasset' has been saved with empty engine version. The asset will be loaded but may be incompatible.
[2026.03.14-23.24.10:110][438]LogLinker: Warning: Asset 'C:/Users/titan/Desktop/Titan_RoadHopper/RoadHopper4.27/Content/Models/City/colormap_ncl1_1.uasset' has been saved with empty engine version. The asset will be loaded but may be incompatible.
[2026.03.14-23.24.10:112][438]LogLinker: Warning: Asset 'C:/Users/titan/Desktop/Titan_RoadHopper/RoadHopper4.27/Content/Blueprints/BP_TileRow.uasset' has been saved with empty engine version. The asset will be loaded but may be incompatible.
[2026.03.14-23.24.10:118][438]LogLinker: Warning: Asset 'C:/Users/titan/Desktop/Titan_RoadHopper/RoadHopper4.27/Content/Blueprints/GM_RoadHopper.uasset' has been saved with empty engine version. The asset will be loaded but may be incompatible.
[2026.03.14-23.24.10:126][438]LogLinker: Warning: Asset 'C:/Users/titan/Desktop/Titan_RoadHopper/RoadHopper4.27/Content/Models/MiniCharacters/character-male-b_body-mesh.uasset' has been saved with empty engine version. The asset will be loaded but may be incompatible.
[2026.03.14-23.24.10:131][438]LogLinker: Warning: Asset 'C:/Users/titan/Desktop/Titan_RoadHopper/RoadHopper4.27/Content/Models/MiniCharacters/character-male-e_head-mesh.uasset' has been saved with empty engine version. The asset will be loaded but may be incompatible.
[2026.03.14-23.24.10:650][438]LogAssetEditorSubsystem: Opening Asset editor for World /Game/Levels/MainLevel.MainLevel
[2026.03.14-23.24.10:650][438]Cmd: MAP LOAD FILE="C:/Users/titan/Desktop/Titan_RoadHopper/RoadHopper4.27/Content/Levels/MainLevel.umap" TEMPLATE=0 SHOWPROGRESS=1 FEATURELEVEL=3
[2026.03.14-23.24.10:650][438]LightingResults: New page: Lighting Build
[2026.03.14-23.24.10:650][438]LoadErrors: New page: Loading map: MainLevel.umap
[2026.03.14-23.24.10:700][438]LogWorld: UWorld::CleanupWorld for Untitled_1, bSessionEnded=true, bCleanupResources=true
[2026.03.14-23.24.10:700][438]LogSlate: InvalidateAllWidgets triggered.  All widgets were invalidated
[2026.03.14-23.24.10:700][438]MapCheck: New page: Map Check
[2026.03.14-23.24.10:700][438]LightingResults: New page: Lighting Build
[2026.03.14-23.24.10:720][438]LogAudio: Display: Audio Device unregistered from world 'None'.
[2026.03.14-23.24.10:733][438]LogUObjectHash: Compacting FUObjectHashTables data took   1.58ms
[2026.03.14-23.24.10:734][438]LogAudio: Display: Audio Device (ID: 1) registered with world 'MainLevel'.
[2026.03.14-23.24.11:449][438]LogEditorServer: Finished looking for orphan Actors (0.000 secs)
[2026.03.14-23.24.11:449][438]LogAIModule: Creating AISystem for world MainLevel
[2026.03.14-23.24.11:505][438]LogUObjectHash: Compacting FUObjectHashTables data took   1.53ms
[2026.03.14-23.24.11:516][438]Cmd: MAP CHECKDEP NOCLEARLOG
[2026.03.14-23.24.11:516][438]MapCheck: Map check complete: 0 Error(s), 0 Warning(s), took 0.204ms to complete.
[2026.03.14-23.24.11:516][438]LogFileHelpers: Loading map 'MainLevel' took 0.866
[2026.03.14-23.24.11:552][438]AssetCheck: New page: Asset Save: BP_Car
[2026.03.14-23.24.11:552][438]LogContentValidation: Display: Validating Blueprint /Game/Blueprints/BP_Car.BP_Car
[2026.03.14-23.24.25:271][896]LogEditorViewport: Clicking on Actor (LMB): BP_Car_C (BP_Car)
[2026.03.14-23.24.30:409][506]LogTemp: Repeating last play command: Selected Viewport
[2026.03.14-23.24.30:415][506]LogPlayLevel: PlayLevel: No blueprints needed recompiling
[2026.03.14-23.24.30:415][506]PIE: New page: PIE session: MainLevel (Mar. 14, 2026, 11:24:30 a.m.)
[2026.03.14-23.24.30:417][506]LogOnline: OSS: Creating online subsystem instance for: NULL
[2026.03.14-23.24.30:418][506]LogOnline: OSS: TryLoadSubsystemAndSetDefault: Loaded subsystem for module [NULL]
[2026.03.14-23.24.30:418][506]LogPlayLevel: Creating play world package: /Game/Levels/UEDPIE_0_MainLevel
[2026.03.14-23.24.30:508][506]LogPlayLevel: PIE: StaticDuplicateObject took: (0.090872s)
[2026.03.14-23.24.30:509][506]LogAIModule: Creating AISystem for world MainLevel
[2026.03.14-23.24.30:509][506]LogPlayLevel: PIE: World Init took: (0.001250s)
[2026.03.14-23.24.30:510][506]LogPlayLevel: PIE: Created PIE world by copying editor world from /Game/Levels/MainLevel.MainLevel to /Game/Levels/UEDPIE_0_MainLevel.MainLevel (0.092454s)
[2026.03.14-23.24.30:527][506]LogUObjectHash: Compacting FUObjectHashTables data took   1.48ms
[2026.03.14-23.24.30:530][506]LogAudio: Display: Creating Audio Device:                 Id: 2, Scope: Unique, Realtime: True
[2026.03.14-23.24.30:530][506]LogAudioMixer: Display: Audio Mixer Platform Settings:
[2026.03.14-23.24.30:530][506]LogAudioMixer: Display: 	Sample Rate:						  48000
[2026.03.14-23.24.30:530][506]LogAudioMixer: Display: 	Callback Buffer Frame Size Requested: 1024
[2026.03.14-23.24.30:530][506]LogAudioMixer: Display: 	Callback Buffer Frame Size To Use:	  1024
[2026.03.14-23.24.30:530][506]LogAudioMixer: Display: 	Number of buffers to queue:			  2
[2026.03.14-23.24.30:530][506]LogAudioMixer: Display: 	Max Channels (voices):				  32
[2026.03.14-23.24.30:530][506]LogAudioMixer: Display: 	Number of Async Source Workers:		  0
[2026.03.14-23.24.30:530][506]LogAudio: Display: AudioDevice MaxSources: 32
[2026.03.14-23.24.30:530][506]LogAudio: Display: Audio Spatialization Plugin: None (built-in).
[2026.03.14-23.24.30:530][506]LogAudio: Display: Audio Reverb Plugin: None (built-in).
[2026.03.14-23.24.30:530][506]LogAudio: Display: Audio Occlusion Plugin: None (built-in).
[2026.03.14-23.24.30:530][506]LogAudioMixer: Display: Initializing audio mixer.
[2026.03.14-23.24.30:534][506]LogAudioMixer: Display: 0: FrontLeft
[2026.03.14-23.24.30:534][506]LogAudioMixer: Display: 1: FrontRight
[2026.03.14-23.24.30:534][506]LogAudioMixer: Display: 2: FrontCenter
[2026.03.14-23.24.30:534][506]LogAudioMixer: Display: 3: LowFrequency
[2026.03.14-23.24.30:534][506]LogAudioMixer: Display: 4: BackLeft
[2026.03.14-23.24.30:534][506]LogAudioMixer: Display: 5: BackRight
[2026.03.14-23.24.30:534][506]LogAudioMixer: Display: 6: SideLeft
[2026.03.14-23.24.30:534][506]LogAudioMixer: Display: 7: SideRight
[2026.03.14-23.24.30:547][506]LogAudioMixer: Display: Using Audio Device Headset Earphone (CORSAIR VOID PRO Wireless Gaming Headset)
[2026.03.14-23.24.30:547][506]LogAudioMixer: Display: Initializing Sound Submixes...
[2026.03.14-23.24.30:547][506]LogAudioMixer: Display: Creating Master Submix 'MasterSubmixDefault'
[2026.03.14-23.24.30:547][506]LogAudioMixer: Display: Creating Master Submix 'MasterReverbSubmixDefault'
[2026.03.14-23.24.30:547][506]LogAudioMixer: Display: Creating Master Submix 'MasterEQSubmixDefault'
[2026.03.14-23.24.30:548][506]LogAudioMixer: FMixerPlatformXAudio2::StartAudioStream() called
[2026.03.14-23.24.30:548][506]LogAudioMixer: Display: Output buffers initialized: Frames=1024, Channels=8, Samples=8192
[2026.03.14-23.24.30:548][506]LogAudioMixer: Display: Starting AudioMixerPlatformInterface::RunInternal()
[2026.03.14-23.24.30:548][506]LogAudioMixer: Display: FMixerPlatformXAudio2::SubmitBuffer() called for the first time
[2026.03.14-23.24.30:548][506]LogInit: FAudioDevice initialized.
[2026.03.14-23.24.30:548][506]LogAudio: Display: Audio Device (ID: 2) registered with world 'MainLevel'.
[2026.03.14-23.24.30:555][506]LogLoad: Game class is 'GM_RoadHopper_C'
[2026.03.14-23.24.30:590][506]LogWorld: Bringing World /Game/Levels/UEDPIE_0_MainLevel.MainLevel up for play (max tick rate 0) at 2026.03.14-17.24.30
[2026.03.14-23.24.30:591][506]LogWorld: Bringing up level for play took: 0.035276
[2026.03.14-23.24.30:591][506]LogOnline: OSS: Creating online subsystem instance for: :Context_8
[2026.03.14-23.24.30:596][506]LogNativeClassHierarchy: Verbose: Native class hierarchy updated for 'MovieSceneCapture' in 0.0002 seconds. Added 20 classes and 0 folders.
[2026.03.14-23.24.30:604][506]LogBlueprintUserMessages: [GM_RoadHopper_C_0] Hello
[2026.03.14-23.24.30:604][506]PIE: Server logged in
[2026.03.14-23.24.30:605][506]PIE: Play in editor total start time 0.191 seconds.
[2026.03.14-23.24.35:560][ 74]LogSlate: Updating window title bar state: overlay mode, drag disabled, window buttons hidden, title bar hidden
[2026.03.14-23.24.35:560][ 74]LogWorld: BeginTearingDown for /Game/Levels/UEDPIE_0_MainLevel
[2026.03.14-23.24.35:562][ 74]LogWorld: UWorld::CleanupWorld for MainLevel, bSessionEnded=true, bCleanupResources=true
[2026.03.14-23.24.35:602][ 74]LogSlate: InvalidateAllWidgets triggered.  All widgets were invalidated
[2026.03.14-23.24.35:612][ 74]LogPlayLevel: Display: Shutting down PIE online subsystems
[2026.03.14-23.24.35:621][ 74]LogSlate: InvalidateAllWidgets triggered.  All widgets were invalidated
[2026.03.14-23.24.35:642][ 74]LogSlate: Updating window title bar state: overlay mode, drag disabled, window buttons hidden, title bar hidden
[2026.03.14-23.24.35:647][ 74]LogAudioMixer: FMixerPlatformXAudio2::StopAudioStream() called
[2026.03.14-23.24.35:648][ 74]LogAudioMixer: FMixerPlatformXAudio2::StopAudioStream() called
[2026.03.14-23.24.35:666][ 74]LogUObjectHash: Compacting FUObjectHashTables data took   2.15ms
[2026.03.14-23.24.35:690][ 75]LogPlayLevel: Display: Destroying online subsystem :Context_8
[2026.03.14-23.24.44:203][ 54]LogUObjectHash: Compacting FUObjectHashTables data took   1.88ms
[2026.03.14-23.24.46:082][ 54]LogSlate: Window 'Save Content' being destroyed
[2026.03.14-23.24.46:089][ 54]LogPlayLevel: Warning: PIE failed because map save was canceled
[2026.03.14-23.24.46:089][ 54]PIE: Warning: PIE failed because map save was canceled
[2026.03.14-23.24.47:165][175]LogSlate: Window 'Message Log' being destroyed
[2026.03.14-23.24.47:171][175]LogSlate: Window 'Message Log' being destroyed
[2026.03.14-23.24.52:032][753]LogTemp: Repeating last play command: Selected Viewport
[2026.03.14-23.24.52:036][753]LogPlayLevel: PlayLevel: No blueprints needed recompiling
[2026.03.14-23.24.52:037][753]PIE: New page: PIE session: MainLevel (Mar. 14, 2026, 11:24:52 a.m.)
[2026.03.14-23.24.52:059][753]LogPlayLevel: Creating play world package: /Game/Levels/UEDPIE_0_MainLevel
[2026.03.14-23.24.52:151][753]LogPlayLevel: PIE: StaticDuplicateObject took: (0.091984s)
[2026.03.14-23.24.52:152][753]LogAIModule: Creating AISystem for world MainLevel
[2026.03.14-23.24.52:153][753]LogPlayLevel: PIE: World Init took: (0.001614s)
[2026.03.14-23.24.52:153][753]LogPlayLevel: PIE: Created PIE world by copying editor world from /Game/Levels/MainLevel.MainLevel to /Game/Levels/UEDPIE_0_MainLevel.MainLevel (0.093931s)
[2026.03.14-23.24.52:174][753]LogUObjectHash: Compacting FUObjectHashTables data took   1.75ms
[2026.03.14-23.24.52:175][753]LogAudio: Display: Creating Audio Device:                 Id: 3, Scope: Unique, Realtime: True
[2026.03.14-23.24.52:175][753]LogAudioMixer: Display: Audio Mixer Platform Settings:
[2026.03.14-23.24.52:176][753]LogAudioMixer: Display: 	Sample Rate:						  48000
[2026.03.14-23.24.52:176][753]LogAudioMixer: Display: 	Callback Buffer Frame Size Requested: 1024
[2026.03.14-23.24.52:176][753]LogAudioMixer: Display: 	Callback Buffer Frame Size To Use:	  1024
[2026.03.14-23.24.52:176][753]LogAudioMixer: Display: 	Number of buffers to queue:			  2
[2026.03.14-23.24.52:176][753]LogAudioMixer: Display: 	Max Channels (voices):				  32
[2026.03.14-23.24.52:176][753]LogAudioMixer: Display: 	Number of Async Source Workers:		  0
[2026.03.14-23.24.52:176][753]LogAudio: Display: AudioDevice MaxSources: 32
[2026.03.14-23.24.52:176][753]LogAudio: Display: Audio Spatialization Plugin: None (built-in).
[2026.03.14-23.24.52:176][753]LogAudio: Display: Audio Reverb Plugin: None (built-in).
[2026.03.14-23.24.52:176][753]LogAudio: Display: Audio Occlusion Plugin: None (built-in).
[2026.03.14-23.24.52:176][753]LogAudioMixer: Display: Initializing audio mixer.
[2026.03.14-23.24.52:179][753]LogAudioMixer: Display: 0: FrontLeft
[2026.03.14-23.24.52:179][753]LogAudioMixer: Display: 1: FrontRight
[2026.03.14-23.24.52:179][753]LogAudioMixer: Display: 2: FrontCenter
[2026.03.14-23.24.52:179][753]LogAudioMixer: Display: 3: LowFrequency
[2026.03.14-23.24.52:179][753]LogAudioMixer: Display: 4: BackLeft
[2026.03.14-23.24.52:179][753]LogAudioMixer: Display: 5: BackRight
[2026.03.14-23.24.52:179][753]LogAudioMixer: Display: 6: SideLeft
[2026.03.14-23.24.52:179][753]LogAudioMixer: Display: 7: SideRight
[2026.03.14-23.24.52:192][753]LogAudioMixer: Display: Using Audio Device Headset Earphone (CORSAIR VOID PRO Wireless Gaming Headset)
[2026.03.14-23.24.52:192][753]LogAudioMixer: Display: Initializing Sound Submixes...
[2026.03.14-23.24.52:192][753]LogAudioMixer: Display: Creating Master Submix 'MasterSubmixDefault'
[2026.03.14-23.24.52:192][753]LogAudioMixer: Display: Creating Master Submix 'MasterReverbSubmixDefault'
[2026.03.14-23.24.52:192][753]LogAudioMixer: Display: Creating Master Submix 'MasterEQSubmixDefault'
[2026.03.14-23.24.52:192][753]LogAudioMixer: FMixerPlatformXAudio2::StartAudioStream() called
[2026.03.14-23.24.52:192][753]LogAudioMixer: Display: Output buffers initialized: Frames=1024, Channels=8, Samples=8192
[2026.03.14-23.24.52:193][753]LogAudioMixer: Display: Starting AudioMixerPlatformInterface::RunInternal()
[2026.03.14-23.24.52:193][753]LogAudioMixer: Display: FMixerPlatformXAudio2::SubmitBuffer() called for the first time
[2026.03.14-23.24.52:193][753]LogInit: FAudioDevice initialized.
[2026.03.14-23.24.52:193][753]LogAudio: Display: Audio Device (ID: 3) registered with world 'MainLevel'.
[2026.03.14-23.24.52:204][753]LogLoad: Game class is 'GM_RoadHopper_C'
[2026.03.14-23.24.52:242][753]LogWorld: Bringing World /Game/Levels/UEDPIE_0_MainLevel.MainLevel up for play (max tick rate 0) at 2026.03.14-17.24.52
[2026.03.14-23.24.52:243][753]LogWorld: Bringing up level for play took: 0.038294
[2026.03.14-23.24.52:243][753]LogOnline: OSS: Creating online subsystem instance for: :Context_9
[2026.03.14-23.24.52:252][753]LogBlueprintUserMessages: [GM_RoadHopper_C_0] Hello
[2026.03.14-23.24.52:252][753]PIE: Server logged in
[2026.03.14-23.24.52:252][753]PIE: Play in editor total start time 0.216 seconds.
[2026.03.14-23.25.00:340][641]LogSlate: Updating window title bar state: overlay mode, drag disabled, window buttons hidden, title bar hidden
[2026.03.14-23.25.00:340][641]LogWorld: BeginTearingDown for /Game/Levels/UEDPIE_0_MainLevel
[2026.03.14-23.25.00:342][641]LogWorld: UWorld::CleanupWorld for MainLevel, bSessionEnded=true, bCleanupResources=true
[2026.03.14-23.25.00:381][641]LogSlate: InvalidateAllWidgets triggered.  All widgets were invalidated
[2026.03.14-23.25.00:392][641]LogPlayLevel: Display: Shutting down PIE online subsystems
[2026.03.14-23.25.00:400][641]LogSlate: InvalidateAllWidgets triggered.  All widgets were invalidated
[2026.03.14-23.25.00:422][641]LogSlate: Updating window title bar state: overlay mode, drag disabled, window buttons hidden, title bar hidden
[2026.03.14-23.25.00:422][641]LogAudioMixer: FMixerPlatformXAudio2::StopAudioStream() called
[2026.03.14-23.25.00:423][641]LogAudioMixer: FMixerPlatformXAudio2::StopAudioStream() called
[2026.03.14-23.25.00:434][641]LogUObjectHash: Compacting FUObjectHashTables data took   1.68ms
[2026.03.14-23.25.00:458][642]LogPlayLevel: Display: Destroying online subsystem :Context_9
[2026.03.14-23.25.08:950][647]LogTemp: Repeating last play command: Selected Viewport
[2026.03.14-23.25.08:955][647]BlueprintLog: New page: Pre-Play auto-recompile
[2026.03.14-23.25.08:955][647]LogPlayLevel: [PlayLevel] Compiling BP_Car before play...
[2026.03.14-23.25.08:995][647]LogUObjectHash: Compacting FUObjectHashTables data took   2.08ms
[2026.03.14-23.25.08:996][647]LogPlayLevel: PlayLevel: Blueprint regeneration took 41 ms (1 blueprints)
[2026.03.14-23.25.08:996][647]PIE: New page: PIE session: MainLevel (Mar. 14, 2026, 11:25:08 a.m.)
[2026.03.14-23.25.08:996][647]LogPlayLevel: Creating play world package: /Game/Levels/UEDPIE_0_MainLevel
[2026.03.14-23.25.09:086][647]LogPlayLevel: PIE: StaticDuplicateObject took: (0.090135s)
[2026.03.14-23.25.09:089][647]LogAIModule: Creating AISystem for world MainLevel
[2026.03.14-23.25.09:089][647]LogPlayLevel: PIE: World Init took: (0.003034s)
[2026.03.14-23.25.09:089][647]LogPlayLevel: PIE: Created PIE world by copying editor world from /Game/Levels/MainLevel.MainLevel to /Game/Levels/UEDPIE_0_MainLevel.MainLevel (0.093379s)
[2026.03.14-23.25.09:107][647]LogUObjectHash: Compacting FUObjectHashTables data took   1.65ms
[2026.03.14-23.25.09:107][647]LogAudio: Display: Creating Audio Device:                 Id: 4, Scope: Unique, Realtime: True
[2026.03.14-23.25.09:107][647]LogAudioMixer: Display: Audio Mixer Platform Settings:
[2026.03.14-23.25.09:107][647]LogAudioMixer: Display: 	Sample Rate:						  48000
[2026.03.14-23.25.09:107][647]LogAudioMixer: Display: 	Callback Buffer Frame Size Requested: 1024
[2026.03.14-23.25.09:107][647]LogAudioMixer: Display: 	Callback Buffer Frame Size To Use:	  1024
[2026.03.14-23.25.09:107][647]LogAudioMixer: Display: 	Number of buffers to queue:			  2
[2026.03.14-23.25.09:107][647]LogAudioMixer: Display: 	Max Channels (voices):				  32
[2026.03.14-23.25.09:107][647]LogAudioMixer: Display: 	Number of Async Source Workers:		  0
[2026.03.14-23.25.09:107][647]LogAudio: Display: AudioDevice MaxSources: 32
[2026.03.14-23.25.09:108][647]LogAudio: Display: Audio Spatialization Plugin: None (built-in).
[2026.03.14-23.25.09:108][647]LogAudio: Display: Audio Reverb Plugin: None (built-in).
[2026.03.14-23.25.09:108][647]LogAudio: Display: Audio Occlusion Plugin: None (built-in).
[2026.03.14-23.25.09:108][647]LogAudioMixer: Display: Initializing audio mixer.
[2026.03.14-23.25.09:111][647]LogAudioMixer: Display: 0: FrontLeft
[2026.03.14-23.25.09:112][647]LogAudioMixer: Display: 1: FrontRight
[2026.03.14-23.25.09:112][647]LogAudioMixer: Display: 2: FrontCenter
[2026.03.14-23.25.09:112][647]LogAudioMixer: Display: 3: LowFrequency
[2026.03.14-23.25.09:112][647]LogAudioMixer: Display: 4: BackLeft
[2026.03.14-23.25.09:112][647]LogAudioMixer: Display: 5: BackRight
[2026.03.14-23.25.09:112][647]LogAudioMixer: Display: 6: SideLeft
[2026.03.14-23.25.09:112][647]LogAudioMixer: Display: 7: SideRight
[2026.03.14-23.25.09:124][647]LogAudioMixer: Display: Using Audio Device Headset Earphone (CORSAIR VOID PRO Wireless Gaming Headset)
[2026.03.14-23.25.09:124][647]LogAudioMixer: Display: Initializing Sound Submixes...
[2026.03.14-23.25.09:124][647]LogAudioMixer: Display: Creating Master Submix 'MasterSubmixDefault'
[2026.03.14-23.25.09:124][647]LogAudioMixer: Display: Creating Master Submix 'MasterReverbSubmixDefault'
[2026.03.14-23.25.09:125][647]LogAudioMixer: Display: Creating Master Submix 'MasterEQSubmixDefault'
[2026.03.14-23.25.09:125][647]LogAudioMixer: FMixerPlatformXAudio2::StartAudioStream() called
[2026.03.14-23.25.09:125][647]LogAudioMixer: Display: Output buffers initialized: Frames=1024, Channels=8, Samples=8192
[2026.03.14-23.25.09:126][647]LogAudioMixer: Display: Starting AudioMixerPlatformInterface::RunInternal()
[2026.03.14-23.25.09:126][647]LogAudioMixer: Display: FMixerPlatformXAudio2::SubmitBuffer() called for the first time
[2026.03.14-23.25.09:126][647]LogInit: FAudioDevice initialized.
[2026.03.14-23.25.09:126][647]LogAudio: Display: Audio Device (ID: 4) registered with world 'MainLevel'.
[2026.03.14-23.25.09:150][647]LogSlate: Updating window title bar state: overlay mode, drag disabled, window buttons hidden, title bar hidden
[2026.03.14-23.25.09:150][647]LogLoad: Game class is 'GM_RoadHopper_C'
[2026.03.14-23.25.09:186][647]LogWorld: Bringing World /Game/Levels/UEDPIE_0_MainLevel.MainLevel up for play (max tick rate 0) at 2026.03.14-17.25.09
[2026.03.14-23.25.09:187][647]LogWorld: Bringing up level for play took: 0.036458
[2026.03.14-23.25.09:187][647]LogOnline: OSS: Creating online subsystem instance for: :Context_10
[2026.03.14-23.25.09:189][647]LogGameMode: FindPlayerStart: PATHS NOT DEFINED or NO PLAYERSTART with positive rating
[2026.03.14-23.25.09:196][647]LogBlueprintUserMessages: [GM_RoadHopper_C_0] Hello
[2026.03.14-23.25.09:197][647]PIE: Server logged in
[2026.03.14-23.25.09:197][647]PIE: Play in editor total start time 0.243 seconds.
[2026.03.14-23.25.19:090][823]LogSlate: Updating window title bar state: overlay mode, drag disabled, window buttons hidden, title bar hidden
[2026.03.14-23.25.19:090][823]LogWorld: BeginTearingDown for /Game/Levels/UEDPIE_0_MainLevel
[2026.03.14-23.25.19:091][823]LogSlate: Window 'RoadHopper Preview [NetMode: Standalone]  (64-bit/Windows) ' being destroyed
[2026.03.14-23.25.19:098][823]LogWorld: UWorld::CleanupWorld for MainLevel, bSessionEnded=true, bCleanupResources=true
[2026.03.14-23.25.19:139][823]LogSlate: InvalidateAllWidgets triggered.  All widgets were invalidated
[2026.03.14-23.25.19:148][823]LogPlayLevel: Display: Shutting down PIE online subsystems
[2026.03.14-23.25.19:155][823]LogSlate: InvalidateAllWidgets triggered.  All widgets were invalidated
[2026.03.14-23.25.19:178][823]LogAudioMixer: FMixerPlatformXAudio2::StopAudioStream() called
[2026.03.14-23.25.19:179][823]LogAudioMixer: FMixerPlatformXAudio2::StopAudioStream() called
[2026.03.14-23.25.19:191][823]LogUObjectHash: Compacting FUObjectHashTables data took   1.66ms
[2026.03.14-23.25.19:205][824]LogPlayLevel: Display: Destroying online subsystem :Context_10
[2026.03.14-23.25.30:585][134]LogEditorViewport: Clicking on Actor (LMB): BP_Sky_Sphere_C (Sky Sphere2)
[2026.03.14-23.25.38:420][452]LogEditorViewport: Clicking on Actor (LMB): BP_TileRow_C (BP_TileRow2)
[2026.03.14-23.25.45:126][210]LogTemp: Repeating last play command: Selected Viewport
[2026.03.14-23.25.45:129][210]BlueprintLog: New page: Pre-Play auto-recompile
[2026.03.14-23.25.45:130][210]LogPlayLevel: [PlayLevel] Compiling BP_Car before play...
[2026.03.14-23.25.45:170][210]LogUObjectHash: Compacting FUObjectHashTables data took   1.84ms
[2026.03.14-23.25.45:172][210]LogPlayLevel: PlayLevel: Blueprint regeneration took 42 ms (1 blueprints)
[2026.03.14-23.25.45:172][210]PIE: New page: PIE session: MainLevel (Mar. 14, 2026, 11:25:45 a.m.)
[2026.03.14-23.25.45:172][210]LogPlayLevel: Creating play world package: /Game/Levels/UEDPIE_0_MainLevel
[2026.03.14-23.25.45:262][210]LogPlayLevel: PIE: StaticDuplicateObject took: (0.089755s)
[2026.03.14-23.25.45:263][210]LogAIModule: Creating AISystem for world MainLevel
[2026.03.14-23.25.45:263][210]LogPlayLevel: PIE: World Init took: (0.001228s)
[2026.03.14-23.25.45:263][210]LogPlayLevel: PIE: Created PIE world by copying editor world from /Game/Levels/MainLevel.MainLevel to /Game/Levels/UEDPIE_0_MainLevel.MainLevel (0.091182s)
[2026.03.14-23.25.45:281][210]LogUObjectHash: Compacting FUObjectHashTables data took   1.66ms
[2026.03.14-23.25.45:281][210]LogAudio: Display: Creating Audio Device:                 Id: 5, Scope: Unique, Realtime: True
[2026.03.14-23.25.45:281][210]LogAudioMixer: Display: Audio Mixer Platform Settings:
[2026.03.14-23.25.45:281][210]LogAudioMixer: Display: 	Sample Rate:						  48000
[2026.03.14-23.25.45:281][210]LogAudioMixer: Display: 	Callback Buffer Frame Size Requested: 1024
[2026.03.14-23.25.45:281][210]LogAudioMixer: Display: 	Callback Buffer Frame Size To Use:	  1024
[2026.03.14-23.25.45:281][210]LogAudioMixer: Display: 	Number of buffers to queue:			  2
[2026.03.14-23.25.45:281][210]LogAudioMixer: Display: 	Max Channels (voices):				  32
[2026.03.14-23.25.45:281][210]LogAudioMixer: Display: 	Number of Async Source Workers:		  0
[2026.03.14-23.25.45:281][210]LogAudio: Display: AudioDevice MaxSources: 32
[2026.03.14-23.25.45:281][210]LogAudio: Display: Audio Spatialization Plugin: None (built-in).
[2026.03.14-23.25.45:281][210]LogAudio: Display: Audio Reverb Plugin: None (built-in).
[2026.03.14-23.25.45:281][210]LogAudio: Display: Audio Occlusion Plugin: None (built-in).
[2026.03.14-23.25.45:281][210]LogAudioMixer: Display: Initializing audio mixer.
[2026.03.14-23.25.45:284][210]LogAudioMixer: Display: 0: FrontLeft
[2026.03.14-23.25.45:284][210]LogAudioMixer: Display: 1: FrontRight
[2026.03.14-23.25.45:284][210]LogAudioMixer: Display: 2: FrontCenter
[2026.03.14-23.25.45:284][210]LogAudioMixer: Display: 3: LowFrequency
[2026.03.14-23.25.45:284][210]LogAudioMixer: Display: 4: BackLeft
[2026.03.14-23.25.45:284][210]LogAudioMixer: Display: 5: BackRight
[2026.03.14-23.25.45:284][210]LogAudioMixer: Display: 6: SideLeft
[2026.03.14-23.25.45:284][210]LogAudioMixer: Display: 7: SideRight
[2026.03.14-23.25.45:296][210]LogAudioMixer: Display: Using Audio Device Headset Earphone (CORSAIR VOID PRO Wireless Gaming Headset)
[2026.03.14-23.25.45:296][210]LogAudioMixer: Display: Initializing Sound Submixes...
[2026.03.14-23.25.45:296][210]LogAudioMixer: Display: Creating Master Submix 'MasterSubmixDefault'
[2026.03.14-23.25.45:296][210]LogAudioMixer: Display: Creating Master Submix 'MasterReverbSubmixDefault'
[2026.03.14-23.25.45:296][210]LogAudioMixer: Display: Creating Master Submix 'MasterEQSubmixDefault'
[2026.03.14-23.25.45:296][210]LogAudioMixer: FMixerPlatformXAudio2::StartAudioStream() called
[2026.03.14-23.25.45:296][210]LogAudioMixer: Display: Output buffers initialized: Frames=1024, Channels=8, Samples=8192
[2026.03.14-23.25.45:297][210]LogAudioMixer: Display: Starting AudioMixerPlatformInterface::RunInternal()
[2026.03.14-23.25.45:297][210]LogAudioMixer: Display: FMixerPlatformXAudio2::SubmitBuffer() called for the first time
[2026.03.14-23.25.45:297][210]LogInit: FAudioDevice initialized.
[2026.03.14-23.25.45:297][210]LogAudio: Display: Audio Device (ID: 5) registered with world 'MainLevel'.
[2026.03.14-23.25.45:320][210]LogSlate: Updating window title bar state: overlay mode, drag disabled, window buttons hidden, title bar hidden
[2026.03.14-23.25.45:320][210]LogLoad: Game class is 'GM_RoadHopper_C'
[2026.03.14-23.25.45:358][210]LogWorld: Bringing World /Game/Levels/UEDPIE_0_MainLevel.MainLevel up for play (max tick rate 0) at 2026.03.14-17.25.45
[2026.03.14-23.25.45:359][210]LogWorld: Bringing up level for play took: 0.039069
[2026.03.14-23.25.45:360][210]LogOnline: OSS: Creating online subsystem instance for: :Context_11
[2026.03.14-23.25.45:361][210]LogGameMode: FindPlayerStart: PATHS NOT DEFINED or NO PLAYERSTART with positive rating
[2026.03.14-23.25.45:369][210]LogBlueprintUserMessages: [GM_RoadHopper_C_0] Hello
[2026.03.14-23.25.45:370][210]PIE: Server logged in
[2026.03.14-23.25.45:370][210]PIE: Play in editor total start time 0.241 seconds.
[2026.03.14-23.25.49:970][753]LogSlate: Updating window title bar state: overlay mode, drag disabled, window buttons hidden, title bar hidden
[2026.03.14-23.25.49:971][753]LogWorld: BeginTearingDown for /Game/Levels/UEDPIE_0_MainLevel
[2026.03.14-23.25.49:971][753]LogSlate: Window 'RoadHopper Preview [NetMode: Standalone]  (64-bit/Windows) ' being destroyed
[2026.03.14-23.25.49:979][753]LogWorld: UWorld::CleanupWorld for MainLevel, bSessionEnded=true, bCleanupResources=true
[2026.03.14-23.25.50:023][753]LogSlate: InvalidateAllWidgets triggered.  All widgets were invalidated
[2026.03.14-23.25.50:033][753]LogPlayLevel: Display: Shutting down PIE online subsystems
[2026.03.14-23.25.50:041][753]LogSlate: InvalidateAllWidgets triggered.  All widgets were invalidated
[2026.03.14-23.25.50:063][753]LogAudioMixer: FMixerPlatformXAudio2::StopAudioStream() called
[2026.03.14-23.25.50:064][753]LogAudioMixer: FMixerPlatformXAudio2::StopAudioStream() called
[2026.03.14-23.25.50:077][753]LogUObjectHash: Compacting FUObjectHashTables data took   1.66ms
[2026.03.14-23.25.50:097][754]LogPlayLevel: Display: Destroying online subsystem :Context_11
[2026.03.14-23.25.53:553][168]LogTemp: Repeating last play command: Selected Viewport
[2026.03.14-23.25.53:557][168]BlueprintLog: New page: Pre-Play auto-recompile
[2026.03.14-23.25.53:557][168]LogPlayLevel: [PlayLevel] Compiling BP_Car before play...
[2026.03.14-23.25.53:591][168]LogUObjectHash: Compacting FUObjectHashTables data took   1.79ms
[2026.03.14-23.25.53:592][168]LogPlayLevel: PlayLevel: Blueprint regeneration took 35 ms (1 blueprints)
[2026.03.14-23.25.53:592][168]PIE: New page: PIE session: MainLevel (Mar. 14, 2026, 11:25:53 a.m.)
[2026.03.14-23.25.53:592][168]LogPlayLevel: Creating play world package: /Game/Levels/UEDPIE_0_MainLevel
[2026.03.14-23.25.53:682][168]LogPlayLevel: PIE: StaticDuplicateObject took: (0.090246s)
[2026.03.14-23.25.53:683][168]LogAIModule: Creating AISystem for world MainLevel
[2026.03.14-23.25.53:683][168]LogPlayLevel: PIE: World Init took: (0.001134s)
[2026.03.14-23.25.53:683][168]LogPlayLevel: PIE: Created PIE world by copying editor world from /Game/Levels/MainLevel.MainLevel to /Game/Levels/UEDPIE_0_MainLevel.MainLevel (0.091593s)
[2026.03.14-23.25.53:702][168]LogUObjectHash: Compacting FUObjectHashTables data took   1.74ms
[2026.03.14-23.25.53:702][168]LogAudio: Display: Creating Audio Device:                 Id: 6, Scope: Unique, Realtime: True
[2026.03.14-23.25.53:702][168]LogAudioMixer: Display: Audio Mixer Platform Settings:
[2026.03.14-23.25.53:702][168]LogAudioMixer: Display: 	Sample Rate:						  48000
[2026.03.14-23.25.53:702][168]LogAudioMixer: Display: 	Callback Buffer Frame Size Requested: 1024
[2026.03.14-23.25.53:702][168]LogAudioMixer: Display: 	Callback Buffer Frame Size To Use:	  1024
[2026.03.14-23.25.53:702][168]LogAudioMixer: Display: 	Number of buffers to queue:			  2
[2026.03.14-23.25.53:702][168]LogAudioMixer: Display: 	Max Channels (voices):				  32
[2026.03.14-23.25.53:702][168]LogAudioMixer: Display: 	Number of Async Source Workers:		  0
[2026.03.14-23.25.53:702][168]LogAudio: Display: AudioDevice MaxSources: 32
[2026.03.14-23.25.53:703][168]LogAudio: Display: Audio Spatialization Plugin: None (built-in).
[2026.03.14-23.25.53:703][168]LogAudio: Display: Audio Reverb Plugin: None (built-in).
[2026.03.14-23.25.53:703][168]LogAudio: Display: Audio Occlusion Plugin: None (built-in).
[2026.03.14-23.25.53:703][168]LogAudioMixer: Display: Initializing audio mixer.
[2026.03.14-23.25.53:706][168]LogAudioMixer: Display: 0: FrontLeft
[2026.03.14-23.25.53:706][168]LogAudioMixer: Display: 1: FrontRight
[2026.03.14-23.25.53:706][168]LogAudioMixer: Display: 2: FrontCenter
[2026.03.14-23.25.53:706][168]LogAudioMixer: Display: 3: LowFrequency
[2026.03.14-23.25.53:706][168]LogAudioMixer: Display: 4: BackLeft
[2026.03.14-23.25.53:706][168]LogAudioMixer: Display: 5: BackRight
[2026.03.14-23.25.53:706][168]LogAudioMixer: Display: 6: SideLeft
[2026.03.14-23.25.53:706][168]LogAudioMixer: Display: 7: SideRight
[2026.03.14-23.25.53:719][168]LogAudioMixer: Display: Using Audio Device Headset Earphone (CORSAIR VOID PRO Wireless Gaming Headset)
[2026.03.14-23.25.53:719][168]LogAudioMixer: Display: Initializing Sound Submixes...
[2026.03.14-23.25.53:719][168]LogAudioMixer: Display: Creating Master Submix 'MasterSubmixDefault'
[2026.03.14-23.25.53:719][168]LogAudioMixer: Display: Creating Master Submix 'MasterReverbSubmixDefault'
[2026.03.14-23.25.53:719][168]LogAudioMixer: Display: Creating Master Submix 'MasterEQSubmixDefault'
[2026.03.14-23.25.53:719][168]LogAudioMixer: FMixerPlatformXAudio2::StartAudioStream() called
[2026.03.14-23.25.53:720][168]LogAudioMixer: Display: Output buffers initialized: Frames=1024, Channels=8, Samples=8192
[2026.03.14-23.25.53:720][168]LogAudioMixer: Display: Starting AudioMixerPlatformInterface::RunInternal()
[2026.03.14-23.25.53:720][168]LogAudioMixer: Display: FMixerPlatformXAudio2::SubmitBuffer() called for the first time
[2026.03.14-23.25.53:720][168]LogInit: FAudioDevice initialized.
[2026.03.14-23.25.53:720][168]LogAudio: Display: Audio Device (ID: 6) registered with world 'MainLevel'.
[2026.03.14-23.25.53:744][168]LogSlate: Updating window title bar state: overlay mode, drag disabled, window buttons hidden, title bar hidden
[2026.03.14-23.25.53:744][168]LogLoad: Game class is 'GM_RoadHopper_C'
[2026.03.14-23.25.53:781][168]LogWorld: Bringing World /Game/Levels/UEDPIE_0_MainLevel.MainLevel up for play (max tick rate 0) at 2026.03.14-17.25.53
[2026.03.14-23.25.53:781][168]LogWorld: Bringing up level for play took: 0.036580
[2026.03.14-23.25.53:781][168]LogOnline: OSS: Creating online subsystem instance for: :Context_12
[2026.03.14-23.25.53:783][168]LogGameMode: FindPlayerStart: PATHS NOT DEFINED or NO PLAYERSTART with positive rating
[2026.03.14-23.25.53:790][168]LogBlueprintUserMessages: [GM_RoadHopper_C_0] Hello
[2026.03.14-23.25.53:791][168]PIE: Server logged in
[2026.03.14-23.25.53:791][168]PIE: Play in editor total start time 0.235 seconds.
[2026.03.14-23.25.57:200][568]LogSlate: Updating window title bar state: overlay mode, drag disabled, window buttons hidden, title bar hidden
[2026.03.14-23.25.57:201][568]LogWorld: BeginTearingDown for /Game/Levels/UEDPIE_0_MainLevel
[2026.03.14-23.25.57:201][568]LogSlate: Window 'RoadHopper Preview [NetMode: Standalone]  (64-bit/Windows) ' being destroyed
[2026.03.14-23.25.57:208][568]LogWorld: UWorld::CleanupWorld for MainLevel, bSessionEnded=true, bCleanupResources=true
[2026.03.14-23.25.57:249][568]LogSlate: InvalidateAllWidgets triggered.  All widgets were invalidated
[2026.03.14-23.25.57:257][568]LogPlayLevel: Display: Shutting down PIE online subsystems
[2026.03.14-23.25.57:266][568]LogSlate: InvalidateAllWidgets triggered.  All widgets were invalidated
[2026.03.14-23.25.57:289][568]LogAudioMixer: FMixerPlatformXAudio2::StopAudioStream() called
[2026.03.14-23.25.57:290][568]LogAudioMixer: FMixerPlatformXAudio2::StopAudioStream() called
[2026.03.14-23.25.57:301][568]LogUObjectHash: Compacting FUObjectHashTables data took   1.66ms
[2026.03.14-23.25.57:319][569]LogPlayLevel: Display: Destroying online subsystem :Context_12
[2026.03.14-23.26.13:214][725]Cmd: OBJ SAVEPACKAGE PACKAGE="/Game/Blueprints/BP_Car" FILE="C:/Users/titan/Desktop/Titan_RoadHopper/RoadHopper4.27/Content/Blueprints/BP_Car.uasset" SILENT=true
[2026.03.14-23.26.13:221][725]LogSavePackage: Moving 'C:/Users/titan/Desktop/Titan_RoadHopper/RoadHopper4.27/Saved/BP_CarA6A4CD884E7A6023888675ABF541DBF5.tmp' to 'C:/Users/titan/Desktop/Titan_RoadHopper/RoadHopper4.27/Content/Blueprints/BP_Car.uasset'
[2026.03.14-23.26.13:237][725]AssetCheck: New page: Asset Save: BP_Car
[2026.03.14-23.26.13:237][725]LogContentValidation: Display: Validating Blueprint /Game/Blueprints/BP_Car.BP_Car
[2026.03.14-23.34.38:909][102]LogUObjectHash: Compacting FUObjectHashTables data took   1.70ms
[2026.03.14-23.34.39:289][102]LogSavePackage: Moving 'C:/Users/titan/Desktop/Titan_RoadHopper/RoadHopper4.27/Saved/MainLevel_Auto1C442D5DE482F004436177EB978478529.tmp' to 'C:/Users/titan/Desktop/Titan_RoadHopper/RoadHopper4.27/Saved/Autosaves/Game/Levels/MainLevel_Auto1.umap'
[2026.03.14-23.34.39:292][102]LogFileHelpers: Editor autosave (incl. external actors) for '/Game/Levels/MainLevel' took 0.406
[2026.03.14-23.34.39:292][102]LogFileHelpers: Editor autosave (incl. sublevels & external actors) for all levels took 0.406
[2026.03.15-00.16.05:020][835]LogEditorClassViewer: Warning: Class /Engine/Tutorial/InWorldBlueprintEditing/TutorialAssets/IWBE_Blutility.IWBE_Blutility_C has parent /Script/Blutility.PlacedEditorUtilityBase, but this parent is not found. The Class will not be shown in ClassViewer.
[2026.03.15-00.16.10:089][835]LogSlate: Window 'Pick Parent Class' being destroyed
[2026.03.15-00.16.10:097][835]LogContentBrowser: Deferred new asset file creation: NewBlueprint
[2026.03.15-00.16.10:111][835]LogContentBrowser: Creating deferred item: NewBlueprint
[2026.03.15-00.16.15:307][437]LogContentBrowser: Attempting asset rename: NewBlueprint -> BP_Ambulance
[2026.03.15-00.16.15:310][437]LogContentBrowser: End creating deferred item NewBlueprint
[2026.03.15-00.16.35:176][785]LogAssetEditorSubsystem: Opening Asset editor for Blueprint /Game/Blueprints/BP_Ambulance.BP_Ambulance
[2026.03.15-00.17.14:937][510]LogWorld: UWorld::CleanupWorld for World_7, bSessionEnded=true, bCleanupResources=true
[2026.03.15-00.17.14:937][510]LogSlate: InvalidateAllWidgets triggered.  All widgets were invalidated
[2026.03.15-00.17.31:214][414]LogEditorViewport: Clicking on Actor (LMB): BP_Car_C (BP_Car)
[2026.03.15-00.17.50:177][639]LogRenderer: Reallocating scene render targets to support 1760x992 Format 10 NumSamples 1 (Frame:13639).
[2026.03.15-00.17.50:212][640]LogRenderer: Reallocating scene render targets to support 1768x992 Format 10 NumSamples 1 (Frame:13641).
[2026.03.15-00.17.50:246][641]LogRenderer: Reallocating scene render targets to support 1796x992 Format 10 NumSamples 1 (Frame:13643).
[2026.03.15-00.17.50:284][642]LogRenderer: Reallocating scene render targets to support 1844x992 Format 10 NumSamples 1 (Frame:13645).
[2026.03.15-00.17.50:320][643]LogRenderer: Reallocating scene render targets to support 1908x992 Format 10 NumSamples 1 (Frame:13647).
[2026.03.15-00.17.50:355][644]LogRenderer: Reallocating scene render targets to support 1968x992 Format 10 NumSamples 1 (Frame:13649).
[2026.03.15-00.17.50:387][645]LogRenderer: Reallocating scene render targets to support 2004x992 Format 10 NumSamples 1 (Frame:13651).
[2026.03.15-00.17.50:425][646]LogRenderer: Reallocating scene render targets to support 2032x992 Format 10 NumSamples 1 (Frame:13653).
[2026.03.15-00.17.50:458][647]LogRenderer: Reallocating scene render targets to support 2044x992 Format 10 NumSamples 1 (Frame:13655).
[2026.03.15-00.17.50:491][648]LogRenderer: Reallocating scene render targets to support 2048x992 Format 10 NumSamples 1 (Frame:13657).
[2026.03.15-00.18.13:958][347]LogAssetEditorSubsystem: Opening Asset editor for Blueprint /Game/Blueprints/BP_Ambulance.BP_Ambulance
[2026.03.15-00.18.38:709][282]LogWorld: UWorld::CleanupWorld for World_8, bSessionEnded=true, bCleanupResources=true
[2026.03.15-00.18.38:710][282]LogSlate: InvalidateAllWidgets triggered.  All widgets were invalidated
[2026.03.15-00.18.38:750][282]LogAssetEditorSubsystem: Opening Asset editor for Blueprint /Game/Blueprints/BP_Ambulance.BP_Ambulance
[2026.03.15-00.18.56:216][318]LogSlate: Prevented a slow task dialog from being summoned while a context menu was open
[2026.03.15-00.18.56:230][318]LogEditorClassViewer: Warning: Class /Engine/Tutorial/InWorldBlueprintEditing/TutorialAssets/IWBE_Blutility.IWBE_Blutility_C has parent /Script/Blutility.PlacedEditorUtilityBase, but this parent is not found. The Class will not be shown in ClassViewer.
[2026.03.15-00.19.01:868][987]LogBlueprint: Warning: Reparenting blueprint Blueprint /Game/Blueprints/BP_Ambulance.BP_Ambulance from Actor to BP_Car_C...
[2026.03.15-00.19.01:871][987]BlueprintLog: New page: Compile BP_Ambulance
[2026.03.15-00.19.01:908][987]LogUObjectHash: Compacting FUObjectHashTables data took   2.35ms
[2026.03.15-00.19.32:845][613]LogLinker: Warning: Asset 'C:/Users/titan/Desktop/Titan_RoadHopper/RoadHopper4.27/Content/Models/Cars/ambulance_body.uasset' has been saved with empty engine version. The asset will be loaded but may be incompatible.
[2026.03.15-00.19.32:845][613]LogLinker: Warning: Asset 'C:/Users/titan/Desktop/Titan_RoadHopper/RoadHopper4.27/Content/Models/Cars/colormap.uasset' has been saved with empty engine version. The asset will be loaded but may be incompatible.
[2026.03.15-00.19.32:845][613]LogLinker: Warning: Asset 'C:/Users/titan/Desktop/Titan_RoadHopper/RoadHopper4.27/Content/Models/Cars/colormap_ncl1_1.uasset' has been saved with empty engine version. The asset will be loaded but may be incompatible.
[2026.03.15-00.19.32:846][613]LogStaticMesh: Building static mesh ambulance_body...
[2026.03.15-00.19.32:859][613]LogTexture: Display: Building textures: colormap_ncl1_1 (OODLE_AutoDXT, 512X512)
[2026.03.15-00.19.32:875][613]LogStaticMesh: Built static mesh [0.03s] /Game/Models/Cars/ambulance_body.ambulance_body
[2026.03.15-00.19.32:885][613]LogMaterial: Display: Missing cached shadermap for colormap in PCD3D_SM5, Default, SM5 (DDC key hash: 2046C8914B838D337153E02EE229A4045E4E67D3), compiling. 
[2026.03.15-00.19.32:912][613]LogShaderCompilers: Display: Submitted 16 shader compile jobs with 'Low' priority
[2026.03.15-00.19.32:947][613]LogShaderCompilers: Display: Worker (1/13): shaders left to compile 2
[2026.03.15-00.19.32:947][613]LogShaderCompilers: Display: Worker (2/13): shaders left to compile 1
[2026.03.15-00.19.32:947][613]LogShaderCompilers: Display: Worker (3/13): shaders left to compile 14
[2026.03.15-00.19.32:947][613]LogShaderCompilers: Display: Worker (4/13): shaders left to compile 12
[2026.03.15-00.19.32:947][613]LogShaderCompilers: Display: Worker (5/13): shaders left to compile 10
[2026.03.15-00.19.32:947][613]LogShaderCompilers: Display: Worker (6/13): shaders left to compile 8
[2026.03.15-00.19.32:947][613]LogShaderCompilers: Display: Worker (7/13): shaders left to compile 6
[2026.03.15-00.19.32:947][613]LogShaderCompilers: Display: Worker (8/13): shaders left to compile 4
[2026.03.15-00.19.32:947][613]LogShaderCompilers: Display: Worker (9/13): shaders left to compile 2
[2026.03.15-00.19.32:947][613]LogShaderCompilers: Display: Started 14 'Local' shader compile jobs with 'Normal' priority
[2026.03.15-00.19.32:947][613]LogShaderCompilers: Display: Started 2 'Local' shader compile jobs with 'ForceLocal' priority
[2026.03.15-00.19.34:208][713]LogShaderCompilers: Display: === FShaderJobCache stats ===
[2026.03.15-00.19.34:208][713]LogShaderCompilers: Display: Total job queries 16, among them cache hits 0 (0.00%)
[2026.03.15-00.19.34:208][713]LogShaderCompilers: Display: Tracking 1 distinct input hashes that result in 1 distinct outputs (100.00%)
[2026.03.15-00.19.34:208][713]LogShaderCompilers: Display: RAM used: 0.00 MB (0.00 GB) of 1638.40 MB (1.60 GB) budget. Usage: 0.00%
[2026.03.15-00.19.34:208][713]LogShaderCompilers: Display: ================================================
[2026.03.15-00.20.27:730][ 32]LogLinker: Warning: Asset 'C:/Users/titan/Desktop/Titan_RoadHopper/RoadHopper4.27/Content/Models/Cars/ambulance_door-left.uasset' has been saved with empty engine version. The asset will be loaded but may be incompatible.
[2026.03.15-00.20.27:731][ 32]LogStaticMesh: Building static mesh ambulance_door-left...
[2026.03.15-00.20.27:754][ 32]LogStaticMesh: Built static mesh [0.02s] /Game/Models/Cars/ambulance_door-left.ambulance_door-left
[2026.03.15-00.20.29:657][210]LogLinker: Warning: Asset 'C:/Users/titan/Desktop/Titan_RoadHopper/RoadHopper4.27/Content/Models/Cars/ambulance_door-right.uasset' has been saved with empty engine version. The asset will be loaded but may be incompatible.
[2026.03.15-00.20.29:657][210]LogStaticMesh: Building static mesh ambulance_door-right...
[2026.03.15-00.20.29:681][210]LogStaticMesh: Built static mesh [0.02s] /Game/Models/Cars/ambulance_door-right.ambulance_door-right
[2026.03.15-00.20.29:735][212]LogActorFactory: Actor Factory created ambulance_door-right
[2026.03.15-00.20.37:046][959]LogLinker: Warning: Asset 'C:/Users/titan/Desktop/Titan_RoadHopper/RoadHopper4.27/Content/Models/Cars/ambulance_wheel-back-left.uasset' has been saved with empty engine version. The asset will be loaded but may be incompatible.
[2026.03.15-00.20.37:046][959]LogStaticMesh: Building static mesh ambulance_wheel-back-left...
[2026.03.15-00.20.37:074][959]LogStaticMesh: Built static mesh [0.03s] /Game/Models/Cars/ambulance_wheel-back-left.ambulance_wheel-back-left
[2026.03.15-00.20.37:123][959]LogActorFactory: Actor Factory created ambulance_wheel-back-left
[2026.03.15-00.20.38:473][ 73]LogLinker: Warning: Asset 'C:/Users/titan/Desktop/Titan_RoadHopper/RoadHopper4.27/Content/Models/Cars/ambulance_wheel-back-right.uasset' has been saved with empty engine version. The asset will be loaded but may be incompatible.
[2026.03.15-00.20.38:474][ 73]LogStaticMesh: Building static mesh ambulance_wheel-back-right...
[2026.03.15-00.20.38:496][ 73]LogStaticMesh: Built static mesh [0.02s] /Game/Models/Cars/ambulance_wheel-back-right.ambulance_wheel-back-right
[2026.03.15-00.20.39:415][149]LogLinker: Warning: Asset 'C:/Users/titan/Desktop/Titan_RoadHopper/RoadHopper4.27/Content/Models/Cars/ambulance_wheel-front-left.uasset' has been saved with empty engine version. The asset will be loaded but may be incompatible.
[2026.03.15-00.20.39:415][149]LogStaticMesh: Building static mesh ambulance_wheel-front-left...
[2026.03.15-00.20.39:435][149]LogStaticMesh: Built static mesh [0.02s] /Game/Models/Cars/ambulance_wheel-front-left.ambulance_wheel-front-left
[2026.03.15-00.20.40:086][199]LogLinker: Warning: Asset 'C:/Users/titan/Desktop/Titan_RoadHopper/RoadHopper4.27/Content/Models/Cars/ambulance_wheel-front-right.uasset' has been saved with empty engine version. The asset will be loaded but may be incompatible.
[2026.03.15-00.20.40:087][199]LogStaticMesh: Building static mesh ambulance_wheel-front-right...
[2026.03.15-00.20.40:106][199]LogStaticMesh: Built static mesh [0.02s] /Game/Models/Cars/ambulance_wheel-front-right.ambulance_wheel-front-right
[2026.03.15-00.21.42:513][632]BlueprintLog: New page: Compile BP_Ambulance
[2026.03.15-00.21.42:570][632]LogUObjectHash: Compacting FUObjectHashTables data took   3.46ms
[2026.03.15-00.21.50:144][476]LogEditorViewport: Clicking on Actor (LMB): BP_Car_C (BP_Car)
[2026.03.15-00.21.50:661][536]Cmd: DELETE
[2026.03.15-00.21.50:661][536]Cmd: ACTOR DELETE
[2026.03.15-00.21.50:687][536]LogEditorActor: Deleted Actor: BP_Car_C
[2026.03.15-00.21.50:713][536]LogUObjectHash: Compacting FUObjectHashTables data took   2.78ms
[2026.03.15-00.21.50:716][536]LogEditorActor: Deleted 1 Actors (0.053 secs)
[2026.03.15-00.21.55:279][ 24]LogEditorViewport: Clicking on Actor (LMB): BP_Ambulance_C (BP_Ambulance)
[2026.03.15-00.22.14:455][247]LogEditorViewport: Clicking on Actor (LMB): BP_Sky_Sphere_C (Sky Sphere2)
[2026.03.15-00.22.15:822][390]LogTemp: Repeating last play command: Selected Viewport
[2026.03.15-00.22.15:826][390]LogPlayLevel: PlayLevel: No blueprints needed recompiling
[2026.03.15-00.22.15:826][390]PIE: New page: PIE session: MainLevel (Mar. 14, 2026, 12:22:15 p.m.)
[2026.03.15-00.22.15:859][390]LogPlayLevel: Creating play world package: /Game/Levels/UEDPIE_0_MainLevel
[2026.03.15-00.22.15:948][390]LogPlayLevel: PIE: StaticDuplicateObject took: (0.089195s)
[2026.03.15-00.22.15:949][390]LogAIModule: Creating AISystem for world MainLevel
[2026.03.15-00.22.15:950][390]LogPlayLevel: PIE: World Init took: (0.001264s)
[2026.03.15-00.22.15:950][390]LogPlayLevel: PIE: Created PIE world by copying editor world from /Game/Levels/MainLevel.MainLevel to /Game/Levels/UEDPIE_0_MainLevel.MainLevel (0.090750s)
[2026.03.15-00.22.15:978][390]LogUObjectHash: Compacting FUObjectHashTables data took   2.22ms
[2026.03.15-00.22.15:983][390]LogAudio: Display: Creating Audio Device:                 Id: 7, Scope: Unique, Realtime: True
[2026.03.15-00.22.15:984][390]LogAudioMixer: Display: Audio Mixer Platform Settings:
[2026.03.15-00.22.15:984][390]LogAudioMixer: Display: 	Sample Rate:						  48000
[2026.03.15-00.22.15:984][390]LogAudioMixer: Display: 	Callback Buffer Frame Size Requested: 1024
[2026.03.15-00.22.15:984][390]LogAudioMixer: Display: 	Callback Buffer Frame Size To Use:	  1024
[2026.03.15-00.22.15:984][390]LogAudioMixer: Display: 	Number of buffers to queue:			  2
[2026.03.15-00.22.15:984][390]LogAudioMixer: Display: 	Max Channels (voices):				  32
[2026.03.15-00.22.15:984][390]LogAudioMixer: Display: 	Number of Async Source Workers:		  0
[2026.03.15-00.22.15:984][390]LogAudio: Display: AudioDevice MaxSources: 32
[2026.03.15-00.22.15:984][390]LogAudio: Display: Audio Spatialization Plugin: None (built-in).
[2026.03.15-00.22.15:984][390]LogAudio: Display: Audio Reverb Plugin: None (built-in).
[2026.03.15-00.22.15:984][390]LogAudio: Display: Audio Occlusion Plugin: None (built-in).
[2026.03.15-00.22.15:984][390]LogAudioMixer: Display: Initializing audio mixer.
[2026.03.15-00.22.15:987][390]LogAudioMixer: Display: 0: FrontLeft
[2026.03.15-00.22.15:987][390]LogAudioMixer: Display: 1: FrontRight
[2026.03.15-00.22.15:987][390]LogAudioMixer: Display: 2: FrontCenter
[2026.03.15-00.22.15:987][390]LogAudioMixer: Display: 3: LowFrequency
[2026.03.15-00.22.15:987][390]LogAudioMixer: Display: 4: BackLeft
[2026.03.15-00.22.15:987][390]LogAudioMixer: Display: 5: BackRight
[2026.03.15-00.22.15:987][390]LogAudioMixer: Display: 6: SideLeft
[2026.03.15-00.22.15:987][390]LogAudioMixer: Display: 7: SideRight
[2026.03.15-00.22.16:002][390]LogAudioMixer: Display: Using Audio Device Headset Earphone (CORSAIR VOID PRO Wireless Gaming Headset)
[2026.03.15-00.22.16:003][390]LogAudioMixer: Display: Initializing Sound Submixes...
[2026.03.15-00.22.16:003][390]LogAudioMixer: Display: Creating Master Submix 'MasterSubmixDefault'
[2026.03.15-00.22.16:003][390]LogAudioMixer: Display: Creating Master Submix 'MasterReverbSubmixDefault'
[2026.03.15-00.22.16:003][390]LogAudioMixer: Display: Creating Master Submix 'MasterEQSubmixDefault'
[2026.03.15-00.22.16:003][390]LogAudioMixer: FMixerPlatformXAudio2::StartAudioStream() called
[2026.03.15-00.22.16:003][390]LogAudioMixer: Display: Output buffers initialized: Frames=1024, Channels=8, Samples=8192
[2026.03.15-00.22.16:004][390]LogAudioMixer: Display: Starting AudioMixerPlatformInterface::RunInternal()
[2026.03.15-00.22.16:004][390]LogAudioMixer: Display: FMixerPlatformXAudio2::SubmitBuffer() called for the first time
[2026.03.15-00.22.16:004][390]LogInit: FAudioDevice initialized.
[2026.03.15-00.22.16:004][390]LogAudio: Display: Audio Device (ID: 7) registered with world 'MainLevel'.
[2026.03.15-00.22.16:009][390]LogLoad: Game class is 'GM_RoadHopper_C'
[2026.03.15-00.22.16:045][390]LogWorld: Bringing World /Game/Levels/UEDPIE_0_MainLevel.MainLevel up for play (max tick rate 0) at 2026.03.14-18.22.16
[2026.03.15-00.22.16:046][390]LogWorld: Bringing up level for play took: 0.037134
[2026.03.15-00.22.16:046][390]LogOnline: OSS: Creating online subsystem instance for: :Context_18
[2026.03.15-00.22.16:055][390]LogBlueprintUserMessages: [GM_RoadHopper_C_0] Hello
[2026.03.15-00.22.16:056][390]PIE: Server logged in
[2026.03.15-00.22.16:056][390]PIE: Play in editor total start time 0.231 seconds.
[2026.03.15-00.22.21:510][ 37]LogSlate: Updating window title bar state: overlay mode, drag disabled, window buttons hidden, title bar hidden
[2026.03.15-00.22.21:510][ 37]LogWorld: BeginTearingDown for /Game/Levels/UEDPIE_0_MainLevel
[2026.03.15-00.22.21:511][ 37]LogWorld: UWorld::CleanupWorld for MainLevel, bSessionEnded=true, bCleanupResources=true
[2026.03.15-00.22.21:552][ 37]LogSlate: InvalidateAllWidgets triggered.  All widgets were invalidated
[2026.03.15-00.22.21:562][ 37]LogPlayLevel: Display: Shutting down PIE online subsystems
[2026.03.15-00.22.21:571][ 37]LogSlate: InvalidateAllWidgets triggered.  All widgets were invalidated
[2026.03.15-00.22.21:594][ 37]LogAudio: Display: Audio Device unregistered from world 'None'.
[2026.03.15-00.22.21:597][ 37]LogAudioMixer: FMixerPlatformXAudio2::StopAudioStream() called
[2026.03.15-00.22.21:599][ 37]LogAudioMixer: FMixerPlatformXAudio2::StopAudioStream() called
[2026.03.15-00.22.21:600][ 37]LogSlate: Updating window title bar state: overlay mode, drag disabled, window buttons hidden, title bar hidden
[2026.03.15-00.22.21:609][ 37]LogUObjectHash: Compacting FUObjectHashTables data took   2.21ms
[2026.03.15-00.22.21:640][ 38]LogPlayLevel: Display: Destroying online subsystem :Context_18
[2026.03.15-00.22.23:431][249]LogEditorViewport: Clicking on Actor (LMB): BP_Sky_Sphere_C (Sky Sphere2)
[2026.03.15-00.22.24:043][321]LogEditorViewport: Clicking on Actor (LMB): BP_Ambulance_C (BP_Ambulance)
[2026.03.15-00.22.31:010][153]LogTemp: Repeating last play command: Selected Viewport
[2026.03.15-00.22.31:015][153]LogPlayLevel: PlayLevel: No blueprints needed recompiling
[2026.03.15-00.22.31:015][153]PIE: New page: PIE session: MainLevel (Mar. 14, 2026, 12:22:31 p.m.)
[2026.03.15-00.22.31:049][153]LogPlayLevel: Creating play world package: /Game/Levels/UEDPIE_0_MainLevel
[2026.03.15-00.22.31:141][153]LogPlayLevel: PIE: StaticDuplicateObject took: (0.092089s)
[2026.03.15-00.22.31:142][153]LogAIModule: Creating AISystem for world MainLevel
[2026.03.15-00.22.31:142][153]LogPlayLevel: PIE: World Init took: (0.001077s)
[2026.03.15-00.22.31:142][153]LogPlayLevel: PIE: Created PIE world by copying editor world from /Game/Levels/MainLevel.MainLevel to /Game/Levels/UEDPIE_0_MainLevel.MainLevel (0.093436s)
[2026.03.15-00.22.31:166][153]LogUObjectHash: Compacting FUObjectHashTables data took   2.05ms
[2026.03.15-00.22.31:170][153]LogAudio: Display: Creating Audio Device:                 Id: 8, Scope: Unique, Realtime: True
[2026.03.15-00.22.31:170][153]LogAudioMixer: Display: Audio Mixer Platform Settings:
[2026.03.15-00.22.31:170][153]LogAudioMixer: Display: 	Sample Rate:						  48000
[2026.03.15-00.22.31:170][153]LogAudioMixer: Display: 	Callback Buffer Frame Size Requested: 1024
[2026.03.15-00.22.31:170][153]LogAudioMixer: Display: 	Callback Buffer Frame Size To Use:	  1024
[2026.03.15-00.22.31:170][153]LogAudioMixer: Display: 	Number of buffers to queue:			  2
[2026.03.15-00.22.31:170][153]LogAudioMixer: Display: 	Max Channels (voices):				  32
[2026.03.15-00.22.31:170][153]LogAudioMixer: Display: 	Number of Async Source Workers:		  0
[2026.03.15-00.22.31:170][153]LogAudio: Display: AudioDevice MaxSources: 32
[2026.03.15-00.22.31:170][153]LogAudio: Display: Audio Spatialization Plugin: None (built-in).
[2026.03.15-00.22.31:170][153]LogAudio: Display: Audio Reverb Plugin: None (built-in).
[2026.03.15-00.22.31:170][153]LogAudio: Display: Audio Occlusion Plugin: None (built-in).
[2026.03.15-00.22.31:170][153]LogAudioMixer: Display: Initializing audio mixer.
[2026.03.15-00.22.31:173][153]LogAudioMixer: Display: 0: FrontLeft
[2026.03.15-00.22.31:173][153]LogAudioMixer: Display: 1: FrontRight
[2026.03.15-00.22.31:173][153]LogAudioMixer: Display: 2: FrontCenter
[2026.03.15-00.22.31:173][153]LogAudioMixer: Display: 3: LowFrequency
[2026.03.15-00.22.31:173][153]LogAudioMixer: Display: 4: BackLeft
[2026.03.15-00.22.31:173][153]LogAudioMixer: Display: 5: BackRight
[2026.03.15-00.22.31:173][153]LogAudioMixer: Display: 6: SideLeft
[2026.03.15-00.22.31:173][153]LogAudioMixer: Display: 7: SideRight
[2026.03.15-00.22.31:186][153]LogAudioMixer: Display: Using Audio Device Headset Earphone (CORSAIR VOID PRO Wireless Gaming Headset)
[2026.03.15-00.22.31:186][153]LogAudioMixer: Display: Initializing Sound Submixes...
[2026.03.15-00.22.31:186][153]LogAudioMixer: Display: Creating Master Submix 'MasterSubmixDefault'
[2026.03.15-00.22.31:186][153]LogAudioMixer: Display: Creating Master Submix 'MasterReverbSubmixDefault'
[2026.03.15-00.22.31:187][153]LogAudioMixer: Display: Creating Master Submix 'MasterEQSubmixDefault'
[2026.03.15-00.22.31:187][153]LogAudioMixer: FMixerPlatformXAudio2::StartAudioStream() called
[2026.03.15-00.22.31:187][153]LogAudioMixer: Display: Output buffers initialized: Frames=1024, Channels=8, Samples=8192
[2026.03.15-00.22.31:187][153]LogAudioMixer: Display: Starting AudioMixerPlatformInterface::RunInternal()
[2026.03.15-00.22.31:187][153]LogAudioMixer: Display: FMixerPlatformXAudio2::SubmitBuffer() called for the first time
[2026.03.15-00.22.31:187][153]LogInit: FAudioDevice initialized.
[2026.03.15-00.22.31:187][153]LogAudio: Display: Audio Device (ID: 8) registered with world 'MainLevel'.
[2026.03.15-00.22.31:197][153]LogLoad: Game class is 'GM_RoadHopper_C'
[2026.03.15-00.22.31:233][153]LogWorld: Bringing World /Game/Levels/UEDPIE_0_MainLevel.MainLevel up for play (max tick rate 0) at 2026.03.14-18.22.31
[2026.03.15-00.22.31:234][153]LogWorld: Bringing up level for play took: 0.036894
[2026.03.15-00.22.31:234][153]LogOnline: OSS: Creating online subsystem instance for: :Context_19
[2026.03.15-00.22.31:243][153]LogBlueprintUserMessages: [GM_RoadHopper_C_0] Hello
[2026.03.15-00.22.31:243][153]PIE: Server logged in
[2026.03.15-00.22.31:244][153]PIE: Play in editor total start time 0.231 seconds.
[2026.03.15-00.22.41:360][361]LogSlate: Updating window title bar state: overlay mode, drag disabled, window buttons hidden, title bar hidden
[2026.03.15-00.22.41:360][361]LogWorld: BeginTearingDown for /Game/Levels/UEDPIE_0_MainLevel
[2026.03.15-00.22.41:362][361]LogWorld: UWorld::CleanupWorld for MainLevel, bSessionEnded=true, bCleanupResources=true
[2026.03.15-00.22.41:402][361]LogSlate: InvalidateAllWidgets triggered.  All widgets were invalidated
[2026.03.15-00.22.41:412][361]LogPlayLevel: Display: Shutting down PIE online subsystems
[2026.03.15-00.22.41:421][361]LogSlate: InvalidateAllWidgets triggered.  All widgets were invalidated
[2026.03.15-00.22.41:447][361]LogSlate: Updating window title bar state: overlay mode, drag disabled, window buttons hidden, title bar hidden
[2026.03.15-00.22.41:448][361]LogAudioMixer: FMixerPlatformXAudio2::StopAudioStream() called
[2026.03.15-00.22.41:449][361]LogAudioMixer: FMixerPlatformXAudio2::StopAudioStream() called
[2026.03.15-00.22.41:462][361]LogUObjectHash: Compacting FUObjectHashTables data took   2.15ms
[2026.03.15-00.22.41:488][362]LogPlayLevel: Display: Destroying online subsystem :Context_19
[2026.03.15-00.22.46:602][936]LogTemp: Repeating last play command: Selected Viewport
[2026.03.15-00.22.46:606][936]LogPlayLevel: PlayLevel: No blueprints needed recompiling
[2026.03.15-00.22.46:606][936]PIE: New page: PIE session: MainLevel (Mar. 14, 2026, 12:22:46 p.m.)
[2026.03.15-00.22.46:639][936]LogPlayLevel: Creating play world package: /Game/Levels/UEDPIE_0_MainLevel
[2026.03.15-00.22.46:730][936]LogPlayLevel: PIE: StaticDuplicateObject took: (0.091275s)
[2026.03.15-00.22.46:731][936]LogAIModule: Creating AISystem for world MainLevel
[2026.03.15-00.22.46:732][936]LogPlayLevel: PIE: World Init took: (0.001303s)
[2026.03.15-00.22.46:732][936]LogPlayLevel: PIE: Created PIE world by copying editor world from /Game/Levels/MainLevel.MainLevel to /Game/Levels/UEDPIE_0_MainLevel.MainLevel (0.092850s)
[2026.03.15-00.22.46:757][936]LogUObjectHash: Compacting FUObjectHashTables data took   2.31ms
[2026.03.15-00.22.46:759][936]LogAudio: Display: Creating Audio Device:                 Id: 9, Scope: Unique, Realtime: True
[2026.03.15-00.22.46:759][936]LogAudioMixer: Display: Audio Mixer Platform Settings:
[2026.03.15-00.22.46:759][936]LogAudioMixer: Display: 	Sample Rate:						  48000
[2026.03.15-00.22.46:759][936]LogAudioMixer: Display: 	Callback Buffer Frame Size Requested: 1024
[2026.03.15-00.22.46:759][936]LogAudioMixer: Display: 	Callback Buffer Frame Size To Use:	  1024
[2026.03.15-00.22.46:759][936]LogAudioMixer: Display: 	Number of buffers to queue:			  2
[2026.03.15-00.22.46:759][936]LogAudioMixer: Display: 	Max Channels (voices):				  32
[2026.03.15-00.22.46:760][936]LogAudioMixer: Display: 	Number of Async Source Workers:		  0
[2026.03.15-00.22.46:760][936]LogAudio: Display: AudioDevice MaxSources: 32
[2026.03.15-00.22.46:760][936]LogAudio: Display: Audio Spatialization Plugin: None (built-in).
[2026.03.15-00.22.46:760][936]LogAudio: Display: Audio Reverb Plugin: None (built-in).
[2026.03.15-00.22.46:760][936]LogAudio: Display: Audio Occlusion Plugin: None (built-in).
[2026.03.15-00.22.46:760][936]LogAudioMixer: Display: Initializing audio mixer.
[2026.03.15-00.22.46:762][936]LogAudioMixer: Display: 0: FrontLeft
[2026.03.15-00.22.46:763][936]LogAudioMixer: Display: 1: FrontRight
[2026.03.15-00.22.46:763][936]LogAudioMixer: Display: 2: FrontCenter
[2026.03.15-00.22.46:763][936]LogAudioMixer: Display: 3: LowFrequency
[2026.03.15-00.22.46:763][936]LogAudioMixer: Display: 4: BackLeft
[2026.03.15-00.22.46:763][936]LogAudioMixer: Display: 5: BackRight
[2026.03.15-00.22.46:763][936]LogAudioMixer: Display: 6: SideLeft
[2026.03.15-00.22.46:763][936]LogAudioMixer: Display: 7: SideRight
[2026.03.15-00.22.46:776][936]LogAudioMixer: Display: Using Audio Device Headset Earphone (CORSAIR VOID PRO Wireless Gaming Headset)
[2026.03.15-00.22.46:777][936]LogAudioMixer: Display: Initializing Sound Submixes...
[2026.03.15-00.22.46:777][936]LogAudioMixer: Display: Creating Master Submix 'MasterSubmixDefault'
[2026.03.15-00.22.46:777][936]LogAudioMixer: Display: Creating Master Submix 'MasterReverbSubmixDefault'
[2026.03.15-00.22.46:777][936]LogAudioMixer: Display: Creating Master Submix 'MasterEQSubmixDefault'
[2026.03.15-00.22.46:777][936]LogAudioMixer: FMixerPlatformXAudio2::StartAudioStream() called
[2026.03.15-00.22.46:777][936]LogAudioMixer: Display: Output buffers initialized: Frames=1024, Channels=8, Samples=8192
[2026.03.15-00.22.46:778][936]LogAudioMixer: Display: Starting AudioMixerPlatformInterface::RunInternal()
[2026.03.15-00.22.46:778][936]LogAudioMixer: Display: FMixerPlatformXAudio2::SubmitBuffer() called for the first time
[2026.03.15-00.22.46:778][936]LogInit: FAudioDevice initialized.
[2026.03.15-00.22.46:778][936]LogAudio: Display: Audio Device (ID: 9) registered with world 'MainLevel'.
[2026.03.15-00.22.46:785][936]LogLoad: Game class is 'GM_RoadHopper_C'
[2026.03.15-00.22.46:820][936]LogWorld: Bringing World /Game/Levels/UEDPIE_0_MainLevel.MainLevel up for play (max tick rate 0) at 2026.03.14-18.22.46
[2026.03.15-00.22.46:821][936]LogWorld: Bringing up level for play took: 0.036078
[2026.03.15-00.22.46:821][936]LogOnline: OSS: Creating online subsystem instance for: :Context_20
[2026.03.15-00.22.46:830][936]LogBlueprintUserMessages: [GM_RoadHopper_C_0] Hello
[2026.03.15-00.22.46:830][936]PIE: Server logged in
[2026.03.15-00.22.46:830][936]PIE: Play in editor total start time 0.225 seconds.
[2026.03.15-00.22.48:800][168]LogSlate: Updating window title bar state: overlay mode, drag disabled, window buttons hidden, title bar hidden
[2026.03.15-00.22.48:800][168]LogWorld: BeginTearingDown for /Game/Levels/UEDPIE_0_MainLevel
[2026.03.15-00.22.48:801][168]LogWorld: UWorld::CleanupWorld for MainLevel, bSessionEnded=true, bCleanupResources=true
[2026.03.15-00.22.48:840][168]LogSlate: InvalidateAllWidgets triggered.  All widgets were invalidated
[2026.03.15-00.22.48:851][168]LogPlayLevel: Display: Shutting down PIE online subsystems
[2026.03.15-00.22.48:859][168]LogSlate: InvalidateAllWidgets triggered.  All widgets were invalidated
[2026.03.15-00.22.48:887][168]LogAudio: Display: Audio Device unregistered from world 'None'.
[2026.03.15-00.22.48:887][168]LogAudioMixer: FMixerPlatformXAudio2::StopAudioStream() called
[2026.03.15-00.22.48:888][168]LogAudioMixer: FMixerPlatformXAudio2::StopAudioStream() called
[2026.03.15-00.22.48:894][168]LogSlate: Updating window title bar state: overlay mode, drag disabled, window buttons hidden, title bar hidden
[2026.03.15-00.22.48:901][168]LogUObjectHash: Compacting FUObjectHashTables data took   2.28ms
[2026.03.15-00.22.48:927][169]LogPlayLevel: Display: Destroying online subsystem :Context_20
[2026.03.15-00.22.57:241][ 59]LogEditorTransaction: Undo Move Actors
[2026.03.15-00.23.03:299][652]LogEditorTransaction: Undo Modify Component(s)
[2026.03.15-00.24.23:949][597]LogOutputDevice: Warning: 

Script Stack (0 frames):

[2026.03.15-00.24.24:005][597]LogStats: FPlatformStackWalk::StackWalkAndDump -  0.057 s
[2026.03.15-00.24.24:006][597]LogOutputDevice: Error: === Handled ensure: ===
[2026.03.15-00.24.24:006][597]LogOutputDevice: Error: 
[2026.03.15-00.24.24:006][597]LogOutputDevice: Error: Ensure condition failed: !FBlueprintCompileReinstancer::IsReinstClass(OwnerClass) [File:D:/Build/++UE4/Sync/Engine/Source/Editor/UnrealEd/Private/Kismet2/KismetReinstanceUtilities.cpp] [Line: 1763]
[2026.03.15-00.24.24:006][597]LogOutputDevice: Error: OwnerClass should not be 'REINST_'! This means that a REINST class was parented to another REINST class, causing unwanted recursion!
[2026.03.15-00.24.24:006][597]LogOutputDevice: Error: Stack: 
[2026.03.15-00.24.24:006][597]LogOutputDevice: Error: [Callstack] 0x00007ffc64c248c9 UE4Editor-UnrealEd.dll!UnknownFunction []
[2026.03.15-00.24.24:006][597]LogOutputDevice: Error: [Callstack] 0x00007ffc6443bd78 UE4Editor-UnrealEd.dll!UnknownFunction []
[2026.03.15-00.24.24:006][597]LogOutputDevice: Error: [Callstack] 0x00007ffc5e54e3bd UE4Editor-Kismet.dll!UnknownFunction []
[2026.03.15-00.24.24:006][597]LogOutputDevice: Error: [Callstack] 0x00007ffc5e54e501 UE4Editor-Kismet.dll!UnknownFunction []
[2026.03.15-00.24.24:006][597]LogOutputDevice: Error: [Callstack] 0x00007ffc5e524627 UE4Editor-Kismet.dll!UnknownFunction []
[2026.03.15-00.24.24:006][597]LogOutputDevice: Error: [Callstack] 0x00007ffc5e4cc02f UE4Editor-Kismet.dll!UnknownFunction []
[2026.03.15-00.24.24:006][597]LogOutputDevice: Error: [Callstack] 0x00007ffc5e4cbd71 UE4Editor-Kismet.dll!UnknownFunction []
[2026.03.15-00.24.24:006][597]LogOutputDevice: Error: [Callstack] 0x00007ffc643b7752 UE4Editor-UnrealEd.dll!UnknownFunction []
[2026.03.15-00.24.24:006][597]LogOutputDevice: Error: [Callstack] 0x00007ffc643ca9ce UE4Editor-UnrealEd.dll!UnknownFunction []
[2026.03.15-00.24.24:006][597]LogOutputDevice: Error: [Callstack] 0x00007ffc5e941446 UE4Editor-Kismet.dll!UnknownFunction []
[2026.03.15-00.24.24:006][597]LogOutputDevice: Error: [Callstack] 0x00007ffc5e95bd84 UE4Editor-Kismet.dll!UnknownFunction []
[2026.03.15-00.24.24:006][597]LogOutputDevice: Error: [Callstack] 0x00007ffc5e8fddd7 UE4Editor-Kismet.dll!UnknownFunction []
[2026.03.15-00.24.24:006][597]LogOutputDevice: Error: [Callstack] 0x00007ffc8d8940e4 UE4Editor-Slate.dll!UnknownFunction []
[2026.03.15-00.24.24:006][597]LogOutputDevice: Error: [Callstack] 0x00007ffc8d879167 UE4Editor-Slate.dll!UnknownFunction []
[2026.03.15-00.24.24:006][597]LogOutputDevice: Error: [Callstack] 0x00007ffc8d820448 UE4Editor-Slate.dll!UnknownFunction []
[2026.03.15-00.24.24:006][597]LogOutputDevice: Error: [Callstack] 0x00007ffc8d7ff527 UE4Editor-Slate.dll!UnknownFunction []
[2026.03.15-00.24.24:006][597]LogOutputDevice: Error: [Callstack] 0x00007ffc8d881bf6 UE4Editor-Slate.dll!UnknownFunction []
[2026.03.15-00.24.24:006][597]LogOutputDevice: Error: [Callstack] 0x00007ffc8d883008 UE4Editor-Slate.dll!UnknownFunction []
[2026.03.15-00.24.24:006][597]LogOutputDevice: Error: [Callstack] 0x00007ffc8d781114 UE4Editor-Slate.dll!UnknownFunction []
[2026.03.15-00.24.24:006][597]LogOutputDevice: Error: [Callstack] 0x00007ffc8d5d2112 UE4Editor-Slate.dll!UnknownFunction []
[2026.03.15-00.24.24:006][597]LogOutputDevice: Error: [Callstack] 0x00007ffc8d635087 UE4Editor-Slate.dll!UnknownFunction []
[2026.03.15-00.24.24:006][597]LogOutputDevice: Error: [Callstack] 0x00007ffc8d628756 UE4Editor-Slate.dll!UnknownFunction []
[2026.03.15-00.24.24:006][597]LogOutputDevice: Error: [Callstack] 0x00007ffd34e0bcc8 UE4Editor-ApplicationCore.dll!UnknownFunction []
[2026.03.15-00.24.24:006][597]LogOutputDevice: Error: [Callstack] 0x00007ffd34df92b7 UE4Editor-ApplicationCore.dll!UnknownFunction []
[2026.03.15-00.24.24:006][597]LogOutputDevice: Error: [Callstack] 0x00007ffd34e0e465 UE4Editor-ApplicationCore.dll!UnknownFunction []
[2026.03.15-00.24.24:006][597]LogOutputDevice: Error: [Callstack] 0x00007ffd34df4410 UE4Editor-ApplicationCore.dll!UnknownFunction []
[2026.03.15-00.24.24:006][597]LogOutputDevice: Error: [Callstack] 0x00007ffd7cc16b46 USER32.dll!UnknownFunction []
[2026.03.15-00.24.24:006][597]LogOutputDevice: Error: [Callstack] 0x00007ffd7cc1459d USER32.dll!UnknownFunction []
[2026.03.15-00.24.24:006][597]LogOutputDevice: Error: [Callstack] 0x00007ffd34e0fcd4 UE4Editor-ApplicationCore.dll!UnknownFunction []
[2026.03.15-00.24.24:006][597]LogOutputDevice: Error: [Callstack] 0x00007ff715dd7621 UE4Editor.exe!UnknownFunction []
[2026.03.15-00.24.24:006][597]LogOutputDevice: Error: [Callstack] 0x00007ff715df0fcc UE4Editor.exe!UnknownFunction []
[2026.03.15-00.24.24:006][597]LogOutputDevice: Error: [Callstack] 0x00007ff715df10ba UE4Editor.exe!UnknownFunction []
[2026.03.15-00.24.24:006][597]LogOutputDevice: Error: [Callstack] 0x00007ff715df40dd UE4Editor.exe!UnknownFunction []
[2026.03.15-00.24.24:006][597]LogOutputDevice: Error: [Callstack] 0x00007ff715e05984 UE4Editor.exe!UnknownFunction []
[2026.03.15-00.24.24:006][597]LogOutputDevice: Error: [Callstack] 0x00007ff715e0853a UE4Editor.exe!UnknownFunction []
[2026.03.15-00.24.24:006][597]LogOutputDevice: Error: [Callstack] 0x00007ffd7c2ce8d7 KERNEL32.DLL!UnknownFunction []
[2026.03.15-00.24.24:006][597]LogOutputDevice: Error: [Callstack] 0x00007ffd7d20c40c ntdll.dll!UnknownFunction []
[2026.03.15-00.24.24:006][597]LogOutputDevice: Error: 
[2026.03.15-00.24.24:007][597]LogStats:                SubmitErrorReport -  0.000 s
[2026.03.15-00.24.25:032][597]LogStats:                    SendNewReport -  1.025 s
[2026.03.15-00.24.25:032][597]LogStats:             FDebug::EnsureFailed -  1.083 s
[2026.03.15-00.24.28:276][981]LogEditorTransaction: Undo Rename Component Variable
[2026.03.15-00.24.32:136][356]LogActorFactory: Actor Factory created ambulance_door-left
[2026.03.15-00.24.43:200][416]LogActorFactory: Actor Factory created ambulance_door-right
[2026.03.15-00.24.57:977][858]LogActorFactory: Actor Factory created ambulance_door-right
[2026.03.15-00.25.13:431][386]LogActorFactory: Actor Factory created ambulance_wheel-back-left
[2026.03.15-00.25.30:041][ 21]LogActorFactory: Actor Factory created ambulance_wheel-back-right
[2026.03.15-00.26.32:742][ 50]LogActorFactory: Actor Factory created ambulance_wheel-front-left
[2026.03.15-00.26.38:631][600]LogActorFactory: Actor Factory created ambulance_wheel-front-right
[2026.03.15-00.26.45:910][271]BlueprintLog: New page: Compile BP_Ambulance
[2026.03.15-00.26.45:960][271]LogUObjectHash: Compacting FUObjectHashTables data took   3.15ms
[2026.03.15-00.26.52:348][973]LogEditorViewport: Clicking on Actor (LMB): BP_Ambulance_C (BP_Ambulance)
[2026.03.15-00.27.03:564][219]LogTemp: Repeating last play command: Selected Viewport
[2026.03.15-00.27.03:568][219]BlueprintLog: New page: Pre-Play auto-recompile
[2026.03.15-00.27.03:569][219]LogPlayLevel: [PlayLevel] Compiling BP_Car before play...
[2026.03.15-00.27.03:569][219]LogPlayLevel: [PlayLevel]   Compiling BP_Ambulance as a dependent...
[2026.03.15-00.27.03:633][219]LogUObjectHash: Compacting FUObjectHashTables data took   2.77ms
[2026.03.15-00.27.03:636][219]LogPlayLevel: PlayLevel: Blueprint regeneration took 68 ms (2 blueprints)
[2026.03.15-00.27.03:636][219]PIE: New page: PIE session: MainLevel (Mar. 14, 2026, 12:27:03 p.m.)
[2026.03.15-00.27.03:659][219]LogPlayLevel: Creating play world package: /Game/Levels/UEDPIE_0_MainLevel
[2026.03.15-00.27.03:746][219]LogPlayLevel: PIE: StaticDuplicateObject took: (0.087168s)
[2026.03.15-00.27.03:747][219]LogAIModule: Creating AISystem for world MainLevel
[2026.03.15-00.27.03:747][219]LogPlayLevel: PIE: World Init took: (0.001128s)
[2026.03.15-00.27.03:747][219]LogPlayLevel: PIE: Created PIE world by copying editor world from /Game/Levels/MainLevel.MainLevel to /Game/Levels/UEDPIE_0_MainLevel.MainLevel (0.088562s)
[2026.03.15-00.27.03:770][219]LogUObjectHash: Compacting FUObjectHashTables data took   2.07ms
[2026.03.15-00.27.03:771][219]LogAudio: Display: Creating Audio Device:                 Id: 10, Scope: Unique, Realtime: True
[2026.03.15-00.27.03:771][219]LogAudioMixer: Display: Audio Mixer Platform Settings:
[2026.03.15-00.27.03:771][219]LogAudioMixer: Display: 	Sample Rate:						  48000
[2026.03.15-00.27.03:771][219]LogAudioMixer: Display: 	Callback Buffer Frame Size Requested: 1024
[2026.03.15-00.27.03:771][219]LogAudioMixer: Display: 	Callback Buffer Frame Size To Use:	  1024
[2026.03.15-00.27.03:771][219]LogAudioMixer: Display: 	Number of buffers to queue:			  2
[2026.03.15-00.27.03:771][219]LogAudioMixer: Display: 	Max Channels (voices):				  32
[2026.03.15-00.27.03:771][219]LogAudioMixer: Display: 	Number of Async Source Workers:		  0
[2026.03.15-00.27.03:771][219]LogAudio: Display: AudioDevice MaxSources: 32
[2026.03.15-00.27.03:772][219]LogAudio: Display: Audio Spatialization Plugin: None (built-in).
[2026.03.15-00.27.03:772][219]LogAudio: Display: Audio Reverb Plugin: None (built-in).
[2026.03.15-00.27.03:772][219]LogAudio: Display: Audio Occlusion Plugin: None (built-in).
[2026.03.15-00.27.03:772][219]LogAudioMixer: Display: Initializing audio mixer.
[2026.03.15-00.27.03:775][219]LogAudioMixer: Display: 0: FrontLeft
[2026.03.15-00.27.03:775][219]LogAudioMixer: Display: 1: FrontRight
[2026.03.15-00.27.03:775][219]LogAudioMixer: Display: 2: FrontCenter
[2026.03.15-00.27.03:775][219]LogAudioMixer: Display: 3: LowFrequency
[2026.03.15-00.27.03:775][219]LogAudioMixer: Display: 4: BackLeft
[2026.03.15-00.27.03:775][219]LogAudioMixer: Display: 5: BackRight
[2026.03.15-00.27.03:775][219]LogAudioMixer: Display: 6: SideLeft
[2026.03.15-00.27.03:775][219]LogAudioMixer: Display: 7: SideRight
[2026.03.15-00.27.03:787][219]LogAudioMixer: Display: Using Audio Device Headset Earphone (CORSAIR VOID PRO Wireless Gaming Headset)
[2026.03.15-00.27.03:788][219]LogAudioMixer: Display: Initializing Sound Submixes...
[2026.03.15-00.27.03:788][219]LogAudioMixer: Display: Creating Master Submix 'MasterSubmixDefault'
[2026.03.15-00.27.03:788][219]LogAudioMixer: Display: Creating Master Submix 'MasterReverbSubmixDefault'
[2026.03.15-00.27.03:788][219]LogAudioMixer: Display: Creating Master Submix 'MasterEQSubmixDefault'
[2026.03.15-00.27.03:788][219]LogAudioMixer: FMixerPlatformXAudio2::StartAudioStream() called
[2026.03.15-00.27.03:788][219]LogAudioMixer: Display: Output buffers initialized: Frames=1024, Channels=8, Samples=8192
[2026.03.15-00.27.03:789][219]LogAudioMixer: Display: Starting AudioMixerPlatformInterface::RunInternal()
[2026.03.15-00.27.03:789][219]LogAudioMixer: Display: FMixerPlatformXAudio2::SubmitBuffer() called for the first time
[2026.03.15-00.27.03:789][219]LogInit: FAudioDevice initialized.
[2026.03.15-00.27.03:789][219]LogAudio: Display: Audio Device (ID: 10) registered with world 'MainLevel'.
[2026.03.15-00.27.03:800][219]LogLoad: Game class is 'GM_RoadHopper_C'
[2026.03.15-00.27.03:836][219]LogWorld: Bringing World /Game/Levels/UEDPIE_0_MainLevel.MainLevel up for play (max tick rate 0) at 2026.03.14-18.27.03
[2026.03.15-00.27.03:837][219]LogWorld: Bringing up level for play took: 0.036973
[2026.03.15-00.27.03:837][219]LogOnline: OSS: Creating online subsystem instance for: :Context_21
[2026.03.15-00.27.03:846][219]LogBlueprintUserMessages: [GM_RoadHopper_C_0] Hello
[2026.03.15-00.27.03:846][219]PIE: Server logged in
[2026.03.15-00.27.03:847][219]PIE: Play in editor total start time 0.28 seconds.
[2026.03.15-00.27.03:849][219]LogOutputDevice: Warning: 

Script Stack (1 frames):
BP_Car_C.ReceiveTick

[2026.03.15-00.27.03:888][219]LogStats: FPlatformStackWalk::StackWalkAndDump -  0.039 s
[2026.03.15-00.27.03:888][219]LogOutputDevice: Error: === Handled ensure: ===
[2026.03.15-00.27.03:888][219]LogOutputDevice: Error: 
[2026.03.15-00.27.03:888][219]LogOutputDevice: Error: Ensure condition failed: NewObject->IsA(this->GeneratedClass) [File:D:/Build/++UE4/Sync/Engine/Source/Runtime/Engine/Private/Blueprint.cpp] [Line: 904]
[2026.03.15-00.27.03:888][219]LogOutputDevice: Error: Type mismatch: Expected BP_Car_C, Found REINST_BP_Car_C_118
[2026.03.15-00.27.03:888][219]LogOutputDevice: Error: Stack: 
[2026.03.15-00.27.03:888][219]LogOutputDevice: Error: [Callstack] 0x00007ffc6268d517 UE4Editor-Engine.dll!UnknownFunction []
[2026.03.15-00.27.03:888][219]LogOutputDevice: Error: [Callstack] 0x00007ffc60f4ef24 UE4Editor-Engine.dll!UnknownFunction []
[2026.03.15-00.27.03:888][219]LogOutputDevice: Error: [Callstack] 0x00007ffc6443f8de UE4Editor-UnrealEd.dll!UnknownFunction []
[2026.03.15-00.27.03:888][219]LogOutputDevice: Error: [Callstack] 0x00007ffc6489231a UE4Editor-UnrealEd.dll!UnknownFunction []
[2026.03.15-00.27.03:888][219]LogOutputDevice: Error: [Callstack] 0x00007ffca2005c41 UE4Editor-CoreUObject.dll!UnknownFunction []
[2026.03.15-00.27.03:888][219]LogOutputDevice: Error: [Callstack] 0x00007ffca2011770 UE4Editor-CoreUObject.dll!UnknownFunction []
[2026.03.15-00.27.03:888][219]LogOutputDevice: Error: [Callstack] 0x00007ffca1fe4d8d UE4Editor-CoreUObject.dll!UnknownFunction []
[2026.03.15-00.27.03:888][219]LogOutputDevice: Error: [Callstack] 0x00007ffca1fe4184 UE4Editor-CoreUObject.dll!UnknownFunction []
[2026.03.15-00.27.03:888][219]LogOutputDevice: Error: [Callstack] 0x00007ffca1d019c4 UE4Editor-CoreUObject.dll!UnknownFunction []
[2026.03.15-00.27.03:888][219]LogOutputDevice: Error: [Callstack] 0x00007ffca1fe3ca3 UE4Editor-CoreUObject.dll!UnknownFunction []
[2026.03.15-00.27.03:888][219]LogOutputDevice: Error: [Callstack] 0x00007ffc60c4942a UE4Editor-Engine.dll!UnknownFunction []
[2026.03.15-00.27.03:888][219]LogOutputDevice: Error: [Callstack] 0x00007ffc62033a4a UE4Editor-Engine.dll!UnknownFunction []
[2026.03.15-00.27.03:888][219]LogOutputDevice: Error: [Callstack] 0x00007ffc60c6031b UE4Editor-Engine.dll!UnknownFunction []
[2026.03.15-00.27.03:888][219]LogOutputDevice: Error: [Callstack] 0x00007ffc60c604da UE4Editor-Engine.dll!UnknownFunction []
[2026.03.15-00.27.03:888][219]LogOutputDevice: Error: [Callstack] 0x00007ffc60c2c06e UE4Editor-Engine.dll!UnknownFunction []
[2026.03.15-00.27.03:888][219]LogOutputDevice: Error: [Callstack] 0x00007ffc61e4410e UE4Editor-Engine.dll!UnknownFunction []
[2026.03.15-00.27.03:888][219]LogOutputDevice: Error: [Callstack] 0x00007ffc61e4d2e4 UE4Editor-Engine.dll!UnknownFunction []
[2026.03.15-00.27.03:888][219]LogOutputDevice: Error: [Callstack] 0x00007ffc8bab2398 UE4Editor-Core.dll!UnknownFunction []
[2026.03.15-00.27.03:888][219]LogOutputDevice: Error: [Callstack] 0x00007ffc8bab27ce UE4Editor-Core.dll!UnknownFunction []
[2026.03.15-00.27.03:888][219]LogOutputDevice: Error: [Callstack] 0x00007ffc8bac40bd UE4Editor-Core.dll!UnknownFunction []
[2026.03.15-00.27.03:888][219]LogOutputDevice: Error: [Callstack] 0x00007ffc61e693be UE4Editor-Engine.dll!UnknownFunction []
[2026.03.15-00.27.03:888][219]LogOutputDevice: Error: [Callstack] 0x00007ffc61e6faba UE4Editor-Engine.dll!UnknownFunction []
[2026.03.15-00.27.03:888][219]LogOutputDevice: Error: [Callstack] 0x00007ffc6155349f UE4Editor-Engine.dll!UnknownFunction []
[2026.03.15-00.27.03:888][219]LogOutputDevice: Error: [Callstack] 0x00007ffc6155e2fc UE4Editor-Engine.dll!UnknownFunction []
[2026.03.15-00.27.03:888][219]LogOutputDevice: Error: [Callstack] 0x00007ffc63ff14c3 UE4Editor-UnrealEd.dll!UnknownFunction []
[2026.03.15-00.27.03:888][219]LogOutputDevice: Error: [Callstack] 0x00007ffc648f2ba6 UE4Editor-UnrealEd.dll!UnknownFunction []
[2026.03.15-00.27.03:888][219]LogOutputDevice: Error: [Callstack] 0x00007ff715dd87a0 UE4Editor.exe!UnknownFunction []
[2026.03.15-00.27.03:888][219]LogOutputDevice: Error: [Callstack] 0x00007ff715df0fcc UE4Editor.exe!UnknownFunction []
[2026.03.15-00.27.03:888][219]LogOutputDevice: Error: [Callstack] 0x00007ff715df10ba UE4Editor.exe!UnknownFunction []
[2026.03.15-00.27.03:888][219]LogOutputDevice: Error: [Callstack] 0x00007ff715df40dd UE4Editor.exe!UnknownFunction []
[2026.03.15-00.27.03:888][219]LogOutputDevice: Error: [Callstack] 0x00007ff715e05984 UE4Editor.exe!UnknownFunction []
[2026.03.15-00.27.03:888][219]LogOutputDevice: Error: [Callstack] 0x00007ff715e0853a UE4Editor.exe!UnknownFunction []
[2026.03.15-00.27.03:888][219]LogOutputDevice: Error: [Callstack] 0x00007ffd7c2ce8d7 KERNEL32.DLL!UnknownFunction []
[2026.03.15-00.27.03:888][219]LogOutputDevice: Error: [Callstack] 0x00007ffd7d20c40c ntdll.dll!UnknownFunction []
[2026.03.15-00.27.03:888][219]LogOutputDevice: Error: 
[2026.03.15-00.27.03:898][219]LogStats:                SubmitErrorReport -  0.000 s
[2026.03.15-00.27.04:740][219]LogStats:                    SendNewReport -  0.842 s
[2026.03.15-00.27.04:740][219]LogStats:             FDebug::EnsureFailed -  0.891 s
[2026.03.15-00.27.10:040][849]LogSlate: Updating window title bar state: overlay mode, drag disabled, window buttons hidden, title bar hidden
[2026.03.15-00.27.10:040][849]LogWorld: BeginTearingDown for /Game/Levels/UEDPIE_0_MainLevel
[2026.03.15-00.27.10:041][849]LogWorld: UWorld::CleanupWorld for MainLevel, bSessionEnded=true, bCleanupResources=true
[2026.03.15-00.27.10:080][849]LogSlate: InvalidateAllWidgets triggered.  All widgets were invalidated
[2026.03.15-00.27.10:089][849]LogPlayLevel: Display: Shutting down PIE online subsystems
[2026.03.15-00.27.10:097][849]LogSlate: InvalidateAllWidgets triggered.  All widgets were invalidated
[2026.03.15-00.27.10:119][849]LogSlate: Updating window title bar state: overlay mode, drag disabled, window buttons hidden, title bar hidden
[2026.03.15-00.27.10:125][849]LogAudioMixer: FMixerPlatformXAudio2::StopAudioStream() called
[2026.03.15-00.27.10:126][849]LogAudioMixer: FMixerPlatformXAudio2::StopAudioStream() called
[2026.03.15-00.27.10:135][849]LogUObjectHash: Compacting FUObjectHashTables data took   2.26ms
[2026.03.15-00.27.10:161][850]LogPlayLevel: Display: Destroying online subsystem :Context_21
[2026.03.15-00.27.28:321][540]LogTemp: Repeating last play command: Selected Viewport
[2026.03.15-00.27.28:325][540]LogPlayLevel: PlayLevel: No blueprints needed recompiling
[2026.03.15-00.27.28:325][540]PIE: New page: PIE session: MainLevel (Mar. 14, 2026, 12:27:28 p.m.)
[2026.03.15-00.27.28:359][540]LogPlayLevel: Creating play world package: /Game/Levels/UEDPIE_0_MainLevel
[2026.03.15-00.27.28:449][540]LogPlayLevel: PIE: StaticDuplicateObject took: (0.090138s)
[2026.03.15-00.27.28:450][540]LogAIModule: Creating AISystem for world MainLevel
[2026.03.15-00.27.28:450][540]LogPlayLevel: PIE: World Init took: (0.001386s)
[2026.03.15-00.27.28:450][540]LogPlayLevel: PIE: Created PIE world by copying editor world from /Game/Levels/MainLevel.MainLevel to /Game/Levels/UEDPIE_0_MainLevel.MainLevel (0.091772s)
[2026.03.15-00.27.28:473][540]LogUObjectHash: Compacting FUObjectHashTables data took   2.09ms
[2026.03.15-00.27.28:477][540]LogAudio: Display: Creating Audio Device:                 Id: 11, Scope: Unique, Realtime: True
[2026.03.15-00.27.28:477][540]LogAudioMixer: Display: Audio Mixer Platform Settings:
[2026.03.15-00.27.28:477][540]LogAudioMixer: Display: 	Sample Rate:						  48000
[2026.03.15-00.27.28:477][540]LogAudioMixer: Display: 	Callback Buffer Frame Size Requested: 1024
[2026.03.15-00.27.28:477][540]LogAudioMixer: Display: 	Callback Buffer Frame Size To Use:	  1024
[2026.03.15-00.27.28:477][540]LogAudioMixer: Display: 	Number of buffers to queue:			  2
[2026.03.15-00.27.28:477][540]LogAudioMixer: Display: 	Max Channels (voices):				  32
[2026.03.15-00.27.28:477][540]LogAudioMixer: Display: 	Number of Async Source Workers:		  0
[2026.03.15-00.27.28:477][540]LogAudio: Display: AudioDevice MaxSources: 32
[2026.03.15-00.27.28:477][540]LogAudio: Display: Audio Spatialization Plugin: None (built-in).
[2026.03.15-00.27.28:477][540]LogAudio: Display: Audio Reverb Plugin: None (built-in).
[2026.03.15-00.27.28:477][540]LogAudio: Display: Audio Occlusion Plugin: None (built-in).
[2026.03.15-00.27.28:477][540]LogAudioMixer: Display: Initializing audio mixer.
[2026.03.15-00.27.28:480][540]LogAudioMixer: Display: 0: FrontLeft
[2026.03.15-00.27.28:480][540]LogAudioMixer: Display: 1: FrontRight
[2026.03.15-00.27.28:480][540]LogAudioMixer: Display: 2: FrontCenter
[2026.03.15-00.27.28:480][540]LogAudioMixer: Display: 3: LowFrequency
[2026.03.15-00.27.28:480][540]LogAudioMixer: Display: 4: BackLeft
[2026.03.15-00.27.28:480][540]LogAudioMixer: Display: 5: BackRight
[2026.03.15-00.27.28:481][540]LogAudioMixer: Display: 6: SideLeft
[2026.03.15-00.27.28:481][540]LogAudioMixer: Display: 7: SideRight
[2026.03.15-00.27.28:493][540]LogAudioMixer: Display: Using Audio Device Headset Earphone (CORSAIR VOID PRO Wireless Gaming Headset)
[2026.03.15-00.27.28:493][540]LogAudioMixer: Display: Initializing Sound Submixes...
[2026.03.15-00.27.28:493][540]LogAudioMixer: Display: Creating Master Submix 'MasterSubmixDefault'
[2026.03.15-00.27.28:493][540]LogAudioMixer: Display: Creating Master Submix 'MasterReverbSubmixDefault'
[2026.03.15-00.27.28:494][540]LogAudioMixer: Display: Creating Master Submix 'MasterEQSubmixDefault'
[2026.03.15-00.27.28:494][540]LogAudioMixer: FMixerPlatformXAudio2::StartAudioStream() called
[2026.03.15-00.27.28:494][540]LogAudioMixer: Display: Output buffers initialized: Frames=1024, Channels=8, Samples=8192
[2026.03.15-00.27.28:494][540]LogAudioMixer: Display: Starting AudioMixerPlatformInterface::RunInternal()
[2026.03.15-00.27.28:494][540]LogAudioMixer: Display: FMixerPlatformXAudio2::SubmitBuffer() called for the first time
[2026.03.15-00.27.28:494][540]LogInit: FAudioDevice initialized.
[2026.03.15-00.27.28:494][540]LogAudio: Display: Audio Device (ID: 11) registered with world 'MainLevel'.
[2026.03.15-00.27.28:507][540]LogLoad: Game class is 'GM_RoadHopper_C'
[2026.03.15-00.27.28:544][540]LogWorld: Bringing World /Game/Levels/UEDPIE_0_MainLevel.MainLevel up for play (max tick rate 0) at 2026.03.14-18.27.28
[2026.03.15-00.27.28:545][540]LogWorld: Bringing up level for play took: 0.037422
[2026.03.15-00.27.28:545][540]LogOnline: OSS: Creating online subsystem instance for: :Context_22
[2026.03.15-00.27.28:554][540]LogBlueprintUserMessages: [GM_RoadHopper_C_0] Hello
[2026.03.15-00.27.28:554][540]PIE: Server logged in
[2026.03.15-00.27.28:554][540]PIE: Play in editor total start time 0.23 seconds.
[2026.03.15-00.27.36:520][226]LogSlate: Updating window title bar state: overlay mode, drag disabled, window buttons hidden, title bar hidden
[2026.03.15-00.27.36:520][226]LogWorld: BeginTearingDown for /Game/Levels/UEDPIE_0_MainLevel
[2026.03.15-00.27.36:521][226]LogWorld: UWorld::CleanupWorld for MainLevel, bSessionEnded=true, bCleanupResources=true
[2026.03.15-00.27.36:561][226]LogSlate: InvalidateAllWidgets triggered.  All widgets were invalidated
[2026.03.15-00.27.36:572][226]LogPlayLevel: Display: Shutting down PIE online subsystems
[2026.03.15-00.27.36:581][226]LogSlate: InvalidateAllWidgets triggered.  All widgets were invalidated
[2026.03.15-00.27.36:609][226]LogAudio: Display: Audio Device unregistered from world 'None'.
[2026.03.15-00.27.36:609][226]LogAudioMixer: FMixerPlatformXAudio2::StopAudioStream() called
[2026.03.15-00.27.36:610][226]LogAudioMixer: FMixerPlatformXAudio2::StopAudioStream() called
[2026.03.15-00.27.36:616][226]LogSlate: Updating window title bar state: overlay mode, drag disabled, window buttons hidden, title bar hidden
[2026.03.15-00.27.36:623][226]LogUObjectHash: Compacting FUObjectHashTables data took   2.24ms
[2026.03.15-00.27.36:665][227]LogPlayLevel: Display: Destroying online subsystem :Context_22
[2026.03.15-00.27.45:063][784]LogTemp: Repeating last play command: Selected Viewport
[2026.03.15-00.27.45:067][784]LogPlayLevel: PlayLevel: No blueprints needed recompiling
[2026.03.15-00.27.45:067][784]PIE: New page: PIE session: MainLevel (Mar. 14, 2026, 12:27:45 p.m.)
[2026.03.15-00.27.45:067][784]LogPlayLevel: Creating play world package: /Game/Levels/UEDPIE_0_MainLevel
[2026.03.15-00.27.45:156][784]LogPlayLevel: PIE: StaticDuplicateObject took: (0.088017s)
[2026.03.15-00.27.45:156][784]LogAIModule: Creating AISystem for world MainLevel
[2026.03.15-00.27.45:157][784]LogPlayLevel: PIE: World Init took: (0.001063s)
[2026.03.15-00.27.45:157][784]LogPlayLevel: PIE: Created PIE world by copying editor world from /Game/Levels/MainLevel.MainLevel to /Game/Levels/UEDPIE_0_MainLevel.MainLevel (0.089291s)
[2026.03.15-00.27.45:180][784]LogUObjectHash: Compacting FUObjectHashTables data took   2.20ms
[2026.03.15-00.27.45:183][784]LogAudio: Display: Creating Audio Device:                 Id: 12, Scope: Unique, Realtime: True
[2026.03.15-00.27.45:183][784]LogAudioMixer: Display: Audio Mixer Platform Settings:
[2026.03.15-00.27.45:183][784]LogAudioMixer: Display: 	Sample Rate:						  48000
[2026.03.15-00.27.45:183][784]LogAudioMixer: Display: 	Callback Buffer Frame Size Requested: 1024
[2026.03.15-00.27.45:183][784]LogAudioMixer: Display: 	Callback Buffer Frame Size To Use:	  1024
[2026.03.15-00.27.45:183][784]LogAudioMixer: Display: 	Number of buffers to queue:			  2
[2026.03.15-00.27.45:183][784]LogAudioMixer: Display: 	Max Channels (voices):				  32
[2026.03.15-00.27.45:183][784]LogAudioMixer: Display: 	Number of Async Source Workers:		  0
[2026.03.15-00.27.45:183][784]LogAudio: Display: AudioDevice MaxSources: 32
[2026.03.15-00.27.45:184][784]LogAudio: Display: Audio Spatialization Plugin: None (built-in).
[2026.03.15-00.27.45:184][784]LogAudio: Display: Audio Reverb Plugin: None (built-in).
[2026.03.15-00.27.45:184][784]LogAudio: Display: Audio Occlusion Plugin: None (built-in).
[2026.03.15-00.27.45:184][784]LogAudioMixer: Display: Initializing audio mixer.
[2026.03.15-00.27.45:186][784]LogAudioMixer: Display: 0: FrontLeft
[2026.03.15-00.27.45:187][784]LogAudioMixer: Display: 1: FrontRight
[2026.03.15-00.27.45:187][784]LogAudioMixer: Display: 2: FrontCenter
[2026.03.15-00.27.45:187][784]LogAudioMixer: Display: 3: LowFrequency
[2026.03.15-00.27.45:187][784]LogAudioMixer: Display: 4: BackLeft
[2026.03.15-00.27.45:187][784]LogAudioMixer: Display: 5: BackRight
[2026.03.15-00.27.45:187][784]LogAudioMixer: Display: 6: SideLeft
[2026.03.15-00.27.45:187][784]LogAudioMixer: Display: 7: SideRight
[2026.03.15-00.27.45:200][784]LogAudioMixer: Display: Using Audio Device Headset Earphone (CORSAIR VOID PRO Wireless Gaming Headset)
[2026.03.15-00.27.45:200][784]LogAudioMixer: Display: Initializing Sound Submixes...
[2026.03.15-00.27.45:201][784]LogAudioMixer: Display: Creating Master Submix 'MasterSubmixDefault'
[2026.03.15-00.27.45:201][784]LogAudioMixer: Display: Creating Master Submix 'MasterReverbSubmixDefault'
[2026.03.15-00.27.45:201][784]LogAudioMixer: Display: Creating Master Submix 'MasterEQSubmixDefault'
[2026.03.15-00.27.45:201][784]LogAudioMixer: FMixerPlatformXAudio2::StartAudioStream() called
[2026.03.15-00.27.45:201][784]LogAudioMixer: Display: Output buffers initialized: Frames=1024, Channels=8, Samples=8192
[2026.03.15-00.27.45:202][784]LogAudioMixer: Display: Starting AudioMixerPlatformInterface::RunInternal()
[2026.03.15-00.27.45:202][784]LogAudioMixer: Display: FMixerPlatformXAudio2::SubmitBuffer() called for the first time
[2026.03.15-00.27.45:202][784]LogInit: FAudioDevice initialized.
[2026.03.15-00.27.45:202][784]LogAudio: Display: Audio Device (ID: 12) registered with world 'MainLevel'.
[2026.03.15-00.27.45:217][784]LogLoad: Game class is 'GM_RoadHopper_C'
[2026.03.15-00.27.45:253][784]LogWorld: Bringing World /Game/Levels/UEDPIE_0_MainLevel.MainLevel up for play (max tick rate 0) at 2026.03.14-18.27.45
[2026.03.15-00.27.45:254][784]LogWorld: Bringing up level for play took: 0.036256
[2026.03.15-00.27.45:254][784]LogOnline: OSS: Creating online subsystem instance for: :Context_23
[2026.03.15-00.27.45:263][784]LogBlueprintUserMessages: [GM_RoadHopper_C_0] Hello
[2026.03.15-00.27.45:263][784]PIE: Server logged in
[2026.03.15-00.27.45:263][784]PIE: Play in editor total start time 0.197 seconds.
[2026.03.15-00.27.56:242][ 37]LogSlate: Window 'BP_Ambulance' being destroyed
[2026.03.15-00.27.56:249][ 37]LogSlate: Window 'BP_Ambulance' being destroyed
[2026.03.15-00.27.56:251][ 37]LogWorld: UWorld::CleanupWorld for World_9, bSessionEnded=true, bCleanupResources=true
[2026.03.15-00.27.56:251][ 37]LogSlate: InvalidateAllWidgets triggered.  All widgets were invalidated
[2026.03.15-00.28.00:690][545]LogSlate: Updating window title bar state: overlay mode, drag disabled, window buttons hidden, title bar hidden
[2026.03.15-00.28.00:690][545]LogWorld: BeginTearingDown for /Game/Levels/UEDPIE_0_MainLevel
[2026.03.15-00.28.00:691][545]LogWorld: UWorld::CleanupWorld for MainLevel, bSessionEnded=true, bCleanupResources=true
[2026.03.15-00.28.00:732][545]LogSlate: InvalidateAllWidgets triggered.  All widgets were invalidated
[2026.03.15-00.28.00:740][545]LogPlayLevel: Display: Shutting down PIE online subsystems
[2026.03.15-00.28.00:749][545]LogSlate: InvalidateAllWidgets triggered.  All widgets were invalidated
[2026.03.15-00.28.00:779][545]LogAudio: Display: Audio Device unregistered from world 'None'.
[2026.03.15-00.28.00:779][545]LogAudioMixer: FMixerPlatformXAudio2::StopAudioStream() called
[2026.03.15-00.28.00:780][545]LogAudioMixer: FMixerPlatformXAudio2::StopAudioStream() called
[2026.03.15-00.28.00:785][545]LogSlate: Updating window title bar state: overlay mode, drag disabled, window buttons hidden, title bar hidden
[2026.03.15-00.28.00:803][545]LogUObjectHash: Compacting FUObjectHashTables data took   2.42ms
[2026.03.15-00.28.00:820][546]LogPlayLevel: Display: Destroying online subsystem :Context_23
[2026.03.15-00.28.47:730][ 88]LogUObjectHash: Compacting FUObjectHashTables data took   2.15ms
[2026.03.15-00.28.48:106][ 88]LogSavePackage: Moving 'C:/Users/titan/Desktop/Titan_RoadHopper/RoadHopper4.27/Saved/MainLevel_Auto25214A6D642609EB70B1C4A9A4A2C7694.tmp' to 'C:/Users/titan/Desktop/Titan_RoadHopper/RoadHopper4.27/Saved/Autosaves/Game/Levels/MainLevel_Auto2.umap'
[2026.03.15-00.28.48:109][ 88]LogFileHelpers: Editor autosave (incl. external actors) for '/Game/Levels/MainLevel' took 0.416
[2026.03.15-00.28.48:109][ 88]LogFileHelpers: Editor autosave (incl. sublevels & external actors) for all levels took 0.416
[2026.03.15-00.28.48:110][ 88]OBJ SavePackage: Generating thumbnails for [2] asset(s) in package [/Game/Blueprints/BP_Car] ([4] browsable assets)...
[2026.03.15-00.28.48:117][ 88]OBJ SavePackage:     Rendered thumbnail for [Blueprint /Game/Blueprints/BP_Car.BP_Car]
[2026.03.15-00.28.48:123][ 88]OBJ SavePackage:     Rendered thumbnail for [Blueprint /Game/Blueprints/BP_Car.BP_Car]
[2026.03.15-00.28.48:123][ 88]OBJ SavePackage: Finished generating thumbnails for package [/Game/Blueprints/BP_Car]
[2026.03.15-00.28.48:123][ 88]Cmd: OBJ SAVEPACKAGE PACKAGE="/Game/Blueprints/BP_Car" FILE="C:/Users/titan/Desktop/Titan_RoadHopper/RoadHopper4.27/Saved/Autosaves/Game/Blueprints/BP_Car_Auto2.uasset" SILENT=false AUTOSAVING=true
[2026.03.15-00.28.48:129][ 88]LogSavePackage: Moving 'C:/Users/titan/Desktop/Titan_RoadHopper/RoadHopper4.27/Saved/BP_Car_Auto25A47035E488A2C1926B8DB8367A9AB85.tmp' to 'C:/Users/titan/Desktop/Titan_RoadHopper/RoadHopper4.27/Saved/Autosaves/Game/Blueprints/BP_Car_Auto2.uasset'
[2026.03.15-00.28.48:130][ 88]LogFileHelpers: Auto-saving content packages took 0.021
[2026.03.15-00.28.52:701][622]LogUObjectHash: Compacting FUObjectHashTables data took   0.45ms
[2026.03.15-00.28.52:725][622]Cmd: OBJ SAVEPACKAGE PACKAGE="/Game/Levels/MainLevel" FILE="C:/Users/titan/Desktop/Titan_RoadHopper/RoadHopper4.27/Content/Levels/MainLevel.umap" SILENT=true AUTOSAVING=false KEEPDIRTY=false
[2026.03.15-00.28.52:742][622]LogUObjectHash: Compacting FUObjectHashTables data took   0.45ms
[2026.03.15-00.28.53:116][622]LogSavePackage: Moving 'C:/Users/titan/Desktop/Titan_RoadHopper/RoadHopper4.27/Saved/MainLevelAE83072D4BA8924539599281BF80324B.tmp' to 'C:/Users/titan/Desktop/Titan_RoadHopper/RoadHopper4.27/Content/Levels/MainLevel.umap'
[2026.03.15-00.28.53:124][622]LogFileHelpers: Saving map 'MainLevel' took 0.399
[2026.03.15-00.28.53:124][622]Cmd: OBJ SAVEPACKAGE PACKAGE="/Game/Blueprints/BP_Car" FILE="C:/Users/titan/Desktop/Titan_RoadHopper/RoadHopper4.27/Content/Blueprints/BP_Car.uasset" SILENT=true
[2026.03.15-00.28.53:129][622]LogSavePackage: Moving 'C:/Users/titan/Desktop/Titan_RoadHopper/RoadHopper4.27/Saved/BP_CarAE1305C448B986CDC7A6098D77866457.tmp' to 'C:/Users/titan/Desktop/Titan_RoadHopper/RoadHopper4.27/Content/Blueprints/BP_Car.uasset'
[2026.03.15-00.28.53:141][622]Cmd: OBJ SAVEPACKAGE PACKAGE="/Game/Blueprints/BP_Ambulance" FILE="C:/Users/titan/Desktop/Titan_RoadHopper/RoadHopper4.27/Content/Blueprints/BP_Ambulance.uasset" SILENT=true
[2026.03.15-00.28.53:147][622]LogSavePackage: Moving 'C:/Users/titan/Desktop/Titan_RoadHopper/RoadHopper4.27/Saved/BP_Ambulance7966EC24428E6701913E29BBB9E468C1.tmp' to 'C:/Users/titan/Desktop/Titan_RoadHopper/RoadHopper4.27/Content/Blueprints/BP_Ambulance.uasset'
[2026.03.15-00.28.53:159][622]AssetCheck: New page: Asset Save: multiple assets
[2026.03.15-00.28.53:159][622]LogContentValidation: Display: Validating Blueprint /Game/Blueprints/BP_Car.BP_Car
[2026.03.15-00.28.53:159][622]LogContentValidation: Display: Validating World /Game/Levels/MainLevel.MainLevel
[2026.03.15-00.28.53:159][622]LogContentValidation: Display: Validating Blueprint /Game/Blueprints/BP_Ambulance.BP_Ambulance
[2026.03.15-01.10.19:189][845]LogUObjectHash: Compacting FUObjectHashTables data took   2.59ms
[2026.03.15-01.10.19:239][845]LogActorComponent: UnregisterComponent: (/Engine/Transient.EditorFloorComp) Not registered. Aborting.
[2026.03.15-01.10.19:239][845]LogWorld: UWorld::CleanupWorld for World_0, bSessionEnded=true, bCleanupResources=true
[2026.03.15-01.10.19:239][845]LogSlate: InvalidateAllWidgets triggered.  All widgets were invalidated
[2026.03.15-01.10.19:281][845]LogActorComponent: UnregisterComponent: (/Engine/Transient.EditorFloorComp) Not registered. Aborting.
[2026.03.15-01.10.19:281][845]LogWorld: UWorld::CleanupWorld for World_2, bSessionEnded=true, bCleanupResources=true
[2026.03.15-01.10.19:281][845]LogSlate: InvalidateAllWidgets triggered.  All widgets were invalidated
[2026.03.15-01.10.19:336][845]LogSlate: Window 'RoadHopper - Unreal Editor' being destroyed
[2026.03.15-01.10.19:447][846]Cmd: QUIT_EDITOR
[2026.03.15-01.10.19:447][846]LogCore: Engine exit requested (reason: UUnrealEdEngine::CloseEditor())
[2026.03.15-01.10.19:451][846]LogCore: Engine exit requested (reason: EngineExit() was called; note: exit was already requested)
[2026.03.15-01.10.19:883][846]LogAudio: Display: Beginning Audio Device Manager Shutdown (Module: AudioMixerXAudio2)...
[2026.03.15-01.10.19:883][846]LogAudio: Display: Destroying 1 Remaining Audio Device(s)...
[2026.03.15-01.10.19:883][846]LogAudio: Display: Audio Device unregistered from world 'MainLevel'.
[2026.03.15-01.10.19:883][846]LogAudioMixer: FMixerPlatformXAudio2::StopAudioStream() called
[2026.03.15-01.10.19:884][846]LogAudioMixer: FMixerPlatformXAudio2::StopAudioStream() called
[2026.03.15-01.10.19:885][846]LogAudio: Display: Audio Device Manager Shutdown
[2026.03.15-01.10.19:887][846]LogWindowsTextInputMethodSystem: Display: IME system deactivated.
[2026.03.15-01.10.19:893][846]LogExit: Preparing to exit.
[2026.03.15-01.10.20:938][846]LogUObjectHash: Compacting FUObjectHashTables data took   3.11ms
[2026.03.15-01.10.21:016][846]LogWorld: UWorld::CleanupWorld for World_1, bSessionEnded=true, bCleanupResources=true
[2026.03.15-01.10.21:019][846]LogWorld: UWorld::CleanupWorld for World_3, bSessionEnded=true, bCleanupResources=true
[2026.03.15-01.10.21:022][846]LogWorld: UWorld::CleanupWorld for World_5, bSessionEnded=true, bCleanupResources=true
[2026.03.15-01.10.21:025][846]LogWorld: UWorld::CleanupWorld for World_6, bSessionEnded=true, bCleanupResources=true
[2026.03.15-01.10.21:027][846]LogWorld: UWorld::CleanupWorld for World_10, bSessionEnded=true, bCleanupResources=true
[2026.03.15-01.10.21:030][846]LogActorComponent: UnregisterComponent: (None.None) Not registered. Aborting.
[2026.03.15-01.10.21:030][846]LogActorComponent: UnregisterComponent: (None.None) Not registered. Aborting.
[2026.03.15-01.10.21:030][846]LogActorComponent: UnregisterComponent: (None.None) Not registered. Aborting.
[2026.03.15-01.10.21:030][846]LogActorComponent: UnregisterComponent: (None.None) Not registered. Aborting.
[2026.03.15-01.10.21:030][846]LogActorComponent: UnregisterComponent: (None.None) Not registered. Aborting.
[2026.03.15-01.10.21:030][846]LogActorComponent: UnregisterComponent: (None.None) Not registered. Aborting.
[2026.03.15-01.10.21:030][846]LogActorComponent: UnregisterComponent: (None.None) Not registered. Aborting.
[2026.03.15-01.10.21:030][846]LogWorld: UWorld::CleanupWorld for None, bSessionEnded=true, bCleanupResources=true
[2026.03.15-01.10.21:032][846]LogWorld: UWorld::CleanupWorld for World_4, bSessionEnded=true, bCleanupResources=true
[2026.03.15-01.10.21:111][846]LogDemo: Cleaned up 0 splitscreen connections with owner deletion
[2026.03.15-01.10.21:118][846]LogWorld: UWorld::CleanupWorld for None, bSessionEnded=true, bCleanupResources=true
[2026.03.15-01.10.21:119][846]LogExit: Editor shut down
[2026.03.15-01.10.21:120][846]LogExit: Transaction tracking system shut down
[2026.03.15-01.10.21:317][846]LogExit: Object subsystem successfully closed.
[2026.03.15-01.10.21:367][846]LogShaderCompilers: Display: === FShaderJobCache stats ===
[2026.03.15-01.10.21:367][846]LogShaderCompilers: Display: Total job queries 18, among them cache hits 2 (11.11%)
[2026.03.15-01.10.21:367][846]LogShaderCompilers: Display: Tracking 16 distinct input hashes that result in 13 distinct outputs (81.25%)
[2026.03.15-01.10.21:367][846]LogShaderCompilers: Display: RAM used: 0.07 MB (0.00 GB) of 1638.40 MB (1.60 GB) budget. Usage: 0.00%
[2026.03.15-01.10.21:367][846]LogShaderCompilers: Display: ================================================
[2026.03.15-01.10.21:376][846]LogShaderCompilers: Display: Shaders left to compile 0
[2026.03.15-01.10.21:387][846]LogModuleManager: Shutting down and abandoning module HierarchicalLODUtilities (878)
[2026.03.15-01.10.21:387][846]LogModuleManager: Shutting down and abandoning module MovieSceneCapture (876)
[2026.03.15-01.10.21:387][846]LogModuleManager: Shutting down and abandoning module Voice (874)
[2026.03.15-01.10.21:387][846]LogModuleManager: Shutting down and abandoning module BlueprintGraph (872)
[2026.03.15-01.10.21:387][846]LogModuleManager: Shutting down and abandoning module HierarchicalLODOutliner (870)
[2026.03.15-01.10.21:387][846]LogModuleManager: Shutting down and abandoning module SceneOutliner (868)
[2026.03.15-01.10.21:387][846]LogModuleManager: Shutting down and abandoning module AddContentDialog (866)
[2026.03.15-01.10.21:388][846]LogModuleManager: Shutting down and abandoning module WidgetCarousel (865)
[2026.03.15-01.10.21:388][846]LogModuleManager: Shutting down and abandoning module EditorWidgets (862)
[2026.03.15-01.10.21:388][846]LogModuleManager: Shutting down and abandoning module StatsViewer (860)
[2026.03.15-01.10.21:388][846]LogModuleManager: Shutting down and abandoning module PIEPreviewDeviceProfileSelector (858)
[2026.03.15-01.10.21:388][846]LogModuleManager: Shutting down and abandoning module SequenceRecorderSections (856)
[2026.03.15-01.10.21:388][846]LogModuleManager: Shutting down and abandoning module AutomationWorker (854)
[2026.03.15-01.10.21:388][846]LogModuleManager: Shutting down and abandoning module SteamVREditor (852)
[2026.03.15-01.10.21:388][846]LogModuleManager: Shutting down and abandoning module OculusMR (850)
[2026.03.15-01.10.21:388][846]LogModuleManager: Shutting down and abandoning module TakeRecorderSources (848)
[2026.03.15-01.10.21:388][846]LogModuleManager: Shutting down and abandoning module TakeRecorder (847)
[2026.03.15-01.10.21:388][846]LogModuleManager: Shutting down and abandoning module TakeTrackRecorders (844)
[2026.03.15-01.10.21:388][846]LogModuleManager: Shutting down and abandoning module TakesCore (842)
[2026.03.15-01.10.21:388][846]LogModuleManager: Shutting down and abandoning module OpenXRInput (840)
[2026.03.15-01.10.21:388][846]LogModuleManager: Shutting down and abandoning module GooglePADEditor (838)
[2026.03.15-01.10.21:388][846]LogModuleManager: Shutting down and abandoning module AudioCaptureEditor (836)
[2026.03.15-01.10.21:388][846]LogModuleManager: Shutting down and abandoning module MatineeToLevelSequence (834)
[2026.03.15-01.10.21:388][846]LogModuleManager: Shutting down and abandoning module TemplateSequenceEditor (832)
[2026.03.15-01.10.21:388][846]LogModuleManager: Shutting down and abandoning module WmfMediaFactory (830)
[2026.03.15-01.10.21:388][846]LogModuleManager: Shutting down and abandoning module WmfMediaEditor (828)
[2026.03.15-01.10.21:388][846]LogModuleManager: Shutting down and abandoning module WebMMediaFactory (826)
[2026.03.15-01.10.21:388][846]LogModuleManager: Shutting down and abandoning module WebMMediaEditor (824)
[2026.03.15-01.10.21:388][846]LogModuleManager: Shutting down and abandoning module WebMMedia (822)
[2026.03.15-01.10.21:388][846]LogModuleManager: Shutting down and abandoning module MediaPlayerEditor (820)
[2026.03.15-01.10.21:388][846]LogModuleManager: Shutting down and abandoning module LevelSequenceEditor (818)
[2026.03.15-01.10.21:388][846]LogModuleManager: Shutting down and abandoning module MediaCompositingEditor (816)
[2026.03.15-01.10.21:388][846]LogModuleManager: Shutting down and abandoning module SequenceRecorder (815)
[2026.03.15-01.10.21:388][846]LogModuleManager: Shutting down and abandoning module ActorSequenceEditor (812)
[2026.03.15-01.10.21:388][846]LogModuleManager: Shutting down and abandoning module OpenExrWrapper (810)
[2026.03.15-01.10.21:388][846]LogModuleManager: Shutting down and abandoning module ImgMediaFactory (808)
[2026.03.15-01.10.21:388][846]LogModuleManager: Shutting down and abandoning module ImgMediaEditor (806)
[2026.03.15-01.10.21:388][846]LogModuleManager: Shutting down and abandoning module AvfMediaFactory (804)
[2026.03.15-01.10.21:388][846]LogModuleManager: Shutting down and abandoning module AvfMediaEditor (802)
[2026.03.15-01.10.21:388][846]LogModuleManager: Shutting down and abandoning module AndroidMediaFactory (800)
[2026.03.15-01.10.21:388][846]LogModuleManager: Shutting down and abandoning module AndroidMediaEditor (798)
[2026.03.15-01.10.21:388][846]LogModuleManager: Shutting down and abandoning module MagicLeapMediaCodecFactory (796)
[2026.03.15-01.10.21:388][846]LogModuleManager: Shutting down and abandoning module MagicLeapMediaFactory (794)
[2026.03.15-01.10.21:388][846]LogModuleManager: Shutting down and abandoning module MagicLeapMediaEditor (792)
[2026.03.15-01.10.21:388][846]LogModuleManager: Shutting down and abandoning module PlanarCut (790)
[2026.03.15-01.10.21:388][846]LogModuleManager: Shutting down and abandoning module CharacterAI (788)
[2026.03.15-01.10.21:388][846]LogModuleManager: Shutting down and abandoning module TextureAlignMode (786)
[2026.03.15-01.10.21:388][846]LogModuleManager: Shutting down and abandoning module BspMode (784)
[2026.03.15-01.10.21:388][846]LogModuleManager: Shutting down and abandoning module GeometryMode (782)
[2026.03.15-01.10.21:388][846]LogModuleManager: Shutting down and abandoning module CameraShakePreviewer (780)
[2026.03.15-01.10.21:389][846]LogModuleManager: Shutting down and abandoning module SmartSnapping (778)
[2026.03.15-01.10.21:389][846]LogModuleManager: Shutting down and abandoning module SessionServices (776)
[2026.03.15-01.10.21:389][846]LogModuleManager: Shutting down and abandoning module MeshPaint (774)
[2026.03.15-01.10.21:389][846]LogModuleManager: Shutting down and abandoning module VirtualTexturingEditor (772)
[2026.03.15-01.10.21:389][846]LogModuleManager: Shutting down and abandoning module FoliageEdit (770)
[2026.03.15-01.10.21:389][846]LogModuleManager: Shutting down and abandoning module LandscapeEditor (768)
[2026.03.15-01.10.21:389][846]LogModuleManager: Shutting down and abandoning module MeshPaintMode (766)
[2026.03.15-01.10.21:389][846]LogModuleManager: Shutting down and abandoning module SceneDepthPickerMode (764)
[2026.03.15-01.10.21:389][846]LogModuleManager: Shutting down and abandoning module ActorPickerMode (762)
[2026.03.15-01.10.21:389][846]LogModuleManager: Shutting down and abandoning module PlacementMode (760)
[2026.03.15-01.10.21:389][846]LogModuleManager: Shutting down and abandoning module ViewportSnapping (758)
[2026.03.15-01.10.21:389][846]LogModuleManager: Shutting down and abandoning module ViewportInteraction (756)
[2026.03.15-01.10.21:389][846]LogModuleManager: Shutting down and abandoning module ClothPainter (754)
[2026.03.15-01.10.21:389][846]LogModuleManager: Shutting down and abandoning module SkeletalMeshEditor (753)
[2026.03.15-01.10.21:389][846]LogModuleManager: Shutting down and abandoning module LogVisualizer (750)
[2026.03.15-01.10.21:389][846]LogModuleManager: Shutting down and abandoning module IntroTutorials (748)
[2026.03.15-01.10.21:389][846]LogModuleManager: Shutting down and abandoning module GameProjectGeneration (747)
[2026.03.15-01.10.21:389][846]LogModuleManager: Shutting down and abandoning module LuminPlatformEditor (744)
[2026.03.15-01.10.21:389][846]LogModuleManager: Shutting down and abandoning module IOSPlatformEditor (742)
[2026.03.15-01.10.21:389][846]LogModuleManager: Shutting down and abandoning module AndroidPlatformEditor (740)
[2026.03.15-01.10.21:389][846]LogModuleManager: Shutting down and abandoning module AndroidDeviceDetection (739)
[2026.03.15-01.10.22:841][846]LogModuleManager: Shutting down and abandoning module WindowsPlatformEditor (736)
[2026.03.15-01.10.22:841][846]LogModuleManager: Shutting down and abandoning module LuminRuntimeSettings (734)
[2026.03.15-01.10.22:841][846]LogModuleManager: Shutting down and abandoning module IOSRuntimeSettings (732)
[2026.03.15-01.10.22:842][846]LogModuleManager: Shutting down and abandoning module AndroidRuntimeSettings (730)
[2026.03.15-01.10.22:842][846]LogModuleManager: Shutting down and abandoning module TraceInsights (728)
[2026.03.15-01.10.22:842][846]MemoryProfiler: Shutdown
[2026.03.15-01.10.22:842][846]NetworkingProfiler: Shutdown
[2026.03.15-01.10.22:842][846]LoadingProfiler: Shutdown
[2026.03.15-01.10.22:842][846]TimingProfiler: Shutdown
[2026.03.15-01.10.22:843][846]LogModuleManager: Shutting down and abandoning module TraceServices (727)
[2026.03.15-01.10.22:843][846]LogModuleManager: Shutting down and abandoning module EditorInteractiveToolsFramework (724)
[2026.03.15-01.10.22:843][846]LogModuleManager: Shutting down and abandoning module TimeManagementEditor (722)
[2026.03.15-01.10.22:843][846]LogModuleManager: Shutting down and abandoning module InputBindingEditor (720)
[2026.03.15-01.10.22:843][846]LogModuleManager: Shutting down and abandoning module MergeActors (718)
[2026.03.15-01.10.22:843][846]LogModuleManager: Shutting down and abandoning module LocalizationDashboard (716)
[2026.03.15-01.10.22:843][846]LogModuleManager: Shutting down and abandoning module LocalizationService (715)
[2026.03.15-01.10.22:844][846]LogModuleManager: Shutting down and abandoning module HardwareTargeting (712)
[2026.03.15-01.10.22:844][846]LogModuleManager: Shutting down and abandoning module DeviceProfileEditor (710)
[2026.03.15-01.10.22:844][846]LogModuleManager: Shutting down and abandoning module UndoHistory (708)
[2026.03.15-01.10.22:844][846]LogModuleManager: Shutting down and abandoning module XmlParser (706)
[2026.03.15-01.10.22:844][846]LogModuleManager: Shutting down and abandoning module Blutility (704)
[2026.03.15-01.10.22:844][846]LogModuleManager: Shutting down and abandoning module ProjectSettingsViewer (702)
[2026.03.15-01.10.22:844][846]LogModuleManager: Shutting down and abandoning module ProjectTargetPlatformEditor (701)
[2026.03.15-01.10.22:845][846]LogModuleManager: Shutting down and abandoning module EditorSettingsViewer (698)
[2026.03.15-01.10.22:845][846]LogModuleManager: Shutting down and abandoning module InternationalizationSettings (697)
[2026.03.15-01.10.22:845][846]LogModuleManager: Shutting down and abandoning module SettingsEditor (694)
[2026.03.15-01.10.22:845][846]LogModuleManager: Shutting down and abandoning module ProjectLauncher (692)
[2026.03.15-01.10.22:845][846]LogModuleManager: Shutting down and abandoning module SessionFrontend (690)
[2026.03.15-01.10.22:845][846]LogModuleManager: Shutting down and abandoning module ProfilerClient (688)
[2026.03.15-01.10.22:845][846]LogModuleManager: Shutting down and abandoning module DeviceManager (686)
[2026.03.15-01.10.22:845][846]LogModuleManager: Shutting down and abandoning module TargetDeviceServices (685)
[2026.03.15-01.10.22:877][846]LogModuleManager: Shutting down and abandoning module AutomationController (682)
[2026.03.15-01.10.22:877][846]LogModuleManager: Shutting down and abandoning module AutomationWindow (680)
[2026.03.15-01.10.22:877][846]LogModuleManager: Shutting down and abandoning module Layers (678)
[2026.03.15-01.10.22:877][846]LogModuleManager: Shutting down and abandoning module ComponentVisualizers (676)
[2026.03.15-01.10.22:877][846]LogModuleManager: Shutting down and abandoning module DetailCustomizations (674)
[2026.03.15-01.10.22:877][846]LogModuleManager: Shutting down and abandoning module PackagesDialog (672)
[2026.03.15-01.10.22:877][846]LogModuleManager: Shutting down and abandoning module AnimationBlueprintEditor (670)
[2026.03.15-01.10.22:877][846]LogModuleManager: Shutting down and abandoning module Persona (668)
[2026.03.15-01.10.22:877][846]LogModuleManager: Shutting down and abandoning module AdvancedPreviewScene (667)
[2026.03.15-01.10.22:877][846]LogModuleManager: Shutting down and abandoning module AnimGraph (665)
[2026.03.15-01.10.22:877][846]LogModuleManager: Shutting down and abandoning module Kismet (662)
[2026.03.15-01.10.22:889][846]LogModuleManager: Shutting down and abandoning module KismetWidgets (661)
[2026.03.15-01.10.22:889][846]LogModuleManager: Shutting down and abandoning module GraphEditor (658)
[2026.03.15-01.10.22:890][846]LogModuleManager: Shutting down and abandoning module StructViewer (656)
[2026.03.15-01.10.22:890][846]LogModuleManager: Shutting down and abandoning module ClassViewer (654)
[2026.03.15-01.10.22:891][846]LogModuleManager: Shutting down and abandoning module Toolbox (652)
[2026.03.15-01.10.22:891][846]LogModuleManager: Shutting down and abandoning module ModuleUI (650)
[2026.03.15-01.10.22:891][846]LogModuleManager: Shutting down and abandoning module OutputLog (648)
[2026.03.15-01.10.22:892][846]LogModuleManager: Shutting down and abandoning module GammaUI (646)
[2026.03.15-01.10.22:892][846]LogModuleManager: Shutting down and abandoning module Documentation (644)
[2026.03.15-01.10.22:892][846]LogModuleManager: Shutting down and abandoning module LiveCoding (642)
[2026.03.15-01.10.22:892][846]LogModuleManager: Shutting down and abandoning module LevelSequence (640)
[2026.03.15-01.10.22:892][846]LogModuleManager: Shutting down and abandoning module MovieSceneTracks (638)
[2026.03.15-01.10.22:892][846]LogModuleManager: Shutting down and abandoning module MovieScene (636)
[2026.03.15-01.10.22:892][846]LogModuleManager: Shutting down and abandoning module StreamingPauseRendering (634)
[2026.03.15-01.10.22:892][846]LogModuleManager: Shutting down and abandoning module LauncherPlatform (632)
[2026.03.15-01.10.22:892][846]LogModuleManager: Shutting down and abandoning module AnalyticsET (630)
[2026.03.15-01.10.22:892][846]LogModuleManager: Shutting down and abandoning module PortalServices (628)
[2026.03.15-01.10.22:892][846]LogModuleManager: Shutting down and abandoning module PortalRpc (626)
[2026.03.15-01.10.22:892][846]LogModuleManager: Shutting down and abandoning module MessagingRpc (624)
[2026.03.15-01.10.22:892][846]LogModuleManager: Shutting down and abandoning module AudioMixerXAudio2 (622)
[2026.03.15-01.10.22:892][846]LogModuleManager: Shutting down and abandoning module AudioMixerCore (621)
[2026.03.15-01.10.22:892][846]LogModuleManager: Shutting down and abandoning module AIModule (618)
[2026.03.15-01.10.22:893][846]LogModuleManager: Shutting down and abandoning module GameplayDebugger (617)
[2026.03.15-01.10.22:893][846]LogModuleManager: Shutting down and abandoning module AITestSuite (615)
[2026.03.15-01.10.22:893][846]LogModuleManager: Shutting down and abandoning module NavigationSystem (613)
[2026.03.15-01.10.22:893][846]LogModuleManager: Shutting down and abandoning module ImageWriteQueue (610)
[2026.03.15-01.10.22:898][846]LogModuleManager: Shutting down and abandoning module ProfilerService (608)
[2026.03.15-01.10.23:143][846]LogModuleManager: Shutting down and abandoning module TaskGraph (606)
[2026.03.15-01.10.23:143][846]LogModuleManager: Shutting down and abandoning module AudioSynesthesiaEditor (604)
[2026.03.15-01.10.23:143][846]LogModuleManager: Shutting down and abandoning module OculusEditor (602)
[2026.03.15-01.10.23:144][846]LogModuleManager: Shutting down and abandoning module OculusInput (600)
[2026.03.15-01.10.23:145][846]LogModuleManager: Shutting down and abandoning module ContentBrowserClassDataSource (598)
[2026.03.15-01.10.23:145][846]LogModuleManager: Shutting down and abandoning module ContentBrowserFileDataSource (596)
[2026.03.15-01.10.23:145][846]LogModuleManager: Shutting down and abandoning module ContentBrowserAssetDataSource (594)
[2026.03.15-01.10.23:145][846]LogModuleManager: Shutting down and abandoning module CollectionManager (593)
[2026.03.15-01.10.23:147][846]LogModuleManager: Shutting down and abandoning module TakeSequencer (590)
[2026.03.15-01.10.23:147][846]LogModuleManager: Shutting down and abandoning module TakeMovieScene (588)
[2026.03.15-01.10.23:147][846]LogModuleManager: Shutting down and abandoning module ScreenshotTools (586)
[2026.03.15-01.10.23:147][846]LogModuleManager: Shutting down and abandoning module SynthesisEditor (584)
[2026.03.15-01.10.23:147][846]LogModuleManager: Shutting down and abandoning module Synthesis (582)
[2026.03.15-01.10.23:147][846]LogModuleManager: Shutting down and abandoning module ProceduralMeshComponentEditor (580)
[2026.03.15-01.10.23:148][846]LogModuleManager: Shutting down and abandoning module ProceduralMeshComponent (578)
[2026.03.15-01.10.23:148][846]LogModuleManager: Shutting down and abandoning module OpenXREditor (576)
[2026.03.15-01.10.23:148][846]LogModuleManager: Shutting down and abandoning module MobilePatchingUtils (574)
[2026.03.15-01.10.23:148][846]LogModuleManager: Shutting down and abandoning module GooglePAD (572)
[2026.03.15-01.10.23:148][846]LogModuleManager: Shutting down and abandoning module EditableMesh (570)
[2026.03.15-01.10.23:148][846]LogModuleManager: Shutting down and abandoning module CableComponent (568)
[2026.03.15-01.10.23:148][846]LogModuleManager: Shutting down and abandoning module CustomMeshComponent (566)
[2026.03.15-01.10.23:148][846]LogModuleManager: Shutting down and abandoning module AudioCapture (564)
[2026.03.15-01.10.23:148][846]LogModuleManager: Shutting down and abandoning module AudioCaptureRtAudio (563)
[2026.03.15-01.10.23:148][846]LogModuleManager: Shutting down and abandoning module AssetTags (560)
[2026.03.15-01.10.23:148][846]LogModuleManager: Shutting down and abandoning module ArchVisCharacter (558)
[2026.03.15-01.10.23:148][846]LogModuleManager: Shutting down and abandoning module AppleImageUtilsBlueprintSupport (556)
[2026.03.15-01.10.23:148][846]LogModuleManager: Shutting down and abandoning module AppleImageUtils (554)
[2026.03.15-01.10.23:148][846]LogModuleManager: Shutting down and abandoning module AndroidPermission (552)
[2026.03.15-01.10.23:148][846]LogModuleManager: Shutting down and abandoning module ActorLayerUtilitiesEditor (550)
[2026.03.15-01.10.23:148][846]LogModuleManager: Shutting down and abandoning module ActorLayerUtilities (548)
[2026.03.15-01.10.23:148][846]LogModuleManager: Shutting down and abandoning module TemplateSequence (546)
[2026.03.15-01.10.23:148][846]LogModuleManager: Shutting down and abandoning module MediaCompositing (544)
[2026.03.15-01.10.23:149][846]LogModuleManager: Shutting down and abandoning module ImgMedia (542)
[2026.03.15-01.10.23:149][846]LogModuleManager: Shutting down and abandoning module MagicLeapSharedWorld (540)
[2026.03.15-01.10.23:149][846]LogModuleManager: Shutting down and abandoning module MagicLeapLightEstimation (538)
[2026.03.15-01.10.23:149][846]LogModuleManager: Shutting down and abandoning module MagicLeapHelperVulkan (536)
[2026.03.15-01.10.23:149][846]LogModuleManager: Shutting down and abandoning module MagicLeapHelperOpenGL (534)
[2026.03.15-01.10.23:149][846]LogModuleManager: Shutting down and abandoning module MagicLeapAudio (532)
[2026.03.15-01.10.23:149][846]LogModuleManager: Shutting down and abandoning module OpenImageDenoise (530)
[2026.03.15-01.10.23:149][846]LogOpenImageDenoise: OIDN shutting down
[2026.03.15-01.10.23:149][846]LogModuleManager: Shutting down and abandoning module MotoSynthEditor (528)
[2026.03.15-01.10.23:149][846]LogModuleManager: Shutting down and abandoning module MotoSynth (526)
[2026.03.15-01.10.23:149][846]LogModuleManager: Shutting down and abandoning module MeshConversion (524)
[2026.03.15-01.10.23:149][846]LogModuleManager: Shutting down and abandoning module DynamicMesh (522)
[2026.03.15-01.10.23:149][846]LogModuleManager: Shutting down and abandoning module GeometryAlgorithms (520)
[2026.03.15-01.10.23:149][846]LogModuleManager: Shutting down and abandoning module GeometricObjects (518)
[2026.03.15-01.10.23:149][846]LogModuleManager: Shutting down and abandoning module GeometryCollectionTracks (516)
[2026.03.15-01.10.23:149][846]LogModuleManager: Shutting down and abandoning module GeometryCollectionSequencer (515)
[2026.03.15-01.10.23:149][846]LogModuleManager: Shutting down and abandoning module GeometryCollectionEditor (512)
[2026.03.15-01.10.23:149][846]LogModuleManager: Shutting down and abandoning module GeometryCacheTracks (510)
[2026.03.15-01.10.23:149][846]LogModuleManager: Shutting down and abandoning module GeometryCacheStreamer (508)
[2026.03.15-01.10.23:149][846]LogModuleManager: Shutting down and abandoning module GeometryCacheSequencer (506)
[2026.03.15-01.10.23:149][846]LogModuleManager: Shutting down and abandoning module ChaosNiagara (504)
[2026.03.15-01.10.23:149][846]LogModuleManager: Shutting down and abandoning module ChaosSolverEditor (502)
[2026.03.15-01.10.23:149][846]LogModuleManager: Shutting down and abandoning module FractureEditor (500)
[2026.03.15-01.10.23:149][846]LogModuleManager: Shutting down and abandoning module FieldSystemEngine (499)
[2026.03.15-01.10.23:149][846]LogModuleManager: Shutting down and abandoning module ChaosClothEditor (496)
[2026.03.15-01.10.23:149][846]LogModuleManager: Shutting down and abandoning module BackChannel (494)
[2026.03.15-01.10.23:149][846]LogModuleManager: Shutting down and abandoning module SpeedTreeImporter (492)
[2026.03.15-01.10.23:150][846]LogModuleManager: Shutting down and abandoning module MobileLauncherProfileWizard (490)
[2026.03.15-01.10.23:150][846]LogModuleManager: Shutting down and abandoning module PluginBrowser (488)
[2026.03.15-01.10.23:150][846]LogModuleManager: Shutting down and abandoning module AutomationUtilsEditor (486)
[2026.03.15-01.10.23:150][846]LogModuleManager: Shutting down and abandoning module AutomationUtils (484)
[2026.03.15-01.10.23:150][846]LogModuleManager: Shutting down and abandoning module MaterialAnalyzer (482)
[2026.03.15-01.10.23:150][846]LogModuleManager: Shutting down and abandoning module NiagaraEditorWidgets (480)
[2026.03.15-01.10.23:150][846]LogModuleManager: Shutting down and abandoning module AlembicImporter (478)
[2026.03.15-01.10.23:150][846]LogModuleManager: Shutting down and abandoning module AlembicLibrary (477)
[2026.03.15-01.10.23:151][846]LogModuleManager: Shutting down and abandoning module GeometryCache (476)
[2026.03.15-01.10.23:151][846]LogModuleManager: Shutting down and abandoning module GeometryCacheEd (475)
[2026.03.15-01.10.23:151][846]LogModuleManager: Shutting down and abandoning module CurveEditorTools (470)
[2026.03.15-01.10.23:151][846]LogModuleManager: Shutting down and abandoning module VariantManagerContentEditor (468)
[2026.03.15-01.10.23:151][846]LogModuleManager: Shutting down and abandoning module CryptoKeysOpenSSL (466)
[2026.03.15-01.10.23:151][846]LogModuleManager: Shutting down and abandoning module CryptoKeys (464)
[2026.03.15-01.10.23:151][846]LogModuleManager: Shutting down and abandoning module VisualStudioCodeSourceCodeAccess (462)
[2026.03.15-01.10.23:151][846]LogModuleManager: Shutting down and abandoning module VisualStudioSourceCodeAccess (460)
[2026.03.15-01.10.23:151][846]LogModuleManager: Shutting down and abandoning module UObjectPlugin (458)
[2026.03.15-01.10.23:151][846]LogModuleManager: Shutting down and abandoning module DatasmithContentEditor (456)
[2026.03.15-01.10.23:151][846]LogModuleManager: Shutting down and abandoning module SubversionSourceControl (454)
[2026.03.15-01.10.23:151][846]LogModuleManager: Shutting down and abandoning module RiderSourceCodeAccess (452)
[2026.03.15-01.10.23:152][846]LogModuleManager: Shutting down and abandoning module PluginUtils (450)
[2026.03.15-01.10.23:152][846]LogModuleManager: Shutting down and abandoning module PlasticSourceControl (448)
[2026.03.15-01.10.23:152][846]LogModuleManager: Shutting down and abandoning module PerforceSourceControl (446)
[2026.03.15-01.10.23:152][846]LogModuleManager: Shutting down and abandoning module GitSourceControl (444)
[2026.03.15-01.10.23:152][846]LogModuleManager: Shutting down and abandoning module SourceControl (443)
[2026.03.15-01.10.23:152][846]LogModuleManager: Shutting down and abandoning module CLionSourceCodeAccess (440)
[2026.03.15-01.10.23:153][846]LogModuleManager: Shutting down and abandoning module AnimationSharingEd (438)
[2026.03.15-01.10.23:153][846]LogModuleManager: Shutting down and abandoning module OodleNetworkHandlerComponent (436)
[2026.03.15-01.10.23:153][846]LogModuleManager: Shutting down and abandoning module LiveLinkSequencer (434)
[2026.03.15-01.10.23:153][846]LogModuleManager: Shutting down and abandoning module LiveLinkMovieScene (432)
[2026.03.15-01.10.23:153][846]LogModuleManager: Shutting down and abandoning module LiveLinkGraphNode (430)
[2026.03.15-01.10.23:153][846]LogModuleManager: Shutting down and abandoning module LiveLinkEditor (428)
[2026.03.15-01.10.23:153][846]LogModuleManager: Shutting down and abandoning module LiveLinkComponents (426)
[2026.03.15-01.10.23:153][846]LogModuleManager: Shutting down and abandoning module LiveLink (424)
[2026.03.15-01.10.23:843][846]LogModuleManager: Shutting down and abandoning module LightPropagationVolumeEditor (422)
[2026.03.15-01.10.23:843][846]LogModuleManager: Shutting down and abandoning module PaperTiledImporter (420)
[2026.03.15-01.10.23:843][846]LogModuleManager: Shutting down and abandoning module PaperSpriteSheetImporter (418)
[2026.03.15-01.10.23:843][846]LogModuleManager: Shutting down and abandoning module Paper2DEditor (416)
[2026.03.15-01.10.23:843][846]LogModuleManager: Shutting down and abandoning module MeshPaintingToolset (414)
[2026.03.15-01.10.23:843][846]LogModuleManager: Shutting down and abandoning module MeshPaintEditorMode (412)
[2026.03.15-01.10.23:843][846]LogModuleManager: Shutting down and abandoning module SoundFields (410)
[2026.03.15-01.10.23:843][846]LogModuleManager: Shutting down and abandoning module SignificanceManager (408)
[2026.03.15-01.10.23:843][846]LogModuleManager: Shutting down and abandoning module RuntimePhysXCooking (406)
[2026.03.15-01.10.23:843][846]LogModuleManager: Shutting down and abandoning module PropertyAccessEditor (404)
[2026.03.15-01.10.23:843][846]LogModuleManager: Shutting down and abandoning module PhysXVehiclesEditor (402)
[2026.03.15-01.10.23:843][846]LogModuleManager: Shutting down and abandoning module LocationServicesBPLibrary (398)
[2026.03.15-01.10.23:843][846]LogModuleManager: Shutting down and abandoning module AudioSynesthesia (396)
[2026.03.15-01.10.23:843][846]LogModuleManager: Shutting down and abandoning module AudioSynesthesiaCore (394)
[2026.03.15-01.10.23:843][846]LogModuleManager: Shutting down and abandoning module ActorSequence (392)
[2026.03.15-01.10.23:843][846]LogModuleManager: Shutting down and abandoning module UdpMessaging (390)
[2026.03.15-01.10.23:944][846]LogModuleManager: Shutting down and abandoning module TcpMessaging (388)
[2026.03.15-01.10.24:044][846]LogModuleManager: Shutting down and abandoning module ImgMediaEngine (386)
[2026.03.15-01.10.24:044][846]LogModuleManager: Shutting down and abandoning module MagicLeapARPin (384)
[2026.03.15-01.10.24:045][846]LogModuleManager: Shutting down and abandoning module MagicLeapHandMeshing (382)
[2026.03.15-01.10.24:045][846]LogModuleManager: Shutting down and abandoning module MagicLeapSecureStorage (380)
[2026.03.15-01.10.24:045][846]LogModuleManager: Shutting down and abandoning module MagicLeapPrivileges (378)
[2026.03.15-01.10.24:045][846]LogModuleManager: Shutting down and abandoning module MagicLeapPlanes (376)
[2026.03.15-01.10.24:045][846]LogMagicLeapPlanes: Planes tracker already destroyed.
[2026.03.15-01.10.24:045][846]LogModuleManager: Shutting down and abandoning module MagicLeapImageTracker (374)
[2026.03.15-01.10.24:045][846]LogModuleManager: Shutting down and abandoning module MagicLeapIdentity (372)
[2026.03.15-01.10.24:045][846]LogModuleManager: Shutting down and abandoning module MagicLeapHandTracking (370)
[2026.03.15-01.10.24:045][846]LogModuleManager: Shutting down and abandoning module MagicLeapEyeTracker (368)
[2026.03.15-01.10.24:045][846]LogModuleManager: Shutting down and abandoning module MagicLeapController (366)
[2026.03.15-01.10.24:046][846]LogModuleManager: Shutting down and abandoning module MagicLeapARPinImpl (364)
[2026.03.15-01.10.24:046][846]LogModuleManager: Shutting down and abandoning module MagicLeapAR (362)
[2026.03.15-01.10.24:046][846]LogModuleManager: Shutting down and abandoning module PythonScriptPlugin (360)
[2026.03.15-01.10.24:046][846]LogModuleManager: Shutting down and abandoning module NiagaraAnimNotifies (358)
[2026.03.15-01.10.24:046][846]LogModuleManager: Shutting down and abandoning module Niagara (356)
[2026.03.15-01.10.24:047][846]LogModuleManager: Shutting down and abandoning module SignalProcessing (355)
[2026.03.15-01.10.24:047][846]LogModuleManager: Shutting down and abandoning module NiagaraEditor (353)
[2026.03.15-01.10.24:047][846]LogModuleManager: Shutting down and abandoning module NiagaraCore (350)
[2026.03.15-01.10.24:047][846]LogModuleManager: Shutting down and abandoning module GameplayTagsEditor (348)
[2026.03.15-01.10.24:047][846]LogModuleManager: Shutting down and abandoning module DataValidation (346)
[2026.03.15-01.10.24:048][846]LogModuleManager: Shutting down and abandoning module FacialAnimationEditor (344)
[2026.03.15-01.10.24:048][846]LogModuleManager: Shutting down and abandoning module FacialAnimation (342)
[2026.03.15-01.10.24:048][846]LogModuleManager: Shutting down and abandoning module AssetManagerEditor (340)
[2026.03.15-01.10.24:048][846]LogModuleManager: Shutting down and abandoning module LevelEditor (339)
[2026.03.15-01.10.24:050][846]LogModuleManager: Shutting down and abandoning module PixelInspectorModule (338)
[2026.03.15-01.10.24:050][846]LogModuleManager: Shutting down and abandoning module CommonMenuExtensions (336)
[2026.03.15-01.10.24:050][846]LogModuleManager: Shutting down and abandoning module MainFrame (334)
[2026.03.15-01.10.24:050][846]LogModuleManager: Shutting down and abandoning module HotReload (333)
[2026.03.15-01.10.24:051][846]LogModuleManager: Shutting down and abandoning module ToolMenus (329)
[2026.03.15-01.10.24:051][846]LogModuleManager: Shutting down and abandoning module ContentBrowser (327)
[2026.03.15-01.10.24:052][846]LogModuleManager: Shutting down and abandoning module ContentBrowserData (326)
[2026.03.15-01.10.24:052][846]LogModuleManager: Shutting down and abandoning module TreeMap (323)
[2026.03.15-01.10.24:052][846]LogModuleManager: Shutting down and abandoning module PropertyAccessNode (320)
[2026.03.15-01.10.24:052][846]LogModuleManager: Shutting down and abandoning module AnimationSharing (318)
[2026.03.15-01.10.24:052][846]LogModuleManager: Shutting down and abandoning module GameplayCameras (316)
[2026.03.15-01.10.24:052][846]LogModuleManager: Shutting down and abandoning module EnvironmentQueryEditor (314)
[2026.03.15-01.10.24:052][846]LogModuleManager: Shutting down and abandoning module LightPropagationVolumeRuntime (312)
[2026.03.15-01.10.24:052][846]LogModuleManager: Shutting down and abandoning module Paper2D (310)
[2026.03.15-01.10.24:052][846]LogModuleManager: Shutting down and abandoning module WindowsMoviePlayer (308)
[2026.03.15-01.10.24:054][846]LogModuleManager: Shutting down and abandoning module WebMMoviePlayer (306)
[2026.03.15-01.10.24:054][846]LogModuleManager: Shutting down and abandoning module NetworkReplayStreaming (304)
[2026.03.15-01.10.24:054][846]LogModuleManager: Shutting down and abandoning module PacketHandler (302)
[2026.03.15-01.10.24:054][846]LogModuleManager: Shutting down and abandoning module ClothingSystemEditor (300)
[2026.03.15-01.10.24:054][846]LogModuleManager: Shutting down and abandoning module ClothingSystemRuntimeNv (298)
[2026.03.15-01.10.24:054][846]LogModuleManager: Shutting down and abandoning module MediaAssets (296)
[2026.03.15-01.10.24:054][846]LogModuleManager: Shutting down and abandoning module Overlay (294)
[2026.03.15-01.10.24:054][846]LogModuleManager: Shutting down and abandoning module OverlayEditor (293)
[2026.03.15-01.10.24:054][846]LogModuleManager: Shutting down and abandoning module VREditor (290)
[2026.03.15-01.10.24:054][846]LogModuleManager: Shutting down and abandoning module StringTableEditor (288)
[2026.03.15-01.10.24:054][846]LogModuleManager: Shutting down and abandoning module GameplayTasksEditor (286)
[2026.03.15-01.10.24:054][846]LogModuleManager: Shutting down and abandoning module BehaviorTreeEditor (284)
[2026.03.15-01.10.24:054][846]LogModuleManager: Shutting down and abandoning module FunctionalTesting (282)
[2026.03.15-01.10.24:054][846]LogModuleManager: Shutting down and abandoning module CollisionAnalyzer (280)
[2026.03.15-01.10.24:054][846]LogModuleManager: Shutting down and abandoning module WorkspaceMenuStructure (279)
[2026.03.15-01.10.24:054][846]LogModuleManager: Shutting down and abandoning module UMG (276)
[2026.03.15-01.10.24:054][846]LogModuleManager: Shutting down and abandoning module UMGEditor (275)
[2026.03.15-01.10.24:054][846]LogModuleManager: Shutting down and abandoning module MessageLog (273)
[2026.03.15-01.10.24:054][846]LogModuleManager: Shutting down and abandoning module SlateReflector (268)
[2026.03.15-01.10.24:054][846]LogModuleManager: Shutting down and abandoning module Slate (266)
[2026.03.15-01.10.24:054][846]LogModuleManager: Shutting down and abandoning module SlateCore (264)
[2026.03.15-01.10.24:056][846]LogModuleManager: Shutting down and abandoning module LandscapeEditorUtilities (262)
[2026.03.15-01.10.24:056][846]LogModuleManager: Shutting down and abandoning module UnrealEd (260)
[2026.03.15-01.10.24:056][846]LogModuleManager: Shutting down and abandoning module MRMesh (258)
[2026.03.15-01.10.24:056][846]LogModuleManager: Shutting down and abandoning module SourceCodeAccess (256)
[2026.03.15-01.10.24:056][846]LogModuleManager: Shutting down and abandoning module HeadMountedDisplay (254)
[2026.03.15-01.10.24:056][846]LogModuleManager: Shutting down and abandoning module XAudio2 (252)
[2026.03.15-01.10.24:056][846]LogModuleManager: Shutting down and abandoning module Networking (250)
[2026.03.15-01.10.24:056][846]LogModuleManager: Shutting down and abandoning module Core (248)
[2026.03.15-01.10.24:056][846]LogModuleManager: Shutting down and abandoning module MaterialEditor (246)
[2026.03.15-01.10.24:056][846]LogModuleManager: Shutting down and abandoning module MovieSceneTools (244)
[2026.03.15-01.10.24:056][846]LogModuleManager: Shutting down and abandoning module CurveEditor (243)
[2026.03.15-01.10.24:056][846]LogModuleManager: Shutting down and abandoning module Sequencer (241)
[2026.03.15-01.10.24:056][846]LogModuleManager: Shutting down and abandoning module EditorStyle (240)
[2026.03.15-01.10.24:057][846]LogModuleManager: Shutting down and abandoning module KismetCompiler (236)
[2026.03.15-01.10.24:057][846]LogModuleManager: Shutting down and abandoning module MeshBuilder (234)
[2026.03.15-01.10.24:057][846]LogModuleManager: Shutting down and abandoning module MeshUtilities (232)
[2026.03.15-01.10.24:057][846]LogModuleManager: Shutting down and abandoning module MeshMergeUtilities (231)
[2026.03.15-01.10.24:057][846]LogModuleManager: Shutting down and abandoning module MeshReductionInterface (230)
[2026.03.15-01.10.24:057][846]LogModuleManager: Shutting down and abandoning module MeshBoneReduction (229)
[2026.03.15-01.10.24:057][846]LogModuleManager: Shutting down and abandoning module SkeletalMeshReduction (227)
[2026.03.15-01.10.24:057][846]LogModuleManager: Shutting down and abandoning module ProxyLODMeshReduction (225)
[2026.03.15-01.10.24:057][846]LogModuleManager: Shutting down and abandoning module QuadricMeshReduction (223)
[2026.03.15-01.10.24:057][846]LogModuleManager: Shutting down and abandoning module MaterialBaking (219)
[2026.03.15-01.10.24:057][846]LogModuleManager: Shutting down and abandoning module NullInstallBundleManager (214)
[2026.03.15-01.10.24:057][846]LogModuleManager: Shutting down and abandoning module DerivedDataCache (212)
[2026.03.15-01.10.24:057][846]LogModuleManager: Shutting down and abandoning module TargetPlatform (210)
[2026.03.15-01.10.24:057][846]LogModuleManager: Shutting down and abandoning module VulkanShaderFormat (209)
[2026.03.15-01.10.24:057][846]LogModuleManager: Shutting down and abandoning module ShaderFormatVectorVM (207)
[2026.03.15-01.10.24:057][846]LogModuleManager: Shutting down and abandoning module ShaderFormatOpenGL (205)
[2026.03.15-01.10.24:058][846]LogModuleManager: Shutting down and abandoning module ShaderFormatD3D (203)
[2026.03.15-01.10.24:058][846]LogModuleManager: Shutting down and abandoning module MetalShaderFormat (201)
[2026.03.15-01.10.24:058][846]LogModuleManager: Shutting down and abandoning module TextureFormatOodle (199)
[2026.03.15-01.10.24:058][846]LogModuleManager: Shutting down and abandoning module TextureFormatUncompressed (197)
[2026.03.15-01.10.24:058][846]LogModuleManager: Shutting down and abandoning module TextureFormatPVR (195)
[2026.03.15-01.10.24:058][846]LogModuleManager: Shutting down and abandoning module TextureFormatETC2 (193)
[2026.03.15-01.10.24:058][846]LogModuleManager: Shutting down and abandoning module TextureFormatDXT (191)
[2026.03.15-01.10.24:058][846]LogModuleManager: Shutting down and abandoning module TextureFormatIntelISPCTexComp (189)
[2026.03.15-01.10.24:058][846]LogModuleManager: Shutting down and abandoning module TextureFormatASTC (187)
[2026.03.15-01.10.24:058][846]LogModuleManager: Shutting down and abandoning module ImageWrapper (186)
[2026.03.15-01.10.24:058][846]LogModuleManager: Shutting down and abandoning module AudioFormatOpus (183)
[2026.03.15-01.10.24:058][846]LogModuleManager: Shutting down and abandoning module AudioFormatOgg (181)
[2026.03.15-01.10.24:058][846]LogModuleManager: Shutting down and abandoning module AudioFormatADPCM (179)
[2026.03.15-01.10.24:058][846]LogModuleManager: Shutting down and abandoning module WindowsServerTargetPlatform (177)
[2026.03.15-01.10.24:058][846]LogModuleManager: Shutting down and abandoning module WindowsClientTargetPlatform (175)
[2026.03.15-01.10.24:058][846]LogModuleManager: Shutting down and abandoning module WindowsTargetPlatform (173)
[2026.03.15-01.10.24:058][846]LogModuleManager: Shutting down and abandoning module WindowsNoEditorTargetPlatform (171)
[2026.03.15-01.10.24:058][846]LogModuleManager: Shutting down and abandoning module TVOSTargetPlatform (169)
[2026.03.15-01.10.24:058][846]LogModuleManager: Shutting down and abandoning module MacServerTargetPlatform (167)
[2026.03.15-01.10.24:058][846]LogModuleManager: Shutting down and abandoning module MacClientTargetPlatform (165)
[2026.03.15-01.10.24:058][846]LogModuleManager: Shutting down and abandoning module MacTargetPlatform (163)
[2026.03.15-01.10.24:058][846]LogModuleManager: Shutting down and abandoning module MacNoEditorTargetPlatform (161)
[2026.03.15-01.10.24:058][846]LogModuleManager: Shutting down and abandoning module LuminTargetPlatform (159)
[2026.03.15-01.10.24:058][846]LogModuleManager: Shutting down and abandoning module LinuxAArch64ServerTargetPlatform (157)
[2026.03.15-01.10.24:058][846]LogModuleManager: Shutting down and abandoning module LinuxAArch64ClientTargetPlatform (155)
[2026.03.15-01.10.24:058][846]LogModuleManager: Shutting down and abandoning module LinuxAArch64NoEditorTargetPlatform (153)
[2026.03.15-01.10.24:058][846]LogModuleManager: Shutting down and abandoning module LinuxServerTargetPlatform (151)
[2026.03.15-01.10.24:058][846]LogModuleManager: Shutting down and abandoning module LinuxClientTargetPlatform (149)
[2026.03.15-01.10.24:058][846]LogModuleManager: Shutting down and abandoning module LinuxNoEditorTargetPlatform (147)
[2026.03.15-01.10.24:058][846]LogModuleManager: Shutting down and abandoning module LinuxTargetPlatform (145)
[2026.03.15-01.10.24:058][846]LogModuleManager: Shutting down and abandoning module Messaging (143)
[2026.03.15-01.10.24:058][846]LogModuleManager: Shutting down and abandoning module IOSTargetPlatform (141)
[2026.03.15-01.10.24:060][846]LogModuleManager: Shutting down and abandoning module AndroidTargetPlatform (139)
[2026.03.15-01.10.24:062][846]LogModuleManager: Shutting down and abandoning module AllDesktopTargetPlatform (137)
[2026.03.15-01.10.24:062][846]LogModuleManager: Shutting down and abandoning module D3D11RHI (134)
[2026.03.15-01.10.24:062][846]LogModuleManager: Shutting down and abandoning module InputCore (132)
[2026.03.15-01.10.24:062][846]LogModuleManager: Shutting down and abandoning module Settings (130)
[2026.03.15-01.10.24:062][846]LogModuleManager: Shutting down and abandoning module DirectoryWatcher (128)
[2026.03.15-01.10.24:062][846]LogModuleManager: Shutting down and abandoning module PhysXCooking (126)
[2026.03.15-01.10.24:062][846]LogModuleManager: Shutting down and abandoning module Chaos (124)
[2026.03.15-01.10.24:062][846]LogModuleManager: Shutting down and abandoning module WindowsPlatformFeatures (122)
[2026.03.15-01.10.24:062][846]LogModuleManager: Shutting down and abandoning module GameplayMediaEncoder (121)
[2026.03.15-01.10.24:062][846]LogModuleManager: Shutting down and abandoning module AVEncoder (120)
[2026.03.15-01.10.24:062][846]LogModuleManager: Shutting down and abandoning module SteamVRInputDevice (116)
[2026.03.15-01.10.24:062][846]LogModuleManager: Shutting down and abandoning module SteamVRInput (114)
[2026.03.15-01.10.24:062][846]LogModuleManager: Shutting down and abandoning module SteamVR (112)
[2026.03.15-01.10.24:062][846]LogHMD: Freeing OpenVRDLLHandle.
[2026.03.15-01.10.24:062][846]LogModuleManager: Shutting down and abandoning module OculusHMD (110)
[2026.03.15-01.10.24:062][846]LogModuleManager: Shutting down and abandoning module OpenXRHandTracking (108)
[2026.03.15-01.10.24:062][846]LogSlate: Slate User Destroyed.  User Index 0, Is Virtual User: 0
[2026.03.15-01.10.24:062][846]LogModuleManager: Shutting down and abandoning module OpenXREyeTracker (106)
[2026.03.15-01.10.24:062][846]LogModuleManager: Shutting down and abandoning module OpenXRAR (104)
[2026.03.15-01.10.24:062][846]LogModuleManager: Shutting down and abandoning module AugmentedReality (103)
[2026.03.15-01.10.24:062][846]LogModuleManager: Shutting down and abandoning module OpenXRHMD (100)
[2026.03.15-01.10.24:062][846]LogModuleManager: Shutting down and abandoning module ExampleDeviceProfileSelector (98)
[2026.03.15-01.10.24:062][846]LogModuleManager: Shutting down and abandoning module ChunkDownloader (96)
[2026.03.15-01.10.24:062][846]LogModuleManager: Shutting down and abandoning module OnlineBlueprintSupport (94)
[2026.03.15-01.10.24:062][846]LogModuleManager: Shutting down and abandoning module LauncherChunkInstaller (90)
[2026.03.15-01.10.24:062][846]LogModuleManager: Shutting down and abandoning module OnlineSubsystem (88)
[2026.03.15-01.10.24:064][846]LogModuleManager: Shutting down and abandoning module XMPP (83)
[2026.03.15-01.10.24:064][846]LogModuleManager: Shutting down and abandoning module WebSockets (82)
[2026.03.15-01.10.24:100][846]LogModuleManager: Shutting down and abandoning module HTTP (79)
[2026.03.15-01.10.24:100][846]LogHttp: Display: Http module shutting down, but needs to wait on 1 outstanding Http requests:
[2026.03.15-01.10.24:100][846]LogHttp: Display: 	verb=[POST] url=[https://datarouter.ol.epicgames.com/datarouter/api/v1/public/data?SessionID=%7BF3A30F82-42C6-ACD0-1C89-928601F4B73B%7D&AppID=UEEditor.Rocket.Release&AppVersion=4.27.2-18319896%2B%2B%2BUE4%2BRelease-4.27&UserID=504006f14ff8eea1c5ef6a844afcb810%7Ce54e35c6cf81428ab071018d8aa2cafb%7Ce89cadd4-c3bb-4e27-b5a1-93be281c4197&AppEnvironment=datacollector-binary&UploadType=eteventstream] refs=[1] status=Processing
[2026.03.15-01.10.24:100][846]LogHttp: Display: cleaning up 1 outstanding Http requests.
[2026.03.15-01.10.24:106][846]LogModuleManager: Shutting down and abandoning module SSL (78)
[2026.03.15-01.10.24:106][846]LogModuleManager: Shutting down and abandoning module WmfMedia (74)
[2026.03.15-01.10.24:107][846]LogModuleManager: Shutting down and abandoning module Media (73)
[2026.03.15-01.10.24:108][846]LogModuleManager: Shutting down and abandoning module MediaInfo (72)
[2026.03.15-01.10.24:108][846]LogModuleManager: Shutting down and abandoning module ExrReaderGpu (68)
[2026.03.15-01.10.24:108][846]LogModuleManager: Shutting down and abandoning module MLSDK (66)
[2026.03.15-01.10.24:108][846]LogModuleManager: Shutting down and abandoning module MagicLeap (64)
[2026.03.15-01.10.24:108][846]LogModuleManager: Shutting down and abandoning module ChaosCloth (62)
[2026.03.15-01.10.24:108][846]LogModuleManager: Shutting down and abandoning module NiagaraVertexFactories (60)
[2026.03.15-01.10.24:108][846]LogModuleManager: Shutting down and abandoning module NiagaraShader (58)
[2026.03.15-01.10.24:109][846]LogModuleManager: Shutting down and abandoning module VariantManagerContent (56)
[2026.03.15-01.10.24:109][846]LogModuleManager: Shutting down and abandoning module DatasmithContent (54)
[2026.03.15-01.10.24:109][846]LogModuleManager: Shutting down and abandoning module PixWinPlugin (52)
[2026.03.15-01.10.24:109][846]LogModuleManager: Shutting down and abandoning module AISupportModule (50)
[2026.03.15-01.10.24:109][846]LogModuleManager: Shutting down and abandoning module DesktopPlatform (48)
[2026.03.15-01.10.24:109][846]LogModuleManager: Shutting down and abandoning module PythonScriptPluginPreload (46)
[2026.03.15-01.10.24:109][846]LogModuleManager: Shutting down and abandoning module PlatformCryptoOpenSSL (44)
[2026.03.15-01.10.24:109][846]LogModuleManager: Shutting down and abandoning module PlatformCryptoTypes (42)
[2026.03.15-01.10.24:109][846]LogModuleManager: Shutting down and abandoning module PlatformCrypto (40)
[2026.03.15-01.10.24:109][846]LogModuleManager: Shutting down and abandoning module OodleDataCompressionFormat (38)
[2026.03.15-01.10.24:109][846]LogModuleManager: Shutting down and abandoning module XGEController (36)
[2026.03.15-01.10.24:109][846]LogXGEController: Cleaning working directory: C:/Users/titan/AppData/Local/Temp/UnrealXGEWorkingDir/
[2026.03.15-01.10.24:110][846]LogModuleManager: Shutting down and abandoning module AnimationModifiers (34)
[2026.03.15-01.10.24:110][846]LogModuleManager: Shutting down and abandoning module AudioEditor (32)
[2026.03.15-01.10.24:110][846]LogModuleManager: Shutting down and abandoning module PropertyEditor (31)
[2026.03.15-01.10.24:110][846]LogModuleManager: Shutting down and abandoning module TextureCompressor (28)
[2026.03.15-01.10.24:110][846]LogModuleManager: Shutting down and abandoning module RenderCore (26)
[2026.03.15-01.10.24:110][846]LogModuleManager: Shutting down and abandoning module Landscape (24)
[2026.03.15-01.10.24:110][846]LogModuleManager: Shutting down and abandoning module SlateRHIRenderer (22)
[2026.03.15-01.10.24:111][846]LogModuleManager: Shutting down and abandoning module AnimGraphRuntime (20)
[2026.03.15-01.10.24:111][846]LogModuleManager: Shutting down and abandoning module Renderer (18)
[2026.03.15-01.10.24:111][846]LogModuleManager: Shutting down and abandoning module Engine (16)
[2026.03.15-01.10.24:111][846]LogModuleManager: Shutting down and abandoning module CoreUObject (14)
[2026.03.15-01.10.24:111][846]LogModuleManager: Shutting down and abandoning module NetworkFile (12)
[2026.03.15-01.10.24:111][846]LogModuleManager: Shutting down and abandoning module CookedIterativeFile (10)
[2026.03.15-01.10.24:111][846]LogModuleManager: Shutting down and abandoning module StreamingFile (8)
[2026.03.15-01.10.24:111][846]LogModuleManager: Shutting down and abandoning module SandboxFile (6)
[2026.03.15-01.10.24:111][846]LogModuleManager: Shutting down and abandoning module PakFile (4)
[2026.03.15-01.10.24:111][846]LogModuleManager: Shutting down and abandoning module RSA (3)
[2026.03.15-01.10.24:111][846]LogContentStreaming: Display: There are 1 unreleased StreamingManagers
[2026.03.15-01.10.24:139][846]LogD3D11RHI: Shutdown
[2026.03.15-01.10.24:139][846]LogD3D11RHI: CleanupD3DDevice
[2026.03.15-01.10.24:143][846]LogExit: Exiting.
[2026.03.15-01.10.24:151][846]Log file closed, 03/14/26 19:10:24
