Log file open, 03/14/26 19:30:25
LogWindows: Failed to load 'aqProf.dll' (GetLastError=126)
LogWindows: File 'aqProf.dll' does not exist
LogWindows: Failed to load 'VtuneApi.dll' (GetLastError=126)
LogWindows: File 'VtuneApi.dll' does not exist
LogWindows: Failed to load 'VtuneApi32e.dll' (GetLastError=126)
LogWindows: File 'VtuneApi32e.dll' does not exist
LogConsoleResponse: Display: Failed to find resolution value strings in scalability ini. Falling back to default.
LogConsoleResponse: Display: Failed to find resolution value strings in scalability ini. Falling back to default.
LogInit: Display: Running engine for game: RoadHopper
LogPlatformFile: Not using cached read wrapper
LogTaskGraph: Started task graph with 5 named threads and 47 total threads with 3 sets of task threads.
LogStats: Stats thread started at 0.173980
LogICUInternationalization: ICU TimeZone Detection - Raw Offset: -7:00, Platform Override: ''
LogInit: Display: Loading text-based GConfig....
LogPluginManager: Mounting plugin MeshPainting
LogPluginManager: Mounting plugin XGEController
LogPluginManager: Mounting plugin Paper2D
LogPluginManager: Mounting plugin LightPropagationVolume
LogPluginManager: Mounting plugin AISupport
LogPluginManager: Mounting plugin GameplayCameras
LogPluginManager: Mounting plugin CameraShakePreviewer
LogPluginManager: Mounting plugin OodleData
LogPluginManager: Mounting plugin EnvironmentQueryEditor
LogPluginManager: Mounting plugin AssetManagerEditor
LogPluginManager: Mounting plugin LiveLink
LogPluginManager: Mounting plugin Niagara
LogPluginManager: Mounting plugin AnimationSharing
LogPluginManager: Mounting plugin CLionSourceCodeAccess
LogPluginManager: Mounting plugin AlembicImporter
LogPluginManager: Mounting plugin CodeLiteSourceCodeAccess
LogPluginManager: Mounting plugin GitSourceControl
LogPluginManager: Mounting plugin CryptoKeys
LogPluginManager: Mounting plugin CurveEditorTools
LogPluginManager: Mounting plugin DataValidation
LogPluginManager: Mounting plugin PlasticSourceControl
LogPluginManager: Mounting plugin NullSourceCodeAccess
LogPluginManager: Mounting plugin PixWinPlugin
LogPluginManager: Mounting plugin PluginUtils
LogPluginManager: Mounting plugin FacialAnimation
LogPluginManager: Mounting plugin PropertyAccessNode
LogPluginManager: Mounting plugin KDevelopSourceCodeAccess
LogPluginManager: Mounting plugin GameplayTagsEditor
LogPluginManager: Mounting plugin PerforceSourceControl
LogPluginManager: Mounting plugin RiderSourceCodeAccess
LogPluginManager: Mounting plugin SubversionSourceControl
LogPluginManager: Mounting plugin MacGraphicsSwitching
LogPluginManager: Mounting plugin AutomationUtils
LogPluginManager: Mounting plugin TextureFormatOodle
LogPluginManager: Mounting plugin UObjectPlugin
LogPluginManager: Mounting plugin BackChannel
LogPluginManager: Mounting plugin GeometryMode
LogPluginManager: Mounting plugin VisualStudioCodeSourceCodeAccess
LogPluginManager: Mounting plugin ChaosCloth
LogPluginManager: Mounting plugin MaterialAnalyzer
LogPluginManager: Mounting plugin MobileLauncherProfileWizard
LogPluginManager: Mounting plugin SpeedTreeImporter
LogPluginManager: Mounting plugin PluginBrowser
LogPluginManager: Mounting plugin XCodeSourceCodeAccess
LogPluginManager: Mounting plugin ChaosEditor
LogPluginManager: Mounting plugin VisualStudioSourceCodeAccess
LogPluginManager: Mounting plugin ChaosClothEditor
LogPluginManager: Mounting plugin ChaosNiagara
LogPluginManager: Mounting plugin ChaosSolverPlugin
LogPluginManager: Mounting plugin CharacterAI
LogPluginManager: Mounting plugin GeometryCache
LogPluginManager: Mounting plugin GeometryCollectionPlugin
LogPluginManager: Mounting plugin GeometryProcessing
LogPluginManager: Mounting plugin DatasmithContent
LogPluginManager: Mounting plugin OodleNetwork
LogPluginManager: Mounting plugin MotoSynth
LogPluginManager: Mounting plugin OpenImageDenoise
LogPluginManager: Mounting plugin PlanarCut
LogPluginManager: Mounting plugin PlatformCrypto
LogPluginManager: Mounting plugin ProxyLODPlugin
LogPluginManager: Mounting plugin VariantManagerContent
LogPluginManager: Mounting plugin PythonScriptPlugin
LogPluginManager: Mounting plugin LuminPlatformFeatures
LogPluginManager: Mounting plugin MagicLeap
LogPluginManager: Mounting plugin SkeletalReduction
LogPluginManager: Mounting plugin MagicLeapLightEstimation
LogPluginManager: Mounting plugin MagicLeapMedia
LogPluginManager: Mounting plugin AndroidMedia
LogPluginManager: Mounting plugin MagicLeapPassableWorld
LogPluginManager: Mounting plugin MLSDK
LogPluginManager: Mounting plugin AvfMedia
LogPluginManager: Mounting plugin ImgMedia
LogPluginManager: Mounting plugin MediaCompositing
LogPluginManager: Mounting plugin ActorSequence
LogPluginManager: Mounting plugin TcpMessaging
LogPluginManager: Mounting plugin UdpMessaging
LogPluginManager: Mounting plugin LevelSequenceEditor
LogPluginManager: Mounting plugin MediaPlayerEditor
LogPluginManager: Mounting plugin WmfMedia
LogPluginManager: Mounting plugin WebMMedia
LogPluginManager: Mounting plugin LauncherChunkInstaller
LogPluginManager: Mounting plugin ActorLayerUtilities
LogPluginManager: Mounting plugin MatineeToLevelSequence
LogPluginManager: Mounting plugin TemplateSequence
LogPluginManager: Mounting plugin AndroidMoviePlayer
LogPluginManager: Mounting plugin AndroidPermission
LogPluginManager: Mounting plugin AndroidDeviceProfileSelector
LogPluginManager: Mounting plugin AppleMoviePlayer
LogPluginManager: Mounting plugin AppleImageUtils
LogPluginManager: Mounting plugin ArchVisCharacter
LogPluginManager: Mounting plugin AssetTags
LogPluginManager: Mounting plugin AudioCapture
LogPluginManager: Mounting plugin AudioSynesthesia
LogPluginManager: Mounting plugin CableComponent
LogPluginManager: Mounting plugin ChunkDownloader
LogPluginManager: Mounting plugin CustomMeshComponent
LogPluginManager: Mounting plugin EditableMesh
LogPluginManager: Mounting plugin ExampleDeviceProfileSelector
LogPluginManager: Mounting plugin GoogleCloudMessaging
LogPluginManager: Mounting plugin GooglePAD
LogPluginManager: Mounting plugin IOSDeviceProfileSelector
LogPluginManager: Mounting plugin LinuxDeviceProfileSelector
LogPluginManager: Mounting plugin LocationServicesBPLibrary
LogPluginManager: Mounting plugin MobilePatchingUtils
LogPluginManager: Mounting plugin OnlineSubsystem
LogPluginManager: Mounting plugin OpenXRHandTracking
LogPluginManager: Mounting plugin OpenXREyeTracker
LogPluginManager: Mounting plugin OpenXR
LogPluginManager: Mounting plugin OnlineSubsystemNull
LogPluginManager: Mounting plugin OnlineSubsystemUtils
LogPluginManager: Mounting plugin ProceduralMeshComponent
LogPluginManager: Mounting plugin PostSplashScreen
LogPluginManager: Mounting plugin Takes
LogPluginManager: Mounting plugin PhysXVehicles
LogPluginManager: Mounting plugin PropertyAccessEditor
LogPluginManager: Mounting plugin RuntimePhysXCooking
LogPluginManager: Mounting plugin SignificanceManager
LogPluginManager: Mounting plugin SoundFields
LogPluginManager: Mounting plugin Synthesis
LogPluginManager: Mounting plugin ScreenshotTools
LogPluginManager: Mounting plugin WebMMoviePlayer
LogPluginManager: Mounting plugin WindowsMoviePlayer
LogPluginManager: Mounting plugin ContentBrowserClassDataSource
LogPluginManager: Mounting plugin ContentBrowserFileDataSource
LogPluginManager: Mounting plugin ContentBrowserAssetDataSource
LogPluginManager: Mounting plugin OnlineSubsystemGooglePlay
LogPluginManager: Mounting plugin OnlineSubsystemIOS
LogPluginManager: Mounting plugin OculusVR
LogPluginManager: Mounting plugin SteamVR
PixWinPlugin: PIX capture plugin failed to initialize! Check that the process is launched from PIX.
LogInit: Using libcurl 7.55.1-DEV
LogInit:  - built for x86_64-pc-win32
LogInit:  - supports SSL with OpenSSL/1.1.1
LogInit:  - supports HTTP deflate (compression) using libz 1.2.8
LogInit:  - other features:
LogInit:      CURL_VERSION_SSL
LogInit:      CURL_VERSION_LIBZ
LogInit:      CURL_VERSION_IPV6
LogInit:      CURL_VERSION_ASYNCHDNS
LogInit:      CURL_VERSION_LARGEFILE
LogInit:      CURL_VERSION_IDN
LogInit:  CurlRequestOptions (configurable via config and command line):
LogInit:  - bVerifyPeer = true  - Libcurl will verify peer certificate
LogInit:  - bUseHttpProxy = false  - Libcurl will NOT use HTTP proxy
LogInit:  - bDontReuseConnections = false  - Libcurl will reuse connections
LogInit:  - MaxHostConnections = 16  - Libcurl will limit the number of connections to a host
LogInit:  - LocalHostAddr = Default
LogInit:  - BufferSize = 65536
LogOnline: OSS: Creating online subsystem instance for: NULL
LogInit: WinSock: version 1.1 (2.2), MaxSocks=32767, MaxUdp=65467
LogOnline: OSS: TryLoadSubsystemAndSetDefault: Loaded subsystem for module [NULL]
LogOculusPluginWrapper: OculusPlugin initialized successfully
LogHMD: Failed initializing OVRPlugin 1.59.0
LogInit: Build: ++UE4+Release-4.27-CL-18319896
LogInit: Engine Version: 4.27.2-18319896+++UE4+Release-4.27
LogInit: Compatible Engine Version: 4.27.0-17155196+++UE4+Release-4.27
LogInit: Net CL: 17155196
LogInit: OS: Windows 10 (Release 2009) (), CPU: 12th Gen Intel(R) Core(TM) i5-12600K, GPU: NVIDIA GeForce RTX 3080
LogInit: Compiled (64-bit): Nov 30 2021 07:12:08
LogInit: Compiled with Visual C++: 19.24.28315.00
LogInit: Build Configuration: Development
LogInit: Branch Name: ++UE4+Release-4.27
LogInit: Command Line: 
LogInit: Base Directory: D:/Epic Games/UE_4.27/Engine/Binaries/Win64/
LogInit: Allocator: TBB
LogInit: Installed Engine Build: 1
LogDevObjectVersion: Number of dev versions registered: 29
LogDevObjectVersion:   Dev-Blueprints (B0D832E4-1F89-4F0D-ACCF-7EB736FD4AA2): 10
LogDevObjectVersion:   Dev-Build (E1C64328-A22C-4D53-A36C-8E866417BD8C): 0
LogDevObjectVersion:   Dev-Core (375EC13C-06E4-48FB-B500-84F0262A717E): 4
LogDevObjectVersion:   Dev-Editor (E4B068ED-F494-42E9-A231-DA0B2E46BB41): 40
LogDevObjectVersion:   Dev-Framework (CFFC743F-43B0-4480-9391-14DF171D2073): 37
LogDevObjectVersion:   Dev-Mobile (B02B49B5-BB20-44E9-A304-32B752E40360): 3
LogDevObjectVersion:   Dev-Networking (A4E4105C-59A1-49B5-A7C5-40C4547EDFEE): 0
LogDevObjectVersion:   Dev-Online (39C831C9-5AE6-47DC-9A44-9C173E1C8E7C): 0
LogDevObjectVersion:   Dev-Physics (78F01B33-EBEA-4F98-B9B4-84EACCB95AA2): 14
LogDevObjectVersion:   Dev-Platform (6631380F-2D4D-43E0-8009-CF276956A95A): 0
LogDevObjectVersion:   Dev-Rendering (12F88B9F-8875-4AFC-A67C-D90C383ABD29): 45
LogDevObjectVersion:   Dev-Sequencer (7B5AE74C-D270-4C10-A958-57980B212A5A): 13
LogDevObjectVersion:   Dev-VR (D7296918-1DD6-4BDD-9DE2-64A83CC13884): 3
LogDevObjectVersion:   Dev-LoadTimes (C2A15278-BFE7-4AFE-6C17-90FF531DF755): 1
LogDevObjectVersion:   Private-Geometry (6EACA3D4-40EC-4CC1-B786-8BED09428FC5): 3
LogDevObjectVersion:   Dev-AnimPhys (29E575DD-E0A3-4627-9D10-D276232CDCEA): 17
LogDevObjectVersion:   Dev-Anim (AF43A65D-7FD3-4947-9873-3E8ED9C1BB05): 15
LogDevObjectVersion:   Dev-ReflectionCapture (6B266CEC-1EC7-4B8F-A30B-E4D90942FC07): 1
LogDevObjectVersion:   Dev-Automation (0DF73D61-A23F-47EA-B727-89E90C41499A): 1
LogDevObjectVersion:   FortniteMain (601D1886-AC64-4F84-AA16-D3DE0DEAC7D6): 47
LogDevObjectVersion:   FortniteRelease (E7086368-6B23-4C58-8439-1B7016265E91): 1
LogDevObjectVersion:   Dev-Enterprise (9DFFBCD6-494F-0158-E221-12823C92A888): 10
LogDevObjectVersion:   Dev-Niagara (F2AED0AC-9AFE-416F-8664-AA7FFA26D6FC): 1
LogDevObjectVersion:   Dev-Destruction (174F1F0B-B4C6-45A5-B13F-2EE8D0FB917D): 10
LogDevObjectVersion:   Dev-Physics-Ext (35F94A83-E258-406C-A318-09F59610247C): 41
LogDevObjectVersion:   Dev-PhysicsMaterial-Chaos (B68FC16E-8B1B-42E2-B453-215C058844FE): 1
LogDevObjectVersion:   Dev-CineCamera (B2E18506-4273-CFC2-A54E-F4BB758BBA07): 1
LogDevObjectVersion:   Dev-VirtualProduction (64F58936-FD1B-42BA-BA96-7289D5D0FA4E): 1
LogDevObjectVersion:   Dev-MediaFramework (6F0ED827-A609-4895-9C91-998D90180EA4): 2
LogInit: Presizing for max 25165824 objects, including 0 objects not considered by GC, pre-allocating 0 bytes for permanent pool.
LogConfig: Applying CVar settings from Section [/Script/Engine.StreamingSettings] File [C:/Users/titan/Desktop/Titan_RoadHopper/RoadHopper4.27/Saved/Config/Windows/Engine.ini]
LogConfig: Setting CVar [[s.MinBulkDataSizeForAsyncLoading:131072]]
LogConfig: Setting CVar [[s.AsyncLoadingThreadEnabled:0]]
LogConfig: Setting CVar [[s.EventDrivenLoaderEnabled:1]]
LogConfig: Setting CVar [[s.WarnIfTimeLimitExceeded:0]]
LogConfig: Setting CVar [[s.TimeLimitExceededMultiplier:1.5]]
LogConfig: Setting CVar [[s.TimeLimitExceededMinTime:0.005]]
LogConfig: Setting CVar [[s.UseBackgroundLevelStreaming:1]]
LogConfig: Setting CVar [[s.PriorityAsyncLoadingExtraTime:15.0]]
LogConfig: Setting CVar [[s.LevelStreamingActorsUpdateTimeLimit:5.0]]
LogConfig: Setting CVar [[s.PriorityLevelStreamingActorsUpdateExtraTime:5.0]]
LogConfig: Setting CVar [[s.LevelStreamingComponentsRegistrationGranularity:10]]
LogConfig: Setting CVar [[s.UnregisterComponentsTimeLimit:1.0]]
LogConfig: Setting CVar [[s.LevelStreamingComponentsUnregistrationGranularity:5]]
LogConfig: Setting CVar [[s.FlushStreamingOnExit:1]]
LogInit: Object subsystem initialized
LogConfig: Setting CVar [[con.DebugEarlyDefault:1]]
LogConfig: Setting CVar [[r.setres:1280x720]]
[2026.03.15-01.30.25:700][  0]LogConfig: Setting CVar [[r.VSync:0]]
[2026.03.15-01.30.25:700][  0]LogConfig: Setting CVar [[r.RHICmdBypass:0]]
[2026.03.15-01.30.25:700][  0]LogConfig: Applying CVar settings from Section [/Script/Engine.RendererSettings] File [C:/Users/titan/Desktop/Titan_RoadHopper/RoadHopper4.27/Saved/Config/Windows/Engine.ini]
[2026.03.15-01.30.25:700][  0]LogConfig: Setting CVar [[r.GPUCrashDebugging:0]]
[2026.03.15-01.30.25:701][  0]LogConfig: Setting CVar [[r.Mobile.DisableVertexFog:1]]
[2026.03.15-01.30.25:701][  0]LogConfig: Setting CVar [[r.Shadow.CSM.MaxMobileCascades:2]]
[2026.03.15-01.30.25:701][  0]LogConfig: Setting CVar [[r.MobileMSAA:1]]
[2026.03.15-01.30.25:701][  0]LogConfig: Setting CVar [[r.Mobile.AllowDitheredLODTransition:0]]
[2026.03.15-01.30.25:701][  0]LogConfig: Setting CVar [[r.Mobile.AllowSoftwareOcclusion:0]]
[2026.03.15-01.30.25:701][  0]LogConfig: Setting CVar [[r.Mobile.VirtualTextures:0]]
[2026.03.15-01.30.25:701][  0]LogConfig: Setting CVar [[r.DiscardUnusedQuality:0]]
[2026.03.15-01.30.25:701][  0]LogConfig: Setting CVar [[r.AllowOcclusionQueries:1]]
[2026.03.15-01.30.25:701][  0]LogConfig: Setting CVar [[r.MinScreenRadiusForLights:0.030000]]
[2026.03.15-01.30.25:701][  0]LogConfig: Setting CVar [[r.MinScreenRadiusForDepthPrepass:0.030000]]
[2026.03.15-01.30.25:701][  0]LogConfig: Setting CVar [[r.MinScreenRadiusForCSMDepth:0.010000]]
[2026.03.15-01.30.25:701][  0]LogConfig: Setting CVar [[r.PrecomputedVisibilityWarning:0]]
[2026.03.15-01.30.25:701][  0]LogConfig: Setting CVar [[r.TextureStreaming:1]]
[2026.03.15-01.30.25:701][  0]LogConfig: Setting CVar [[Compat.UseDXT5NormalMaps:0]]
[2026.03.15-01.30.25:701][  0]LogConfig: Setting CVar [[r.VirtualTextures:0]]
[2026.03.15-01.30.25:701][  0]LogConfig: Setting CVar [[r.VT.EnableAutoImport:1]]
[2026.03.15-01.30.25:701][  0]LogConfig: Setting CVar [[r.VirtualTexturedLightmaps:0]]
[2026.03.15-01.30.25:701][  0]LogConfig: Setting CVar [[r.VT.TileSize:128]]
[2026.03.15-01.30.25:701][  0]LogConfig: Setting CVar [[r.VT.TileBorderSize:4]]
[2026.03.15-01.30.25:701][  0]LogConfig: Setting CVar [[r.vt.FeedbackFactor:16]]
[2026.03.15-01.30.25:701][  0]LogConfig: Setting CVar [[r.VT.EnableCompressZlib:1]]
[2026.03.15-01.30.25:701][  0]LogConfig: Setting CVar [[r.VT.EnableCompressCrunch:0]]
[2026.03.15-01.30.25:701][  0]LogConfig: Setting CVar [[r.ClearCoatNormal:0]]
[2026.03.15-01.30.25:701][  0]LogConfig: Setting CVar [[r.ReflectionCaptureResolution:128]]
[2026.03.15-01.30.25:701][  0]LogConfig: Setting CVar [[r.Mobile.ReflectionCaptureCompression:0]]
[2026.03.15-01.30.25:701][  0]LogConfig: Setting CVar [[r.ReflectionEnvironmentLightmapMixBasedOnRoughness:1]]
[2026.03.15-01.30.25:701][  0]LogConfig: Setting CVar [[r.ForwardShading:0]]
[2026.03.15-01.30.25:701][  0]LogConfig: Setting CVar [[r.VertexFoggingForOpaque:1]]
[2026.03.15-01.30.25:701][  0]LogConfig: Setting CVar [[r.AllowStaticLighting:1]]
[2026.03.15-01.30.25:701][  0]LogConfig: Setting CVar [[r.NormalMapsForStaticLighting:0]]
[2026.03.15-01.30.25:701][  0]LogConfig: Setting CVar [[r.GenerateMeshDistanceFields:0]]
[2026.03.15-01.30.25:701][  0]LogConfig: Setting CVar [[r.DistanceFieldBuild.EightBit:0]]
[2026.03.15-01.30.25:701][  0]LogConfig: Setting CVar [[r.GenerateLandscapeGIData:0]]
[2026.03.15-01.30.25:701][  0]LogConfig: Setting CVar [[r.DistanceFieldBuild.Compress:0]]
[2026.03.15-01.30.25:701][  0]LogConfig: Setting CVar [[r.TessellationAdaptivePixelsPerTriangle:48.000000]]
[2026.03.15-01.30.25:701][  0]LogConfig: Setting CVar [[r.SeparateTranslucency:1]]
[2026.03.15-01.30.25:701][  0]LogConfig: Setting CVar [[r.TranslucentSortPolicy:0]]
[2026.03.15-01.30.25:701][  0]LogConfig: Setting CVar [[vr.VRS.HMDFixedFoveationLevel:0]]
[2026.03.15-01.30.25:701][  0]LogConfig: Setting CVar [[r.CustomDepth:1]]
[2026.03.15-01.30.25:701][  0]LogConfig: Setting CVar [[r.CustomDepthTemporalAAJitter:1]]
[2026.03.15-01.30.25:701][  0]LogConfig: Setting CVar [[r.PostProcessing.PropagateAlpha:0]]
[2026.03.15-01.30.25:701][  0]LogConfig: Setting CVar [[r.DefaultFeature.Bloom:1]]
[2026.03.15-01.30.25:701][  0]LogConfig: Setting CVar [[r.DefaultFeature.AmbientOcclusion:1]]
[2026.03.15-01.30.25:701][  0]LogConfig: Setting CVar [[r.DefaultFeature.AmbientOcclusionStaticFraction:1]]
[2026.03.15-01.30.25:701][  0]LogConfig: Setting CVar [[r.DefaultFeature.AutoExposure:0]]
[2026.03.15-01.30.25:701][  0]LogConfig: Setting CVar [[r.DefaultFeature.AutoExposure.Method:0]]
[2026.03.15-01.30.25:701][  0]LogConfig: Setting CVar [[r.DefaultFeature.AutoExposure.Bias:1.000000]]
[2026.03.15-01.30.25:701][  0]LogConfig: Setting CVar [[r.DefaultFeature.AutoExposure.ExtendDefaultLuminanceRange:0]]
[2026.03.15-01.30.25:701][  0]LogConfig: Setting CVar [[r.UsePreExposure:1]]
[2026.03.15-01.30.25:701][  0]LogConfig: Setting CVar [[r.EyeAdaptation.EditorOnly:0]]
[2026.03.15-01.30.25:701][  0]LogConfig: Setting CVar [[r.DefaultFeature.MotionBlur:0]]
[2026.03.15-01.30.25:701][  0]LogConfig: Setting CVar [[r.DefaultFeature.LensFlare:0]]
[2026.03.15-01.30.25:701][  0]LogConfig: Setting CVar [[r.TemporalAA.Upsampling:0]]
[2026.03.15-01.30.25:701][  0]LogConfig: Setting CVar [[r.SSGI.Enable:0]]
[2026.03.15-01.30.25:701][  0]LogConfig: Setting CVar [[r.DefaultFeature.AntiAliasing:0]]
[2026.03.15-01.30.25:701][  0]LogConfig: Setting CVar [[r.DefaultFeature.LightUnits:1]]
[2026.03.15-01.30.25:701][  0]LogConfig: Setting CVar [[r.DefaultBackBufferPixelFormat:4]]
[2026.03.15-01.30.25:701][  0]LogConfig: Setting CVar [[r.Shadow.UnbuiltPreviewInGame:1]]
[2026.03.15-01.30.25:701][  0]LogConfig: Setting CVar [[r.StencilForLODDither:0]]
[2026.03.15-01.30.25:701][  0]LogConfig: Setting CVar [[r.EarlyZPass:3]]
[2026.03.15-01.30.25:701][  0]LogConfig: Setting CVar [[r.EarlyZPassOnlyMaterialMasking:0]]
[2026.03.15-01.30.25:701][  0]LogConfig: Setting CVar [[r.DBuffer:1]]
[2026.03.15-01.30.25:701][  0]LogConfig: Setting CVar [[r.ClearSceneMethod:1]]
[2026.03.15-01.30.25:701][  0]LogConfig: Setting CVar [[r.BasePassOutputsVelocity:0]]
[2026.03.15-01.30.25:701][  0]LogConfig: Setting CVar [[r.VertexDeformationOutputsVelocity:0]]
[2026.03.15-01.30.25:701][  0]LogConfig: Setting CVar [[r.SelectiveBasePassOutputs:0]]
[2026.03.15-01.30.25:701][  0]LogConfig: Setting CVar [[fx.GPUSimulationTextureSizeX:1024]]
[2026.03.15-01.30.25:701][  0]LogConfig: Setting CVar [[fx.GPUSimulationTextureSizeY:1024]]
[2026.03.15-01.30.25:701][  0]LogConfig: Setting CVar [[r.AllowGlobalClipPlane:0]]
[2026.03.15-01.30.25:701][  0]LogConfig: Setting CVar [[r.GBufferFormat:1]]
[2026.03.15-01.30.25:701][  0]LogConfig: Setting CVar [[r.MorphTarget.Mode:1]]
[2026.03.15-01.30.25:701][  0]LogConfig: Setting CVar [[vr.InstancedStereo:0]]
[2026.03.15-01.30.25:701][  0]LogConfig: Setting CVar [[r.MobileHDR:1]]
[2026.03.15-01.30.25:701][  0]LogConfig: Setting CVar [[vr.MobileMultiView:0]]
[2026.03.15-01.30.25:701][  0]LogConfig: Setting CVar [[r.Mobile.UseHWsRGBEncoding:0]]
[2026.03.15-01.30.25:701][  0]LogConfig: Setting CVar [[vr.RoundRobinOcclusion:0]]
[2026.03.15-01.30.25:701][  0]LogConfig: Setting CVar [[vr.ODSCapture:0]]
[2026.03.15-01.30.25:701][  0]LogConfig: Setting CVar [[r.MeshStreaming:0]]
[2026.03.15-01.30.25:701][  0]LogConfig: Setting CVar [[r.WireframeCullThreshold:5.000000]]
[2026.03.15-01.30.25:701][  0]LogConfig: Setting CVar [[r.RayTracing:0]]
[2026.03.15-01.30.25:701][  0]LogConfig: Setting CVar [[r.RayTracing.UseTextureLod:0]]
[2026.03.15-01.30.25:701][  0]LogConfig: Setting CVar [[r.SupportStationarySkylight:1]]
[2026.03.15-01.30.25:701][  0]LogConfig: Setting CVar [[r.SupportLowQualityLightmaps:1]]
[2026.03.15-01.30.25:701][  0]LogConfig: Setting CVar [[r.SupportPointLightWholeSceneShadows:1]]
[2026.03.15-01.30.25:701][  0]LogConfig: Setting CVar [[r.SupportAtmosphericFog:1]]
[2026.03.15-01.30.25:701][  0]LogConfig: Setting CVar [[r.SupportSkyAtmosphere:1]]
[2026.03.15-01.30.25:701][  0]LogConfig: Setting CVar [[r.SupportSkyAtmosphereAffectsHeightFog:0]]
[2026.03.15-01.30.25:701][  0]LogConfig: Setting CVar [[r.SkinCache.CompileShaders:0]]
[2026.03.15-01.30.25:701][  0]LogConfig: Setting CVar [[r.SkinCache.DefaultBehavior:1]]
[2026.03.15-01.30.25:701][  0]LogConfig: Setting CVar [[r.SkinCache.SceneMemoryLimitInMB:128.000000]]
[2026.03.15-01.30.25:701][  0]LogConfig: Setting CVar [[r.Mobile.EnableStaticAndCSMShadowReceivers:1]]
[2026.03.15-01.30.25:701][  0]LogConfig: Setting CVar [[r.Mobile.EnableMovableLightCSMShaderCulling:1]]
[2026.03.15-01.30.25:701][  0]LogConfig: Setting CVar [[r.Mobile.AllowDistanceFieldShadows:1]]
[2026.03.15-01.30.25:701][  0]LogConfig: Setting CVar [[r.Mobile.AllowMovableDirectionalLights:1]]
[2026.03.15-01.30.25:701][  0]LogConfig: Setting CVar [[r.MobileNumDynamicPointLights:4]]
[2026.03.15-01.30.25:701][  0]LogConfig: Setting CVar [[r.MobileDynamicPointLightsUseStaticBranch:1]]
[2026.03.15-01.30.25:701][  0]LogConfig: Setting CVar [[r.Mobile.EnableMovableSpotlights:0]]
[2026.03.15-01.30.25:701][  0]LogConfig: Setting CVar [[r.Mobile.EnableMovableSpotlightsShadow:0]]
[2026.03.15-01.30.25:701][  0]LogConfig: Setting CVar [[r.GPUSkin.Support16BitBoneIndex:0]]
[2026.03.15-01.30.25:701][  0]LogConfig: Setting CVar [[r.GPUSkin.Limit2BoneInfluences:0]]
[2026.03.15-01.30.25:701][  0]LogConfig: Setting CVar [[r.SupportDepthOnlyIndexBuffers:1]]
[2026.03.15-01.30.25:701][  0]LogConfig: Setting CVar [[r.SupportReversedIndexBuffers:1]]
[2026.03.15-01.30.25:701][  0]LogConfig: Setting CVar [[r.LightPropagationVolume:0]]
[2026.03.15-01.30.25:701][  0]LogConfig: Setting CVar [[r.Mobile.AmbientOcclusion:0]]
[2026.03.15-01.30.25:701][  0]LogConfig: Setting CVar [[r.GPUSkin.UnlimitedBoneInfluences:0]]
[2026.03.15-01.30.25:701][  0]LogConfig: Setting CVar [[r.GPUSkin.UnlimitedBoneInfluencesThreshold:8]]
[2026.03.15-01.30.25:701][  0]LogConfig: Setting CVar [[r.Mobile.PlanarReflectionMode:0]]
[2026.03.15-01.30.25:701][  0]LogConfig: Setting CVar [[r.Mobile.SupportsGen4TAA:0]]
[2026.03.15-01.30.25:701][  0]LogConfig: Applying CVar settings from Section [/Script/Engine.RendererOverrideSettings] File [C:/Users/titan/Desktop/Titan_RoadHopper/RoadHopper4.27/Saved/Config/Windows/Engine.ini]
[2026.03.15-01.30.25:701][  0]LogConfig: Applying CVar settings from Section [/Script/Engine.StreamingSettings] File [C:/Users/titan/Desktop/Titan_RoadHopper/RoadHopper4.27/Saved/Config/Windows/Engine.ini]
[2026.03.15-01.30.25:701][  0]LogConfig: Setting CVar [[s.MinBulkDataSizeForAsyncLoading:131072]]
[2026.03.15-01.30.25:701][  0]LogConfig: Setting CVar [[s.AsyncLoadingThreadEnabled:0]]
[2026.03.15-01.30.25:701][  0]LogConfig: Setting CVar [[s.EventDrivenLoaderEnabled:1]]
[2026.03.15-01.30.25:701][  0]LogConfig: Setting CVar [[s.WarnIfTimeLimitExceeded:0]]
[2026.03.15-01.30.25:701][  0]LogConfig: Setting CVar [[s.TimeLimitExceededMultiplier:1.5]]
[2026.03.15-01.30.25:701][  0]LogConfig: Setting CVar [[s.TimeLimitExceededMinTime:0.005]]
[2026.03.15-01.30.25:701][  0]LogConfig: Setting CVar [[s.UseBackgroundLevelStreaming:1]]
[2026.03.15-01.30.25:701][  0]LogConfig: Setting CVar [[s.PriorityAsyncLoadingExtraTime:15.0]]
[2026.03.15-01.30.25:701][  0]LogConfig: Setting CVar [[s.LevelStreamingActorsUpdateTimeLimit:5.0]]
[2026.03.15-01.30.25:701][  0]LogConfig: Setting CVar [[s.PriorityLevelStreamingActorsUpdateExtraTime:5.0]]
[2026.03.15-01.30.25:701][  0]LogConfig: Setting CVar [[s.LevelStreamingComponentsRegistrationGranularity:10]]
[2026.03.15-01.30.25:701][  0]LogConfig: Setting CVar [[s.UnregisterComponentsTimeLimit:1.0]]
[2026.03.15-01.30.25:701][  0]LogConfig: Setting CVar [[s.LevelStreamingComponentsUnregistrationGranularity:5]]
[2026.03.15-01.30.25:701][  0]LogConfig: Setting CVar [[s.FlushStreamingOnExit:1]]
[2026.03.15-01.30.25:701][  0]LogConfig: Applying CVar settings from Section [/Script/Engine.GarbageCollectionSettings] File [C:/Users/titan/Desktop/Titan_RoadHopper/RoadHopper4.27/Saved/Config/Windows/Engine.ini]
[2026.03.15-01.30.25:701][  0]LogConfig: Setting CVar [[gc.MaxObjectsNotConsideredByGC:1]]
[2026.03.15-01.30.25:701][  0]LogConfig: Setting CVar [[gc.SizeOfPermanentObjectPool:0]]
[2026.03.15-01.30.25:701][  0]LogConfig: Setting CVar [[gc.FlushStreamingOnGC:0]]
[2026.03.15-01.30.25:701][  0]LogConfig: Setting CVar [[gc.NumRetriesBeforeForcingGC:10]]
[2026.03.15-01.30.25:701][  0]LogConfig: Setting CVar [[gc.AllowParallelGC:1]]
[2026.03.15-01.30.25:701][  0]LogConfig: Setting CVar [[gc.TimeBetweenPurgingPendingKillObjects:61.1]]
[2026.03.15-01.30.25:701][  0]LogConfig: Setting CVar [[gc.MaxObjectsInEditor:25165824]]
[2026.03.15-01.30.25:701][  0]LogConfig: Setting CVar [[gc.IncrementalBeginDestroyEnabled:1]]
[2026.03.15-01.30.25:701][  0]LogConfig: Setting CVar [[gc.CreateGCClusters:1]]
[2026.03.15-01.30.25:701][  0]LogConfig: Setting CVar [[gc.MinGCClusterSize:5]]
[2026.03.15-01.30.25:701][  0]LogConfig: Setting CVar [[gc.ActorClusteringEnabled:0]]
[2026.03.15-01.30.25:701][  0]LogConfig: Setting CVar [[gc.BlueprintClusteringEnabled:0]]
[2026.03.15-01.30.25:701][  0]LogConfig: Setting CVar [[gc.UseDisregardForGCOnDedicatedServers:0]]
[2026.03.15-01.30.25:701][  0]LogConfig: Setting CVar [[gc.MultithreadedDestructionEnabled:1]]
[2026.03.15-01.30.25:701][  0]LogConfig: Applying CVar settings from Section [/Script/Engine.NetworkSettings] File [C:/Users/titan/Desktop/Titan_RoadHopper/RoadHopper4.27/Saved/Config/Windows/Engine.ini]
[2026.03.15-01.30.25:701][  0]LogConfig: Applying CVar settings from Section [/Script/UnrealEd.CookerSettings] File [C:/Users/titan/Desktop/Titan_RoadHopper/RoadHopper4.27/Saved/Config/Windows/Engine.ini]
[2026.03.15-01.30.25:721][  0]LogConfig: Applying CVar settings from Section [ViewDistanceQuality@3] File [C:/Users/titan/Desktop/Titan_RoadHopper/RoadHopper4.27/Saved/Config/Windows/Scalability.ini]
[2026.03.15-01.30.25:721][  0]LogConfig: Setting CVar [[r.SkeletalMeshLODBias:0]]
[2026.03.15-01.30.25:721][  0]LogConfig: Setting CVar [[r.ViewDistanceScale:1.0]]
[2026.03.15-01.30.25:721][  0]LogConfig: Applying CVar settings from Section [AntiAliasingQuality@3] File [C:/Users/titan/Desktop/Titan_RoadHopper/RoadHopper4.27/Saved/Config/Windows/Scalability.ini]
[2026.03.15-01.30.25:721][  0]LogConfig: Setting CVar [[r.PostProcessAAQuality:4]]
[2026.03.15-01.30.25:721][  0]LogConfig: Applying CVar settings from Section [ShadowQuality@3] File [C:/Users/titan/Desktop/Titan_RoadHopper/RoadHopper4.27/Saved/Config/Windows/Scalability.ini]
[2026.03.15-01.30.25:721][  0]LogConfig: Setting CVar [[r.LightFunctionQuality:1]]
[2026.03.15-01.30.25:721][  0]LogConfig: Setting CVar [[r.ShadowQuality:5]]
[2026.03.15-01.30.25:721][  0]LogConfig: Setting CVar [[r.Shadow.CSM.MaxCascades:10]]
[2026.03.15-01.30.25:721][  0]LogConfig: Setting CVar [[r.Shadow.MaxResolution:2048]]
[2026.03.15-01.30.25:721][  0]LogConfig: Setting CVar [[r.Shadow.MaxCSMResolution:2048]]
[2026.03.15-01.30.25:721][  0]LogConfig: Setting CVar [[r.Shadow.RadiusThreshold:0.01]]
[2026.03.15-01.30.25:721][  0]LogConfig: Setting CVar [[r.Shadow.DistanceScale:1.0]]
[2026.03.15-01.30.25:721][  0]LogConfig: Setting CVar [[r.Shadow.CSM.TransitionScale:1.0]]
[2026.03.15-01.30.25:721][  0]LogConfig: Setting CVar [[r.Shadow.PreShadowResolutionFactor:1.0]]
[2026.03.15-01.30.25:721][  0]LogConfig: Setting CVar [[r.DistanceFieldShadowing:1]]
[2026.03.15-01.30.25:721][  0]LogConfig: Setting CVar [[r.DistanceFieldAO:1]]
[2026.03.15-01.30.25:721][  0]LogConfig: Setting CVar [[r.AOQuality:2]]
[2026.03.15-01.30.25:721][  0]LogConfig: Setting CVar [[r.VolumetricFog:1]]
[2026.03.15-01.30.25:721][  0]LogConfig: Setting CVar [[r.VolumetricFog.GridPixelSize:8]]
[2026.03.15-01.30.25:721][  0]LogConfig: Setting CVar [[r.VolumetricFog.GridSizeZ:128]]
[2026.03.15-01.30.25:721][  0]LogConfig: Setting CVar [[r.VolumetricFog.HistoryMissSupersampleCount:4]]
[2026.03.15-01.30.25:721][  0]LogConfig: Setting CVar [[r.LightMaxDrawDistanceScale:1]]
[2026.03.15-01.30.25:721][  0]LogConfig: Setting CVar [[r.CapsuleShadows:1]]
[2026.03.15-01.30.25:721][  0]LogConfig: Applying CVar settings from Section [PostProcessQuality@3] File [C:/Users/titan/Desktop/Titan_RoadHopper/RoadHopper4.27/Saved/Config/Windows/Scalability.ini]
[2026.03.15-01.30.25:721][  0]LogConfig: Setting CVar [[r.MotionBlurQuality:4]]
[2026.03.15-01.30.25:721][  0]LogConfig: Setting CVar [[r.AmbientOcclusionMipLevelFactor:0.4]]
[2026.03.15-01.30.25:721][  0]LogConfig: Setting CVar [[r.AmbientOcclusionMaxQuality:100]]
[2026.03.15-01.30.25:721][  0]LogConfig: Setting CVar [[r.AmbientOcclusionLevels:-1]]
[2026.03.15-01.30.25:721][  0]LogConfig: Setting CVar [[r.AmbientOcclusionRadiusScale:1.0]]
[2026.03.15-01.30.25:721][  0]LogConfig: Setting CVar [[r.DepthOfFieldQuality:2]]
[2026.03.15-01.30.25:721][  0]LogConfig: Setting CVar [[r.RenderTargetPoolMin:400]]
[2026.03.15-01.30.25:721][  0]LogConfig: Setting CVar [[r.LensFlareQuality:2]]
[2026.03.15-01.30.25:721][  0]LogConfig: Setting CVar [[r.SceneColorFringeQuality:1]]
[2026.03.15-01.30.25:721][  0]LogConfig: Setting CVar [[r.EyeAdaptationQuality:2]]
[2026.03.15-01.30.25:721][  0]LogConfig: Setting CVar [[r.BloomQuality:5]]
[2026.03.15-01.30.25:721][  0]LogConfig: Setting CVar [[r.FastBlurThreshold:100]]
[2026.03.15-01.30.25:721][  0]LogConfig: Setting CVar [[r.Upscale.Quality:3]]
[2026.03.15-01.30.25:721][  0]LogConfig: Setting CVar [[r.Tonemapper.GrainQuantization:1]]
[2026.03.15-01.30.25:721][  0]LogConfig: Setting CVar [[r.LightShaftQuality:1]]
[2026.03.15-01.30.25:721][  0]LogConfig: Setting CVar [[r.Filter.SizeScale:1]]
[2026.03.15-01.30.25:721][  0]LogConfig: Setting CVar [[r.Tonemapper.Quality:5]]
[2026.03.15-01.30.25:721][  0]LogConfig: Setting CVar [[r.DOF.Gather.AccumulatorQuality:1        ; higher gathering accumulator quality]]
[2026.03.15-01.30.25:721][  0]LogConfig: Setting CVar [[r.DOF.Gather.PostfilterMethod:1          ; Median3x3 postfilering method]]
[2026.03.15-01.30.25:721][  0]LogConfig: Setting CVar [[r.DOF.Gather.EnableBokehSettings:0       ; no bokeh simulation when gathering]]
[2026.03.15-01.30.25:721][  0]LogConfig: Setting CVar [[r.DOF.Gather.RingCount:4                 ; medium number of samples when gathering]]
[2026.03.15-01.30.25:721][  0]LogConfig: Setting CVar [[r.DOF.Scatter.ForegroundCompositing:1    ; additive foreground scattering]]
[2026.03.15-01.30.25:721][  0]LogConfig: Setting CVar [[r.DOF.Scatter.BackgroundCompositing:2    ; additive background scattering]]
[2026.03.15-01.30.25:721][  0]LogConfig: Setting CVar [[r.DOF.Scatter.EnableBokehSettings:1      ; bokeh simulation when scattering]]
[2026.03.15-01.30.25:721][  0]LogConfig: Setting CVar [[r.DOF.Scatter.MaxSpriteRatio:0.1         ; only a maximum of 10% of scattered bokeh]]
[2026.03.15-01.30.25:721][  0]LogConfig: Setting CVar [[r.DOF.Recombine.Quality:1                ; cheap slight out of focus]]
[2026.03.15-01.30.25:721][  0]LogConfig: Setting CVar [[r.DOF.Recombine.EnableBokehSettings:0    ; no bokeh simulation on slight out of focus]]
[2026.03.15-01.30.25:721][  0]LogConfig: Setting CVar [[r.DOF.TemporalAAQuality:1                ; more stable temporal accumulation]]
[2026.03.15-01.30.25:721][  0]LogConfig: Setting CVar [[r.DOF.Kernel.MaxForegroundRadius:0.025]]
[2026.03.15-01.30.25:721][  0]LogConfig: Setting CVar [[r.DOF.Kernel.MaxBackgroundRadius:0.025]]
[2026.03.15-01.30.25:721][  0]LogConfig: Applying CVar settings from Section [TextureQuality@3] File [C:/Users/titan/Desktop/Titan_RoadHopper/RoadHopper4.27/Saved/Config/Windows/Scalability.ini]
[2026.03.15-01.30.25:721][  0]LogConfig: Setting CVar [[r.Streaming.MipBias:0]]
[2026.03.15-01.30.25:721][  0]LogConfig: Setting CVar [[r.Streaming.AmortizeCPUToGPUCopy:0]]
[2026.03.15-01.30.25:721][  0]LogConfig: Setting CVar [[r.Streaming.MaxNumTexturesToStreamPerFrame:0]]
[2026.03.15-01.30.25:721][  0]LogConfig: Setting CVar [[r.Streaming.Boost:1]]
[2026.03.15-01.30.25:721][  0]LogConfig: Setting CVar [[r.MaxAnisotropy:8]]
[2026.03.15-01.30.25:721][  0]LogConfig: Setting CVar [[r.VT.MaxAnisotropy:8]]
[2026.03.15-01.30.25:721][  0]LogConfig: Setting CVar [[r.Streaming.LimitPoolSizeToVRAM:0]]
[2026.03.15-01.30.25:721][  0]LogConfig: Setting CVar [[r.Streaming.PoolSize:1000]]
[2026.03.15-01.30.25:721][  0]LogConfig: Setting CVar [[r.Streaming.MaxEffectiveScreenSize:0]]
[2026.03.15-01.30.25:721][  0]LogConfig: Applying CVar settings from Section [EffectsQuality@3] File [C:/Users/titan/Desktop/Titan_RoadHopper/RoadHopper4.27/Saved/Config/Windows/Scalability.ini]
[2026.03.15-01.30.25:721][  0]LogConfig: Setting CVar [[r.TranslucencyLightingVolumeDim:64]]
[2026.03.15-01.30.25:721][  0]LogConfig: Setting CVar [[r.RefractionQuality:2]]
[2026.03.15-01.30.25:721][  0]LogConfig: Setting CVar [[r.SSR.Quality:3]]
[2026.03.15-01.30.25:721][  0]LogConfig: Setting CVar [[r.SSR.HalfResSceneColor:0]]
[2026.03.15-01.30.25:721][  0]LogConfig: Setting CVar [[r.SceneColorFormat:4]]
[2026.03.15-01.30.25:721][  0]LogConfig: Setting CVar [[r.DetailMode:2]]
[2026.03.15-01.30.25:721][  0]LogConfig: Setting CVar [[r.TranslucencyVolumeBlur:1]]
[2026.03.15-01.30.25:721][  0]LogConfig: Setting CVar [[r.MaterialQualityLevel:1 ; High quality]]
[2026.03.15-01.30.25:721][  0]LogConfig: Setting CVar [[r.AnisotropicMaterials:1]]
[2026.03.15-01.30.25:721][  0]LogConfig: Setting CVar [[r.SSS.Scale:1]]
[2026.03.15-01.30.25:721][  0]LogConfig: Setting CVar [[r.SSS.SampleSet:2]]
[2026.03.15-01.30.25:721][  0]LogConfig: Setting CVar [[r.SSS.Quality:1]]
[2026.03.15-01.30.25:721][  0]LogConfig: Setting CVar [[r.SSS.HalfRes:0]]
[2026.03.15-01.30.25:721][  0]LogConfig: Setting CVar [[r.SSGI.Quality:3]]
[2026.03.15-01.30.25:721][  0]LogConfig: Setting CVar [[r.EmitterSpawnRateScale:1.0]]
[2026.03.15-01.30.25:721][  0]LogConfig: Setting CVar [[r.ParticleLightQuality:2]]
[2026.03.15-01.30.25:721][  0]LogConfig: Setting CVar [[r.SkyAtmosphere.AerialPerspectiveLUT.FastApplyOnOpaque:1 ; Always have FastSkyLUT 1 in this case to avoid wrong sky]]
[2026.03.15-01.30.25:721][  0]LogConfig: Setting CVar [[r.SkyAtmosphere.AerialPerspectiveLUT.SampleCountMaxPerSlice:4]]
[2026.03.15-01.30.25:721][  0]LogConfig: Setting CVar [[r.SkyAtmosphere.AerialPerspectiveLUT.DepthResolution:16.0]]
[2026.03.15-01.30.25:721][  0]LogConfig: Setting CVar [[r.SkyAtmosphere.FastSkyLUT:1]]
[2026.03.15-01.30.25:721][  0]LogConfig: Setting CVar [[r.SkyAtmosphere.FastSkyLUT.SampleCountMin:4.0]]
[2026.03.15-01.30.25:721][  0]LogConfig: Setting CVar [[r.SkyAtmosphere.FastSkyLUT.SampleCountMax:128.0]]
[2026.03.15-01.30.25:721][  0]LogConfig: Setting CVar [[r.SkyAtmosphere.SampleCountMin:4.0]]
[2026.03.15-01.30.25:721][  0]LogConfig: Setting CVar [[r.SkyAtmosphere.SampleCountMax:128.0]]
[2026.03.15-01.30.25:721][  0]LogConfig: Setting CVar [[r.SkyAtmosphere.TransmittanceLUT.UseSmallFormat:0]]
[2026.03.15-01.30.25:721][  0]LogConfig: Setting CVar [[r.SkyAtmosphere.TransmittanceLUT.SampleCount:10.0]]
[2026.03.15-01.30.25:721][  0]LogConfig: Setting CVar [[r.SkyAtmosphere.MultiScatteringLUT.SampleCount:15.0]]
[2026.03.15-01.30.25:721][  0]LogConfig: Setting CVar [[r.SkyLight.RealTimeReflectionCapture:1]]
[2026.03.15-01.30.25:721][  0]LogConfig: Applying CVar settings from Section [FoliageQuality@3] File [C:/Users/titan/Desktop/Titan_RoadHopper/RoadHopper4.27/Saved/Config/Windows/Scalability.ini]
[2026.03.15-01.30.25:721][  0]LogConfig: Setting CVar [[foliage.DensityScale:1.0]]
[2026.03.15-01.30.25:721][  0]LogConfig: Setting CVar [[grass.DensityScale:1.0]]
[2026.03.15-01.30.25:722][  0]LogConfig: Applying CVar settings from Section [ShadingQuality@3] File [C:/Users/titan/Desktop/Titan_RoadHopper/RoadHopper4.27/Saved/Config/Windows/Scalability.ini]
[2026.03.15-01.30.25:722][  0]LogConfig: Setting CVar [[r.HairStrands.SkyLighting.IntegrationType:2]]
[2026.03.15-01.30.25:722][  0]LogConfig: Setting CVar [[r.HairStrands.SkyAO.SampleCount:4]]
[2026.03.15-01.30.25:722][  0]LogConfig: Setting CVar [[r.HairStrands.Visibility.MSAA.SamplePerPixel:4]]
[2026.03.15-01.30.25:722][  0]LogInit: Selected Device Profile: [Windows]
[2026.03.15-01.30.25:722][  0]LogInit: Applying CVar settings loaded from the selected device profile: [Windows]
[2026.03.15-01.30.25:722][  0]LogHAL: Display: Platform has ~ 32 GB [34088599552 / 34359738368 / 32], which maps to Largest [LargestMinGB=32, LargerMinGB=12, DefaultMinGB=8, SmallerMinGB=6, SmallestMinGB=0)
[2026.03.15-01.30.25:722][  0]LogInit: Going up to parent DeviceProfile []
[2026.03.15-01.30.25:722][  0]LogConfig: Applying CVar settings from Section [ViewDistanceQuality@3] File [C:/Users/titan/Desktop/Titan_RoadHopper/RoadHopper4.27/Saved/Config/Windows/Scalability.ini]
[2026.03.15-01.30.25:722][  0]LogConfig: Setting CVar [[r.SkeletalMeshLODBias:0]]
[2026.03.15-01.30.25:722][  0]LogConfig: Setting CVar [[r.ViewDistanceScale:1.0]]
[2026.03.15-01.30.25:722][  0]LogConfig: Applying CVar settings from Section [AntiAliasingQuality@3] File [C:/Users/titan/Desktop/Titan_RoadHopper/RoadHopper4.27/Saved/Config/Windows/Scalability.ini]
[2026.03.15-01.30.25:722][  0]LogConfig: Setting CVar [[r.PostProcessAAQuality:4]]
[2026.03.15-01.30.25:722][  0]LogConfig: Applying CVar settings from Section [ShadowQuality@3] File [C:/Users/titan/Desktop/Titan_RoadHopper/RoadHopper4.27/Saved/Config/Windows/Scalability.ini]
[2026.03.15-01.30.25:722][  0]LogConfig: Setting CVar [[r.LightFunctionQuality:1]]
[2026.03.15-01.30.25:722][  0]LogConfig: Setting CVar [[r.ShadowQuality:5]]
[2026.03.15-01.30.25:722][  0]LogConfig: Setting CVar [[r.Shadow.CSM.MaxCascades:10]]
[2026.03.15-01.30.25:722][  0]LogConfig: Setting CVar [[r.Shadow.MaxResolution:2048]]
[2026.03.15-01.30.25:722][  0]LogConfig: Setting CVar [[r.Shadow.MaxCSMResolution:2048]]
[2026.03.15-01.30.25:722][  0]LogConfig: Setting CVar [[r.Shadow.RadiusThreshold:0.01]]
[2026.03.15-01.30.25:722][  0]LogConfig: Setting CVar [[r.Shadow.DistanceScale:1.0]]
[2026.03.15-01.30.25:722][  0]LogConfig: Setting CVar [[r.Shadow.CSM.TransitionScale:1.0]]
[2026.03.15-01.30.25:722][  0]LogConfig: Setting CVar [[r.Shadow.PreShadowResolutionFactor:1.0]]
[2026.03.15-01.30.25:722][  0]LogConfig: Setting CVar [[r.DistanceFieldShadowing:1]]
[2026.03.15-01.30.25:722][  0]LogConfig: Setting CVar [[r.DistanceFieldAO:1]]
[2026.03.15-01.30.25:722][  0]LogConfig: Setting CVar [[r.AOQuality:2]]
[2026.03.15-01.30.25:722][  0]LogConfig: Setting CVar [[r.VolumetricFog:1]]
[2026.03.15-01.30.25:722][  0]LogConfig: Setting CVar [[r.VolumetricFog.GridPixelSize:8]]
[2026.03.15-01.30.25:722][  0]LogConfig: Setting CVar [[r.VolumetricFog.GridSizeZ:128]]
[2026.03.15-01.30.25:722][  0]LogConfig: Setting CVar [[r.VolumetricFog.HistoryMissSupersampleCount:4]]
[2026.03.15-01.30.25:722][  0]LogConfig: Setting CVar [[r.LightMaxDrawDistanceScale:1]]
[2026.03.15-01.30.25:722][  0]LogConfig: Setting CVar [[r.CapsuleShadows:1]]
[2026.03.15-01.30.25:722][  0]LogConfig: Applying CVar settings from Section [PostProcessQuality@3] File [C:/Users/titan/Desktop/Titan_RoadHopper/RoadHopper4.27/Saved/Config/Windows/Scalability.ini]
[2026.03.15-01.30.25:722][  0]LogConfig: Setting CVar [[r.MotionBlurQuality:4]]
[2026.03.15-01.30.25:722][  0]LogConfig: Setting CVar [[r.AmbientOcclusionMipLevelFactor:0.4]]
[2026.03.15-01.30.25:722][  0]LogConfig: Setting CVar [[r.AmbientOcclusionMaxQuality:100]]
[2026.03.15-01.30.25:722][  0]LogConfig: Setting CVar [[r.AmbientOcclusionLevels:-1]]
[2026.03.15-01.30.25:722][  0]LogConfig: Setting CVar [[r.AmbientOcclusionRadiusScale:1.0]]
[2026.03.15-01.30.25:722][  0]LogConfig: Setting CVar [[r.DepthOfFieldQuality:2]]
[2026.03.15-01.30.25:722][  0]LogConfig: Setting CVar [[r.RenderTargetPoolMin:400]]
[2026.03.15-01.30.25:722][  0]LogConfig: Setting CVar [[r.LensFlareQuality:2]]
[2026.03.15-01.30.25:722][  0]LogConfig: Setting CVar [[r.SceneColorFringeQuality:1]]
[2026.03.15-01.30.25:722][  0]LogConfig: Setting CVar [[r.EyeAdaptationQuality:2]]
[2026.03.15-01.30.25:722][  0]LogConfig: Setting CVar [[r.BloomQuality:5]]
[2026.03.15-01.30.25:722][  0]LogConfig: Setting CVar [[r.FastBlurThreshold:100]]
[2026.03.15-01.30.25:722][  0]LogConfig: Setting CVar [[r.Upscale.Quality:3]]
[2026.03.15-01.30.25:722][  0]LogConfig: Setting CVar [[r.Tonemapper.GrainQuantization:1]]
[2026.03.15-01.30.25:722][  0]LogConfig: Setting CVar [[r.LightShaftQuality:1]]
[2026.03.15-01.30.25:722][  0]LogConfig: Setting CVar [[r.Filter.SizeScale:1]]
[2026.03.15-01.30.25:722][  0]LogConfig: Setting CVar [[r.Tonemapper.Quality:5]]
[2026.03.15-01.30.25:722][  0]LogConfig: Setting CVar [[r.DOF.Gather.AccumulatorQuality:1        ; higher gathering accumulator quality]]
[2026.03.15-01.30.25:722][  0]LogConfig: Setting CVar [[r.DOF.Gather.PostfilterMethod:1          ; Median3x3 postfilering method]]
[2026.03.15-01.30.25:722][  0]LogConfig: Setting CVar [[r.DOF.Gather.EnableBokehSettings:0       ; no bokeh simulation when gathering]]
[2026.03.15-01.30.25:722][  0]LogConfig: Setting CVar [[r.DOF.Gather.RingCount:4                 ; medium number of samples when gathering]]
[2026.03.15-01.30.25:722][  0]LogConfig: Setting CVar [[r.DOF.Scatter.ForegroundCompositing:1    ; additive foreground scattering]]
[2026.03.15-01.30.25:722][  0]LogConfig: Setting CVar [[r.DOF.Scatter.BackgroundCompositing:2    ; additive background scattering]]
[2026.03.15-01.30.25:722][  0]LogConfig: Setting CVar [[r.DOF.Scatter.EnableBokehSettings:1      ; bokeh simulation when scattering]]
[2026.03.15-01.30.25:722][  0]LogConfig: Setting CVar [[r.DOF.Scatter.MaxSpriteRatio:0.1         ; only a maximum of 10% of scattered bokeh]]
[2026.03.15-01.30.25:722][  0]LogConfig: Setting CVar [[r.DOF.Recombine.Quality:1                ; cheap slight out of focus]]
[2026.03.15-01.30.25:722][  0]LogConfig: Setting CVar [[r.DOF.Recombine.EnableBokehSettings:0    ; no bokeh simulation on slight out of focus]]
[2026.03.15-01.30.25:722][  0]LogConfig: Setting CVar [[r.DOF.TemporalAAQuality:1                ; more stable temporal accumulation]]
[2026.03.15-01.30.25:722][  0]LogConfig: Setting CVar [[r.DOF.Kernel.MaxForegroundRadius:0.025]]
[2026.03.15-01.30.25:722][  0]LogConfig: Setting CVar [[r.DOF.Kernel.MaxBackgroundRadius:0.025]]
[2026.03.15-01.30.25:722][  0]LogConfig: Applying CVar settings from Section [TextureQuality@3] File [C:/Users/titan/Desktop/Titan_RoadHopper/RoadHopper4.27/Saved/Config/Windows/Scalability.ini]
[2026.03.15-01.30.25:722][  0]LogConfig: Setting CVar [[r.Streaming.MipBias:0]]
[2026.03.15-01.30.25:722][  0]LogConfig: Setting CVar [[r.Streaming.AmortizeCPUToGPUCopy:0]]
[2026.03.15-01.30.25:722][  0]LogConfig: Setting CVar [[r.Streaming.MaxNumTexturesToStreamPerFrame:0]]
[2026.03.15-01.30.25:722][  0]LogConfig: Setting CVar [[r.Streaming.Boost:1]]
[2026.03.15-01.30.25:722][  0]LogConfig: Setting CVar [[r.MaxAnisotropy:8]]
[2026.03.15-01.30.25:722][  0]LogConfig: Setting CVar [[r.VT.MaxAnisotropy:8]]
[2026.03.15-01.30.25:722][  0]LogConfig: Setting CVar [[r.Streaming.LimitPoolSizeToVRAM:0]]
[2026.03.15-01.30.25:722][  0]LogConfig: Setting CVar [[r.Streaming.PoolSize:1000]]
[2026.03.15-01.30.25:722][  0]LogConfig: Setting CVar [[r.Streaming.MaxEffectiveScreenSize:0]]
[2026.03.15-01.30.25:722][  0]LogConfig: Applying CVar settings from Section [EffectsQuality@3] File [C:/Users/titan/Desktop/Titan_RoadHopper/RoadHopper4.27/Saved/Config/Windows/Scalability.ini]
[2026.03.15-01.30.25:722][  0]LogConfig: Setting CVar [[r.TranslucencyLightingVolumeDim:64]]
[2026.03.15-01.30.25:722][  0]LogConfig: Setting CVar [[r.RefractionQuality:2]]
[2026.03.15-01.30.25:722][  0]LogConfig: Setting CVar [[r.SSR.Quality:3]]
[2026.03.15-01.30.25:722][  0]LogConfig: Setting CVar [[r.SSR.HalfResSceneColor:0]]
[2026.03.15-01.30.25:722][  0]LogConfig: Setting CVar [[r.SceneColorFormat:4]]
[2026.03.15-01.30.25:722][  0]LogConfig: Setting CVar [[r.DetailMode:2]]
[2026.03.15-01.30.25:722][  0]LogConfig: Setting CVar [[r.TranslucencyVolumeBlur:1]]
[2026.03.15-01.30.25:722][  0]LogConfig: Setting CVar [[r.MaterialQualityLevel:1 ; High quality]]
[2026.03.15-01.30.25:722][  0]LogConfig: Setting CVar [[r.AnisotropicMaterials:1]]
[2026.03.15-01.30.25:722][  0]LogConfig: Setting CVar [[r.SSS.Scale:1]]
[2026.03.15-01.30.25:722][  0]LogConfig: Setting CVar [[r.SSS.SampleSet:2]]
[2026.03.15-01.30.25:722][  0]LogConfig: Setting CVar [[r.SSS.Quality:1]]
[2026.03.15-01.30.25:722][  0]LogConfig: Setting CVar [[r.SSS.HalfRes:0]]
[2026.03.15-01.30.25:722][  0]LogConfig: Setting CVar [[r.SSGI.Quality:3]]
[2026.03.15-01.30.25:722][  0]LogConfig: Setting CVar [[r.EmitterSpawnRateScale:1.0]]
[2026.03.15-01.30.25:722][  0]LogConfig: Setting CVar [[r.ParticleLightQuality:2]]
[2026.03.15-01.30.25:722][  0]LogConfig: Setting CVar [[r.SkyAtmosphere.AerialPerspectiveLUT.FastApplyOnOpaque:1 ; Always have FastSkyLUT 1 in this case to avoid wrong sky]]
[2026.03.15-01.30.25:722][  0]LogConfig: Setting CVar [[r.SkyAtmosphere.AerialPerspectiveLUT.SampleCountMaxPerSlice:4]]
[2026.03.15-01.30.25:722][  0]LogConfig: Setting CVar [[r.SkyAtmosphere.AerialPerspectiveLUT.DepthResolution:16.0]]
[2026.03.15-01.30.25:722][  0]LogConfig: Setting CVar [[r.SkyAtmosphere.FastSkyLUT:1]]
[2026.03.15-01.30.25:722][  0]LogConfig: Setting CVar [[r.SkyAtmosphere.FastSkyLUT.SampleCountMin:4.0]]
[2026.03.15-01.30.25:722][  0]LogConfig: Setting CVar [[r.SkyAtmosphere.FastSkyLUT.SampleCountMax:128.0]]
[2026.03.15-01.30.25:722][  0]LogConfig: Setting CVar [[r.SkyAtmosphere.SampleCountMin:4.0]]
[2026.03.15-01.30.25:722][  0]LogConfig: Setting CVar [[r.SkyAtmosphere.SampleCountMax:128.0]]
[2026.03.15-01.30.25:722][  0]LogConfig: Setting CVar [[r.SkyAtmosphere.TransmittanceLUT.UseSmallFormat:0]]
[2026.03.15-01.30.25:722][  0]LogConfig: Setting CVar [[r.SkyAtmosphere.TransmittanceLUT.SampleCount:10.0]]
[2026.03.15-01.30.25:722][  0]LogConfig: Setting CVar [[r.SkyAtmosphere.MultiScatteringLUT.SampleCount:15.0]]
[2026.03.15-01.30.25:722][  0]LogConfig: Setting CVar [[r.SkyLight.RealTimeReflectionCapture:1]]
[2026.03.15-01.30.25:722][  0]LogConfig: Applying CVar settings from Section [FoliageQuality@3] File [C:/Users/titan/Desktop/Titan_RoadHopper/RoadHopper4.27/Saved/Config/Windows/Scalability.ini]
[2026.03.15-01.30.25:722][  0]LogConfig: Setting CVar [[foliage.DensityScale:1.0]]
[2026.03.15-01.30.25:722][  0]LogConfig: Setting CVar [[grass.DensityScale:1.0]]
[2026.03.15-01.30.25:722][  0]LogConfig: Applying CVar settings from Section [ShadingQuality@3] File [C:/Users/titan/Desktop/Titan_RoadHopper/RoadHopper4.27/Saved/Config/Windows/Scalability.ini]
[2026.03.15-01.30.25:722][  0]LogConfig: Setting CVar [[r.HairStrands.SkyLighting.IntegrationType:2]]
[2026.03.15-01.30.25:722][  0]LogConfig: Setting CVar [[r.HairStrands.SkyAO.SampleCount:4]]
[2026.03.15-01.30.25:722][  0]LogConfig: Setting CVar [[r.HairStrands.Visibility.MSAA.SamplePerPixel:4]]
[2026.03.15-01.30.25:722][  0]LogConfig: Applying CVar settings from Section [Startup] File [../../../Engine/Config/ConsoleVariables.ini]
[2026.03.15-01.30.25:723][  0]LogConfig: Setting CVar [[net.UseAdaptiveNetUpdateFrequency:0]]
[2026.03.15-01.30.25:723][  0]LogConfig: Setting CVar [[p.chaos.AllowCreatePhysxBodies:1]]
[2026.03.15-01.30.25:723][  0]LogConfig: Setting CVar [[fx.SkipVectorVMBackendOptimizations:1]]
[2026.03.15-01.30.25:723][  0]LogConfig: Applying CVar settings from Section [ConsoleVariables] File [C:/Users/titan/Desktop/Titan_RoadHopper/RoadHopper4.27/Saved/Config/Windows/Engine.ini]
[2026.03.15-01.30.25:723][  0]LogConfig: Applying CVar settings from Section [ConsoleVariables] File [C:/Users/titan/Desktop/Titan_RoadHopper/RoadHopper4.27/Saved/Config/Windows/Editor.ini]
[2026.03.15-01.30.25:723][  0]LogInit: Computer: TITANPC
[2026.03.15-01.30.25:723][  0]LogInit: User: titan
[2026.03.15-01.30.25:723][  0]LogInit: CPU Page size=4096, Cores=10
[2026.03.15-01.30.25:723][  0]LogInit: High frequency timer resolution =10.000000 MHz
[2026.03.15-01.30.25:723][  0]LogMemory: Memory total: Physical=31.7GB (32GB approx)
[2026.03.15-01.30.25:723][  0]LogMemory: Platform Memory Stats for Windows
[2026.03.15-01.30.25:723][  0]LogMemory: Process Physical Memory: 152.86 MB used, 152.86 MB peak
[2026.03.15-01.30.25:723][  0]LogMemory: Process Virtual Memory: 131.50 MB used, 131.50 MB peak
[2026.03.15-01.30.25:723][  0]LogMemory: Physical Memory: 10750.72 MB used,  21758.70 MB free, 32509.42 MB total
[2026.03.15-01.30.25:723][  0]LogMemory: Virtual Memory: 134197728.00 MB used,  20001.36 MB free, 134217728.00 MB total
[2026.03.15-01.30.25:726][  0]LogWindows: WindowsPlatformFeatures enabled
[2026.03.15-01.30.25:759][  0]LogInit: Physics initialised using underlying interface: PhysX
[2026.03.15-01.30.25:760][  0]LogInit: Using OS detected language (en-US).
[2026.03.15-01.30.25:760][  0]LogInit: Using OS detected locale (en-CA).
[2026.03.15-01.30.25:761][  0]LogTextLocalizationManager: No specific localization for 'en-US' exists, so the 'en' localization will be used.
[2026.03.15-01.30.25:879][  0]LogInit: Setting process to per monitor DPI aware
[2026.03.15-01.30.25:899][  0]LogWindowsTextInputMethodSystem: Display: IME system deactivated.
[2026.03.15-01.30.25:913][  0]LogSlate: New Slate User Created.  User Index 0, Is Virtual User: 0
[2026.03.15-01.30.25:913][  0]LogSlate: Slate User Registered.  User Index 0, Is Virtual User: 0
[2026.03.15-01.30.26:033][  0]LogD3D11RHI: Loaded GFSDK_Aftermath_Lib.x64.dll
[2026.03.15-01.30.26:049][  0]LogHMD: Failed to initialize OpenVR with code 110
[2026.03.15-01.30.26:049][  0]LogD3D11RHI: D3D11 min allowed feature level: 11_0
[2026.03.15-01.30.26:049][  0]LogD3D11RHI: D3D11 max allowed feature level: 11_0
[2026.03.15-01.30.26:049][  0]LogD3D11RHI: D3D11 adapters:
[2026.03.15-01.30.26:273][  0]LogD3D11RHI:    0. 'NVIDIA GeForce RTX 3080' (Feature Level 11_0)
[2026.03.15-01.30.26:273][  0]LogD3D11RHI:       12093/0/16254 MB DedicatedVideo/DedicatedSystem/SharedSystem, Outputs:3, VendorId:0x10de
[2026.03.15-01.30.26:275][  0]LogD3D11RHI:    1. 'Microsoft Basic Render Driver' (Feature Level 11_0)
[2026.03.15-01.30.26:275][  0]LogD3D11RHI:       0/0/16254 MB DedicatedVideo/DedicatedSystem/SharedSystem, Outputs:0, VendorId:0x1414
[2026.03.15-01.30.26:275][  0]LogD3D11RHI: Chosen D3D11 Adapter:
[2026.03.15-01.30.26:275][  0]LogD3D11RHI:     Description : NVIDIA GeForce RTX 3080
[2026.03.15-01.30.26:275][  0]LogD3D11RHI:     VendorId    : 10de
[2026.03.15-01.30.26:275][  0]LogD3D11RHI:     DeviceId    : 220a
[2026.03.15-01.30.26:275][  0]LogD3D11RHI:     SubSysId    : 48773842
[2026.03.15-01.30.26:275][  0]LogD3D11RHI:     Revision    : 00a1
[2026.03.15-01.30.26:275][  0]LogD3D11RHI:     DedicatedVideoMemory : 12680429568 bytes
[2026.03.15-01.30.26:275][  0]LogD3D11RHI:     DedicatedSystemMemory : 0 bytes
[2026.03.15-01.30.26:275][  0]LogD3D11RHI:     SharedSystemMemory : 17044299776 bytes
[2026.03.15-01.30.26:275][  0]LogD3D11RHI:     AdapterLuid : 0 54500
[2026.03.15-01.30.26:281][  0]LogD3D11RHI: Creating new Direct3DDevice
[2026.03.15-01.30.26:281][  0]LogD3D11RHI:     GPU DeviceId: 0x220a (for the marketing name, search the web for "GPU Device Id")
[2026.03.15-01.30.26:281][  0]LogWindows: EnumDisplayDevices:
[2026.03.15-01.30.26:282][  0]LogWindows:    0. 'NVIDIA GeForce RTX 3080' (P:1 D:1)
[2026.03.15-01.30.26:282][  0]LogWindows:    1. 'NVIDIA GeForce RTX 3080' (P:0 D:1)
[2026.03.15-01.30.26:282][  0]LogWindows:    2. 'NVIDIA GeForce RTX 3080' (P:0 D:1)
[2026.03.15-01.30.26:282][  0]LogWindows:    3. 'NVIDIA GeForce RTX 3080' (P:0 D:0)
[2026.03.15-01.30.26:282][  0]LogWindows: DebugString: FoundDriverCount:4 
[2026.03.15-01.30.26:282][  0]LogD3D11RHI:     Adapter Name: NVIDIA GeForce RTX 3080
[2026.03.15-01.30.26:282][  0]LogD3D11RHI:   Driver Version: 591.86 (internal:32.0.15.9186, unified:591.86)
[2026.03.15-01.30.26:282][  0]LogD3D11RHI:      Driver Date: 1-20-2026
[2026.03.15-01.30.26:282][  0]LogRHI: Texture pool is 8465 MB (70% of 12093 MB)
[2026.03.15-01.30.26:282][  0]LogD3D11RHI: Creating D3DDevice using adapter:
[2026.03.15-01.30.26:282][  0]LogD3D11RHI:     Description : NVIDIA GeForce RTX 3080
[2026.03.15-01.30.26:282][  0]LogD3D11RHI:     VendorId    : 10de
[2026.03.15-01.30.26:282][  0]LogD3D11RHI:     DeviceId    : 220a
[2026.03.15-01.30.26:282][  0]LogD3D11RHI:     SubSysId    : 48773842
[2026.03.15-01.30.26:282][  0]LogD3D11RHI:     Revision    : 00a1
[2026.03.15-01.30.26:282][  0]LogD3D11RHI:     DedicatedVideoMemory : 12680429568 bytes
[2026.03.15-01.30.26:282][  0]LogD3D11RHI:     DedicatedSystemMemory : 0 bytes
[2026.03.15-01.30.26:282][  0]LogD3D11RHI:     SharedSystemMemory : 17044299776 bytes
[2026.03.15-01.30.26:282][  0]LogD3D11RHI:     AdapterLuid : 0 54500
[2026.03.15-01.30.26:392][  0]LogD3D11RHI: RHI has support for 64 bit atomics
[2026.03.15-01.30.26:392][  0]LogD3D11RHI: Async texture creation enabled
[2026.03.15-01.30.26:392][  0]LogD3D11RHI: Array index from any shader is supported
[2026.03.15-01.30.26:396][  0]LogD3D11RHI: HDR output is supported on display 0 (NvId: 0x80061082).
[2026.03.15-01.30.26:412][  0]LogD3D11RHI: GPU Timing Frequency: 1000.000000 (Debug: 2 2)
[2026.03.15-01.30.26:436][  0]LogRHI: GeForceNow SDK initialized: 1
[2026.03.15-01.30.26:643][  0]LogTargetPlatformManager: Display: Loaded TargetPlatform 'AllDesktop'
[2026.03.15-01.30.26:657][  0]LogTargetPlatformManager: Display: Loaded TargetPlatform 'Android'
[2026.03.15-01.30.26:658][  0]LogTargetPlatformManager: Display: Loaded TargetPlatform 'Android_ASTC'
[2026.03.15-01.30.26:658][  0]LogTargetPlatformManager: Display: Loaded TargetPlatform 'Android_DXT'
[2026.03.15-01.30.26:658][  0]LogTargetPlatformManager: Display: Loaded TargetPlatform 'Android_ETC2'
[2026.03.15-01.30.26:658][  0]LogTargetPlatformManager: Display: Loaded TargetPlatform 'AndroidClient'
[2026.03.15-01.30.26:658][  0]LogTargetPlatformManager: Display: Loaded TargetPlatform 'Android_ASTCClient'
[2026.03.15-01.30.26:658][  0]LogTargetPlatformManager: Display: Loaded TargetPlatform 'Android_DXTClient'
[2026.03.15-01.30.26:658][  0]LogTargetPlatformManager: Display: Loaded TargetPlatform 'Android_ETC2Client'
[2026.03.15-01.30.26:658][  0]LogTargetPlatformManager: Display: Loaded TargetPlatform 'Android_Multi'
[2026.03.15-01.30.26:658][  0]LogTargetPlatformManager: Display: Loaded TargetPlatform 'Android_MultiClient'
[2026.03.15-01.30.26:672][  0]LogTargetPlatformManager: Display: Loaded TargetPlatform 'IOSClient'
[2026.03.15-01.30.26:672][  0]LogTargetPlatformManager: Display: Loaded TargetPlatform 'IOS'
[2026.03.15-01.30.26:678][  0]LogTargetPlatformManager: Display: Loaded TargetPlatform 'Linux'
[2026.03.15-01.30.26:682][  0]LogTargetPlatformManager: Display: Loaded TargetPlatform 'LinuxNoEditor'
[2026.03.15-01.30.26:686][  0]LogTargetPlatformManager: Display: Loaded TargetPlatform 'LinuxClient'
[2026.03.15-01.30.26:690][  0]LogTargetPlatformManager: Display: Loaded TargetPlatform 'LinuxServer'
[2026.03.15-01.30.26:696][  0]LogTargetPlatformManager: Display: Loaded TargetPlatform 'LinuxAArch64NoEditor'
[2026.03.15-01.30.26:700][  0]LogTargetPlatformManager: Display: Loaded TargetPlatform 'LinuxAArch64Client'
[2026.03.15-01.30.26:703][  0]LogTargetPlatformManager: Display: Loaded TargetPlatform 'LinuxAArch64Server'
[2026.03.15-01.30.26:719][  0]LogTargetPlatformManager: Display: Loaded TargetPlatform 'Lumin'
[2026.03.15-01.30.26:719][  0]LogTargetPlatformManager: Display: Loaded TargetPlatform 'LuminClient'
[2026.03.15-01.30.26:726][  0]LogTargetPlatformManager: Display: Loaded TargetPlatform 'MacNoEditor'
[2026.03.15-01.30.26:730][  0]LogTargetPlatformManager: Display: Loaded TargetPlatform 'Mac'
[2026.03.15-01.30.26:733][  0]LogTargetPlatformManager: Display: Loaded TargetPlatform 'MacClient'
[2026.03.15-01.30.26:736][  0]LogTargetPlatformManager: Display: Loaded TargetPlatform 'MacServer'
[2026.03.15-01.30.26:743][  0]LogTargetPlatformManager: Display: Loaded TargetPlatform 'TVOSClient'
[2026.03.15-01.30.26:743][  0]LogTargetPlatformManager: Display: Loaded TargetPlatform 'TVOS'
[2026.03.15-01.30.26:749][  0]LogTargetPlatformManager: Display: Loaded TargetPlatform 'WindowsNoEditor'
[2026.03.15-01.30.26:752][  0]LogTargetPlatformManager: Display: Loaded TargetPlatform 'Windows'
[2026.03.15-01.30.26:756][  0]LogTargetPlatformManager: Display: Loaded TargetPlatform 'WindowsClient'
[2026.03.15-01.30.26:759][  0]LogTargetPlatformManager: Display: Loaded TargetPlatform 'WindowsServer'
[2026.03.15-01.30.26:759][  0]LogTargetPlatformManager: Display: Building Assets For Windows
[2026.03.15-01.30.26:764][  0]LogAudioDebug: Display: Lib vorbis DLL was dynamically loaded.
[2026.03.15-01.30.26:787][  0]LogTextureFormatOodle: Display: Oodle Texture 2.9.0 init RDO Off
[2026.03.15-01.30.26:812][  0]LogRendererCore: Ray tracing is disabled. Reason: r.RayTracing=0.
[2026.03.15-01.30.26:812][  0]LogShaderCompilers: Guid format shader working directory is -9 characters bigger than the processId version (C:/Users/titan/Desktop/Titan_RoadHopper/RoadHopper4.27/Intermediate/Shaders/WorkingDirectory/18220/).
[2026.03.15-01.30.26:812][  0]LogShaderCompilers: Cleaned the shader compiler working directory 'C:/Users/titan/AppData/Local/Temp/UnrealShaderWorkingDir/9E1EE89C43B083990E0D09AAD45555D9/'.
[2026.03.15-01.30.26:812][  0]LogXGEController: Cannot use XGE Controller as Incredibuild is not installed on this machine.
[2026.03.15-01.30.26:812][  0]LogShaderCompilers: Cannot use XGE Shader Compiler as Incredibuild is not installed on this machine.
[2026.03.15-01.30.26:812][  0]LogShaderCompilers: Display: Using Local Shader Compiler.
[2026.03.15-01.30.27:345][  0]LogDerivedDataCache: Display: Max Cache Size: 512 MB
[2026.03.15-01.30.27:391][  0]LogDerivedDataCache: Loaded boot cache 0.05s 94MB C:/Users/titan/AppData/Local/UnrealEngine/4.27/DerivedDataCache/Boot.ddc.
[2026.03.15-01.30.27:391][  0]LogDerivedDataCache: Display: Loaded Boot cache: C:/Users/titan/AppData/Local/UnrealEngine/4.27/DerivedDataCache/Boot.ddc
[2026.03.15-01.30.27:392][  0]LogDerivedDataCache: FDerivedDataBackendGraph:  Pak pak cache file C:/Users/titan/Desktop/Titan_RoadHopper/RoadHopper4.27/DerivedDataCache/DDC.ddp not found, will not use a pak cache.
[2026.03.15-01.30.27:392][  0]LogDerivedDataCache: Unable to find inner node Pak for hierarchical cache Hierarchy.
[2026.03.15-01.30.27:392][  0]LogDerivedDataCache: FDerivedDataBackendGraph:  CompressedPak pak cache file C:/Users/titan/Desktop/Titan_RoadHopper/RoadHopper4.27/DerivedDataCache/Compressed.ddp not found, will not use a pak cache.
[2026.03.15-01.30.27:392][  0]LogDerivedDataCache: Unable to find inner node CompressedPak for hierarchical cache Hierarchy.
[2026.03.15-01.30.27:404][  0]LogDerivedDataCache: Display: Pak cache opened for reading ../../../Engine/DerivedDataCache/Compressed.ddp.
[2026.03.15-01.30.27:405][  0]LogDerivedDataCache: FDerivedDataBackendGraph:  EnterprisePak pak cache file ../../../Enterprise/DerivedDataCache/Compressed.ddp not found, will not use a pak cache.
[2026.03.15-01.30.27:405][  0]LogDerivedDataCache: Unable to find inner node EnterprisePak for hierarchical cache Hierarchy.
[2026.03.15-01.30.27:411][  0]LogDerivedDataCache: Speed tests for C:/Users/titan/AppData/Local/UnrealEngine/Common/DerivedDataCache took 0.01 seconds
[2026.03.15-01.30.27:411][  0]LogDerivedDataCache: Display: Performance to C:/Users/titan/AppData/Local/UnrealEngine/Common/DerivedDataCache: Latency=0.02ms. RandomReadSpeed=1355.23MBs, RandomWriteSpeed=190.60MBs. Assigned SpeedClass 'Local'
[2026.03.15-01.30.27:412][  0]LogDerivedDataCache: Using Local data cache path C:/Users/titan/AppData/Local/UnrealEngine/Common/DerivedDataCache: Writable
[2026.03.15-01.30.27:412][  0]LogDerivedDataCache: Shared data cache path not found in *engine.ini, will not use an Shared cache.
[2026.03.15-01.30.27:412][  0]LogDerivedDataCache: Unable to find inner node Shared for hierarchical cache Hierarchy.
[2026.03.15-01.30.27:443][  0]LogSlate: Using FreeType 2.10.0
[2026.03.15-01.30.27:443][  0]LogSlate: SlateFontServices - WITH_FREETYPE: 1, WITH_HARFBUZZ: 1
[2026.03.15-01.30.27:464][  0]LogAssetRegistry: FAssetRegistry took 0.0021 seconds to start up
[2026.03.15-01.30.27:609][  0]LogInit: Selected Device Profile: [Windows]
[2026.03.15-01.30.27:609][  0]LogInit: Active device profile: [000001A92CB60900][000001A92D9D4400 49] Windows
[2026.03.15-01.30.27:609][  0]LogInit: Profiles: [000001A92CB60900][000001A92D9D4400 49] Windows, [000001A92CB33800][000001A92D9DC580 49] WindowsNoEditor, [000001A92CB63500][000001A92D9E0700 49] WindowsServer, [000001A92CB30E00][000001A92D9D8840 49] WindowsClient, [000001A92CB63800][000001A92D9E4980 49] IOS, [000001A92CB32800][000001A92D9E8AC0 49] iPadAir, [000001A92CB62000][000001A92D9F0C40 49] iPadAir2, [000001A92CACCA00][000001A92D9F8F00 49] IPadPro, [000001A92CACCB00][000001A92D9F4F40 49] iPadAir3, [000001A92CB31900][000001A92D9FD0C0 49] iPadAir4, [000001A92CACF400][000001A92DA01240 49] iPadMini2, [000001A92CB32A00][000001A92DA053C0 49] iPadMini3, [000001A92CACD700][000001A92DA09540 49] iPadMini4, [000001A92CB61100][000001A92DA0D6C0 49] iPadMini5, [000001A92CB10300][000001A92DA15980 49] iPhone6, [000001A92CB10400][000001A92DA119C0 49] iPodTouch6, [000001A92CAC7F00][000001A92DA1C100 49] iPhone7, [000001A92CAC7E00][000001A92DA18140 49] iPodTouch7, [000001A92CB32000][000001A92DA202C0 49] iPhone5S, [000001A92CAC5A00][000001A92DA24440 49] iPhone6Plus, [000001A92CB10200][000001A92DA285C0 49] iPhone6S, [000001A92CAC4600][000001A92DA2C740 49] iPhone6SPlus, [000001A92CB12900][000001A92DA308C0 49] iPhone7Plus, [000001A92CAC7100][000001A92D9ECA00 49] iPhoneSE, [000001A92CB12200][000001A92DA34B40 49] iPhone8, [000001A92CAC7B00][000001A92DA38C80 49] iPhone8Plus, [000001A92CB10A00][000001A92DA3CDC0 49] iPhoneX, [000001A92CAC5400][000001A92DA44F40 49] iPhoneXS, [000001A92CB13900][000001A92DA490C0 49] iPhoneXSMax, [000001A92CAC4900][000001A92DA4D240 49] iPhoneXR, [000001A92CB12F00][000001A92DA513C0 49] iPhone11, [000001A92CAC5300][000001A92DA55540 49] iPhone11Pro, [000001A92CB11000][000001A92DA596C0 49] iPhone11ProMax, [000001A92CAC6A00][000001A92DA5D840 49] iPhoneSE2, [000001A92CB11400][000001A92DA619C0 49] iPhone12Mini, [000001A92CAC6400][000001A92DA65B40 49] iPhone12, [000001A92CB10D00][000001A92DA68140 49] iPhone12Pro, [000001A92CAC6B00][000001A92DA6C2C0 49] iPhone12ProMax, [000001A92CB13000][000001A92DA70440 49] iPadPro105, [000001A92CAC4700][000001A92DA745C0 49] iPadPro129, [000001A92CB12800][000001A92DA78740 49] iPadPro97, [000001A92CAC6600][000001A92DA7C8C0 49] iPadPro2_129, [000001A92CB13C00][000001A92DA80A40 49] iPad5, [000001A92CAC6200][000001A92DA40B80 49] iPad6, [000001A92CB10F00][000001A92DA84CC0 49] iPad7, [000001A92CAC6D00][000001A92DA88E00 49] iPad8, [000001A92CB11100][000001A92DA8CF40 49] iPadPro11, [000001A92CAC5600][000001A92DA950C0 49] iPadPro2_11, [000001A92CB13400][000001A92DA99240 49] iPadPro3_129, [000001A92CAC6800][000001A92DA9D3C0 49] iPadPro4_129, [000001A92CB13A00][000001A92DAB1540 49] AppleTV, [000001A92CAC6100][000001A92DAB96C0 49] AppleTV4K, [000001A92CB11F00][000001A92DB2D840 49] TVOS, [000001A92CAC7400][000001A92DB319C0 49] Mac, [000001A92CB13800][000001A92282DB40 49] MacClient, [000001A92CAC5E00][000001A922830140 49] MacNoEditor, [000001A92CB13F00][000001A9228582C0 49] MacServer, [000001A92CAC7500][000001A922898440 49] Linux, [000001A92CB10C00][000001A92289C5C0 49] LinuxAArch64, [000001A92CAC6F00][000001A9228A0740 49] LinuxNoEditor, [000001A92CB10B00][000001A9228A48C0 49] LinuxAArch64NoEditor, [000001A92CAC7700][000001A9233DEA40 49] LinuxClient, [000001A92CB11A00][000001A9233E6BC0 49] LinuxAArch64Client, [000001A92CAC5000][000001A9233F6D40 49] LinuxServer, [000001A92CB12500][000001A92DA90E80 49] LinuxAArch64Server, [000001A92CAC5900][000001A92DE94FC0 49] Android, [000001A92CB11300][000001A92DE99100 49] Android_Low, [000001A92CAC6700][000001A92DEA1280 49] Android_Mid, [000001A92CB12B00][000001A92DEA5400 49] Android_High, [000001A92CAC7800][000001A92DEA9580 49] Android_Default, [000001A92CB11600][000001A92DAEB700 49] Android_Adreno4xx, [000001A92CAC5500][000001A92DB27880 49] Android_Adreno5xx_Low, [000001A92CACF600][000001A92DB6BA00 49] Android_Adreno5xx, [000001A92CB31800][000001A92DB6FB80 49] Android_Adreno6xx, [000001A92CACD200][000001A92DBAC180 49] Android_Adreno6xx_Vulkan, [000001A92CB33C00][000001A92344A300 49] Android_Mali_T6xx, [000001A92CACD100][000001A92346E480 49] Android_Mali_T7xx, [000001A92CB31600][000001A923472600 49] Android_Mali_T8xx, [000001A92CACDE00][000001A923476780 49] Android_Mali_G71, [000001A92CB30500][000001A925B7A900 49] Android_Mali_G72, [000001A92CACC800][000001A925B7EA80 49] Android_Mali_G72_Vulkan, [000001A92CB31300][000001A92DAE6C00 49] Android_Mali_G76, [000001A92CACC100][000001A92EACED80 49] Android_Mali_G76_Vulkan, [000001A92CB31F00][000001A92EAD2F00 49] Android_Mali_G77, [000001A92CACD000][000001A92DE9D040 49] Android_Mali_G77_Vulkan, [000001A92CB30A00][000001A922829180 49] Android_Mali_G78, [000001A92CACEC00][000001A925B932C0 49] Android_Mali_G78_Vulkan, [000001A92CB33600][000001A92B4DF440 49] Android_Mali_G710, [000001A92CACEA00][000001A92B4E75C0 49] Android_Mali_G710_Vulkan, [000001A92CB33F00][000001A92B4EB740 49] Android_Vulkan_SM5, [000001A92CACFB00][000001A92B4EF8C0 49] Android_PowerVR_G6xxx, [000001A92CB33B00][000001A92B4F3A40 49] Android_PowerVR_GT7xxx, [000001A92CACF900][000001A92B4F7BC0 49] Android_PowerVR_GE8xxx, [000001A92CB30C00][000001A92B4FA1C0 49] Android_PowerVR_GM9xxx, [000001A92CACE700][000001A92B4FE340 49] Android_PowerVR_GM9xxx_Vulkan, [000001A92CB32700][000001A92B5024C0 49] Android_TegraK1, [000001A92CACC900][000001A92B506640 49] Android_Unknown_Vulkan, [000001A92CB31D00][000001A92DD987C0 49] Lumin, [000001A92CACC500][000001A92DD9C940 49] Lumin_Desktop, [000001A92CB33300][000001A92DDA0AC0 49] HoloLens, 
[2026.03.15-01.30.27:696][  0]LogMeshReduction: Using QuadricMeshReduction for automatic static mesh reduction
[2026.03.15-01.30.27:696][  0]LogMeshReduction: Using SimplygonMeshReduction for automatic skeletal mesh reduction
[2026.03.15-01.30.27:696][  0]LogMeshReduction: Using ProxyLODMeshReduction for automatic mesh merging
[2026.03.15-01.30.27:696][  0]LogMeshReduction: No distributed automatic mesh merging module available
[2026.03.15-01.30.27:696][  0]LogMeshMerging: No distributed automatic mesh merging module available
[2026.03.15-01.30.27:708][  0]LogNetVersion: RoadHopper 1.0.0, NetCL: 17155196, EngineNetVer: 17, GameNetVer: 0 (Checksum: 3032267352)
[2026.03.15-01.30.28:014][  0]LogTexture: Default maximum texture size for cubemaps generated from long-lat sources has been changed from 512 to unlimited. In order to preserve old behaiour for '/Engine/MapTemplates/Sky/DaylightAmbientCubemap.DaylightAmbientCubemap', its maximum texture size has been explicitly set to 512.
[2026.03.15-01.30.28:055][  0]LogHMD: PokeAHoleMaterial loaded successfully
[2026.03.15-01.30.28:059][  0]LogUObjectArray: 17178 objects as part of root set at end of initial load.
[2026.03.15-01.30.28:059][  0]LogUObjectAllocator: 4302048 out of 0 bytes used by permanent object pool.
[2026.03.15-01.30.28:059][  0]LogUObjectArray: CloseDisregardForGC: 0/0 objects in disregard for GC pool
[2026.03.15-01.30.28:246][  0]LogNiagaraDebuggerClient: Niagara Debugger Client Initialized | Session: B92E85F34306DDECB2981EBFDEEA35F1 | Instance: 3EA59C5442CE564611577A8D64578107 (TITANPC-18220).
[2026.03.15-01.30.28:294][  0]LogPython: Using Python 3.7.7
[2026.03.15-01.30.28:697][  0]LogTcpMessaging: Initializing TcpMessaging bridge
[2026.03.15-01.30.28:701][  0]LogUdpMessaging: Initializing bridge on interface 0.0.0.0:0 to multicast group 230.0.0.1:6666.
[2026.03.15-01.30.28:824][  0]SourceControl: Source control is disabled
[2026.03.15-01.30.28:824][  0]SourceControl: Source control is disabled
[2026.03.15-01.30.28:837][  0]SourceControl: Source control is disabled
[2026.03.15-01.30.28:842][  0]SourceControl: Source control is disabled
[2026.03.15-01.30.28:846][  0]SourceControl: Source control is disabled
[2026.03.15-01.30.28:857][  0]LogUProjectInfo: Found projects:
[2026.03.15-01.30.28:929][  0]LogVSAccessor: Display: Unable to create Visual Studio setup instance: 80040154
[2026.03.15-01.30.28:929][  0]LogVSAccessor: Display: Unable to create Visual Studio setup instance: 80040154
[2026.03.15-01.30.28:930][  0]LogVSAccessor: Display: Unable to create Visual Studio setup instance: 80040154
[2026.03.15-01.30.28:972][  0]LogOpenImageDenoise: OIDN starting up
[2026.03.15-01.30.29:007][  0]LogAndroidPermission: UAndroidPermissionCallbackProxy::GetInstance
[2026.03.15-01.30.29:022][  0]LogAudioCaptureCore: Display: No Audio Capture implementations found. Audio input will be silent.
[2026.03.15-01.30.29:022][  0]LogAudioCaptureCore: Display: No Audio Capture implementations found. Audio input will be silent.
[2026.03.15-01.30.29:111][  0]LogCollectionManager: Loaded 0 collections in 0.000468 seconds
[2026.03.15-01.30.29:129][  0]LogFileCache: Scanning file cache for directory 'C:/Users/titan/Desktop/Titan_RoadHopper/RoadHopper4.27/Saved/Collections/' took 0.00s
[2026.03.15-01.30.29:129][  0]LogFileCache: Scanning file cache for directory 'C:/Users/titan/Desktop/Titan_RoadHopper/RoadHopper4.27/Content/Developers/titan/Collections/' took 0.00s
[2026.03.15-01.30.29:129][  0]LogFileCache: Scanning file cache for directory 'C:/Users/titan/Desktop/Titan_RoadHopper/RoadHopper4.27/Content/Collections/' took 0.00s
[2026.03.15-01.30.29:129][  0]LogOcInput: OculusInput pre-init called
[2026.03.15-01.30.29:314][  0]LogEngine: Initializing Engine...
[2026.03.15-01.30.29:316][  0]LogHMD: Failed to enumerate extensions. Please check that you have a valid OpenXR runtime installed.
[2026.03.15-01.30.29:316][  0]LogHMD: Failed to initialize OpenVR with code 110
[2026.03.15-01.30.29:316][  0]LogMagicLeap: Warning: VR disabled because ZI is not enabled.  To enable, in the editor, Edit -> Project Settings -> Plugins -> Magic Leap Plugin -> Enable Zero Iteration
[2026.03.15-01.30.29:317][  0]LogStats: UGameplayTagsManager::InitializeManager -  0.000 s
[2026.03.15-01.30.29:399][  0]LogInit: Initializing FReadOnlyCVARCache
[2026.03.15-01.30.29:406][  0]LogAIModule: Creating AISystem for world Untitled
[2026.03.15-01.30.29:408][  0]LogAudio: Display: Initializing Audio Device Manager...
[2026.03.15-01.30.29:411][  0]LogAudio: Display: Loading Default Audio Settings Objects...
[2026.03.15-01.30.29:411][  0]LogAudio: Display: No default SoundConcurrencyObject specified (or failed to load).
[2026.03.15-01.30.29:412][  0]LogAudio: Display: Audio Device Manager Initialized
[2026.03.15-01.30.29:412][  0]LogAudio: Display: Creating Audio Device:                 Id: 1, Scope: Shared, Realtime: True
[2026.03.15-01.30.29:412][  0]LogAudioMixer: Display: Audio Mixer Platform Settings:
[2026.03.15-01.30.29:412][  0]LogAudioMixer: Display: 	Sample Rate:						  48000
[2026.03.15-01.30.29:412][  0]LogAudioMixer: Display: 	Callback Buffer Frame Size Requested: 1024
[2026.03.15-01.30.29:412][  0]LogAudioMixer: Display: 	Callback Buffer Frame Size To Use:	  1024
[2026.03.15-01.30.29:412][  0]LogAudioMixer: Display: 	Number of buffers to queue:			  2
[2026.03.15-01.30.29:412][  0]LogAudioMixer: Display: 	Max Channels (voices):				  32
[2026.03.15-01.30.29:412][  0]LogAudioMixer: Display: 	Number of Async Source Workers:		  0
[2026.03.15-01.30.29:412][  0]LogAudio: Display: AudioDevice MaxSources: 32
[2026.03.15-01.30.29:412][  0]LogAudio: Display: Audio Spatialization Plugin: None (built-in).
[2026.03.15-01.30.29:412][  0]LogAudio: Display: Audio Reverb Plugin: None (built-in).
[2026.03.15-01.30.29:412][  0]LogAudio: Display: Audio Occlusion Plugin: None (built-in).
[2026.03.15-01.30.29:412][  0]LogAudioMixer: Display: Initializing audio mixer.
[2026.03.15-01.30.29:420][  0]LogAudioMixer: Display: 0: FrontLeft
[2026.03.15-01.30.29:420][  0]LogAudioMixer: Display: 1: FrontRight
[2026.03.15-01.30.29:420][  0]LogAudioMixer: Display: 2: FrontCenter
[2026.03.15-01.30.29:420][  0]LogAudioMixer: Display: 3: LowFrequency
[2026.03.15-01.30.29:420][  0]LogAudioMixer: Display: 4: BackLeft
[2026.03.15-01.30.29:420][  0]LogAudioMixer: Display: 5: BackRight
[2026.03.15-01.30.29:420][  0]LogAudioMixer: Display: 6: SideLeft
[2026.03.15-01.30.29:420][  0]LogAudioMixer: Display: 7: SideRight
[2026.03.15-01.30.29:437][  0]LogAudioMixer: Display: Using Audio Device Headset Earphone (CORSAIR VOID PRO Wireless Gaming Headset)
[2026.03.15-01.30.29:438][  0]LogAudioMixer: Display: Initializing Sound Submixes...
[2026.03.15-01.30.29:441][  0]LogAudioMixer: Display: Creating Master Submix 'MasterSubmixDefault'
[2026.03.15-01.30.29:441][  0]LogAudioMixer: Display: Creating Master Submix 'MasterReverbSubmixDefault'
[2026.03.15-01.30.29:442][  0]LogAudioMixer: Display: Creating Master Submix 'MasterEQSubmixDefault'
[2026.03.15-01.30.29:442][  0]LogAudioMixer: FMixerPlatformXAudio2::StartAudioStream() called
[2026.03.15-01.30.29:442][  0]LogAudioMixer: Display: Output buffers initialized: Frames=1024, Channels=8, Samples=8192
[2026.03.15-01.30.29:443][  0]LogAudioMixer: Display: Starting AudioMixerPlatformInterface::RunInternal()
[2026.03.15-01.30.29:443][  0]LogAudioMixer: Display: FMixerPlatformXAudio2::SubmitBuffer() called for the first time
[2026.03.15-01.30.29:443][  0]LogInit: FAudioDevice initialized.
[2026.03.15-01.30.29:443][  0]LogAudio: Display: Audio Device (ID: 1) registered with world 'Untitled'.
[2026.03.15-01.30.29:443][  0]LogNetVersion: Set ProjectVersion to 1.0.0.0. Version Checksum will be recalculated on next use.
[2026.03.15-01.30.29:528][  0]LogDerivedDataCache: Saved boot cache 0.08s 94MB C:/Users/titan/AppData/Local/UnrealEngine/4.27/DerivedDataCache/Boot.ddc.
[2026.03.15-01.30.29:530][  0]LogInit: Texture streaming: Enabled
[2026.03.15-01.30.29:540][  0]LogAnalytics: Display: [UEEditor.Rocket.Release] APIServer = https://datarouter.ol.epicgames.com/. AppVersion = 4.27.2-18319896+++UE4+Release-4.27
[2026.03.15-01.30.29:542][  0]LogEngineSessionManager: EngineSessionManager initialized
[2026.03.15-01.30.29:542][  0]LogEditorSessionSummary: Verbose: Initializing EditorSessionSummaryWriter for editor session tracking
[2026.03.15-01.30.29:543][  0]LogEditorSessionSummary: EditorSessionSummaryWriter initialized
[2026.03.15-01.30.29:562][  0]LogInit: Transaction tracking system initialized
[2026.03.15-01.30.29:578][  0]BlueprintLog: New page: Editor Load
[2026.03.15-01.30.29:621][  0]LocalizationService: Localization service is disabled
[2026.03.15-01.30.29:639][  0]TimingProfiler: Initialize
[2026.03.15-01.30.29:639][  0]TimingProfiler: OnSessionChanged
[2026.03.15-01.30.29:639][  0]LoadingProfiler: Initialize
[2026.03.15-01.30.29:639][  0]LoadingProfiler: OnSessionChanged
[2026.03.15-01.30.29:639][  0]NetworkingProfiler: Initialize
[2026.03.15-01.30.29:639][  0]NetworkingProfiler: OnSessionChanged
[2026.03.15-01.30.29:639][  0]MemoryProfiler: Initialize
[2026.03.15-01.30.29:639][  0]MemoryProfiler: OnSessionChanged
[2026.03.15-01.30.29:679][  0]LogVSAccessor: Display: Unable to create Visual Studio setup instance: 80040154
[2026.03.15-01.30.29:680][  0]LogVSAccessor: Display: Unable to create Visual Studio setup instance: 80040154
[2026.03.15-01.30.29:680][  0]LogVSAccessor: Display: Unable to create Visual Studio setup instance: 80040154
[2026.03.15-01.30.29:738][  0]LogCook: Display: CookSettings for Memory: MemoryMaxUsedVirtual 0MiB, MemoryMaxUsedPhysical 16384MiB, MemoryMinFreeVirtual 0MiB, MemoryMinFreePhysical 1024MiB
[2026.03.15-01.30.29:738][  0]LogCook: Display: Mobile HDR setting 1
[2026.03.15-01.30.29:773][  0]LogFileCache: Scanning file cache for directory 'C:/Users/titan/Desktop/Titan_RoadHopper/RoadHopper4.27/Content/' took 0.00s
[2026.03.15-01.30.30:020][  0]LogInit: Display: Engine is initialized. Leaving FEngineLoop::Init()
[2026.03.15-01.30.30:022][  0]SourceControl: Source control is disabled
[2026.03.15-01.30.30:022][  0]LogUnrealEdMisc: Loading editor; pre map load, took 5.096
[2026.03.15-01.30.30:022][  0]Cmd: MAP LOAD FILE="../../../Engine/Content/Maps/Templates/Template_Default.umap" TEMPLATE=1 SHOWPROGRESS=1 FEATURELEVEL=3
[2026.03.15-01.30.30:023][  0]LightingResults: New page: Lighting Build
[2026.03.15-01.30.30:023][  0]LogWorld: UWorld::CleanupWorld for Untitled, bSessionEnded=true, bCleanupResources=true
[2026.03.15-01.30.30:024][  0]LogSlate: InvalidateAllWidgets triggered.  All widgets were invalidated
[2026.03.15-01.30.30:024][  0]MapCheck: New page: Map Check
[2026.03.15-01.30.30:024][  0]LightingResults: New page: Lighting Build
[2026.03.15-01.30.30:028][  0]LogAudio: Display: Audio Device unregistered from world 'None'.
[2026.03.15-01.30.30:029][  0]LogUObjectHash: Compacting FUObjectHashTables data took   0.49ms
[2026.03.15-01.30.30:059][  0]LogTexture: Display: Building textures: DeprecatedTextureEB9CBE3C423008B5E8E130901E171C89 (BGRA8, 128X128)
[2026.03.15-01.30.30:074][  0]LogAudio: Display: Audio Device (ID: 1) registered with world 'Untitled_1'.
[2026.03.15-01.30.30:075][  0]LogAIModule: Creating AISystem for world Untitled_1
[2026.03.15-01.30.30:078][  0]LogEditorServer: Finished looking for orphan Actors (0.000 secs)
[2026.03.15-01.30.30:082][  0]LogUObjectHash: Compacting FUObjectHashTables data took   0.49ms
[2026.03.15-01.30.30:082][  0]Cmd: MAP CHECKDEP NOCLEARLOG
[2026.03.15-01.30.30:083][  0]MapCheck: Map check complete: 0 Error(s), 0 Warning(s), took 0.145ms to complete.
[2026.03.15-01.30.30:083][  0]LogFileHelpers: Loading map 'Template_Default' took 0.061
[2026.03.15-01.30.30:084][  0]LogUnrealEdMisc: Total Editor Startup Time, took 5.158
[2026.03.15-01.30.30:167][  0]LogSlate: Updating window title bar state: overlay mode, drag disabled, window buttons hidden, title bar hidden
[2026.03.15-01.30.30:171][  0]LogSlate: Updating window title bar state: overlay mode, drag disabled, window buttons hidden, title bar hidden
[2026.03.15-01.30.30:175][  0]LogSlate: Updating window title bar state: overlay mode, drag disabled, window buttons hidden, title bar hidden
[2026.03.15-01.30.30:179][  0]LogSlate: Updating window title bar state: overlay mode, drag disabled, window buttons hidden, title bar hidden
[2026.03.15-01.30.30:189][  0]LogNativeClassHierarchy: Verbose: Native class hierarchy populated in 0.0066 seconds. Added 3822 classes and 928 folders.
[2026.03.15-01.30.30:191][  0]LogNativeClassHierarchy: Verbose: Native class hierarchy updated for 'WidgetCarousel' in 0.0002 seconds. Added 0 classes and 0 folders.
[2026.03.15-01.30.30:192][  0]LogPakFile: PakFile PrimaryIndexSize=187
[2026.03.15-01.30.30:192][  0]LogPakFile: PakFile PathHashIndexSize=101
[2026.03.15-01.30.30:192][  0]LogPakFile: PakFile FullDirectoryIndexSize=148
[2026.03.15-01.30.30:192][  0]LogShaderLibrary: Display: ShaderCodeLibraryPakFileMountedCallback: PakFile 'D:/Epic Games/UE_4.27/FeaturePacks/FP_FirstPerson.upack' (chunk index -1, root 'root:/') mounted
[2026.03.15-01.30.30:192][  0]LogShaderLibrary: Display: ShaderCodeLibraryPakFileMountedCallback: pending pak file info (ChunkID:-1 Root:root:/ File:D:/Epic Games/UE_4.27/FeaturePacks/FP_FirstPerson.upack)
[2026.03.15-01.30.30:192][  0]LogPakFile: OnPakFileMounted2Time == 0.000044
[2026.03.15-01.30.30:192][  0]LogPakFile: PakFile PrimaryIndexSize=189
[2026.03.15-01.30.30:192][  0]LogPakFile: PakFile PathHashIndexSize=101
[2026.03.15-01.30.30:192][  0]LogPakFile: PakFile FullDirectoryIndexSize=152
[2026.03.15-01.30.30:192][  0]LogShaderLibrary: Display: ShaderCodeLibraryPakFileMountedCallback: PakFile 'D:/Epic Games/UE_4.27/FeaturePacks/FP_FirstPersonBP.upack' (chunk index -1, root 'root:/') mounted
[2026.03.15-01.30.30:192][  0]LogShaderLibrary: Display: ShaderCodeLibraryPakFileMountedCallback: pending pak file info (ChunkID:-1 Root:root:/ File:D:/Epic Games/UE_4.27/FeaturePacks/FP_FirstPersonBP.upack)
[2026.03.15-01.30.30:192][  0]LogPakFile: OnPakFileMounted2Time == 0.000024
[2026.03.15-01.30.30:193][  0]LogPakFile: PakFile PrimaryIndexSize=191
[2026.03.15-01.30.30:193][  0]LogPakFile: PakFile PathHashIndexSize=101
[2026.03.15-01.30.30:193][  0]LogPakFile: PakFile FullDirectoryIndexSize=160
[2026.03.15-01.30.30:193][  0]LogShaderLibrary: Display: ShaderCodeLibraryPakFileMountedCallback: PakFile 'D:/Epic Games/UE_4.27/FeaturePacks/MobileStarterContent.upack' (chunk index -1, root 'root:/') mounted
[2026.03.15-01.30.30:193][  0]LogShaderLibrary: Display: ShaderCodeLibraryPakFileMountedCallback: pending pak file info (ChunkID:-1 Root:root:/ File:D:/Epic Games/UE_4.27/FeaturePacks/MobileStarterContent.upack)
[2026.03.15-01.30.30:193][  0]LogPakFile: OnPakFileMounted2Time == 0.000021
[2026.03.15-01.30.30:193][  0]LogPakFile: PakFile PrimaryIndexSize=185
[2026.03.15-01.30.30:193][  0]LogPakFile: PakFile PathHashIndexSize=101
[2026.03.15-01.30.30:193][  0]LogPakFile: PakFile FullDirectoryIndexSize=148
[2026.03.15-01.30.30:193][  0]LogShaderLibrary: Display: ShaderCodeLibraryPakFileMountedCallback: PakFile 'D:/Epic Games/UE_4.27/FeaturePacks/StarterContent.upack' (chunk index -1, root 'root:/') mounted
[2026.03.15-01.30.30:193][  0]LogShaderLibrary: Display: ShaderCodeLibraryPakFileMountedCallback: pending pak file info (ChunkID:-1 Root:root:/ File:D:/Epic Games/UE_4.27/FeaturePacks/StarterContent.upack)
[2026.03.15-01.30.30:193][  0]LogPakFile: OnPakFileMounted2Time == 0.000023
[2026.03.15-01.30.30:194][  0]LogPakFile: PakFile PrimaryIndexSize=190
[2026.03.15-01.30.30:194][  0]LogPakFile: PakFile PathHashIndexSize=101
[2026.03.15-01.30.30:194][  0]LogPakFile: PakFile FullDirectoryIndexSize=154
[2026.03.15-01.30.30:194][  0]LogShaderLibrary: Display: ShaderCodeLibraryPakFileMountedCallback: PakFile 'D:/Epic Games/UE_4.27/FeaturePacks/TP_2DSideScroller.upack' (chunk index -1, root 'root:/') mounted
[2026.03.15-01.30.30:194][  0]LogShaderLibrary: Display: ShaderCodeLibraryPakFileMountedCallback: pending pak file info (ChunkID:-1 Root:root:/ File:D:/Epic Games/UE_4.27/FeaturePacks/TP_2DSideScroller.upack)
[2026.03.15-01.30.30:194][  0]LogPakFile: OnPakFileMounted2Time == 0.000022
[2026.03.15-01.30.30:194][  0]LogPakFile: PakFile PrimaryIndexSize=192
[2026.03.15-01.30.30:194][  0]LogPakFile: PakFile PathHashIndexSize=101
[2026.03.15-01.30.30:194][  0]LogPakFile: PakFile FullDirectoryIndexSize=158
[2026.03.15-01.30.30:194][  0]LogShaderLibrary: Display: ShaderCodeLibraryPakFileMountedCallback: PakFile 'D:/Epic Games/UE_4.27/FeaturePacks/TP_2DSideScrollerBP.upack' (chunk index -1, root 'root:/') mounted
[2026.03.15-01.30.30:194][  0]LogShaderLibrary: Display: ShaderCodeLibraryPakFileMountedCallback: pending pak file info (ChunkID:-1 Root:root:/ File:D:/Epic Games/UE_4.27/FeaturePacks/TP_2DSideScrollerBP.upack)
[2026.03.15-01.30.30:194][  0]LogPakFile: OnPakFileMounted2Time == 0.000019
[2026.03.15-01.30.30:194][  0]LogPakFile: PakFile PrimaryIndexSize=182
[2026.03.15-01.30.30:194][  0]LogPakFile: PakFile PathHashIndexSize=101
[2026.03.15-01.30.30:194][  0]LogPakFile: PakFile FullDirectoryIndexSize=138
[2026.03.15-01.30.30:194][  0]LogShaderLibrary: Display: ShaderCodeLibraryPakFileMountedCallback: PakFile 'D:/Epic Games/UE_4.27/FeaturePacks/TP_Flying.upack' (chunk index -1, root 'root:/') mounted
[2026.03.15-01.30.30:194][  0]LogShaderLibrary: Display: ShaderCodeLibraryPakFileMountedCallback: pending pak file info (ChunkID:-1 Root:root:/ File:D:/Epic Games/UE_4.27/FeaturePacks/TP_Flying.upack)
[2026.03.15-01.30.30:195][  0]LogPakFile: OnPakFileMounted2Time == 0.000019
[2026.03.15-01.30.30:195][  0]LogPakFile: PakFile PrimaryIndexSize=184
[2026.03.15-01.30.30:195][  0]LogPakFile: PakFile PathHashIndexSize=101
[2026.03.15-01.30.30:195][  0]LogPakFile: PakFile FullDirectoryIndexSize=142
[2026.03.15-01.30.30:195][  0]LogShaderLibrary: Display: ShaderCodeLibraryPakFileMountedCallback: PakFile 'D:/Epic Games/UE_4.27/FeaturePacks/TP_FlyingBP.upack' (chunk index -1, root 'root:/') mounted
[2026.03.15-01.30.30:195][  0]LogShaderLibrary: Display: ShaderCodeLibraryPakFileMountedCallback: pending pak file info (ChunkID:-1 Root:root:/ File:D:/Epic Games/UE_4.27/FeaturePacks/TP_FlyingBP.upack)
[2026.03.15-01.30.30:195][  0]LogPakFile: OnPakFileMounted2Time == 0.000020
[2026.03.15-01.30.30:195][  0]LogPakFile: PakFile PrimaryIndexSize=188
[2026.03.15-01.30.30:195][  0]LogPakFile: PakFile PathHashIndexSize=101
[2026.03.15-01.30.30:195][  0]LogPakFile: PakFile FullDirectoryIndexSize=150
[2026.03.15-01.30.30:195][  0]LogShaderLibrary: Display: ShaderCodeLibraryPakFileMountedCallback: PakFile 'D:/Epic Games/UE_4.27/FeaturePacks/TP_HandheldARBP.upack' (chunk index -1, root 'root:/') mounted
[2026.03.15-01.30.30:195][  0]LogShaderLibrary: Display: ShaderCodeLibraryPakFileMountedCallback: pending pak file info (ChunkID:-1 Root:root:/ File:D:/Epic Games/UE_4.27/FeaturePacks/TP_HandheldARBP.upack)
[2026.03.15-01.30.30:195][  0]LogPakFile: OnPakFileMounted2Time == 0.000020
[2026.03.15-01.30.30:196][  0]LogPakFile: PakFile PrimaryIndexSize=182
[2026.03.15-01.30.30:196][  0]LogPakFile: PakFile PathHashIndexSize=101
[2026.03.15-01.30.30:196][  0]LogPakFile: PakFile FullDirectoryIndexSize=138
[2026.03.15-01.30.30:196][  0]LogShaderLibrary: Display: ShaderCodeLibraryPakFileMountedCallback: PakFile 'D:/Epic Games/UE_4.27/FeaturePacks/TP_Puzzle.upack' (chunk index -1, root 'root:/') mounted
[2026.03.15-01.30.30:196][  0]LogShaderLibrary: Display: ShaderCodeLibraryPakFileMountedCallback: pending pak file info (ChunkID:-1 Root:root:/ File:D:/Epic Games/UE_4.27/FeaturePacks/TP_Puzzle.upack)
[2026.03.15-01.30.30:196][  0]LogPakFile: OnPakFileMounted2Time == 0.000020
[2026.03.15-01.30.30:196][  0]LogPakFile: PakFile PrimaryIndexSize=184
[2026.03.15-01.30.30:196][  0]LogPakFile: PakFile PathHashIndexSize=101
[2026.03.15-01.30.30:196][  0]LogPakFile: PakFile FullDirectoryIndexSize=142
[2026.03.15-01.30.30:196][  0]LogShaderLibrary: Display: ShaderCodeLibraryPakFileMountedCallback: PakFile 'D:/Epic Games/UE_4.27/FeaturePacks/TP_PuzzleBP.upack' (chunk index -1, root 'root:/') mounted
[2026.03.15-01.30.30:196][  0]LogShaderLibrary: Display: ShaderCodeLibraryPakFileMountedCallback: pending pak file info (ChunkID:-1 Root:root:/ File:D:/Epic Games/UE_4.27/FeaturePacks/TP_PuzzleBP.upack)
[2026.03.15-01.30.30:196][  0]LogPakFile: OnPakFileMounted2Time == 0.000020
[2026.03.15-01.30.30:197][  0]LogPakFile: PakFile PrimaryIndexSize=183
[2026.03.15-01.30.30:197][  0]LogPakFile: PakFile PathHashIndexSize=101
[2026.03.15-01.30.30:197][  0]LogPakFile: PakFile FullDirectoryIndexSize=140
[2026.03.15-01.30.30:197][  0]LogShaderLibrary: Display: ShaderCodeLibraryPakFileMountedCallback: PakFile 'D:/Epic Games/UE_4.27/FeaturePacks/TP_Rolling.upack' (chunk index -1, root 'root:/') mounted
[2026.03.15-01.30.30:197][  0]LogShaderLibrary: Display: ShaderCodeLibraryPakFileMountedCallback: pending pak file info (ChunkID:-1 Root:root:/ File:D:/Epic Games/UE_4.27/FeaturePacks/TP_Rolling.upack)
[2026.03.15-01.30.30:197][  0]LogPakFile: OnPakFileMounted2Time == 0.000019
[2026.03.15-01.30.30:197][  0]LogPakFile: PakFile PrimaryIndexSize=185
[2026.03.15-01.30.30:197][  0]LogPakFile: PakFile PathHashIndexSize=101
[2026.03.15-01.30.30:197][  0]LogPakFile: PakFile FullDirectoryIndexSize=144
[2026.03.15-01.30.30:197][  0]LogShaderLibrary: Display: ShaderCodeLibraryPakFileMountedCallback: PakFile 'D:/Epic Games/UE_4.27/FeaturePacks/TP_RollingBP.upack' (chunk index -1, root 'root:/') mounted
[2026.03.15-01.30.30:197][  0]LogShaderLibrary: Display: ShaderCodeLibraryPakFileMountedCallback: pending pak file info (ChunkID:-1 Root:root:/ File:D:/Epic Games/UE_4.27/FeaturePacks/TP_RollingBP.upack)
[2026.03.15-01.30.30:197][  0]LogPakFile: OnPakFileMounted2Time == 0.000020
[2026.03.15-01.30.30:197][  0]LogPakFile: PakFile PrimaryIndexSize=188
[2026.03.15-01.30.30:197][  0]LogPakFile: PakFile PathHashIndexSize=101
[2026.03.15-01.30.30:197][  0]LogPakFile: PakFile FullDirectoryIndexSize=150
[2026.03.15-01.30.30:197][  0]LogShaderLibrary: Display: ShaderCodeLibraryPakFileMountedCallback: PakFile 'D:/Epic Games/UE_4.27/FeaturePacks/TP_SideScroller.upack' (chunk index -1, root 'root:/') mounted
[2026.03.15-01.30.30:197][  0]LogShaderLibrary: Display: ShaderCodeLibraryPakFileMountedCallback: pending pak file info (ChunkID:-1 Root:root:/ File:D:/Epic Games/UE_4.27/FeaturePacks/TP_SideScroller.upack)
[2026.03.15-01.30.30:197][  0]LogPakFile: OnPakFileMounted2Time == 0.000020
[2026.03.15-01.30.30:198][  0]LogPakFile: PakFile PrimaryIndexSize=190
[2026.03.15-01.30.30:198][  0]LogPakFile: PakFile PathHashIndexSize=101
[2026.03.15-01.30.30:198][  0]LogPakFile: PakFile FullDirectoryIndexSize=154
[2026.03.15-01.30.30:198][  0]LogShaderLibrary: Display: ShaderCodeLibraryPakFileMountedCallback: PakFile 'D:/Epic Games/UE_4.27/FeaturePacks/TP_SideScrollerBP.upack' (chunk index -1, root 'root:/') mounted
[2026.03.15-01.30.30:198][  0]LogShaderLibrary: Display: ShaderCodeLibraryPakFileMountedCallback: pending pak file info (ChunkID:-1 Root:root:/ File:D:/Epic Games/UE_4.27/FeaturePacks/TP_SideScrollerBP.upack)
[2026.03.15-01.30.30:198][  0]LogPakFile: OnPakFileMounted2Time == 0.000019
[2026.03.15-01.30.30:198][  0]LogPakFile: PakFile PrimaryIndexSize=187
[2026.03.15-01.30.30:198][  0]LogPakFile: PakFile PathHashIndexSize=101
[2026.03.15-01.30.30:198][  0]LogPakFile: PakFile FullDirectoryIndexSize=148
[2026.03.15-01.30.30:198][  0]LogShaderLibrary: Display: ShaderCodeLibraryPakFileMountedCallback: PakFile 'D:/Epic Games/UE_4.27/FeaturePacks/TP_ThirdPerson.upack' (chunk index -1, root 'root:/') mounted
[2026.03.15-01.30.30:198][  0]LogShaderLibrary: Display: ShaderCodeLibraryPakFileMountedCallback: pending pak file info (ChunkID:-1 Root:root:/ File:D:/Epic Games/UE_4.27/FeaturePacks/TP_ThirdPerson.upack)
[2026.03.15-01.30.30:198][  0]LogPakFile: OnPakFileMounted2Time == 0.000019
[2026.03.15-01.30.30:199][  0]LogPakFile: PakFile PrimaryIndexSize=189
[2026.03.15-01.30.30:199][  0]LogPakFile: PakFile PathHashIndexSize=101
[2026.03.15-01.30.30:199][  0]LogPakFile: PakFile FullDirectoryIndexSize=152
[2026.03.15-01.30.30:199][  0]LogShaderLibrary: Display: ShaderCodeLibraryPakFileMountedCallback: PakFile 'D:/Epic Games/UE_4.27/FeaturePacks/TP_ThirdPersonBP.upack' (chunk index -1, root 'root:/') mounted
[2026.03.15-01.30.30:199][  0]LogShaderLibrary: Display: ShaderCodeLibraryPakFileMountedCallback: pending pak file info (ChunkID:-1 Root:root:/ File:D:/Epic Games/UE_4.27/FeaturePacks/TP_ThirdPersonBP.upack)
[2026.03.15-01.30.30:199][  0]LogPakFile: OnPakFileMounted2Time == 0.000019
[2026.03.15-01.30.30:199][  0]LogPakFile: PakFile PrimaryIndexSize=183
[2026.03.15-01.30.30:199][  0]LogPakFile: PakFile PathHashIndexSize=101
[2026.03.15-01.30.30:199][  0]LogPakFile: PakFile FullDirectoryIndexSize=140
[2026.03.15-01.30.30:199][  0]LogShaderLibrary: Display: ShaderCodeLibraryPakFileMountedCallback: PakFile 'D:/Epic Games/UE_4.27/FeaturePacks/TP_TopDown.upack' (chunk index -1, root 'root:/') mounted
[2026.03.15-01.30.30:199][  0]LogShaderLibrary: Display: ShaderCodeLibraryPakFileMountedCallback: pending pak file info (ChunkID:-1 Root:root:/ File:D:/Epic Games/UE_4.27/FeaturePacks/TP_TopDown.upack)
[2026.03.15-01.30.30:199][  0]LogPakFile: OnPakFileMounted2Time == 0.000023
[2026.03.15-01.30.30:199][  0]LogPakFile: PakFile PrimaryIndexSize=185
[2026.03.15-01.30.30:199][  0]LogPakFile: PakFile PathHashIndexSize=101
[2026.03.15-01.30.30:199][  0]LogPakFile: PakFile FullDirectoryIndexSize=144
[2026.03.15-01.30.30:199][  0]LogShaderLibrary: Display: ShaderCodeLibraryPakFileMountedCallback: PakFile 'D:/Epic Games/UE_4.27/FeaturePacks/TP_TopDownBP.upack' (chunk index -1, root 'root:/') mounted
[2026.03.15-01.30.30:199][  0]LogShaderLibrary: Display: ShaderCodeLibraryPakFileMountedCallback: pending pak file info (ChunkID:-1 Root:root:/ File:D:/Epic Games/UE_4.27/FeaturePacks/TP_TopDownBP.upack)
[2026.03.15-01.30.30:199][  0]LogPakFile: OnPakFileMounted2Time == 0.000020
[2026.03.15-01.30.30:200][  0]LogPakFile: PakFile PrimaryIndexSize=185
[2026.03.15-01.30.30:200][  0]LogPakFile: PakFile PathHashIndexSize=101
[2026.03.15-01.30.30:200][  0]LogPakFile: PakFile FullDirectoryIndexSize=144
[2026.03.15-01.30.30:200][  0]LogShaderLibrary: Display: ShaderCodeLibraryPakFileMountedCallback: PakFile 'D:/Epic Games/UE_4.27/FeaturePacks/TP_TwinStick.upack' (chunk index -1, root 'root:/') mounted
[2026.03.15-01.30.30:200][  0]LogShaderLibrary: Display: ShaderCodeLibraryPakFileMountedCallback: pending pak file info (ChunkID:-1 Root:root:/ File:D:/Epic Games/UE_4.27/FeaturePacks/TP_TwinStick.upack)
[2026.03.15-01.30.30:200][  0]LogPakFile: OnPakFileMounted2Time == 0.000019
[2026.03.15-01.30.30:200][  0]LogPakFile: PakFile PrimaryIndexSize=187
[2026.03.15-01.30.30:200][  0]LogPakFile: PakFile PathHashIndexSize=101
[2026.03.15-01.30.30:200][  0]LogPakFile: PakFile FullDirectoryIndexSize=148
[2026.03.15-01.30.30:200][  0]LogShaderLibrary: Display: ShaderCodeLibraryPakFileMountedCallback: PakFile 'D:/Epic Games/UE_4.27/FeaturePacks/TP_TwinStickBP.upack' (chunk index -1, root 'root:/') mounted
[2026.03.15-01.30.30:200][  0]LogShaderLibrary: Display: ShaderCodeLibraryPakFileMountedCallback: pending pak file info (ChunkID:-1 Root:root:/ File:D:/Epic Games/UE_4.27/FeaturePacks/TP_TwinStickBP.upack)
[2026.03.15-01.30.30:200][  0]LogPakFile: OnPakFileMounted2Time == 0.000019
[2026.03.15-01.30.30:200][  0]LogPakFile: PakFile PrimaryIndexSize=183
[2026.03.15-01.30.30:200][  0]LogPakFile: PakFile PathHashIndexSize=101
[2026.03.15-01.30.30:200][  0]LogPakFile: PakFile FullDirectoryIndexSize=140
[2026.03.15-01.30.30:200][  0]LogShaderLibrary: Display: ShaderCodeLibraryPakFileMountedCallback: PakFile 'D:/Epic Games/UE_4.27/FeaturePacks/TP_Vehicle.upack' (chunk index -1, root 'root:/') mounted
[2026.03.15-01.30.30:200][  0]LogShaderLibrary: Display: ShaderCodeLibraryPakFileMountedCallback: pending pak file info (ChunkID:-1 Root:root:/ File:D:/Epic Games/UE_4.27/FeaturePacks/TP_Vehicle.upack)
[2026.03.15-01.30.30:200][  0]LogPakFile: OnPakFileMounted2Time == 0.000019
[2026.03.15-01.30.30:201][  0]LogPakFile: PakFile PrimaryIndexSize=186
[2026.03.15-01.30.30:201][  0]LogPakFile: PakFile PathHashIndexSize=101
[2026.03.15-01.30.30:201][  0]LogPakFile: PakFile FullDirectoryIndexSize=146
[2026.03.15-01.30.30:201][  0]LogShaderLibrary: Display: ShaderCodeLibraryPakFileMountedCallback: PakFile 'D:/Epic Games/UE_4.27/FeaturePacks/TP_VehicleAdv.upack' (chunk index -1, root 'root:/') mounted
[2026.03.15-01.30.30:201][  0]LogShaderLibrary: Display: ShaderCodeLibraryPakFileMountedCallback: pending pak file info (ChunkID:-1 Root:root:/ File:D:/Epic Games/UE_4.27/FeaturePacks/TP_VehicleAdv.upack)
[2026.03.15-01.30.30:201][  0]LogPakFile: OnPakFileMounted2Time == 0.000020
[2026.03.15-01.30.30:201][  0]LogPakFile: PakFile PrimaryIndexSize=188
[2026.03.15-01.30.30:201][  0]LogPakFile: PakFile PathHashIndexSize=101
[2026.03.15-01.30.30:201][  0]LogPakFile: PakFile FullDirectoryIndexSize=150
[2026.03.15-01.30.30:201][  0]LogShaderLibrary: Display: ShaderCodeLibraryPakFileMountedCallback: PakFile 'D:/Epic Games/UE_4.27/FeaturePacks/TP_VehicleAdvBP.upack' (chunk index -1, root 'root:/') mounted
[2026.03.15-01.30.30:201][  0]LogShaderLibrary: Display: ShaderCodeLibraryPakFileMountedCallback: pending pak file info (ChunkID:-1 Root:root:/ File:D:/Epic Games/UE_4.27/FeaturePacks/TP_VehicleAdvBP.upack)
[2026.03.15-01.30.30:201][  0]LogPakFile: OnPakFileMounted2Time == 0.000020
[2026.03.15-01.30.30:202][  0]LogPakFile: PakFile PrimaryIndexSize=185
[2026.03.15-01.30.30:202][  0]LogPakFile: PakFile PathHashIndexSize=101
[2026.03.15-01.30.30:202][  0]LogPakFile: PakFile FullDirectoryIndexSize=144
[2026.03.15-01.30.30:202][  0]LogShaderLibrary: Display: ShaderCodeLibraryPakFileMountedCallback: PakFile 'D:/Epic Games/UE_4.27/FeaturePacks/TP_VehicleBP.upack' (chunk index -1, root 'root:/') mounted
[2026.03.15-01.30.30:202][  0]LogShaderLibrary: Display: ShaderCodeLibraryPakFileMountedCallback: pending pak file info (ChunkID:-1 Root:root:/ File:D:/Epic Games/UE_4.27/FeaturePacks/TP_VehicleBP.upack)
[2026.03.15-01.30.30:202][  0]LogPakFile: OnPakFileMounted2Time == 0.000021
[2026.03.15-01.30.30:202][  0]LogPakFile: PakFile PrimaryIndexSize=192
[2026.03.15-01.30.30:202][  0]LogPakFile: PakFile PathHashIndexSize=101
[2026.03.15-01.30.30:202][  0]LogPakFile: PakFile FullDirectoryIndexSize=158
[2026.03.15-01.30.30:202][  0]LogShaderLibrary: Display: ShaderCodeLibraryPakFileMountedCallback: PakFile 'D:/Epic Games/UE_4.27/FeaturePacks/TP_VirtualRealityBP.upack' (chunk index -1, root 'root:/') mounted
[2026.03.15-01.30.30:202][  0]LogShaderLibrary: Display: ShaderCodeLibraryPakFileMountedCallback: pending pak file info (ChunkID:-1 Root:root:/ File:D:/Epic Games/UE_4.27/FeaturePacks/TP_VirtualRealityBP.upack)
[2026.03.15-01.30.30:202][  0]LogPakFile: OnPakFileMounted2Time == 0.000020
[2026.03.15-01.30.30:236][  0]LogNativeClassHierarchy: Verbose: Native class hierarchy updated for 'AddContentDialog' in 0.0002 seconds. Added 0 classes and 0 folders.
[2026.03.15-01.30.30:238][  0]LogNativeClassHierarchy: Verbose: Native class hierarchy updated for 'SceneOutliner' in 0.0002 seconds. Added 2 classes and 0 folders.
[2026.03.15-01.30.30:256][  0]LogSlate: Took 0.000263 seconds to synchronously load lazily loaded font '../../../Engine/Content/Slate/Fonts/Roboto-Regular.ttf' (155K)
[2026.03.15-01.30.30:256][  0]LogSlate: Took 0.000202 seconds to synchronously load lazily loaded font '../../../Engine/Content/Editor/Slate/Fonts/FontAwesome.ttf' (139K)
[2026.03.15-01.30.30:257][  0]LogSlate: Took 0.000154 seconds to synchronously load lazily loaded font '../../../Engine/Content/Slate/Fonts/Roboto-Bold.ttf' (160K)
[2026.03.15-01.30.30:315][  0]LogRenderer: Reallocating scene render targets to support 1936x992 Format 10 NumSamples 1 (Frame:1).
[2026.03.15-01.30.30:369][  0]LogNativeClassHierarchy: Verbose: Native class hierarchy updated for 'HierarchicalLODOutliner' in 0.0002 seconds. Added 0 classes and 0 folders.
[2026.03.15-01.30.30:369][  0]LogLoad: (Engine Initialization) Total time: 5.44 seconds
[2026.03.15-01.30.30:369][  0]LogLoad: (Engine Initialization) Total Blueprint compile time: 0.00 seconds
[2026.03.15-01.30.30:400][  0]LogAssetRegistry: Asset discovery search completed in 2.9374 seconds
[2026.03.15-01.30.30:405][  0]LogCollectionManager: Fixed up redirectors for 0 collections in 0.000003 seconds (updated 0 objects)
[2026.03.15-01.30.30:406][  0]LogContentStreaming: Texture pool size now 1000 MB
[2026.03.15-01.30.30:484][  8]LogSlate: Took 0.000244 seconds to synchronously load lazily loaded font '../../../Engine/Content/Slate/Fonts/Roboto-Light.ttf' (167K)
[2026.03.15-01.32.19:122][811]LogUObjectHash: Compacting FUObjectHashTables data took   0.39ms
[2026.03.15-01.32.19:128][811]LogSlate: Took 0.000212 seconds to synchronously load lazily loaded font '../../../Engine/Content/Slate/Fonts/Roboto-Light.ttf' (167K)
[2026.03.15-01.32.19:156][811]LogLinker: Warning: Asset 'C:/Users/titan/Desktop/Titan_RoadHopper/RoadHopper4.27/Content/Models/Cars/colormap.uasset' has been saved with empty engine version. The asset will be loaded but may be incompatible.
[2026.03.15-01.32.19:156][811]LogLinker: Warning: Asset 'C:/Users/titan/Desktop/Titan_RoadHopper/RoadHopper4.27/Content/Models/Cars/colormap_ncl1_1.uasset' has been saved with empty engine version. The asset will be loaded but may be incompatible.
[2026.03.15-01.32.19:157][811]LogLinker: Warning: Asset 'C:/Users/titan/Desktop/Titan_RoadHopper/RoadHopper4.27/Content/Models/Cars/ambulance_body.uasset' has been saved with empty engine version. The asset will be loaded but may be incompatible.
[2026.03.15-01.32.19:157][811]LogLinker: Warning: Asset 'C:/Users/titan/Desktop/Titan_RoadHopper/RoadHopper4.27/Content/Models/Cars/ambulance_door-left.uasset' has been saved with empty engine version. The asset will be loaded but may be incompatible.
[2026.03.15-01.32.19:157][811]LogLinker: Warning: Asset 'C:/Users/titan/Desktop/Titan_RoadHopper/RoadHopper4.27/Content/Models/Cars/ambulance_door-right.uasset' has been saved with empty engine version. The asset will be loaded but may be incompatible.
[2026.03.15-01.32.19:157][811]LogLinker: Warning: Asset 'C:/Users/titan/Desktop/Titan_RoadHopper/RoadHopper4.27/Content/Models/Cars/ambulance_wheel-back-left.uasset' has been saved with empty engine version. The asset will be loaded but may be incompatible.
[2026.03.15-01.32.19:158][811]LogLinker: Warning: Asset 'C:/Users/titan/Desktop/Titan_RoadHopper/RoadHopper4.27/Content/Models/Cars/ambulance_wheel-back-right.uasset' has been saved with empty engine version. The asset will be loaded but may be incompatible.
[2026.03.15-01.32.19:158][811]LogLinker: Warning: Asset 'C:/Users/titan/Desktop/Titan_RoadHopper/RoadHopper4.27/Content/Models/Cars/ambulance_wheel-front-left.uasset' has been saved with empty engine version. The asset will be loaded but may be incompatible.
[2026.03.15-01.32.19:158][811]LogLinker: Warning: Asset 'C:/Users/titan/Desktop/Titan_RoadHopper/RoadHopper4.27/Content/Models/Cars/ambulance_wheel-front-right.uasset' has been saved with empty engine version. The asset will be loaded but may be incompatible.
[2026.03.15-01.32.19:161][811]LogLinker: Warning: Asset 'C:/Users/titan/Desktop/Titan_RoadHopper/RoadHopper4.27/Content/Blueprints/BP_Grass.uasset' has been saved with empty engine version. The asset will be loaded but may be incompatible.
[2026.03.15-01.32.19:161][811]LogLinker: Warning: Asset 'C:/Users/titan/Desktop/Titan_RoadHopper/RoadHopper4.27/Content/Models/MiniGolf/open.uasset' has been saved with empty engine version. The asset will be loaded but may be incompatible.
[2026.03.15-01.32.19:161][811]LogLinker: Warning: Asset 'C:/Users/titan/Desktop/Titan_RoadHopper/RoadHopper4.27/Content/Models/MiniGolf/colormap.uasset' has been saved with empty engine version. The asset will be loaded but may be incompatible.
[2026.03.15-01.32.19:161][811]LogLinker: Warning: Asset 'C:/Users/titan/Desktop/Titan_RoadHopper/RoadHopper4.27/Content/Models/MiniGolf/colormap_ncl1_1.uasset' has been saved with empty engine version. The asset will be loaded but may be incompatible.
[2026.03.15-01.32.19:163][811]LogLinker: Warning: Asset 'C:/Users/titan/Desktop/Titan_RoadHopper/RoadHopper4.27/Content/Models/MiniCharacters/character-female-d_head-mesh.uasset' has been saved with empty engine version. The asset will be loaded but may be incompatible.
[2026.03.15-01.32.19:164][811]LogLinker: Warning: Asset 'C:/Users/titan/Desktop/Titan_RoadHopper/RoadHopper4.27/Content/Models/MiniCharacters/colormap.uasset' has been saved with empty engine version. The asset will be loaded but may be incompatible.
[2026.03.15-01.32.19:164][811]LogLinker: Warning: Asset 'C:/Users/titan/Desktop/Titan_RoadHopper/RoadHopper4.27/Content/Models/MiniCharacters/colormap_ncl1_1.uasset' has been saved with empty engine version. The asset will be loaded but may be incompatible.
[2026.03.15-01.32.19:164][811]LogLinker: Warning: Asset 'C:/Users/titan/Desktop/Titan_RoadHopper/RoadHopper4.27/Content/Models/MiniCharacters/character-female-e_body-mesh.uasset' has been saved with empty engine version. The asset will be loaded but may be incompatible.
[2026.03.15-01.32.19:175][811]LogLinker: Warning: Asset 'C:/Users/titan/Desktop/Titan_RoadHopper/RoadHopper4.27/Content/Blueprints/BP_Road.uasset' has been saved with empty engine version. The asset will be loaded but may be incompatible.
[2026.03.15-01.32.19:175][811]LogLinker: Warning: Asset 'C:/Users/titan/Desktop/Titan_RoadHopper/RoadHopper4.27/Content/Models/City/driveway-long.uasset' has been saved with empty engine version. The asset will be loaded but may be incompatible.
[2026.03.15-01.32.19:175][811]LogLinker: Warning: Asset 'C:/Users/titan/Desktop/Titan_RoadHopper/RoadHopper4.27/Content/Models/City/colormap.uasset' has been saved with empty engine version. The asset will be loaded but may be incompatible.
[2026.03.15-01.32.19:176][811]LogLinker: Warning: Asset 'C:/Users/titan/Desktop/Titan_RoadHopper/RoadHopper4.27/Content/Models/City/colormap_ncl1_1.uasset' has been saved with empty engine version. The asset will be loaded but may be incompatible.
[2026.03.15-01.32.19:178][811]LogLinker: Warning: Asset 'C:/Users/titan/Desktop/Titan_RoadHopper/RoadHopper4.27/Content/Blueprints/BP_TileRow.uasset' has been saved with empty engine version. The asset will be loaded but may be incompatible.
[2026.03.15-01.32.19:183][811]LogLinker: Warning: Asset 'C:/Users/titan/Desktop/Titan_RoadHopper/RoadHopper4.27/Content/Blueprints/GM_RoadHopper.uasset' has been saved with empty engine version. The asset will be loaded but may be incompatible.
[2026.03.15-01.32.19:186][811]LogLinker: Warning: Asset 'C:/Users/titan/Desktop/Titan_RoadHopper/RoadHopper4.27/Content/Models/MiniCharacters/character-male-b_body-mesh.uasset' has been saved with empty engine version. The asset will be loaded but may be incompatible.
[2026.03.15-01.32.19:186][811]LogLinker: Warning: Asset 'C:/Users/titan/Desktop/Titan_RoadHopper/RoadHopper4.27/Content/Models/MiniCharacters/character-male-e_head-mesh.uasset' has been saved with empty engine version. The asset will be loaded but may be incompatible.
[2026.03.15-01.32.19:625][811]LogAssetEditorSubsystem: Opening Asset editor for World /Game/Levels/MainLevel.MainLevel
[2026.03.15-01.32.19:625][811]Cmd: MAP LOAD FILE="C:/Users/titan/Desktop/Titan_RoadHopper/RoadHopper4.27/Content/Levels/MainLevel.umap" TEMPLATE=0 SHOWPROGRESS=1 FEATURELEVEL=3
[2026.03.15-01.32.19:625][811]LightingResults: New page: Lighting Build
[2026.03.15-01.32.19:625][811]LoadErrors: New page: Loading map: MainLevel.umap
[2026.03.15-01.32.19:652][811]LogWorld: UWorld::CleanupWorld for Untitled_1, bSessionEnded=true, bCleanupResources=true
[2026.03.15-01.32.19:652][811]LogSlate: InvalidateAllWidgets triggered.  All widgets were invalidated
[2026.03.15-01.32.19:652][811]MapCheck: New page: Map Check
[2026.03.15-01.32.19:652][811]LightingResults: New page: Lighting Build
[2026.03.15-01.32.19:664][811]LogAudio: Display: Audio Device unregistered from world 'None'.
[2026.03.15-01.32.19:674][811]LogUObjectHash: Compacting FUObjectHashTables data took   0.90ms
[2026.03.15-01.32.19:674][811]LogAudio: Display: Audio Device (ID: 1) registered with world 'MainLevel'.
[2026.03.15-01.32.20:362][811]LogEditorServer: Finished looking for orphan Actors (0.000 secs)
[2026.03.15-01.32.20:362][811]LogAIModule: Creating AISystem for world MainLevel
[2026.03.15-01.32.20:407][811]LogUObjectHash: Compacting FUObjectHashTables data took   0.84ms
[2026.03.15-01.32.20:409][811]Cmd: MAP CHECKDEP NOCLEARLOG
[2026.03.15-01.32.20:409][811]MapCheck: Map check complete: 0 Error(s), 0 Warning(s), took 0.164ms to complete.
[2026.03.15-01.32.20:409][811]LogFileHelpers: Loading map 'MainLevel' took 0.784
[2026.03.15-01.35.11:528][194]LogEditorClassViewer: Warning: Class /Engine/Tutorial/InWorldBlueprintEditing/TutorialAssets/IWBE_Blutility.IWBE_Blutility_C has parent /Script/Blutility.PlacedEditorUtilityBase, but this parent is not found. The Class will not be shown in ClassViewer.
[2026.03.15-01.35.12:464][194]LogSlate: Window 'Pick Parent Class' being destroyed
[2026.03.15-01.35.12:472][194]LogContentBrowser: Deferred new asset file creation: NewBlueprint
[2026.03.15-01.35.12:479][194]LogContentBrowser: Creating deferred item: NewBlueprint
[2026.03.15-01.35.20:863][199]LogContentBrowser: Attempting asset rename: NewBlueprint -> NewBlueprint
[2026.03.15-01.35.20:863][199]LogContentBrowser: End creating deferred item NewBlueprint
[2026.03.15-01.35.25:204][669]LogAssetEditorSubsystem: Opening Asset editor for Blueprint /Game/Blueprints/BP_Car.BP_Car
[2026.03.15-01.35.25:336][669]LogNativeClassHierarchy: Verbose: Native class hierarchy updated for 'BlueprintGraph' in 0.0004 seconds. Added 126 classes and 0 folders.
[2026.03.15-01.35.25:796][669]LogSlate: Took 0.000325 seconds to synchronously load lazily loaded font '../../../Engine/Content/Slate/Fonts/Roboto-BoldCondensed.ttf' (158K)
[2026.03.15-01.35.25:819][670]LogSlate: Took 0.000263 seconds to synchronously load lazily loaded font '../../../Engine/Content/Slate/Fonts/Roboto-Italic.ttf' (157K)
[2026.03.15-01.35.32:750][438]LogAssetEditorSubsystem: Opening Asset editor for Blueprint /Game/Blueprints/BP_Ambulance.BP_Ambulance
[2026.03.15-01.35.40:301][195]LogBlueprint: Warning: USimpleConstructionScript::FixupRootNodeParentReferences() - Couldn't find inherited parent component 'Cube' for 'ambulance_door-left' in BlueprintGeneratedClass 'BP_Ambulance_C' (it may have been removed)
[2026.03.15-01.35.40:301][195]LogBlueprint: Warning: USimpleConstructionScript::FixupRootNodeParentReferences() - Couldn't find inherited parent component 'Cube' for 'ambulance_door-right' in BlueprintGeneratedClass 'BP_Ambulance_C' (it may have been removed)
[2026.03.15-01.35.40:301][195]LogBlueprint: Warning: USimpleConstructionScript::FixupRootNodeParentReferences() - Couldn't find inherited parent component 'Cube' for 'ambulance_wheel-back-left' in BlueprintGeneratedClass 'BP_Ambulance_C' (it may have been removed)
[2026.03.15-01.35.40:301][195]LogBlueprint: Warning: USimpleConstructionScript::FixupRootNodeParentReferences() - Couldn't find inherited parent component 'Cube' for 'ambulance_wheel-back-right' in BlueprintGeneratedClass 'BP_Ambulance_C' (it may have been removed)
[2026.03.15-01.35.40:301][195]LogBlueprint: Warning: USimpleConstructionScript::FixupRootNodeParentReferences() - Couldn't find inherited parent component 'Cube' for 'ambulance_wheel-front-left' in BlueprintGeneratedClass 'BP_Ambulance_C' (it may have been removed)
[2026.03.15-01.35.40:301][195]LogBlueprint: Warning: USimpleConstructionScript::FixupRootNodeParentReferences() - Couldn't find inherited parent component 'Cube' for 'ambulance_wheel-front-right' in BlueprintGeneratedClass 'BP_Ambulance_C' (it may have been removed)
[2026.03.15-01.35.44:579][689]BlueprintLog: New page: Compile BP_Car
[2026.03.15-01.35.44:608][689]LogUObjectHash: Compacting FUObjectHashTables data took   1.49ms
[2026.03.15-01.35.44:635][689]LogSlate: Took 0.000321 seconds to synchronously load lazily loaded font '../../../Engine/Content/Slate/Fonts/DroidSansMono.ttf' (77K)
[2026.03.15-01.35.47:051][964]LogUObjectHash: Compacting FUObjectHashTables data took   1.38ms
[2026.03.15-01.35.47:073][964]Cmd: OBJ SAVEPACKAGE PACKAGE="/Game/Levels/MainLevel" FILE="C:/Users/titan/Desktop/Titan_RoadHopper/RoadHopper4.27/Content/Levels/MainLevel.umap" SILENT=true AUTOSAVING=false KEEPDIRTY=false
[2026.03.15-01.35.47:085][964]LogUObjectHash: Compacting FUObjectHashTables data took   0.36ms
[2026.03.15-01.35.47:466][964]LogSavePackage: Moving 'C:/Users/titan/Desktop/Titan_RoadHopper/RoadHopper4.27/Saved/MainLevelEA59A4C042B0D90EAEB64A977AB91769.tmp' to 'C:/Users/titan/Desktop/Titan_RoadHopper/RoadHopper4.27/Content/Levels/MainLevel.umap'
[2026.03.15-01.35.47:478][964]LogFileHelpers: Saving map 'MainLevel' took 0.406
[2026.03.15-01.35.47:486][964]Cmd: OBJ SAVEPACKAGE PACKAGE="/Game/Blueprints/BP_Ambulance" FILE="C:/Users/titan/Desktop/Titan_RoadHopper/RoadHopper4.27/Content/Blueprints/BP_Ambulance.uasset" SILENT=true
[2026.03.15-01.35.47:493][964]LogSavePackage: Moving 'C:/Users/titan/Desktop/Titan_RoadHopper/RoadHopper4.27/Saved/BP_AmbulanceB5F1ABF94385AD80829F768B479BCBD8.tmp' to 'C:/Users/titan/Desktop/Titan_RoadHopper/RoadHopper4.27/Content/Blueprints/BP_Ambulance.uasset'
[2026.03.15-01.35.47:499][964]Cmd: OBJ SAVEPACKAGE PACKAGE="/Game/Blueprints/BP_Car" FILE="C:/Users/titan/Desktop/Titan_RoadHopper/RoadHopper4.27/Content/Blueprints/BP_Car.uasset" SILENT=true
[2026.03.15-01.35.47:507][964]LogSavePackage: Moving 'C:/Users/titan/Desktop/Titan_RoadHopper/RoadHopper4.27/Saved/BP_CarE616530A4D2E3969D89D468451117E6E.tmp' to 'C:/Users/titan/Desktop/Titan_RoadHopper/RoadHopper4.27/Content/Blueprints/BP_Car.uasset'
[2026.03.15-01.35.47:519][964]AssetCheck: New page: Asset Save: multiple assets
[2026.03.15-01.35.47:519][964]LogContentValidation: Display: Validating Blueprint /Game/Blueprints/BP_Car.BP_Car
[2026.03.15-01.35.47:519][964]LogContentValidation: Display: Validating Blueprint /Game/Blueprints/BP_Ambulance.BP_Ambulance
[2026.03.15-01.35.47:519][964]LogContentValidation: Display: Validating World /Game/Levels/MainLevel.MainLevel
[2026.03.15-01.38.36:197][ 95]LogSlate: Window 'BP_Ambulance' being destroyed
[2026.03.15-01.38.36:202][ 95]LogSlate: Window 'BP_Ambulance' being destroyed
[2026.03.15-01.38.36:204][ 95]LogWorld: UWorld::CleanupWorld for World_5, bSessionEnded=true, bCleanupResources=true
[2026.03.15-01.38.36:204][ 95]LogSlate: InvalidateAllWidgets triggered.  All widgets were invalidated
[2026.03.15-01.38.36:240][ 95]LogActorComponent: UnregisterComponent: (/Engine/Transient.EditorFloorComp) Not registered. Aborting.
[2026.03.15-01.38.36:240][ 95]LogWorld: UWorld::CleanupWorld for World_8, bSessionEnded=true, bCleanupResources=true
[2026.03.15-01.38.36:240][ 95]LogSlate: InvalidateAllWidgets triggered.  All widgets were invalidated
[2026.03.15-01.38.36:741][149]LogUObjectHash: Compacting FUObjectHashTables data took   1.45ms
[2026.03.15-01.38.36:773][149]LogSlate: Window 'RoadHopper - Unreal Editor' being destroyed
[2026.03.15-01.38.36:774][149]LogWindowsTextInputMethodSystem: Display: IME system deactivated.
[2026.03.15-01.38.36:865][150]Cmd: QUIT_EDITOR
[2026.03.15-01.38.36:865][150]LogCore: Engine exit requested (reason: UUnrealEdEngine::CloseEditor())
[2026.03.15-01.38.36:866][150]LogCore: Engine exit requested (reason: EngineExit() was called; note: exit was already requested)
[2026.03.15-01.38.36:867][150]LogAudio: Display: Beginning Audio Device Manager Shutdown (Module: AudioMixerXAudio2)...
[2026.03.15-01.38.36:867][150]LogAudio: Display: Destroying 1 Remaining Audio Device(s)...
[2026.03.15-01.38.36:867][150]LogAudio: Display: Audio Device unregistered from world 'MainLevel'.
[2026.03.15-01.38.36:868][150]LogAudioMixer: FMixerPlatformXAudio2::StopAudioStream() called
[2026.03.15-01.38.36:868][150]LogAudioMixer: FMixerPlatformXAudio2::StopAudioStream() called
[2026.03.15-01.38.36:871][150]LogAudio: Display: Audio Device Manager Shutdown
[2026.03.15-01.38.36:876][150]LogExit: Preparing to exit.
[2026.03.15-01.38.37:849][150]LogUObjectHash: Compacting FUObjectHashTables data took   1.21ms
[2026.03.15-01.38.37:963][150]LogWorld: UWorld::CleanupWorld for World_0, bSessionEnded=true, bCleanupResources=true
[2026.03.15-01.38.37:965][150]LogWorld: UWorld::CleanupWorld for World_1, bSessionEnded=true, bCleanupResources=true
[2026.03.15-01.38.37:966][150]LogWorld: UWorld::CleanupWorld for World_2, bSessionEnded=true, bCleanupResources=true
[2026.03.15-01.38.37:967][150]LogWorld: UWorld::CleanupWorld for World_3, bSessionEnded=true, bCleanupResources=true
[2026.03.15-01.38.37:968][150]LogWorld: UWorld::CleanupWorld for World_4, bSessionEnded=true, bCleanupResources=true
[2026.03.15-01.38.37:969][150]LogWorld: UWorld::CleanupWorld for World_6, bSessionEnded=true, bCleanupResources=true
[2026.03.15-01.38.37:970][150]LogWorld: UWorld::CleanupWorld for World_7, bSessionEnded=true, bCleanupResources=true
[2026.03.15-01.38.38:031][150]LogDemo: Cleaned up 0 splitscreen connections with owner deletion
[2026.03.15-01.38.38:036][150]LogWorld: UWorld::CleanupWorld for None, bSessionEnded=true, bCleanupResources=true
[2026.03.15-01.38.38:037][150]LogExit: Editor shut down
[2026.03.15-01.38.38:037][150]LogExit: Transaction tracking system shut down
[2026.03.15-01.38.38:301][150]LogExit: Object subsystem successfully closed.
[2026.03.15-01.38.38:318][150]LogShaderCompilers: Display: === FShaderJobCache stats ===
[2026.03.15-01.38.38:318][150]LogShaderCompilers: Display: Total job queries 0, among them cache hits 0 (0.00%)
[2026.03.15-01.38.38:318][150]LogShaderCompilers: Display: Tracking 0 distinct input hashes that result in 0 distinct outputs (0.00%)
[2026.03.15-01.38.38:318][150]LogShaderCompilers: Display: RAM used: 0.00 MB (0.00 GB) of 1638.40 MB (1.60 GB) budget. Usage: 0.00%
[2026.03.15-01.38.38:318][150]LogShaderCompilers: Display: ================================================
[2026.03.15-01.38.38:329][150]LogShaderCompilers: Display: Shaders left to compile 0
[2026.03.15-01.38.38:336][150]LogModuleManager: Shutting down and abandoning module BlueprintGraph (872)
[2026.03.15-01.38.38:336][150]LogModuleManager: Shutting down and abandoning module HierarchicalLODOutliner (870)
[2026.03.15-01.38.38:336][150]LogModuleManager: Shutting down and abandoning module SceneOutliner (868)
[2026.03.15-01.38.38:336][150]LogModuleManager: Shutting down and abandoning module AddContentDialog (866)
[2026.03.15-01.38.38:337][150]LogModuleManager: Shutting down and abandoning module WidgetCarousel (865)
[2026.03.15-01.38.38:337][150]LogModuleManager: Shutting down and abandoning module EditorWidgets (862)
[2026.03.15-01.38.38:337][150]LogModuleManager: Shutting down and abandoning module StatsViewer (860)
[2026.03.15-01.38.38:337][150]LogModuleManager: Shutting down and abandoning module PIEPreviewDeviceProfileSelector (858)
[2026.03.15-01.38.38:337][150]LogModuleManager: Shutting down and abandoning module SequenceRecorderSections (856)
[2026.03.15-01.38.38:337][150]LogModuleManager: Shutting down and abandoning module AutomationWorker (854)
[2026.03.15-01.38.38:337][150]LogModuleManager: Shutting down and abandoning module SteamVREditor (852)
[2026.03.15-01.38.38:337][150]LogModuleManager: Shutting down and abandoning module OculusMR (850)
[2026.03.15-01.38.38:337][150]LogModuleManager: Shutting down and abandoning module TakeRecorderSources (848)
[2026.03.15-01.38.38:337][150]LogModuleManager: Shutting down and abandoning module TakeRecorder (847)
[2026.03.15-01.38.38:337][150]LogModuleManager: Shutting down and abandoning module TakeTrackRecorders (844)
[2026.03.15-01.38.38:337][150]LogModuleManager: Shutting down and abandoning module TakesCore (842)
[2026.03.15-01.38.38:337][150]LogModuleManager: Shutting down and abandoning module OpenXRInput (840)
[2026.03.15-01.38.38:337][150]LogModuleManager: Shutting down and abandoning module GooglePADEditor (838)
[2026.03.15-01.38.38:337][150]LogModuleManager: Shutting down and abandoning module AudioCaptureEditor (836)
[2026.03.15-01.38.38:337][150]LogModuleManager: Shutting down and abandoning module TemplateSequenceEditor (834)
[2026.03.15-01.38.38:337][150]LogModuleManager: Shutting down and abandoning module MatineeToLevelSequence (832)
[2026.03.15-01.38.38:337][150]LogModuleManager: Shutting down and abandoning module WebMMediaFactory (830)
[2026.03.15-01.38.38:337][150]LogModuleManager: Shutting down and abandoning module WebMMediaEditor (828)
[2026.03.15-01.38.38:337][150]LogModuleManager: Shutting down and abandoning module WebMMedia (826)
[2026.03.15-01.38.38:337][150]LogModuleManager: Shutting down and abandoning module WmfMediaFactory (824)
[2026.03.15-01.38.38:337][150]LogModuleManager: Shutting down and abandoning module WmfMediaEditor (822)
[2026.03.15-01.38.38:337][150]LogModuleManager: Shutting down and abandoning module MediaPlayerEditor (820)
[2026.03.15-01.38.38:337][150]LogModuleManager: Shutting down and abandoning module LevelSequenceEditor (818)
[2026.03.15-01.38.38:337][150]LogModuleManager: Shutting down and abandoning module ActorSequenceEditor (816)
[2026.03.15-01.38.38:337][150]LogModuleManager: Shutting down and abandoning module MediaCompositingEditor (814)
[2026.03.15-01.38.38:337][150]LogModuleManager: Shutting down and abandoning module SequenceRecorder (813)
[2026.03.15-01.38.38:337][150]LogModuleManager: Shutting down and abandoning module OpenExrWrapper (810)
[2026.03.15-01.38.38:337][150]LogModuleManager: Shutting down and abandoning module ImgMediaFactory (808)
[2026.03.15-01.38.38:337][150]LogModuleManager: Shutting down and abandoning module ImgMediaEditor (806)
[2026.03.15-01.38.38:337][150]LogModuleManager: Shutting down and abandoning module AvfMediaFactory (804)
[2026.03.15-01.38.38:337][150]LogModuleManager: Shutting down and abandoning module AvfMediaEditor (802)
[2026.03.15-01.38.38:337][150]LogModuleManager: Shutting down and abandoning module AndroidMediaFactory (800)
[2026.03.15-01.38.38:337][150]LogModuleManager: Shutting down and abandoning module AndroidMediaEditor (798)
[2026.03.15-01.38.38:337][150]LogModuleManager: Shutting down and abandoning module MagicLeapMediaCodecFactory (796)
[2026.03.15-01.38.38:337][150]LogModuleManager: Shutting down and abandoning module MagicLeapMediaFactory (794)
[2026.03.15-01.38.38:337][150]LogModuleManager: Shutting down and abandoning module MagicLeapMediaEditor (792)
[2026.03.15-01.38.38:337][150]LogModuleManager: Shutting down and abandoning module PlanarCut (790)
[2026.03.15-01.38.38:337][150]LogModuleManager: Shutting down and abandoning module CharacterAI (788)
[2026.03.15-01.38.38:337][150]LogModuleManager: Shutting down and abandoning module TextureAlignMode (786)
[2026.03.15-01.38.38:337][150]LogModuleManager: Shutting down and abandoning module BspMode (784)
[2026.03.15-01.38.38:337][150]LogModuleManager: Shutting down and abandoning module GeometryMode (782)
[2026.03.15-01.38.38:337][150]LogModuleManager: Shutting down and abandoning module CameraShakePreviewer (780)
[2026.03.15-01.38.38:337][150]LogModuleManager: Shutting down and abandoning module SmartSnapping (778)
[2026.03.15-01.38.38:337][150]LogModuleManager: Shutting down and abandoning module SessionServices (776)
[2026.03.15-01.38.38:338][150]LogModuleManager: Shutting down and abandoning module MeshPaint (774)
[2026.03.15-01.38.38:338][150]LogModuleManager: Shutting down and abandoning module VirtualTexturingEditor (772)
[2026.03.15-01.38.38:338][150]LogModuleManager: Shutting down and abandoning module FoliageEdit (770)
[2026.03.15-01.38.38:338][150]LogModuleManager: Shutting down and abandoning module LandscapeEditor (768)
[2026.03.15-01.38.38:338][150]LogModuleManager: Shutting down and abandoning module MeshPaintMode (766)
[2026.03.15-01.38.38:338][150]LogModuleManager: Shutting down and abandoning module SceneDepthPickerMode (764)
[2026.03.15-01.38.38:338][150]LogModuleManager: Shutting down and abandoning module ActorPickerMode (762)
[2026.03.15-01.38.38:338][150]LogModuleManager: Shutting down and abandoning module PlacementMode (760)
[2026.03.15-01.38.38:338][150]LogModuleManager: Shutting down and abandoning module ViewportSnapping (758)
[2026.03.15-01.38.38:338][150]LogModuleManager: Shutting down and abandoning module ViewportInteraction (756)
[2026.03.15-01.38.38:338][150]LogModuleManager: Shutting down and abandoning module ClothPainter (754)
[2026.03.15-01.38.38:338][150]LogModuleManager: Shutting down and abandoning module SkeletalMeshEditor (753)
[2026.03.15-01.38.38:338][150]LogModuleManager: Shutting down and abandoning module LogVisualizer (750)
[2026.03.15-01.38.38:338][150]LogModuleManager: Shutting down and abandoning module IntroTutorials (748)
[2026.03.15-01.38.38:338][150]LogModuleManager: Shutting down and abandoning module GameProjectGeneration (747)
[2026.03.15-01.38.38:338][150]LogModuleManager: Shutting down and abandoning module LuminPlatformEditor (744)
[2026.03.15-01.38.38:338][150]LogModuleManager: Shutting down and abandoning module IOSPlatformEditor (742)
[2026.03.15-01.38.38:338][150]LogModuleManager: Shutting down and abandoning module AndroidPlatformEditor (740)
[2026.03.15-01.38.38:338][150]LogModuleManager: Shutting down and abandoning module AndroidDeviceDetection (739)
[2026.03.15-01.38.38:809][150]LogModuleManager: Shutting down and abandoning module WindowsPlatformEditor (736)
[2026.03.15-01.38.38:809][150]LogModuleManager: Shutting down and abandoning module LuminRuntimeSettings (734)
[2026.03.15-01.38.38:809][150]LogModuleManager: Shutting down and abandoning module IOSRuntimeSettings (732)
[2026.03.15-01.38.38:809][150]LogModuleManager: Shutting down and abandoning module AndroidRuntimeSettings (730)
[2026.03.15-01.38.38:809][150]LogModuleManager: Shutting down and abandoning module TraceInsights (728)
[2026.03.15-01.38.38:809][150]MemoryProfiler: Shutdown
[2026.03.15-01.38.38:809][150]NetworkingProfiler: Shutdown
[2026.03.15-01.38.38:809][150]LoadingProfiler: Shutdown
[2026.03.15-01.38.38:809][150]TimingProfiler: Shutdown
[2026.03.15-01.38.38:809][150]LogModuleManager: Shutting down and abandoning module TraceServices (727)
[2026.03.15-01.38.38:809][150]LogModuleManager: Shutting down and abandoning module EditorInteractiveToolsFramework (724)
[2026.03.15-01.38.38:809][150]LogModuleManager: Shutting down and abandoning module TimeManagementEditor (722)
[2026.03.15-01.38.38:809][150]LogModuleManager: Shutting down and abandoning module InputBindingEditor (720)
[2026.03.15-01.38.38:809][150]LogModuleManager: Shutting down and abandoning module MergeActors (718)
[2026.03.15-01.38.38:809][150]LogModuleManager: Shutting down and abandoning module LocalizationDashboard (716)
[2026.03.15-01.38.38:809][150]LogModuleManager: Shutting down and abandoning module LocalizationService (715)
[2026.03.15-01.38.38:809][150]LogModuleManager: Shutting down and abandoning module HardwareTargeting (712)
[2026.03.15-01.38.38:809][150]LogModuleManager: Shutting down and abandoning module DeviceProfileEditor (710)
[2026.03.15-01.38.38:809][150]LogModuleManager: Shutting down and abandoning module UndoHistory (708)
[2026.03.15-01.38.38:809][150]LogModuleManager: Shutting down and abandoning module XmlParser (706)
[2026.03.15-01.38.38:809][150]LogModuleManager: Shutting down and abandoning module Blutility (704)
[2026.03.15-01.38.38:809][150]LogModuleManager: Shutting down and abandoning module ProjectSettingsViewer (702)
[2026.03.15-01.38.38:809][150]LogModuleManager: Shutting down and abandoning module ProjectTargetPlatformEditor (701)
[2026.03.15-01.38.38:810][150]LogModuleManager: Shutting down and abandoning module EditorSettingsViewer (698)
[2026.03.15-01.38.38:810][150]LogModuleManager: Shutting down and abandoning module InternationalizationSettings (697)
[2026.03.15-01.38.38:810][150]LogModuleManager: Shutting down and abandoning module SettingsEditor (694)
[2026.03.15-01.38.38:810][150]LogModuleManager: Shutting down and abandoning module ProjectLauncher (692)
[2026.03.15-01.38.38:810][150]LogModuleManager: Shutting down and abandoning module SessionFrontend (690)
[2026.03.15-01.38.38:810][150]LogModuleManager: Shutting down and abandoning module ProfilerClient (688)
[2026.03.15-01.38.38:810][150]LogModuleManager: Shutting down and abandoning module DeviceManager (686)
[2026.03.15-01.38.38:810][150]LogModuleManager: Shutting down and abandoning module TargetDeviceServices (685)
[2026.03.15-01.38.38:842][150]LogModuleManager: Shutting down and abandoning module AutomationController (682)
[2026.03.15-01.38.38:842][150]LogModuleManager: Shutting down and abandoning module AutomationWindow (680)
[2026.03.15-01.38.38:842][150]LogModuleManager: Shutting down and abandoning module Layers (678)
[2026.03.15-01.38.38:842][150]LogModuleManager: Shutting down and abandoning module ComponentVisualizers (676)
[2026.03.15-01.38.38:842][150]LogModuleManager: Shutting down and abandoning module DetailCustomizations (674)
[2026.03.15-01.38.38:842][150]LogModuleManager: Shutting down and abandoning module PackagesDialog (672)
[2026.03.15-01.38.38:842][150]LogModuleManager: Shutting down and abandoning module AnimationBlueprintEditor (670)
[2026.03.15-01.38.38:842][150]LogModuleManager: Shutting down and abandoning module Persona (668)
[2026.03.15-01.38.38:842][150]LogModuleManager: Shutting down and abandoning module AdvancedPreviewScene (667)
[2026.03.15-01.38.38:842][150]LogModuleManager: Shutting down and abandoning module AnimGraph (665)
[2026.03.15-01.38.38:842][150]LogModuleManager: Shutting down and abandoning module Kismet (662)
[2026.03.15-01.38.38:854][150]LogModuleManager: Shutting down and abandoning module KismetWidgets (661)
[2026.03.15-01.38.38:854][150]LogModuleManager: Shutting down and abandoning module GraphEditor (658)
[2026.03.15-01.38.38:854][150]LogModuleManager: Shutting down and abandoning module StructViewer (656)
[2026.03.15-01.38.38:854][150]LogModuleManager: Shutting down and abandoning module ClassViewer (654)
[2026.03.15-01.38.38:856][150]LogModuleManager: Shutting down and abandoning module Toolbox (652)
[2026.03.15-01.38.38:856][150]LogModuleManager: Shutting down and abandoning module ModuleUI (650)
[2026.03.15-01.38.38:856][150]LogModuleManager: Shutting down and abandoning module OutputLog (648)
[2026.03.15-01.38.38:856][150]LogModuleManager: Shutting down and abandoning module GammaUI (646)
[2026.03.15-01.38.38:856][150]LogModuleManager: Shutting down and abandoning module Documentation (644)
[2026.03.15-01.38.38:856][150]LogModuleManager: Shutting down and abandoning module LiveCoding (642)
[2026.03.15-01.38.38:857][150]LogModuleManager: Shutting down and abandoning module LevelSequence (640)
[2026.03.15-01.38.38:857][150]LogModuleManager: Shutting down and abandoning module MovieSceneTracks (638)
[2026.03.15-01.38.38:857][150]LogModuleManager: Shutting down and abandoning module MovieScene (636)
[2026.03.15-01.38.38:857][150]LogModuleManager: Shutting down and abandoning module StreamingPauseRendering (634)
[2026.03.15-01.38.38:857][150]LogModuleManager: Shutting down and abandoning module LauncherPlatform (632)
[2026.03.15-01.38.38:857][150]LogModuleManager: Shutting down and abandoning module AnalyticsET (630)
[2026.03.15-01.38.38:857][150]LogModuleManager: Shutting down and abandoning module PortalServices (628)
[2026.03.15-01.38.38:857][150]LogModuleManager: Shutting down and abandoning module PortalRpc (626)
[2026.03.15-01.38.38:857][150]LogModuleManager: Shutting down and abandoning module MessagingRpc (624)
[2026.03.15-01.38.38:857][150]LogModuleManager: Shutting down and abandoning module AudioMixerXAudio2 (622)
[2026.03.15-01.38.38:857][150]LogModuleManager: Shutting down and abandoning module AudioMixerCore (621)
[2026.03.15-01.38.38:857][150]LogModuleManager: Shutting down and abandoning module AIModule (618)
[2026.03.15-01.38.38:858][150]LogModuleManager: Shutting down and abandoning module GameplayDebugger (617)
[2026.03.15-01.38.38:858][150]LogModuleManager: Shutting down and abandoning module AITestSuite (615)
[2026.03.15-01.38.38:858][150]LogModuleManager: Shutting down and abandoning module NavigationSystem (613)
[2026.03.15-01.38.38:858][150]LogModuleManager: Shutting down and abandoning module ImageWriteQueue (610)
[2026.03.15-01.38.38:863][150]LogModuleManager: Shutting down and abandoning module ProfilerService (608)
[2026.03.15-01.38.39:082][150]LogModuleManager: Shutting down and abandoning module TaskGraph (606)
[2026.03.15-01.38.39:082][150]LogModuleManager: Shutting down and abandoning module AudioSynesthesiaEditor (604)
[2026.03.15-01.38.39:082][150]LogModuleManager: Shutting down and abandoning module OculusEditor (602)
[2026.03.15-01.38.39:084][150]LogModuleManager: Shutting down and abandoning module OculusInput (600)
[2026.03.15-01.38.39:084][150]LogModuleManager: Shutting down and abandoning module ContentBrowserAssetDataSource (598)
[2026.03.15-01.38.39:084][150]LogModuleManager: Shutting down and abandoning module ContentBrowserFileDataSource (596)
[2026.03.15-01.38.39:084][150]LogModuleManager: Shutting down and abandoning module ContentBrowserClassDataSource (594)
[2026.03.15-01.38.39:084][150]LogModuleManager: Shutting down and abandoning module CollectionManager (593)
[2026.03.15-01.38.39:086][150]LogModuleManager: Shutting down and abandoning module ScreenshotTools (590)
[2026.03.15-01.38.39:087][150]LogModuleManager: Shutting down and abandoning module SynthesisEditor (588)
[2026.03.15-01.38.39:087][150]LogModuleManager: Shutting down and abandoning module Synthesis (586)
[2026.03.15-01.38.39:087][150]LogModuleManager: Shutting down and abandoning module TakeSequencer (584)
[2026.03.15-01.38.39:087][150]LogModuleManager: Shutting down and abandoning module TakeMovieScene (582)
[2026.03.15-01.38.39:087][150]LogModuleManager: Shutting down and abandoning module ProceduralMeshComponentEditor (580)
[2026.03.15-01.38.39:087][150]LogModuleManager: Shutting down and abandoning module ProceduralMeshComponent (578)
[2026.03.15-01.38.39:087][150]LogModuleManager: Shutting down and abandoning module OpenXREditor (576)
[2026.03.15-01.38.39:087][150]LogModuleManager: Shutting down and abandoning module MobilePatchingUtils (574)
[2026.03.15-01.38.39:087][150]LogModuleManager: Shutting down and abandoning module GooglePAD (572)
[2026.03.15-01.38.39:087][150]LogModuleManager: Shutting down and abandoning module EditableMesh (570)
[2026.03.15-01.38.39:087][150]LogModuleManager: Shutting down and abandoning module CustomMeshComponent (568)
[2026.03.15-01.38.39:087][150]LogModuleManager: Shutting down and abandoning module CableComponent (566)
[2026.03.15-01.38.39:087][150]LogModuleManager: Shutting down and abandoning module AudioCapture (564)
[2026.03.15-01.38.39:087][150]LogModuleManager: Shutting down and abandoning module AudioCaptureRtAudio (563)
[2026.03.15-01.38.39:087][150]LogModuleManager: Shutting down and abandoning module AssetTags (560)
[2026.03.15-01.38.39:087][150]LogModuleManager: Shutting down and abandoning module ArchVisCharacter (558)
[2026.03.15-01.38.39:087][150]LogModuleManager: Shutting down and abandoning module AppleImageUtilsBlueprintSupport (556)
[2026.03.15-01.38.39:087][150]LogModuleManager: Shutting down and abandoning module AppleImageUtils (554)
[2026.03.15-01.38.39:087][150]LogModuleManager: Shutting down and abandoning module AndroidPermission (552)
[2026.03.15-01.38.39:088][150]LogModuleManager: Shutting down and abandoning module TemplateSequence (550)
[2026.03.15-01.38.39:088][150]LogModuleManager: Shutting down and abandoning module ActorLayerUtilitiesEditor (548)
[2026.03.15-01.38.39:088][150]LogModuleManager: Shutting down and abandoning module ActorLayerUtilities (546)
[2026.03.15-01.38.39:088][150]LogModuleManager: Shutting down and abandoning module MediaCompositing (544)
[2026.03.15-01.38.39:088][150]LogModuleManager: Shutting down and abandoning module ImgMedia (542)
[2026.03.15-01.38.39:088][150]LogModuleManager: Shutting down and abandoning module MagicLeapSharedWorld (540)
[2026.03.15-01.38.39:088][150]LogModuleManager: Shutting down and abandoning module MagicLeapLightEstimation (538)
[2026.03.15-01.38.39:088][150]LogModuleManager: Shutting down and abandoning module MagicLeapHelperVulkan (536)
[2026.03.15-01.38.39:088][150]LogModuleManager: Shutting down and abandoning module MagicLeapHelperOpenGL (534)
[2026.03.15-01.38.39:088][150]LogModuleManager: Shutting down and abandoning module MagicLeapAudio (532)
[2026.03.15-01.38.39:088][150]LogModuleManager: Shutting down and abandoning module VariantManagerContentEditor (530)
[2026.03.15-01.38.39:088][150]LogModuleManager: Shutting down and abandoning module OpenImageDenoise (528)
[2026.03.15-01.38.39:088][150]LogOpenImageDenoise: OIDN shutting down
[2026.03.15-01.38.39:088][150]LogModuleManager: Shutting down and abandoning module MotoSynthEditor (526)
[2026.03.15-01.38.39:088][150]LogModuleManager: Shutting down and abandoning module MotoSynth (524)
[2026.03.15-01.38.39:088][150]LogModuleManager: Shutting down and abandoning module OodleNetworkHandlerComponent (522)
[2026.03.15-01.38.39:089][150]LogModuleManager: Shutting down and abandoning module DatasmithContentEditor (520)
[2026.03.15-01.38.39:089][150]LogModuleManager: Shutting down and abandoning module MeshConversion (518)
[2026.03.15-01.38.39:089][150]LogModuleManager: Shutting down and abandoning module DynamicMesh (516)
[2026.03.15-01.38.39:089][150]LogModuleManager: Shutting down and abandoning module GeometryAlgorithms (514)
[2026.03.15-01.38.39:089][150]LogModuleManager: Shutting down and abandoning module GeometricObjects (512)
[2026.03.15-01.38.39:089][150]LogModuleManager: Shutting down and abandoning module GeometryCollectionTracks (510)
[2026.03.15-01.38.39:089][150]LogModuleManager: Shutting down and abandoning module GeometryCollectionSequencer (509)
[2026.03.15-01.38.39:090][150]LogModuleManager: Shutting down and abandoning module GeometryCollectionEditor (506)
[2026.03.15-01.38.39:090][150]LogModuleManager: Shutting down and abandoning module GeometryCacheTracks (504)
[2026.03.15-01.38.39:090][150]LogModuleManager: Shutting down and abandoning module GeometryCacheStreamer (502)
[2026.03.15-01.38.39:090][150]LogModuleManager: Shutting down and abandoning module GeometryCacheSequencer (500)
[2026.03.15-01.38.39:090][150]LogModuleManager: Shutting down and abandoning module ChaosSolverEditor (498)
[2026.03.15-01.38.39:090][150]LogModuleManager: Shutting down and abandoning module ChaosNiagara (496)
[2026.03.15-01.38.39:090][150]LogModuleManager: Shutting down and abandoning module ChaosClothEditor (494)
[2026.03.15-01.38.39:090][150]LogModuleManager: Shutting down and abandoning module VisualStudioSourceCodeAccess (492)
[2026.03.15-01.38.39:090][150]LogModuleManager: Shutting down and abandoning module FractureEditor (490)
[2026.03.15-01.38.39:091][150]LogModuleManager: Shutting down and abandoning module FieldSystemEngine (489)
[2026.03.15-01.38.39:091][150]LogModuleManager: Shutting down and abandoning module PluginBrowser (486)
[2026.03.15-01.38.39:091][150]LogModuleManager: Shutting down and abandoning module SpeedTreeImporter (484)
[2026.03.15-01.38.39:091][150]LogModuleManager: Shutting down and abandoning module MobileLauncherProfileWizard (482)
[2026.03.15-01.38.39:091][150]LogModuleManager: Shutting down and abandoning module MaterialAnalyzer (480)
[2026.03.15-01.38.39:091][150]LogModuleManager: Shutting down and abandoning module VisualStudioCodeSourceCodeAccess (478)
[2026.03.15-01.38.39:091][150]LogModuleManager: Shutting down and abandoning module BackChannel (476)
[2026.03.15-01.38.39:091][150]LogModuleManager: Shutting down and abandoning module UObjectPlugin (474)
[2026.03.15-01.38.39:091][150]LogModuleManager: Shutting down and abandoning module AutomationUtilsEditor (472)
[2026.03.15-01.38.39:091][150]LogModuleManager: Shutting down and abandoning module AutomationUtils (470)
[2026.03.15-01.38.39:091][150]LogModuleManager: Shutting down and abandoning module SubversionSourceControl (468)
[2026.03.15-01.38.39:091][150]LogModuleManager: Shutting down and abandoning module RiderSourceCodeAccess (466)
[2026.03.15-01.38.39:091][150]LogModuleManager: Shutting down and abandoning module PerforceSourceControl (464)
[2026.03.15-01.38.39:092][150]LogModuleManager: Shutting down and abandoning module PluginUtils (462)
[2026.03.15-01.38.39:092][150]LogModuleManager: Shutting down and abandoning module PlasticSourceControl (460)
[2026.03.15-01.38.39:092][150]LogModuleManager: Shutting down and abandoning module CurveEditorTools (458)
[2026.03.15-01.38.39:092][150]LogModuleManager: Shutting down and abandoning module CryptoKeysOpenSSL (456)
[2026.03.15-01.38.39:092][150]LogModuleManager: Shutting down and abandoning module CryptoKeys (454)
[2026.03.15-01.38.39:092][150]LogModuleManager: Shutting down and abandoning module GitSourceControl (452)
[2026.03.15-01.38.39:092][150]LogModuleManager: Shutting down and abandoning module SourceControl (451)
[2026.03.15-01.38.39:092][150]LogModuleManager: Shutting down and abandoning module AlembicImporter (448)
[2026.03.15-01.38.39:092][150]LogModuleManager: Shutting down and abandoning module AlembicLibrary (447)
[2026.03.15-01.38.39:092][150]LogModuleManager: Shutting down and abandoning module GeometryCache (446)
[2026.03.15-01.38.39:092][150]LogModuleManager: Shutting down and abandoning module GeometryCacheEd (445)
[2026.03.15-01.38.39:093][150]LogModuleManager: Shutting down and abandoning module CLionSourceCodeAccess (440)
[2026.03.15-01.38.39:093][150]LogModuleManager: Shutting down and abandoning module AnimationSharingEd (438)
[2026.03.15-01.38.39:093][150]LogModuleManager: Shutting down and abandoning module NiagaraEditorWidgets (436)
[2026.03.15-01.38.39:093][150]LogModuleManager: Shutting down and abandoning module LiveLinkSequencer (434)
[2026.03.15-01.38.39:093][150]LogModuleManager: Shutting down and abandoning module LiveLinkMovieScene (432)
[2026.03.15-01.38.39:093][150]LogModuleManager: Shutting down and abandoning module LiveLinkGraphNode (430)
[2026.03.15-01.38.39:093][150]LogModuleManager: Shutting down and abandoning module LiveLinkEditor (428)
[2026.03.15-01.38.39:093][150]LogModuleManager: Shutting down and abandoning module LiveLinkComponents (426)
[2026.03.15-01.38.39:093][150]LogModuleManager: Shutting down and abandoning module LiveLink (424)
[2026.03.15-01.38.39:906][150]LogModuleManager: Shutting down and abandoning module LightPropagationVolumeEditor (422)
[2026.03.15-01.38.39:906][150]LogModuleManager: Shutting down and abandoning module PaperTiledImporter (420)
[2026.03.15-01.38.39:906][150]LogModuleManager: Shutting down and abandoning module PaperSpriteSheetImporter (418)
[2026.03.15-01.38.39:906][150]LogModuleManager: Shutting down and abandoning module Paper2DEditor (416)
[2026.03.15-01.38.39:907][150]LogModuleManager: Shutting down and abandoning module MeshPaintingToolset (414)
[2026.03.15-01.38.39:907][150]LogModuleManager: Shutting down and abandoning module MeshPaintEditorMode (412)
[2026.03.15-01.38.39:907][150]LogModuleManager: Shutting down and abandoning module SoundFields (410)
[2026.03.15-01.38.39:907][150]LogModuleManager: Shutting down and abandoning module SignificanceManager (408)
[2026.03.15-01.38.39:907][150]LogModuleManager: Shutting down and abandoning module RuntimePhysXCooking (406)
[2026.03.15-01.38.39:907][150]LogModuleManager: Shutting down and abandoning module PropertyAccessEditor (404)
[2026.03.15-01.38.39:907][150]LogModuleManager: Shutting down and abandoning module PhysXVehiclesEditor (402)
[2026.03.15-01.38.39:907][150]LogModuleManager: Shutting down and abandoning module LocationServicesBPLibrary (398)
[2026.03.15-01.38.39:907][150]LogModuleManager: Shutting down and abandoning module AudioSynesthesia (396)
[2026.03.15-01.38.39:907][150]LogModuleManager: Shutting down and abandoning module AudioSynesthesiaCore (394)
[2026.03.15-01.38.39:907][150]LogModuleManager: Shutting down and abandoning module UdpMessaging (392)
[2026.03.15-01.38.40:007][150]LogModuleManager: Shutting down and abandoning module TcpMessaging (390)
[2026.03.15-01.38.40:108][150]LogModuleManager: Shutting down and abandoning module ActorSequence (388)
[2026.03.15-01.38.40:108][150]LogModuleManager: Shutting down and abandoning module ImgMediaEngine (386)
[2026.03.15-01.38.40:108][150]LogModuleManager: Shutting down and abandoning module MagicLeapARPin (384)
[2026.03.15-01.38.40:108][150]LogModuleManager: Shutting down and abandoning module MagicLeapHandMeshing (382)
[2026.03.15-01.38.40:108][150]LogModuleManager: Shutting down and abandoning module MagicLeapSecureStorage (380)
[2026.03.15-01.38.40:108][150]LogModuleManager: Shutting down and abandoning module MagicLeapPrivileges (378)
[2026.03.15-01.38.40:108][150]LogModuleManager: Shutting down and abandoning module MagicLeapPlanes (376)
[2026.03.15-01.38.40:108][150]LogMagicLeapPlanes: Planes tracker already destroyed.
[2026.03.15-01.38.40:108][150]LogModuleManager: Shutting down and abandoning module MagicLeapImageTracker (374)
[2026.03.15-01.38.40:108][150]LogModuleManager: Shutting down and abandoning module MagicLeapIdentity (372)
[2026.03.15-01.38.40:108][150]LogModuleManager: Shutting down and abandoning module MagicLeapHandTracking (370)
[2026.03.15-01.38.40:108][150]LogModuleManager: Shutting down and abandoning module MagicLeapEyeTracker (368)
[2026.03.15-01.38.40:108][150]LogModuleManager: Shutting down and abandoning module MagicLeapController (366)
[2026.03.15-01.38.40:109][150]LogModuleManager: Shutting down and abandoning module MagicLeapARPinImpl (364)
[2026.03.15-01.38.40:109][150]LogModuleManager: Shutting down and abandoning module MagicLeapAR (362)
[2026.03.15-01.38.40:109][150]LogModuleManager: Shutting down and abandoning module PythonScriptPlugin (360)
[2026.03.15-01.38.40:109][150]LogModuleManager: Shutting down and abandoning module GameplayTagsEditor (358)
[2026.03.15-01.38.40:109][150]LogModuleManager: Shutting down and abandoning module PropertyAccessNode (356)
[2026.03.15-01.38.40:109][150]LogModuleManager: Shutting down and abandoning module FacialAnimationEditor (354)
[2026.03.15-01.38.40:109][150]LogModuleManager: Shutting down and abandoning module FacialAnimation (352)
[2026.03.15-01.38.40:109][150]LogModuleManager: Shutting down and abandoning module DataValidation (350)
[2026.03.15-01.38.40:109][150]LogModuleManager: Shutting down and abandoning module AnimationSharing (348)
[2026.03.15-01.38.40:109][150]LogModuleManager: Shutting down and abandoning module NiagaraAnimNotifies (346)
[2026.03.15-01.38.40:109][150]LogModuleManager: Shutting down and abandoning module Niagara (344)
[2026.03.15-01.38.40:110][150]LogModuleManager: Shutting down and abandoning module SignalProcessing (343)
[2026.03.15-01.38.40:110][150]LogModuleManager: Shutting down and abandoning module NiagaraEditor (341)
[2026.03.15-01.38.40:110][150]LogModuleManager: Shutting down and abandoning module NiagaraCore (338)
[2026.03.15-01.38.40:110][150]LogModuleManager: Shutting down and abandoning module AssetManagerEditor (336)
[2026.03.15-01.38.40:110][150]LogModuleManager: Shutting down and abandoning module LevelEditor (335)
[2026.03.15-01.38.40:111][150]LogModuleManager: Shutting down and abandoning module PixelInspectorModule (334)
[2026.03.15-01.38.40:111][150]LogModuleManager: Shutting down and abandoning module CommonMenuExtensions (332)
[2026.03.15-01.38.40:111][150]LogModuleManager: Shutting down and abandoning module MainFrame (330)
[2026.03.15-01.38.40:111][150]LogModuleManager: Shutting down and abandoning module HotReload (329)
[2026.03.15-01.38.40:111][150]LogModuleManager: Shutting down and abandoning module ToolMenus (325)
[2026.03.15-01.38.40:111][150]LogModuleManager: Shutting down and abandoning module ContentBrowser (323)
[2026.03.15-01.38.40:111][150]LogModuleManager: Shutting down and abandoning module ContentBrowserData (322)
[2026.03.15-01.38.40:111][150]LogModuleManager: Shutting down and abandoning module TreeMap (319)
[2026.03.15-01.38.40:111][150]LogModuleManager: Shutting down and abandoning module EnvironmentQueryEditor (316)
[2026.03.15-01.38.40:111][150]LogModuleManager: Shutting down and abandoning module GameplayCameras (314)
[2026.03.15-01.38.40:111][150]LogModuleManager: Shutting down and abandoning module LightPropagationVolumeRuntime (312)
[2026.03.15-01.38.40:111][150]LogModuleManager: Shutting down and abandoning module Paper2D (310)
[2026.03.15-01.38.40:111][150]LogModuleManager: Shutting down and abandoning module WindowsMoviePlayer (308)
[2026.03.15-01.38.40:113][150]LogModuleManager: Shutting down and abandoning module WebMMoviePlayer (306)
[2026.03.15-01.38.40:113][150]LogModuleManager: Shutting down and abandoning module NetworkReplayStreaming (304)
[2026.03.15-01.38.40:113][150]LogModuleManager: Shutting down and abandoning module PacketHandler (302)
[2026.03.15-01.38.40:113][150]LogModuleManager: Shutting down and abandoning module ClothingSystemEditor (300)
[2026.03.15-01.38.40:113][150]LogModuleManager: Shutting down and abandoning module ClothingSystemRuntimeNv (298)
[2026.03.15-01.38.40:113][150]LogModuleManager: Shutting down and abandoning module MediaAssets (296)
[2026.03.15-01.38.40:113][150]LogModuleManager: Shutting down and abandoning module Overlay (294)
[2026.03.15-01.38.40:113][150]LogModuleManager: Shutting down and abandoning module OverlayEditor (293)
[2026.03.15-01.38.40:113][150]LogModuleManager: Shutting down and abandoning module VREditor (290)
[2026.03.15-01.38.40:114][150]LogModuleManager: Shutting down and abandoning module StringTableEditor (288)
[2026.03.15-01.38.40:114][150]LogModuleManager: Shutting down and abandoning module GameplayTasksEditor (286)
[2026.03.15-01.38.40:114][150]LogModuleManager: Shutting down and abandoning module BehaviorTreeEditor (284)
[2026.03.15-01.38.40:114][150]LogModuleManager: Shutting down and abandoning module FunctionalTesting (282)
[2026.03.15-01.38.40:114][150]LogModuleManager: Shutting down and abandoning module CollisionAnalyzer (280)
[2026.03.15-01.38.40:114][150]LogModuleManager: Shutting down and abandoning module WorkspaceMenuStructure (279)
[2026.03.15-01.38.40:114][150]LogModuleManager: Shutting down and abandoning module UMG (276)
[2026.03.15-01.38.40:114][150]LogModuleManager: Shutting down and abandoning module UMGEditor (275)
[2026.03.15-01.38.40:114][150]LogModuleManager: Shutting down and abandoning module MessageLog (273)
[2026.03.15-01.38.40:114][150]LogModuleManager: Shutting down and abandoning module SlateReflector (268)
[2026.03.15-01.38.40:115][150]LogModuleManager: Shutting down and abandoning module Slate (266)
[2026.03.15-01.38.40:115][150]LogModuleManager: Shutting down and abandoning module SlateCore (264)
[2026.03.15-01.38.40:118][150]LogModuleManager: Shutting down and abandoning module LandscapeEditorUtilities (262)
[2026.03.15-01.38.40:118][150]LogModuleManager: Shutting down and abandoning module UnrealEd (260)
[2026.03.15-01.38.40:118][150]LogModuleManager: Shutting down and abandoning module MRMesh (258)
[2026.03.15-01.38.40:118][150]LogModuleManager: Shutting down and abandoning module SourceCodeAccess (256)
[2026.03.15-01.38.40:118][150]LogModuleManager: Shutting down and abandoning module HeadMountedDisplay (254)
[2026.03.15-01.38.40:118][150]LogModuleManager: Shutting down and abandoning module XAudio2 (252)
[2026.03.15-01.38.40:118][150]LogModuleManager: Shutting down and abandoning module Networking (250)
[2026.03.15-01.38.40:118][150]LogModuleManager: Shutting down and abandoning module Core (248)
[2026.03.15-01.38.40:118][150]LogModuleManager: Shutting down and abandoning module MaterialEditor (246)
[2026.03.15-01.38.40:118][150]LogModuleManager: Shutting down and abandoning module MovieSceneTools (244)
[2026.03.15-01.38.40:118][150]LogModuleManager: Shutting down and abandoning module CurveEditor (243)
[2026.03.15-01.38.40:118][150]LogModuleManager: Shutting down and abandoning module Sequencer (241)
[2026.03.15-01.38.40:118][150]LogModuleManager: Shutting down and abandoning module EditorStyle (240)
[2026.03.15-01.38.40:119][150]LogModuleManager: Shutting down and abandoning module KismetCompiler (236)
[2026.03.15-01.38.40:119][150]LogModuleManager: Shutting down and abandoning module MeshBuilder (234)
[2026.03.15-01.38.40:119][150]LogModuleManager: Shutting down and abandoning module MeshUtilities (232)
[2026.03.15-01.38.40:119][150]LogModuleManager: Shutting down and abandoning module MeshMergeUtilities (231)
[2026.03.15-01.38.40:119][150]LogModuleManager: Shutting down and abandoning module MeshReductionInterface (230)
[2026.03.15-01.38.40:119][150]LogModuleManager: Shutting down and abandoning module MeshBoneReduction (229)
[2026.03.15-01.38.40:119][150]LogModuleManager: Shutting down and abandoning module SkeletalMeshReduction (227)
[2026.03.15-01.38.40:119][150]LogModuleManager: Shutting down and abandoning module ProxyLODMeshReduction (225)
[2026.03.15-01.38.40:119][150]LogModuleManager: Shutting down and abandoning module QuadricMeshReduction (223)
[2026.03.15-01.38.40:119][150]LogModuleManager: Shutting down and abandoning module MaterialBaking (219)
[2026.03.15-01.38.40:119][150]LogModuleManager: Shutting down and abandoning module NullInstallBundleManager (214)
[2026.03.15-01.38.40:119][150]LogModuleManager: Shutting down and abandoning module DerivedDataCache (212)
[2026.03.15-01.38.40:119][150]LogModuleManager: Shutting down and abandoning module TargetPlatform (210)
[2026.03.15-01.38.40:119][150]LogModuleManager: Shutting down and abandoning module VulkanShaderFormat (209)
[2026.03.15-01.38.40:119][150]LogModuleManager: Shutting down and abandoning module ShaderFormatVectorVM (207)
[2026.03.15-01.38.40:119][150]LogModuleManager: Shutting down and abandoning module ShaderFormatOpenGL (205)
[2026.03.15-01.38.40:119][150]LogModuleManager: Shutting down and abandoning module ShaderFormatD3D (203)
[2026.03.15-01.38.40:119][150]LogModuleManager: Shutting down and abandoning module MetalShaderFormat (201)
[2026.03.15-01.38.40:119][150]LogModuleManager: Shutting down and abandoning module TextureFormatOodle (199)
[2026.03.15-01.38.40:119][150]LogModuleManager: Shutting down and abandoning module TextureFormatUncompressed (197)
[2026.03.15-01.38.40:119][150]LogModuleManager: Shutting down and abandoning module TextureFormatPVR (195)
[2026.03.15-01.38.40:119][150]LogModuleManager: Shutting down and abandoning module TextureFormatETC2 (193)
[2026.03.15-01.38.40:119][150]LogModuleManager: Shutting down and abandoning module TextureFormatDXT (191)
[2026.03.15-01.38.40:119][150]LogModuleManager: Shutting down and abandoning module TextureFormatIntelISPCTexComp (189)
[2026.03.15-01.38.40:119][150]LogModuleManager: Shutting down and abandoning module TextureFormatASTC (187)
[2026.03.15-01.38.40:119][150]LogModuleManager: Shutting down and abandoning module ImageWrapper (186)
[2026.03.15-01.38.40:119][150]LogModuleManager: Shutting down and abandoning module AudioFormatOpus (183)
[2026.03.15-01.38.40:119][150]LogModuleManager: Shutting down and abandoning module AudioFormatOgg (181)
[2026.03.15-01.38.40:119][150]LogModuleManager: Shutting down and abandoning module AudioFormatADPCM (179)
[2026.03.15-01.38.40:119][150]LogModuleManager: Shutting down and abandoning module WindowsServerTargetPlatform (177)
[2026.03.15-01.38.40:119][150]LogModuleManager: Shutting down and abandoning module WindowsClientTargetPlatform (175)
[2026.03.15-01.38.40:119][150]LogModuleManager: Shutting down and abandoning module WindowsTargetPlatform (173)
[2026.03.15-01.38.40:119][150]LogModuleManager: Shutting down and abandoning module WindowsNoEditorTargetPlatform (171)
[2026.03.15-01.38.40:119][150]LogModuleManager: Shutting down and abandoning module TVOSTargetPlatform (169)
[2026.03.15-01.38.40:119][150]LogModuleManager: Shutting down and abandoning module MacServerTargetPlatform (167)
[2026.03.15-01.38.40:119][150]LogModuleManager: Shutting down and abandoning module MacClientTargetPlatform (165)
[2026.03.15-01.38.40:119][150]LogModuleManager: Shutting down and abandoning module MacTargetPlatform (163)
[2026.03.15-01.38.40:119][150]LogModuleManager: Shutting down and abandoning module MacNoEditorTargetPlatform (161)
[2026.03.15-01.38.40:119][150]LogModuleManager: Shutting down and abandoning module LuminTargetPlatform (159)
[2026.03.15-01.38.40:120][150]LogModuleManager: Shutting down and abandoning module LinuxAArch64ServerTargetPlatform (157)
[2026.03.15-01.38.40:120][150]LogModuleManager: Shutting down and abandoning module LinuxAArch64ClientTargetPlatform (155)
[2026.03.15-01.38.40:120][150]LogModuleManager: Shutting down and abandoning module LinuxAArch64NoEditorTargetPlatform (153)
[2026.03.15-01.38.40:120][150]LogModuleManager: Shutting down and abandoning module LinuxServerTargetPlatform (151)
[2026.03.15-01.38.40:120][150]LogModuleManager: Shutting down and abandoning module LinuxClientTargetPlatform (149)
[2026.03.15-01.38.40:120][150]LogModuleManager: Shutting down and abandoning module LinuxNoEditorTargetPlatform (147)
[2026.03.15-01.38.40:120][150]LogModuleManager: Shutting down and abandoning module LinuxTargetPlatform (145)
[2026.03.15-01.38.40:120][150]LogModuleManager: Shutting down and abandoning module Messaging (143)
[2026.03.15-01.38.40:120][150]LogModuleManager: Shutting down and abandoning module IOSTargetPlatform (141)
[2026.03.15-01.38.40:120][150]LogModuleManager: Shutting down and abandoning module AndroidTargetPlatform (139)
[2026.03.15-01.38.40:123][150]LogModuleManager: Shutting down and abandoning module AllDesktopTargetPlatform (137)
[2026.03.15-01.38.40:123][150]LogModuleManager: Shutting down and abandoning module D3D11RHI (134)
[2026.03.15-01.38.40:123][150]LogModuleManager: Shutting down and abandoning module InputCore (132)
[2026.03.15-01.38.40:123][150]LogModuleManager: Shutting down and abandoning module Settings (130)
[2026.03.15-01.38.40:123][150]LogModuleManager: Shutting down and abandoning module DirectoryWatcher (128)
[2026.03.15-01.38.40:123][150]LogModuleManager: Shutting down and abandoning module PhysXCooking (126)
[2026.03.15-01.38.40:123][150]LogModuleManager: Shutting down and abandoning module Chaos (124)
[2026.03.15-01.38.40:123][150]LogModuleManager: Shutting down and abandoning module WindowsPlatformFeatures (122)
[2026.03.15-01.38.40:123][150]LogModuleManager: Shutting down and abandoning module GameplayMediaEncoder (121)
[2026.03.15-01.38.40:123][150]LogModuleManager: Shutting down and abandoning module AVEncoder (120)
[2026.03.15-01.38.40:123][150]LogModuleManager: Shutting down and abandoning module SteamVRInputDevice (116)
[2026.03.15-01.38.40:123][150]LogModuleManager: Shutting down and abandoning module SteamVRInput (114)
[2026.03.15-01.38.40:123][150]LogModuleManager: Shutting down and abandoning module SteamVR (112)
[2026.03.15-01.38.40:123][150]LogHMD: Freeing OpenVRDLLHandle.
[2026.03.15-01.38.40:123][150]LogModuleManager: Shutting down and abandoning module OculusHMD (110)
[2026.03.15-01.38.40:124][150]LogModuleManager: Shutting down and abandoning module OnlineBlueprintSupport (108)
[2026.03.15-01.38.40:124][150]LogModuleManager: Shutting down and abandoning module OpenXRAR (104)
[2026.03.15-01.38.40:124][150]LogModuleManager: Shutting down and abandoning module AugmentedReality (103)
[2026.03.15-01.38.40:124][150]LogModuleManager: Shutting down and abandoning module OpenXREyeTracker (100)
[2026.03.15-01.38.40:124][150]LogModuleManager: Shutting down and abandoning module OpenXRHandTracking (98)
[2026.03.15-01.38.40:124][150]LogSlate: Slate User Destroyed.  User Index 0, Is Virtual User: 0
[2026.03.15-01.38.40:124][150]LogModuleManager: Shutting down and abandoning module OpenXRHMD (97)
[2026.03.15-01.38.40:124][150]LogModuleManager: Shutting down and abandoning module OnlineSubsystem (94)
[2026.03.15-01.38.40:125][150]LogModuleManager: Shutting down and abandoning module XMPP (89)
[2026.03.15-01.38.40:125][150]LogModuleManager: Shutting down and abandoning module WebSockets (88)
[2026.03.15-01.38.40:152][150]LogModuleManager: Shutting down and abandoning module HTTP (85)
[2026.03.15-01.38.40:152][150]LogHttp: Display: Http module shutting down, but needs to wait on 1 outstanding Http requests:
[2026.03.15-01.38.40:152][150]LogHttp: Display: 	verb=[POST] url=[https://datarouter.ol.epicgames.com/datarouter/api/v1/public/data?SessionID=%7B7FBC008D-4665-56DC-5CC2-3C92D7DCDB78%7D&AppID=UEEditor.Rocket.Release&AppVersion=4.27.2-18319896%2B%2B%2BUE4%2BRelease-4.27&UserID=504006f14ff8eea1c5ef6a844afcb810%7Ce54e35c6cf81428ab071018d8aa2cafb%7Ce89cadd4-c3bb-4e27-b5a1-93be281c4197&AppEnvironment=datacollector-binary&UploadType=eteventstream] refs=[1] status=Processing
[2026.03.15-01.38.40:152][150]LogHttp: Display: cleaning up 1 outstanding Http requests.
[2026.03.15-01.38.40:166][150]LogModuleManager: Shutting down and abandoning module SSL (84)
[2026.03.15-01.38.40:167][150]LogModuleManager: Shutting down and abandoning module ExampleDeviceProfileSelector (80)
[2026.03.15-01.38.40:167][150]LogModuleManager: Shutting down and abandoning module ChunkDownloader (78)
[2026.03.15-01.38.40:167][150]LogModuleManager: Shutting down and abandoning module LauncherChunkInstaller (76)
[2026.03.15-01.38.40:167][150]LogModuleManager: Shutting down and abandoning module WmfMedia (74)
[2026.03.15-01.38.40:170][150]LogModuleManager: Shutting down and abandoning module Media (73)
[2026.03.15-01.38.40:174][150]LogModuleManager: Shutting down and abandoning module MediaInfo (72)
[2026.03.15-01.38.40:174][150]LogModuleManager: Shutting down and abandoning module ExrReaderGpu (68)
[2026.03.15-01.38.40:174][150]LogModuleManager: Shutting down and abandoning module MLSDK (66)
[2026.03.15-01.38.40:174][150]LogModuleManager: Shutting down and abandoning module MagicLeap (64)
[2026.03.15-01.38.40:174][150]LogModuleManager: Shutting down and abandoning module VariantManagerContent (62)
[2026.03.15-01.38.40:174][150]LogModuleManager: Shutting down and abandoning module DatasmithContent (60)
[2026.03.15-01.38.40:176][150]LogModuleManager: Shutting down and abandoning module ChaosCloth (58)
[2026.03.15-01.38.40:176][150]LogModuleManager: Shutting down and abandoning module PixWinPlugin (56)
[2026.03.15-01.38.40:176][150]LogModuleManager: Shutting down and abandoning module NiagaraVertexFactories (54)
[2026.03.15-01.38.40:176][150]LogModuleManager: Shutting down and abandoning module NiagaraShader (52)
[2026.03.15-01.38.40:176][150]LogModuleManager: Shutting down and abandoning module AISupportModule (50)
[2026.03.15-01.38.40:176][150]LogModuleManager: Shutting down and abandoning module DesktopPlatform (48)
[2026.03.15-01.38.40:176][150]LogModuleManager: Shutting down and abandoning module PythonScriptPluginPreload (46)
[2026.03.15-01.38.40:176][150]LogModuleManager: Shutting down and abandoning module PlatformCryptoOpenSSL (44)
[2026.03.15-01.38.40:176][150]LogModuleManager: Shutting down and abandoning module PlatformCryptoTypes (42)
[2026.03.15-01.38.40:176][150]LogModuleManager: Shutting down and abandoning module PlatformCrypto (40)
[2026.03.15-01.38.40:176][150]LogModuleManager: Shutting down and abandoning module OodleDataCompressionFormat (38)
[2026.03.15-01.38.40:176][150]LogModuleManager: Shutting down and abandoning module XGEController (36)
[2026.03.15-01.38.40:176][150]LogXGEController: Cleaning working directory: C:/Users/titan/AppData/Local/Temp/UnrealXGEWorkingDir/
[2026.03.15-01.38.40:177][150]LogModuleManager: Shutting down and abandoning module AnimationModifiers (34)
[2026.03.15-01.38.40:177][150]LogModuleManager: Shutting down and abandoning module AudioEditor (32)
[2026.03.15-01.38.40:177][150]LogModuleManager: Shutting down and abandoning module PropertyEditor (31)
[2026.03.15-01.38.40:177][150]LogModuleManager: Shutting down and abandoning module TextureCompressor (28)
[2026.03.15-01.38.40:177][150]LogModuleManager: Shutting down and abandoning module RenderCore (26)
[2026.03.15-01.38.40:177][150]LogModuleManager: Shutting down and abandoning module Landscape (24)
[2026.03.15-01.38.40:177][150]LogModuleManager: Shutting down and abandoning module SlateRHIRenderer (22)
[2026.03.15-01.38.40:178][150]LogModuleManager: Shutting down and abandoning module AnimGraphRuntime (20)
[2026.03.15-01.38.40:178][150]LogModuleManager: Shutting down and abandoning module Renderer (18)
[2026.03.15-01.38.40:178][150]LogModuleManager: Shutting down and abandoning module Engine (16)
[2026.03.15-01.38.40:178][150]LogModuleManager: Shutting down and abandoning module CoreUObject (14)
[2026.03.15-01.38.40:178][150]LogModuleManager: Shutting down and abandoning module NetworkFile (12)
[2026.03.15-01.38.40:178][150]LogModuleManager: Shutting down and abandoning module CookedIterativeFile (10)
[2026.03.15-01.38.40:178][150]LogModuleManager: Shutting down and abandoning module StreamingFile (8)
[2026.03.15-01.38.40:178][150]LogModuleManager: Shutting down and abandoning module SandboxFile (6)
[2026.03.15-01.38.40:178][150]LogModuleManager: Shutting down and abandoning module PakFile (4)
[2026.03.15-01.38.40:178][150]LogModuleManager: Shutting down and abandoning module RSA (3)
[2026.03.15-01.38.40:179][150]LogContentStreaming: Display: There are 1 unreleased StreamingManagers
[2026.03.15-01.38.40:227][150]LogD3D11RHI: Shutdown
[2026.03.15-01.38.40:227][150]LogD3D11RHI: CleanupD3DDevice
[2026.03.15-01.38.40:234][150]LogExit: Exiting.
[2026.03.15-01.38.40:242][150]Log file closed, 03/14/26 19:38:40
