Log file open, 03/03/26 22:14:18
LogWindows: Failed to load 'aqProf.dll' (GetLastError=126)
LogWindows: File 'aqProf.dll' does not exist
LogWindows: Failed to load 'VtuneApi.dll' (GetLastError=126)
LogWindows: File 'VtuneApi.dll' does not exist
LogWindows: Failed to load 'VtuneApi32e.dll' (GetLastError=126)
LogWindows: File 'VtuneApi32e.dll' does not exist
LogConsoleResponse: Display: Failed to find resolution value strings in scalability ini. Falling back to default.
LogConsoleResponse: Display: Failed to find resolution value strings in scalability ini. Falling back to default.
LogInit: Display: Running engine for game: RoadHopper
LogPlatformFile: Not using cached read wrapper
LogTaskGraph: Started task graph with 5 named threads and 47 total threads with 3 sets of task threads.
LogStats: Stats thread started at 0.186916
LogICUInternationalization: ICU TimeZone Detection - Raw Offset: -7:00, Platform Override: ''
LogInit: Display: Loading text-based GConfig....
LogPluginManager: Mounting plugin MeshPainting
LogPluginManager: Mounting plugin XGEController
LogPluginManager: Mounting plugin Paper2D
LogPluginManager: Mounting plugin CameraShakePreviewer
LogPluginManager: Mounting plugin LightPropagationVolume
LogPluginManager: Mounting plugin OodleData
LogPluginManager: Mounting plugin LiveLink
LogPluginManager: Mounting plugin OodleNetwork
LogPluginManager: Mounting plugin GameplayCameras
LogPluginManager: Mounting plugin EnvironmentQueryEditor
LogPluginManager: Mounting plugin AISupport
LogPluginManager: Mounting plugin AnimationSharing
LogPluginManager: Mounting plugin CLionSourceCodeAccess
LogPluginManager: Mounting plugin GitSourceControl
LogPluginManager: Mounting plugin KDevelopSourceCodeAccess
LogPluginManager: Mounting plugin NullSourceCodeAccess
LogPluginManager: Mounting plugin CodeLiteSourceCodeAccess
LogPluginManager: Mounting plugin PluginUtils
LogPluginManager: Mounting plugin PerforceSourceControl
LogPluginManager: Mounting plugin PropertyAccessNode
LogPluginManager: Mounting plugin PlasticSourceControl
LogPluginManager: Mounting plugin PixWinPlugin
LogPluginManager: Mounting plugin RiderSourceCodeAccess
LogPluginManager: Mounting plugin SubversionSourceControl
LogPluginManager: Mounting plugin TextureFormatOodle
LogPluginManager: Mounting plugin UObjectPlugin
LogPluginManager: Mounting plugin VisualStudioSourceCodeAccess
LogPluginManager: Mounting plugin XCodeSourceCodeAccess
LogPluginManager: Mounting plugin VisualStudioCodeSourceCodeAccess
LogPluginManager: Mounting plugin AlembicImporter
LogPluginManager: Mounting plugin AutomationUtils
LogPluginManager: Mounting plugin BackChannel
LogPluginManager: Mounting plugin DatasmithContent
LogPluginManager: Mounting plugin ChaosClothEditor
LogPluginManager: Mounting plugin ChaosCloth
LogPluginManager: Mounting plugin ChaosEditor
LogPluginManager: Mounting plugin ChaosNiagara
LogPluginManager: Mounting plugin ChaosSolverPlugin
LogPluginManager: Mounting plugin CharacterAI
LogPluginManager: Mounting plugin VariantManagerContent
LogPluginManager: Mounting plugin GeometryCache
LogPluginManager: Mounting plugin GeometryCollectionPlugin
LogPluginManager: Mounting plugin GeometryProcessing
LogPluginManager: Mounting plugin OpenImageDenoise
LogPluginManager: Mounting plugin MotoSynth
LogPluginManager: Mounting plugin Niagara
LogPluginManager: Mounting plugin PlanarCut
LogPluginManager: Mounting plugin PlatformCrypto
LogPluginManager: Mounting plugin ProxyLODPlugin
LogPluginManager: Mounting plugin PythonScriptPlugin
LogPluginManager: Mounting plugin SkeletalReduction
LogPluginManager: Mounting plugin AvfMedia
LogPluginManager: Mounting plugin AndroidMedia
LogPluginManager: Mounting plugin ImgMedia
LogPluginManager: Mounting plugin LuminPlatformFeatures
LogPluginManager: Mounting plugin MagicLeap
LogPluginManager: Mounting plugin MediaCompositing
LogPluginManager: Mounting plugin MediaPlayerEditor
LogPluginManager: Mounting plugin WmfMedia
LogPluginManager: Mounting plugin WebMMedia
LogPluginManager: Mounting plugin ActorSequence
LogPluginManager: Mounting plugin MagicLeapLightEstimation
LogPluginManager: Mounting plugin MagicLeapMedia
LogPluginManager: Mounting plugin LevelSequenceEditor
LogPluginManager: Mounting plugin MatineeToLevelSequence
LogPluginManager: Mounting plugin MagicLeapPassableWorld
LogPluginManager: Mounting plugin MLSDK
LogPluginManager: Mounting plugin UdpMessaging
LogPluginManager: Mounting plugin TcpMessaging
LogPluginManager: Mounting plugin TemplateSequence
LogPluginManager: Mounting plugin OnlineSubsystem
LogPluginManager: Mounting plugin ActorLayerUtilities
LogPluginManager: Mounting plugin OnlineSubsystemNull
LogPluginManager: Mounting plugin AndroidDeviceProfileSelector
LogPluginManager: Mounting plugin OnlineSubsystemUtils
LogPluginManager: Mounting plugin AndroidPermission
LogPluginManager: Mounting plugin AndroidMoviePlayer
LogPluginManager: Mounting plugin AppleMoviePlayer
LogPluginManager: Mounting plugin AppleImageUtils
LogPluginManager: Mounting plugin ArchVisCharacter
LogPluginManager: Mounting plugin AssetTags
LogPluginManager: Mounting plugin AudioCapture
LogPluginManager: Mounting plugin AudioSynesthesia
LogPluginManager: Mounting plugin CableComponent
LogPluginManager: Mounting plugin ChunkDownloader
LogPluginManager: Mounting plugin CustomMeshComponent
LogPluginManager: Mounting plugin EditableMesh
LogPluginManager: Mounting plugin ExampleDeviceProfileSelector
LogPluginManager: Mounting plugin GoogleCloudMessaging
LogPluginManager: Mounting plugin GooglePAD
LogPluginManager: Mounting plugin IOSDeviceProfileSelector
LogPluginManager: Mounting plugin LinuxDeviceProfileSelector
LogPluginManager: Mounting plugin LocationServicesBPLibrary
LogPluginManager: Mounting plugin MobilePatchingUtils
LogPluginManager: Mounting plugin OpenXR
LogPluginManager: Mounting plugin OpenXREyeTracker
LogPluginManager: Mounting plugin OpenXRHandTracking
LogPluginManager: Mounting plugin PostSplashScreen
LogPluginManager: Mounting plugin PhysXVehicles
LogPluginManager: Mounting plugin ProceduralMeshComponent
LogPluginManager: Mounting plugin PropertyAccessEditor
LogPluginManager: Mounting plugin RuntimePhysXCooking
LogPluginManager: Mounting plugin SignificanceManager
LogPluginManager: Mounting plugin SoundFields
LogPluginManager: Mounting plugin Synthesis
LogPluginManager: Mounting plugin LauncherChunkInstaller
LogPluginManager: Mounting plugin WebMMoviePlayer
LogPluginManager: Mounting plugin WindowsMoviePlayer
LogPluginManager: Mounting plugin ScreenshotTools
LogPluginManager: Mounting plugin AssetManagerEditor
LogPluginManager: Mounting plugin Takes
LogPluginManager: Mounting plugin DataValidation
LogPluginManager: Mounting plugin CurveEditorTools
LogPluginManager: Mounting plugin CryptoKeys
LogPluginManager: Mounting plugin GameplayTagsEditor
LogPluginManager: Mounting plugin FacialAnimation
LogPluginManager: Mounting plugin GeometryMode
LogPluginManager: Mounting plugin MacGraphicsSwitching
LogPluginManager: Mounting plugin MaterialAnalyzer
LogPluginManager: Mounting plugin PluginBrowser
LogPluginManager: Mounting plugin MobileLauncherProfileWizard
LogPluginManager: Mounting plugin SpeedTreeImporter
LogPluginManager: Mounting plugin OnlineSubsystemIOS
LogPluginManager: Mounting plugin OnlineSubsystemGooglePlay
LogPluginManager: Mounting plugin OculusVR
LogPluginManager: Mounting plugin SteamVR
LogPluginManager: Mounting plugin ContentBrowserAssetDataSource
LogPluginManager: Mounting plugin ContentBrowserFileDataSource
LogPluginManager: Mounting plugin ContentBrowserClassDataSource
PixWinPlugin: PIX capture plugin failed to initialize! Check that the process is launched from PIX.
LogLuminAPIImpl: Warning: MLSDK not found.  This likely means the MLSDK environment variable is not set.
LogInit: Using libcurl 7.55.1-DEV
LogInit:  - built for x86_64-pc-win32
LogInit:  - supports SSL with OpenSSL/1.1.1
LogInit:  - supports HTTP deflate (compression) using libz 1.2.8
LogInit:  - other features:
LogInit:      CURL_VERSION_SSL
LogInit:      CURL_VERSION_LIBZ
LogInit:      CURL_VERSION_IPV6
LogInit:      CURL_VERSION_ASYNCHDNS
LogInit:      CURL_VERSION_LARGEFILE
LogInit:      CURL_VERSION_IDN
LogInit:  CurlRequestOptions (configurable via config and command line):
LogInit:  - bVerifyPeer = true  - Libcurl will verify peer certificate
LogInit:  - bUseHttpProxy = false  - Libcurl will NOT use HTTP proxy
LogInit:  - bDontReuseConnections = false  - Libcurl will reuse connections
LogInit:  - MaxHostConnections = 16  - Libcurl will limit the number of connections to a host
LogInit:  - LocalHostAddr = Default
LogInit:  - BufferSize = 65536
LogOnline: OSS: Creating online subsystem instance for: NULL
LogInit: WinSock: version 1.1 (2.2), MaxSocks=32767, MaxUdp=65467
LogOnline: OSS: TryLoadSubsystemAndSetDefault: Loaded subsystem for module [NULL]
LogOculusPluginWrapper: OculusPlugin initialized successfully
LogHMD: Failed initializing OVRPlugin 1.59.0
LogInit: Build: ++UE4+Release-4.27-CL-18319896
LogInit: Engine Version: 4.27.2-18319896+++UE4+Release-4.27
LogInit: Compatible Engine Version: 4.27.0-17155196+++UE4+Release-4.27
LogInit: Net CL: 17155196
LogInit: OS: Windows 10 (Release 2009) (), CPU: 12th Gen Intel(R) Core(TM) i5-12600K, GPU: NVIDIA GeForce RTX 3080
LogInit: Compiled (64-bit): Nov 30 2021 07:12:08
LogInit: Compiled with Visual C++: 19.24.28315.00
LogInit: Build Configuration: Development
LogInit: Branch Name: ++UE4+Release-4.27
LogInit: Command Line:  -AUTH_LOGIN=unused -AUTH_PASSWORD=90275cda93024ec2833d98976612f48f -AUTH_TYPE=exchangecode -epicapp=UE_4.27 -epicenv=Prod -EpicPortal -epicusername=tamag0titan -epicuserid=e54e35c6cf81428ab071018d8aa2cafb -epiclocale=en -epicsandboxid=ue
LogInit: Base Directory: D:/Epic Games/UE_4.27/Engine/Binaries/Win64/
LogInit: Allocator: TBB
LogInit: Installed Engine Build: 1
LogDevObjectVersion: Number of dev versions registered: 29
LogDevObjectVersion:   Dev-Blueprints (B0D832E4-1F89-4F0D-ACCF-7EB736FD4AA2): 10
LogDevObjectVersion:   Dev-Build (E1C64328-A22C-4D53-A36C-8E866417BD8C): 0
LogDevObjectVersion:   Dev-Core (375EC13C-06E4-48FB-B500-84F0262A717E): 4
LogDevObjectVersion:   Dev-Editor (E4B068ED-F494-42E9-A231-DA0B2E46BB41): 40
LogDevObjectVersion:   Dev-Framework (CFFC743F-43B0-4480-9391-14DF171D2073): 37
LogDevObjectVersion:   Dev-Mobile (B02B49B5-BB20-44E9-A304-32B752E40360): 3
LogDevObjectVersion:   Dev-Networking (A4E4105C-59A1-49B5-A7C5-40C4547EDFEE): 0
LogDevObjectVersion:   Dev-Online (39C831C9-5AE6-47DC-9A44-9C173E1C8E7C): 0
LogDevObjectVersion:   Dev-Physics (78F01B33-EBEA-4F98-B9B4-84EACCB95AA2): 14
LogDevObjectVersion:   Dev-Platform (6631380F-2D4D-43E0-8009-CF276956A95A): 0
LogDevObjectVersion:   Dev-Rendering (12F88B9F-8875-4AFC-A67C-D90C383ABD29): 45
LogDevObjectVersion:   Dev-Sequencer (7B5AE74C-D270-4C10-A958-57980B212A5A): 13
LogDevObjectVersion:   Dev-VR (D7296918-1DD6-4BDD-9DE2-64A83CC13884): 3
LogDevObjectVersion:   Dev-LoadTimes (C2A15278-BFE7-4AFE-6C17-90FF531DF755): 1
LogDevObjectVersion:   Private-Geometry (6EACA3D4-40EC-4CC1-B786-8BED09428FC5): 3
LogDevObjectVersion:   Dev-AnimPhys (29E575DD-E0A3-4627-9D10-D276232CDCEA): 17
LogDevObjectVersion:   Dev-Anim (AF43A65D-7FD3-4947-9873-3E8ED9C1BB05): 15
LogDevObjectVersion:   Dev-ReflectionCapture (6B266CEC-1EC7-4B8F-A30B-E4D90942FC07): 1
LogDevObjectVersion:   Dev-Automation (0DF73D61-A23F-47EA-B727-89E90C41499A): 1
LogDevObjectVersion:   FortniteMain (601D1886-AC64-4F84-AA16-D3DE0DEAC7D6): 47
LogDevObjectVersion:   FortniteRelease (E7086368-6B23-4C58-8439-1B7016265E91): 1
LogDevObjectVersion:   Dev-Enterprise (9DFFBCD6-494F-0158-E221-12823C92A888): 10
LogDevObjectVersion:   Dev-Niagara (F2AED0AC-9AFE-416F-8664-AA7FFA26D6FC): 1
LogDevObjectVersion:   Dev-Destruction (174F1F0B-B4C6-45A5-B13F-2EE8D0FB917D): 10
LogDevObjectVersion:   Dev-Physics-Ext (35F94A83-E258-406C-A318-09F59610247C): 41
LogDevObjectVersion:   Dev-PhysicsMaterial-Chaos (B68FC16E-8B1B-42E2-B453-215C058844FE): 1
LogDevObjectVersion:   Dev-CineCamera (B2E18506-4273-CFC2-A54E-F4BB758BBA07): 1
LogDevObjectVersion:   Dev-VirtualProduction (64F58936-FD1B-42BA-BA96-7289D5D0FA4E): 1
LogDevObjectVersion:   Dev-MediaFramework (6F0ED827-A609-4895-9C91-998D90180EA4): 2
LogInit: Presizing for max 25165824 objects, including 0 objects not considered by GC, pre-allocating 0 bytes for permanent pool.
LogConfig: Applying CVar settings from Section [/Script/Engine.StreamingSettings] File [C:/Users/titan/Downloads/RoadHopper4.27/Saved/Config/Windows/Engine.ini]
LogConfig: Setting CVar [[s.MinBulkDataSizeForAsyncLoading:131072]]
LogConfig: Setting CVar [[s.AsyncLoadingThreadEnabled:0]]
LogConfig: Setting CVar [[s.EventDrivenLoaderEnabled:1]]
LogConfig: Setting CVar [[s.WarnIfTimeLimitExceeded:0]]
LogConfig: Setting CVar [[s.TimeLimitExceededMultiplier:1.5]]
LogConfig: Setting CVar [[s.TimeLimitExceededMinTime:0.005]]
LogConfig: Setting CVar [[s.UseBackgroundLevelStreaming:1]]
LogConfig: Setting CVar [[s.PriorityAsyncLoadingExtraTime:15.0]]
LogConfig: Setting CVar [[s.LevelStreamingActorsUpdateTimeLimit:5.0]]
LogConfig: Setting CVar [[s.PriorityLevelStreamingActorsUpdateExtraTime:5.0]]
LogConfig: Setting CVar [[s.LevelStreamingComponentsRegistrationGranularity:10]]
LogConfig: Setting CVar [[s.UnregisterComponentsTimeLimit:1.0]]
LogConfig: Setting CVar [[s.LevelStreamingComponentsUnregistrationGranularity:5]]
LogConfig: Setting CVar [[s.FlushStreamingOnExit:1]]
LogInit: Object subsystem initialized
LogConfig: Setting CVar [[con.DebugEarlyDefault:1]]
LogConfig: Setting CVar [[r.setres:1280x720]]
[2026.03.04-05.14.18:767][  0]LogConfig: Setting CVar [[r.VSync:0]]
[2026.03.04-05.14.18:767][  0]LogConfig: Setting CVar [[r.RHICmdBypass:0]]
[2026.03.04-05.14.18:767][  0]LogConfig: Applying CVar settings from Section [/Script/Engine.RendererSettings] File [C:/Users/titan/Downloads/RoadHopper4.27/Saved/Config/Windows/Engine.ini]
[2026.03.04-05.14.18:767][  0]LogConfig: Setting CVar [[r.GPUCrashDebugging:0]]
[2026.03.04-05.14.18:767][  0]LogConfig: Setting CVar [[r.Mobile.DisableVertexFog:1]]
[2026.03.04-05.14.18:767][  0]LogConfig: Setting CVar [[r.Shadow.CSM.MaxMobileCascades:2]]
[2026.03.04-05.14.18:767][  0]LogConfig: Setting CVar [[r.MobileMSAA:1]]
[2026.03.04-05.14.18:767][  0]LogConfig: Setting CVar [[r.Mobile.AllowDitheredLODTransition:0]]
[2026.03.04-05.14.18:767][  0]LogConfig: Setting CVar [[r.Mobile.AllowSoftwareOcclusion:0]]
[2026.03.04-05.14.18:767][  0]LogConfig: Setting CVar [[r.Mobile.VirtualTextures:0]]
[2026.03.04-05.14.18:767][  0]LogConfig: Setting CVar [[r.DiscardUnusedQuality:0]]
[2026.03.04-05.14.18:767][  0]LogConfig: Setting CVar [[r.AllowOcclusionQueries:1]]
[2026.03.04-05.14.18:767][  0]LogConfig: Setting CVar [[r.MinScreenRadiusForLights:0.030000]]
[2026.03.04-05.14.18:767][  0]LogConfig: Setting CVar [[r.MinScreenRadiusForDepthPrepass:0.030000]]
[2026.03.04-05.14.18:767][  0]LogConfig: Setting CVar [[r.MinScreenRadiusForCSMDepth:0.010000]]
[2026.03.04-05.14.18:767][  0]LogConfig: Setting CVar [[r.PrecomputedVisibilityWarning:0]]
[2026.03.04-05.14.18:767][  0]LogConfig: Setting CVar [[r.TextureStreaming:1]]
[2026.03.04-05.14.18:767][  0]LogConfig: Setting CVar [[Compat.UseDXT5NormalMaps:0]]
[2026.03.04-05.14.18:767][  0]LogConfig: Setting CVar [[r.VirtualTextures:0]]
[2026.03.04-05.14.18:767][  0]LogConfig: Setting CVar [[r.VT.EnableAutoImport:1]]
[2026.03.04-05.14.18:767][  0]LogConfig: Setting CVar [[r.VirtualTexturedLightmaps:0]]
[2026.03.04-05.14.18:767][  0]LogConfig: Setting CVar [[r.VT.TileSize:128]]
[2026.03.04-05.14.18:767][  0]LogConfig: Setting CVar [[r.VT.TileBorderSize:4]]
[2026.03.04-05.14.18:767][  0]LogConfig: Setting CVar [[r.vt.FeedbackFactor:16]]
[2026.03.04-05.14.18:767][  0]LogConfig: Setting CVar [[r.VT.EnableCompressZlib:1]]
[2026.03.04-05.14.18:767][  0]LogConfig: Setting CVar [[r.VT.EnableCompressCrunch:0]]
[2026.03.04-05.14.18:767][  0]LogConfig: Setting CVar [[r.ClearCoatNormal:0]]
[2026.03.04-05.14.18:767][  0]LogConfig: Setting CVar [[r.ReflectionCaptureResolution:128]]
[2026.03.04-05.14.18:767][  0]LogConfig: Setting CVar [[r.Mobile.ReflectionCaptureCompression:0]]
[2026.03.04-05.14.18:767][  0]LogConfig: Setting CVar [[r.ReflectionEnvironmentLightmapMixBasedOnRoughness:1]]
[2026.03.04-05.14.18:767][  0]LogConfig: Setting CVar [[r.ForwardShading:0]]
[2026.03.04-05.14.18:767][  0]LogConfig: Setting CVar [[r.VertexFoggingForOpaque:1]]
[2026.03.04-05.14.18:767][  0]LogConfig: Setting CVar [[r.AllowStaticLighting:1]]
[2026.03.04-05.14.18:767][  0]LogConfig: Setting CVar [[r.NormalMapsForStaticLighting:0]]
[2026.03.04-05.14.18:767][  0]LogConfig: Setting CVar [[r.GenerateMeshDistanceFields:0]]
[2026.03.04-05.14.18:767][  0]LogConfig: Setting CVar [[r.DistanceFieldBuild.EightBit:0]]
[2026.03.04-05.14.18:767][  0]LogConfig: Setting CVar [[r.GenerateLandscapeGIData:0]]
[2026.03.04-05.14.18:767][  0]LogConfig: Setting CVar [[r.DistanceFieldBuild.Compress:0]]
[2026.03.04-05.14.18:767][  0]LogConfig: Setting CVar [[r.TessellationAdaptivePixelsPerTriangle:48.000000]]
[2026.03.04-05.14.18:767][  0]LogConfig: Setting CVar [[r.SeparateTranslucency:1]]
[2026.03.04-05.14.18:767][  0]LogConfig: Setting CVar [[r.TranslucentSortPolicy:0]]
[2026.03.04-05.14.18:767][  0]LogConfig: Setting CVar [[vr.VRS.HMDFixedFoveationLevel:0]]
[2026.03.04-05.14.18:767][  0]LogConfig: Setting CVar [[r.CustomDepth:1]]
[2026.03.04-05.14.18:767][  0]LogConfig: Setting CVar [[r.CustomDepthTemporalAAJitter:1]]
[2026.03.04-05.14.18:767][  0]LogConfig: Setting CVar [[r.PostProcessing.PropagateAlpha:0]]
[2026.03.04-05.14.18:767][  0]LogConfig: Setting CVar [[r.DefaultFeature.Bloom:1]]
[2026.03.04-05.14.18:767][  0]LogConfig: Setting CVar [[r.DefaultFeature.AmbientOcclusion:1]]
[2026.03.04-05.14.18:767][  0]LogConfig: Setting CVar [[r.DefaultFeature.AmbientOcclusionStaticFraction:1]]
[2026.03.04-05.14.18:767][  0]LogConfig: Setting CVar [[r.DefaultFeature.AutoExposure:0]]
[2026.03.04-05.14.18:767][  0]LogConfig: Setting CVar [[r.DefaultFeature.AutoExposure.Method:0]]
[2026.03.04-05.14.18:767][  0]LogConfig: Setting CVar [[r.DefaultFeature.AutoExposure.Bias:1.000000]]
[2026.03.04-05.14.18:767][  0]LogConfig: Setting CVar [[r.DefaultFeature.AutoExposure.ExtendDefaultLuminanceRange:0]]
[2026.03.04-05.14.18:767][  0]LogConfig: Setting CVar [[r.UsePreExposure:1]]
[2026.03.04-05.14.18:767][  0]LogConfig: Setting CVar [[r.EyeAdaptation.EditorOnly:0]]
[2026.03.04-05.14.18:767][  0]LogConfig: Setting CVar [[r.DefaultFeature.MotionBlur:0]]
[2026.03.04-05.14.18:767][  0]LogConfig: Setting CVar [[r.DefaultFeature.LensFlare:0]]
[2026.03.04-05.14.18:767][  0]LogConfig: Setting CVar [[r.TemporalAA.Upsampling:0]]
[2026.03.04-05.14.18:767][  0]LogConfig: Setting CVar [[r.SSGI.Enable:0]]
[2026.03.04-05.14.18:767][  0]LogConfig: Setting CVar [[r.DefaultFeature.AntiAliasing:0]]
[2026.03.04-05.14.18:767][  0]LogConfig: Setting CVar [[r.DefaultFeature.LightUnits:1]]
[2026.03.04-05.14.18:767][  0]LogConfig: Setting CVar [[r.DefaultBackBufferPixelFormat:4]]
[2026.03.04-05.14.18:767][  0]LogConfig: Setting CVar [[r.Shadow.UnbuiltPreviewInGame:1]]
[2026.03.04-05.14.18:767][  0]LogConfig: Setting CVar [[r.StencilForLODDither:0]]
[2026.03.04-05.14.18:767][  0]LogConfig: Setting CVar [[r.EarlyZPass:3]]
[2026.03.04-05.14.18:767][  0]LogConfig: Setting CVar [[r.EarlyZPassOnlyMaterialMasking:0]]
[2026.03.04-05.14.18:767][  0]LogConfig: Setting CVar [[r.DBuffer:1]]
[2026.03.04-05.14.18:767][  0]LogConfig: Setting CVar [[r.ClearSceneMethod:1]]
[2026.03.04-05.14.18:767][  0]LogConfig: Setting CVar [[r.BasePassOutputsVelocity:0]]
[2026.03.04-05.14.18:767][  0]LogConfig: Setting CVar [[r.VertexDeformationOutputsVelocity:0]]
[2026.03.04-05.14.18:767][  0]LogConfig: Setting CVar [[r.SelectiveBasePassOutputs:0]]
[2026.03.04-05.14.18:767][  0]LogConfig: Setting CVar [[fx.GPUSimulationTextureSizeX:1024]]
[2026.03.04-05.14.18:767][  0]LogConfig: Setting CVar [[fx.GPUSimulationTextureSizeY:1024]]
[2026.03.04-05.14.18:767][  0]LogConfig: Setting CVar [[r.AllowGlobalClipPlane:0]]
[2026.03.04-05.14.18:767][  0]LogConfig: Setting CVar [[r.GBufferFormat:1]]
[2026.03.04-05.14.18:767][  0]LogConfig: Setting CVar [[r.MorphTarget.Mode:1]]
[2026.03.04-05.14.18:767][  0]LogConfig: Setting CVar [[vr.InstancedStereo:0]]
[2026.03.04-05.14.18:767][  0]LogConfig: Setting CVar [[r.MobileHDR:1]]
[2026.03.04-05.14.18:767][  0]LogConfig: Setting CVar [[vr.MobileMultiView:0]]
[2026.03.04-05.14.18:767][  0]LogConfig: Setting CVar [[r.Mobile.UseHWsRGBEncoding:0]]
[2026.03.04-05.14.18:767][  0]LogConfig: Setting CVar [[vr.RoundRobinOcclusion:0]]
[2026.03.04-05.14.18:767][  0]LogConfig: Setting CVar [[vr.ODSCapture:0]]
[2026.03.04-05.14.18:767][  0]LogConfig: Setting CVar [[r.MeshStreaming:0]]
[2026.03.04-05.14.18:767][  0]LogConfig: Setting CVar [[r.WireframeCullThreshold:5.000000]]
[2026.03.04-05.14.18:767][  0]LogConfig: Setting CVar [[r.RayTracing:0]]
[2026.03.04-05.14.18:767][  0]LogConfig: Setting CVar [[r.RayTracing.UseTextureLod:0]]
[2026.03.04-05.14.18:767][  0]LogConfig: Setting CVar [[r.SupportStationarySkylight:1]]
[2026.03.04-05.14.18:767][  0]LogConfig: Setting CVar [[r.SupportLowQualityLightmaps:1]]
[2026.03.04-05.14.18:767][  0]LogConfig: Setting CVar [[r.SupportPointLightWholeSceneShadows:1]]
[2026.03.04-05.14.18:767][  0]LogConfig: Setting CVar [[r.SupportAtmosphericFog:1]]
[2026.03.04-05.14.18:767][  0]LogConfig: Setting CVar [[r.SupportSkyAtmosphere:1]]
[2026.03.04-05.14.18:767][  0]LogConfig: Setting CVar [[r.SupportSkyAtmosphereAffectsHeightFog:0]]
[2026.03.04-05.14.18:767][  0]LogConfig: Setting CVar [[r.SkinCache.CompileShaders:0]]
[2026.03.04-05.14.18:767][  0]LogConfig: Setting CVar [[r.SkinCache.DefaultBehavior:1]]
[2026.03.04-05.14.18:767][  0]LogConfig: Setting CVar [[r.SkinCache.SceneMemoryLimitInMB:128.000000]]
[2026.03.04-05.14.18:767][  0]LogConfig: Setting CVar [[r.Mobile.EnableStaticAndCSMShadowReceivers:1]]
[2026.03.04-05.14.18:767][  0]LogConfig: Setting CVar [[r.Mobile.EnableMovableLightCSMShaderCulling:1]]
[2026.03.04-05.14.18:767][  0]LogConfig: Setting CVar [[r.Mobile.AllowDistanceFieldShadows:1]]
[2026.03.04-05.14.18:767][  0]LogConfig: Setting CVar [[r.Mobile.AllowMovableDirectionalLights:1]]
[2026.03.04-05.14.18:767][  0]LogConfig: Setting CVar [[r.MobileNumDynamicPointLights:4]]
[2026.03.04-05.14.18:767][  0]LogConfig: Setting CVar [[r.MobileDynamicPointLightsUseStaticBranch:1]]
[2026.03.04-05.14.18:767][  0]LogConfig: Setting CVar [[r.Mobile.EnableMovableSpotlights:0]]
[2026.03.04-05.14.18:767][  0]LogConfig: Setting CVar [[r.Mobile.EnableMovableSpotlightsShadow:0]]
[2026.03.04-05.14.18:767][  0]LogConfig: Setting CVar [[r.GPUSkin.Support16BitBoneIndex:0]]
[2026.03.04-05.14.18:767][  0]LogConfig: Setting CVar [[r.GPUSkin.Limit2BoneInfluences:0]]
[2026.03.04-05.14.18:767][  0]LogConfig: Setting CVar [[r.SupportDepthOnlyIndexBuffers:1]]
[2026.03.04-05.14.18:767][  0]LogConfig: Setting CVar [[r.SupportReversedIndexBuffers:1]]
[2026.03.04-05.14.18:767][  0]LogConfig: Setting CVar [[r.LightPropagationVolume:0]]
[2026.03.04-05.14.18:767][  0]LogConfig: Setting CVar [[r.Mobile.AmbientOcclusion:0]]
[2026.03.04-05.14.18:767][  0]LogConfig: Setting CVar [[r.GPUSkin.UnlimitedBoneInfluences:0]]
[2026.03.04-05.14.18:767][  0]LogConfig: Setting CVar [[r.GPUSkin.UnlimitedBoneInfluencesThreshold:8]]
[2026.03.04-05.14.18:767][  0]LogConfig: Setting CVar [[r.Mobile.PlanarReflectionMode:0]]
[2026.03.04-05.14.18:767][  0]LogConfig: Setting CVar [[r.Mobile.SupportsGen4TAA:0]]
[2026.03.04-05.14.18:767][  0]LogConfig: Applying CVar settings from Section [/Script/Engine.RendererOverrideSettings] File [C:/Users/titan/Downloads/RoadHopper4.27/Saved/Config/Windows/Engine.ini]
[2026.03.04-05.14.18:767][  0]LogConfig: Applying CVar settings from Section [/Script/Engine.StreamingSettings] File [C:/Users/titan/Downloads/RoadHopper4.27/Saved/Config/Windows/Engine.ini]
[2026.03.04-05.14.18:767][  0]LogConfig: Setting CVar [[s.MinBulkDataSizeForAsyncLoading:131072]]
[2026.03.04-05.14.18:767][  0]LogConfig: Setting CVar [[s.AsyncLoadingThreadEnabled:0]]
[2026.03.04-05.14.18:768][  0]LogConfig: Setting CVar [[s.EventDrivenLoaderEnabled:1]]
[2026.03.04-05.14.18:768][  0]LogConfig: Setting CVar [[s.WarnIfTimeLimitExceeded:0]]
[2026.03.04-05.14.18:768][  0]LogConfig: Setting CVar [[s.TimeLimitExceededMultiplier:1.5]]
[2026.03.04-05.14.18:768][  0]LogConfig: Setting CVar [[s.TimeLimitExceededMinTime:0.005]]
[2026.03.04-05.14.18:768][  0]LogConfig: Setting CVar [[s.UseBackgroundLevelStreaming:1]]
[2026.03.04-05.14.18:768][  0]LogConfig: Setting CVar [[s.PriorityAsyncLoadingExtraTime:15.0]]
[2026.03.04-05.14.18:768][  0]LogConfig: Setting CVar [[s.LevelStreamingActorsUpdateTimeLimit:5.0]]
[2026.03.04-05.14.18:768][  0]LogConfig: Setting CVar [[s.PriorityLevelStreamingActorsUpdateExtraTime:5.0]]
[2026.03.04-05.14.18:768][  0]LogConfig: Setting CVar [[s.LevelStreamingComponentsRegistrationGranularity:10]]
[2026.03.04-05.14.18:768][  0]LogConfig: Setting CVar [[s.UnregisterComponentsTimeLimit:1.0]]
[2026.03.04-05.14.18:768][  0]LogConfig: Setting CVar [[s.LevelStreamingComponentsUnregistrationGranularity:5]]
[2026.03.04-05.14.18:768][  0]LogConfig: Setting CVar [[s.FlushStreamingOnExit:1]]
[2026.03.04-05.14.18:768][  0]LogConfig: Applying CVar settings from Section [/Script/Engine.GarbageCollectionSettings] File [C:/Users/titan/Downloads/RoadHopper4.27/Saved/Config/Windows/Engine.ini]
[2026.03.04-05.14.18:768][  0]LogConfig: Setting CVar [[gc.MaxObjectsNotConsideredByGC:1]]
[2026.03.04-05.14.18:768][  0]LogConfig: Setting CVar [[gc.SizeOfPermanentObjectPool:0]]
[2026.03.04-05.14.18:768][  0]LogConfig: Setting CVar [[gc.FlushStreamingOnGC:0]]
[2026.03.04-05.14.18:768][  0]LogConfig: Setting CVar [[gc.NumRetriesBeforeForcingGC:10]]
[2026.03.04-05.14.18:768][  0]LogConfig: Setting CVar [[gc.AllowParallelGC:1]]
[2026.03.04-05.14.18:768][  0]LogConfig: Setting CVar [[gc.TimeBetweenPurgingPendingKillObjects:61.1]]
[2026.03.04-05.14.18:768][  0]LogConfig: Setting CVar [[gc.MaxObjectsInEditor:25165824]]
[2026.03.04-05.14.18:768][  0]LogConfig: Setting CVar [[gc.IncrementalBeginDestroyEnabled:1]]
[2026.03.04-05.14.18:768][  0]LogConfig: Setting CVar [[gc.CreateGCClusters:1]]
[2026.03.04-05.14.18:768][  0]LogConfig: Setting CVar [[gc.MinGCClusterSize:5]]
[2026.03.04-05.14.18:768][  0]LogConfig: Setting CVar [[gc.ActorClusteringEnabled:0]]
[2026.03.04-05.14.18:768][  0]LogConfig: Setting CVar [[gc.BlueprintClusteringEnabled:0]]
[2026.03.04-05.14.18:768][  0]LogConfig: Setting CVar [[gc.UseDisregardForGCOnDedicatedServers:0]]
[2026.03.04-05.14.18:768][  0]LogConfig: Setting CVar [[gc.MultithreadedDestructionEnabled:1]]
[2026.03.04-05.14.18:768][  0]LogConfig: Applying CVar settings from Section [/Script/Engine.NetworkSettings] File [C:/Users/titan/Downloads/RoadHopper4.27/Saved/Config/Windows/Engine.ini]
[2026.03.04-05.14.18:768][  0]LogConfig: Applying CVar settings from Section [/Script/UnrealEd.CookerSettings] File [C:/Users/titan/Downloads/RoadHopper4.27/Saved/Config/Windows/Engine.ini]
[2026.03.04-05.14.18:791][  0]LogConfig: Applying CVar settings from Section [ViewDistanceQuality@3] File [C:/Users/titan/Downloads/RoadHopper4.27/Saved/Config/Windows/Scalability.ini]
[2026.03.04-05.14.18:791][  0]LogConfig: Setting CVar [[r.SkeletalMeshLODBias:0]]
[2026.03.04-05.14.18:791][  0]LogConfig: Setting CVar [[r.ViewDistanceScale:1.0]]
[2026.03.04-05.14.18:791][  0]LogConfig: Applying CVar settings from Section [AntiAliasingQuality@3] File [C:/Users/titan/Downloads/RoadHopper4.27/Saved/Config/Windows/Scalability.ini]
[2026.03.04-05.14.18:791][  0]LogConfig: Setting CVar [[r.PostProcessAAQuality:4]]
[2026.03.04-05.14.18:791][  0]LogConfig: Applying CVar settings from Section [ShadowQuality@3] File [C:/Users/titan/Downloads/RoadHopper4.27/Saved/Config/Windows/Scalability.ini]
[2026.03.04-05.14.18:791][  0]LogConfig: Setting CVar [[r.LightFunctionQuality:1]]
[2026.03.04-05.14.18:791][  0]LogConfig: Setting CVar [[r.ShadowQuality:5]]
[2026.03.04-05.14.18:791][  0]LogConfig: Setting CVar [[r.Shadow.CSM.MaxCascades:10]]
[2026.03.04-05.14.18:791][  0]LogConfig: Setting CVar [[r.Shadow.MaxResolution:2048]]
[2026.03.04-05.14.18:791][  0]LogConfig: Setting CVar [[r.Shadow.MaxCSMResolution:2048]]
[2026.03.04-05.14.18:791][  0]LogConfig: Setting CVar [[r.Shadow.RadiusThreshold:0.01]]
[2026.03.04-05.14.18:791][  0]LogConfig: Setting CVar [[r.Shadow.DistanceScale:1.0]]
[2026.03.04-05.14.18:791][  0]LogConfig: Setting CVar [[r.Shadow.CSM.TransitionScale:1.0]]
[2026.03.04-05.14.18:791][  0]LogConfig: Setting CVar [[r.Shadow.PreShadowResolutionFactor:1.0]]
[2026.03.04-05.14.18:791][  0]LogConfig: Setting CVar [[r.DistanceFieldShadowing:1]]
[2026.03.04-05.14.18:791][  0]LogConfig: Setting CVar [[r.DistanceFieldAO:1]]
[2026.03.04-05.14.18:791][  0]LogConfig: Setting CVar [[r.AOQuality:2]]
[2026.03.04-05.14.18:791][  0]LogConfig: Setting CVar [[r.VolumetricFog:1]]
[2026.03.04-05.14.18:791][  0]LogConfig: Setting CVar [[r.VolumetricFog.GridPixelSize:8]]
[2026.03.04-05.14.18:791][  0]LogConfig: Setting CVar [[r.VolumetricFog.GridSizeZ:128]]
[2026.03.04-05.14.18:791][  0]LogConfig: Setting CVar [[r.VolumetricFog.HistoryMissSupersampleCount:4]]
[2026.03.04-05.14.18:792][  0]LogConfig: Setting CVar [[r.LightMaxDrawDistanceScale:1]]
[2026.03.04-05.14.18:792][  0]LogConfig: Setting CVar [[r.CapsuleShadows:1]]
[2026.03.04-05.14.18:792][  0]LogConfig: Applying CVar settings from Section [PostProcessQuality@3] File [C:/Users/titan/Downloads/RoadHopper4.27/Saved/Config/Windows/Scalability.ini]
[2026.03.04-05.14.18:792][  0]LogConfig: Setting CVar [[r.MotionBlurQuality:4]]
[2026.03.04-05.14.18:792][  0]LogConfig: Setting CVar [[r.AmbientOcclusionMipLevelFactor:0.4]]
[2026.03.04-05.14.18:792][  0]LogConfig: Setting CVar [[r.AmbientOcclusionMaxQuality:100]]
[2026.03.04-05.14.18:792][  0]LogConfig: Setting CVar [[r.AmbientOcclusionLevels:-1]]
[2026.03.04-05.14.18:792][  0]LogConfig: Setting CVar [[r.AmbientOcclusionRadiusScale:1.0]]
[2026.03.04-05.14.18:792][  0]LogConfig: Setting CVar [[r.DepthOfFieldQuality:2]]
[2026.03.04-05.14.18:792][  0]LogConfig: Setting CVar [[r.RenderTargetPoolMin:400]]
[2026.03.04-05.14.18:792][  0]LogConfig: Setting CVar [[r.LensFlareQuality:2]]
[2026.03.04-05.14.18:792][  0]LogConfig: Setting CVar [[r.SceneColorFringeQuality:1]]
[2026.03.04-05.14.18:792][  0]LogConfig: Setting CVar [[r.EyeAdaptationQuality:2]]
[2026.03.04-05.14.18:792][  0]LogConfig: Setting CVar [[r.BloomQuality:5]]
[2026.03.04-05.14.18:792][  0]LogConfig: Setting CVar [[r.FastBlurThreshold:100]]
[2026.03.04-05.14.18:792][  0]LogConfig: Setting CVar [[r.Upscale.Quality:3]]
[2026.03.04-05.14.18:792][  0]LogConfig: Setting CVar [[r.Tonemapper.GrainQuantization:1]]
[2026.03.04-05.14.18:792][  0]LogConfig: Setting CVar [[r.LightShaftQuality:1]]
[2026.03.04-05.14.18:792][  0]LogConfig: Setting CVar [[r.Filter.SizeScale:1]]
[2026.03.04-05.14.18:792][  0]LogConfig: Setting CVar [[r.Tonemapper.Quality:5]]
[2026.03.04-05.14.18:792][  0]LogConfig: Setting CVar [[r.DOF.Gather.AccumulatorQuality:1        ; higher gathering accumulator quality]]
[2026.03.04-05.14.18:792][  0]LogConfig: Setting CVar [[r.DOF.Gather.PostfilterMethod:1          ; Median3x3 postfilering method]]
[2026.03.04-05.14.18:792][  0]LogConfig: Setting CVar [[r.DOF.Gather.EnableBokehSettings:0       ; no bokeh simulation when gathering]]
[2026.03.04-05.14.18:792][  0]LogConfig: Setting CVar [[r.DOF.Gather.RingCount:4                 ; medium number of samples when gathering]]
[2026.03.04-05.14.18:792][  0]LogConfig: Setting CVar [[r.DOF.Scatter.ForegroundCompositing:1    ; additive foreground scattering]]
[2026.03.04-05.14.18:792][  0]LogConfig: Setting CVar [[r.DOF.Scatter.BackgroundCompositing:2    ; additive background scattering]]
[2026.03.04-05.14.18:792][  0]LogConfig: Setting CVar [[r.DOF.Scatter.EnableBokehSettings:1      ; bokeh simulation when scattering]]
[2026.03.04-05.14.18:792][  0]LogConfig: Setting CVar [[r.DOF.Scatter.MaxSpriteRatio:0.1         ; only a maximum of 10% of scattered bokeh]]
[2026.03.04-05.14.18:792][  0]LogConfig: Setting CVar [[r.DOF.Recombine.Quality:1                ; cheap slight out of focus]]
[2026.03.04-05.14.18:792][  0]LogConfig: Setting CVar [[r.DOF.Recombine.EnableBokehSettings:0    ; no bokeh simulation on slight out of focus]]
[2026.03.04-05.14.18:792][  0]LogConfig: Setting CVar [[r.DOF.TemporalAAQuality:1                ; more stable temporal accumulation]]
[2026.03.04-05.14.18:792][  0]LogConfig: Setting CVar [[r.DOF.Kernel.MaxForegroundRadius:0.025]]
[2026.03.04-05.14.18:792][  0]LogConfig: Setting CVar [[r.DOF.Kernel.MaxBackgroundRadius:0.025]]
[2026.03.04-05.14.18:792][  0]LogConfig: Applying CVar settings from Section [TextureQuality@3] File [C:/Users/titan/Downloads/RoadHopper4.27/Saved/Config/Windows/Scalability.ini]
[2026.03.04-05.14.18:792][  0]LogConfig: Setting CVar [[r.Streaming.MipBias:0]]
[2026.03.04-05.14.18:792][  0]LogConfig: Setting CVar [[r.Streaming.AmortizeCPUToGPUCopy:0]]
[2026.03.04-05.14.18:792][  0]LogConfig: Setting CVar [[r.Streaming.MaxNumTexturesToStreamPerFrame:0]]
[2026.03.04-05.14.18:792][  0]LogConfig: Setting CVar [[r.Streaming.Boost:1]]
[2026.03.04-05.14.18:792][  0]LogConfig: Setting CVar [[r.MaxAnisotropy:8]]
[2026.03.04-05.14.18:792][  0]LogConfig: Setting CVar [[r.VT.MaxAnisotropy:8]]
[2026.03.04-05.14.18:792][  0]LogConfig: Setting CVar [[r.Streaming.LimitPoolSizeToVRAM:0]]
[2026.03.04-05.14.18:792][  0]LogConfig: Setting CVar [[r.Streaming.PoolSize:1000]]
[2026.03.04-05.14.18:792][  0]LogConfig: Setting CVar [[r.Streaming.MaxEffectiveScreenSize:0]]
[2026.03.04-05.14.18:792][  0]LogConfig: Applying CVar settings from Section [EffectsQuality@3] File [C:/Users/titan/Downloads/RoadHopper4.27/Saved/Config/Windows/Scalability.ini]
[2026.03.04-05.14.18:792][  0]LogConfig: Setting CVar [[r.TranslucencyLightingVolumeDim:64]]
[2026.03.04-05.14.18:792][  0]LogConfig: Setting CVar [[r.RefractionQuality:2]]
[2026.03.04-05.14.18:792][  0]LogConfig: Setting CVar [[r.SSR.Quality:3]]
[2026.03.04-05.14.18:792][  0]LogConfig: Setting CVar [[r.SSR.HalfResSceneColor:0]]
[2026.03.04-05.14.18:792][  0]LogConfig: Setting CVar [[r.SceneColorFormat:4]]
[2026.03.04-05.14.18:792][  0]LogConfig: Setting CVar [[r.DetailMode:2]]
[2026.03.04-05.14.18:792][  0]LogConfig: Setting CVar [[r.TranslucencyVolumeBlur:1]]
[2026.03.04-05.14.18:792][  0]LogConfig: Setting CVar [[r.MaterialQualityLevel:1 ; High quality]]
[2026.03.04-05.14.18:792][  0]LogConfig: Setting CVar [[r.AnisotropicMaterials:1]]
[2026.03.04-05.14.18:792][  0]LogConfig: Setting CVar [[r.SSS.Scale:1]]
[2026.03.04-05.14.18:792][  0]LogConfig: Setting CVar [[r.SSS.SampleSet:2]]
[2026.03.04-05.14.18:792][  0]LogConfig: Setting CVar [[r.SSS.Quality:1]]
[2026.03.04-05.14.18:792][  0]LogConfig: Setting CVar [[r.SSS.HalfRes:0]]
[2026.03.04-05.14.18:792][  0]LogConfig: Setting CVar [[r.SSGI.Quality:3]]
[2026.03.04-05.14.18:792][  0]LogConfig: Setting CVar [[r.EmitterSpawnRateScale:1.0]]
[2026.03.04-05.14.18:792][  0]LogConfig: Setting CVar [[r.ParticleLightQuality:2]]
[2026.03.04-05.14.18:792][  0]LogConfig: Setting CVar [[r.SkyAtmosphere.AerialPerspectiveLUT.FastApplyOnOpaque:1 ; Always have FastSkyLUT 1 in this case to avoid wrong sky]]
[2026.03.04-05.14.18:792][  0]LogConfig: Setting CVar [[r.SkyAtmosphere.AerialPerspectiveLUT.SampleCountMaxPerSlice:4]]
[2026.03.04-05.14.18:792][  0]LogConfig: Setting CVar [[r.SkyAtmosphere.AerialPerspectiveLUT.DepthResolution:16.0]]
[2026.03.04-05.14.18:792][  0]LogConfig: Setting CVar [[r.SkyAtmosphere.FastSkyLUT:1]]
[2026.03.04-05.14.18:792][  0]LogConfig: Setting CVar [[r.SkyAtmosphere.FastSkyLUT.SampleCountMin:4.0]]
[2026.03.04-05.14.18:792][  0]LogConfig: Setting CVar [[r.SkyAtmosphere.FastSkyLUT.SampleCountMax:128.0]]
[2026.03.04-05.14.18:792][  0]LogConfig: Setting CVar [[r.SkyAtmosphere.SampleCountMin:4.0]]
[2026.03.04-05.14.18:792][  0]LogConfig: Setting CVar [[r.SkyAtmosphere.SampleCountMax:128.0]]
[2026.03.04-05.14.18:792][  0]LogConfig: Setting CVar [[r.SkyAtmosphere.TransmittanceLUT.UseSmallFormat:0]]
[2026.03.04-05.14.18:792][  0]LogConfig: Setting CVar [[r.SkyAtmosphere.TransmittanceLUT.SampleCount:10.0]]
[2026.03.04-05.14.18:792][  0]LogConfig: Setting CVar [[r.SkyAtmosphere.MultiScatteringLUT.SampleCount:15.0]]
[2026.03.04-05.14.18:792][  0]LogConfig: Setting CVar [[r.SkyLight.RealTimeReflectionCapture:1]]
[2026.03.04-05.14.18:792][  0]LogConfig: Applying CVar settings from Section [FoliageQuality@3] File [C:/Users/titan/Downloads/RoadHopper4.27/Saved/Config/Windows/Scalability.ini]
[2026.03.04-05.14.18:792][  0]LogConfig: Setting CVar [[foliage.DensityScale:1.0]]
[2026.03.04-05.14.18:792][  0]LogConfig: Setting CVar [[grass.DensityScale:1.0]]
[2026.03.04-05.14.18:792][  0]LogConfig: Applying CVar settings from Section [ShadingQuality@3] File [C:/Users/titan/Downloads/RoadHopper4.27/Saved/Config/Windows/Scalability.ini]
[2026.03.04-05.14.18:792][  0]LogConfig: Setting CVar [[r.HairStrands.SkyLighting.IntegrationType:2]]
[2026.03.04-05.14.18:792][  0]LogConfig: Setting CVar [[r.HairStrands.SkyAO.SampleCount:4]]
[2026.03.04-05.14.18:792][  0]LogConfig: Setting CVar [[r.HairStrands.Visibility.MSAA.SamplePerPixel:4]]
[2026.03.04-05.14.18:792][  0]LogInit: Selected Device Profile: [Windows]
[2026.03.04-05.14.18:792][  0]LogInit: Applying CVar settings loaded from the selected device profile: [Windows]
[2026.03.04-05.14.18:792][  0]LogHAL: Display: Platform has ~ 32 GB [34088599552 / 34359738368 / 32], which maps to Largest [LargestMinGB=32, LargerMinGB=12, DefaultMinGB=8, SmallerMinGB=6, SmallestMinGB=0)
[2026.03.04-05.14.18:792][  0]LogInit: Going up to parent DeviceProfile []
[2026.03.04-05.14.18:792][  0]LogConfig: Applying CVar settings from Section [ViewDistanceQuality@3] File [C:/Users/titan/Downloads/RoadHopper4.27/Saved/Config/Windows/Scalability.ini]
[2026.03.04-05.14.18:792][  0]LogConfig: Setting CVar [[r.SkeletalMeshLODBias:0]]
[2026.03.04-05.14.18:792][  0]LogConfig: Setting CVar [[r.ViewDistanceScale:1.0]]
[2026.03.04-05.14.18:792][  0]LogConfig: Applying CVar settings from Section [AntiAliasingQuality@3] File [C:/Users/titan/Downloads/RoadHopper4.27/Saved/Config/Windows/Scalability.ini]
[2026.03.04-05.14.18:792][  0]LogConfig: Setting CVar [[r.PostProcessAAQuality:4]]
[2026.03.04-05.14.18:792][  0]LogConfig: Applying CVar settings from Section [ShadowQuality@3] File [C:/Users/titan/Downloads/RoadHopper4.27/Saved/Config/Windows/Scalability.ini]
[2026.03.04-05.14.18:792][  0]LogConfig: Setting CVar [[r.LightFunctionQuality:1]]
[2026.03.04-05.14.18:792][  0]LogConfig: Setting CVar [[r.ShadowQuality:5]]
[2026.03.04-05.14.18:792][  0]LogConfig: Setting CVar [[r.Shadow.CSM.MaxCascades:10]]
[2026.03.04-05.14.18:792][  0]LogConfig: Setting CVar [[r.Shadow.MaxResolution:2048]]
[2026.03.04-05.14.18:792][  0]LogConfig: Setting CVar [[r.Shadow.MaxCSMResolution:2048]]
[2026.03.04-05.14.18:792][  0]LogConfig: Setting CVar [[r.Shadow.RadiusThreshold:0.01]]
[2026.03.04-05.14.18:792][  0]LogConfig: Setting CVar [[r.Shadow.DistanceScale:1.0]]
[2026.03.04-05.14.18:792][  0]LogConfig: Setting CVar [[r.Shadow.CSM.TransitionScale:1.0]]
[2026.03.04-05.14.18:792][  0]LogConfig: Setting CVar [[r.Shadow.PreShadowResolutionFactor:1.0]]
[2026.03.04-05.14.18:792][  0]LogConfig: Setting CVar [[r.DistanceFieldShadowing:1]]
[2026.03.04-05.14.18:792][  0]LogConfig: Setting CVar [[r.DistanceFieldAO:1]]
[2026.03.04-05.14.18:792][  0]LogConfig: Setting CVar [[r.AOQuality:2]]
[2026.03.04-05.14.18:792][  0]LogConfig: Setting CVar [[r.VolumetricFog:1]]
[2026.03.04-05.14.18:792][  0]LogConfig: Setting CVar [[r.VolumetricFog.GridPixelSize:8]]
[2026.03.04-05.14.18:792][  0]LogConfig: Setting CVar [[r.VolumetricFog.GridSizeZ:128]]
[2026.03.04-05.14.18:792][  0]LogConfig: Setting CVar [[r.VolumetricFog.HistoryMissSupersampleCount:4]]
[2026.03.04-05.14.18:792][  0]LogConfig: Setting CVar [[r.LightMaxDrawDistanceScale:1]]
[2026.03.04-05.14.18:792][  0]LogConfig: Setting CVar [[r.CapsuleShadows:1]]
[2026.03.04-05.14.18:792][  0]LogConfig: Applying CVar settings from Section [PostProcessQuality@3] File [C:/Users/titan/Downloads/RoadHopper4.27/Saved/Config/Windows/Scalability.ini]
[2026.03.04-05.14.18:792][  0]LogConfig: Setting CVar [[r.MotionBlurQuality:4]]
[2026.03.04-05.14.18:792][  0]LogConfig: Setting CVar [[r.AmbientOcclusionMipLevelFactor:0.4]]
[2026.03.04-05.14.18:792][  0]LogConfig: Setting CVar [[r.AmbientOcclusionMaxQuality:100]]
[2026.03.04-05.14.18:792][  0]LogConfig: Setting CVar [[r.AmbientOcclusionLevels:-1]]
[2026.03.04-05.14.18:792][  0]LogConfig: Setting CVar [[r.AmbientOcclusionRadiusScale:1.0]]
[2026.03.04-05.14.18:792][  0]LogConfig: Setting CVar [[r.DepthOfFieldQuality:2]]
[2026.03.04-05.14.18:792][  0]LogConfig: Setting CVar [[r.RenderTargetPoolMin:400]]
[2026.03.04-05.14.18:792][  0]LogConfig: Setting CVar [[r.LensFlareQuality:2]]
[2026.03.04-05.14.18:792][  0]LogConfig: Setting CVar [[r.SceneColorFringeQuality:1]]
[2026.03.04-05.14.18:792][  0]LogConfig: Setting CVar [[r.EyeAdaptationQuality:2]]
[2026.03.04-05.14.18:792][  0]LogConfig: Setting CVar [[r.BloomQuality:5]]
[2026.03.04-05.14.18:792][  0]LogConfig: Setting CVar [[r.FastBlurThreshold:100]]
[2026.03.04-05.14.18:792][  0]LogConfig: Setting CVar [[r.Upscale.Quality:3]]
[2026.03.04-05.14.18:792][  0]LogConfig: Setting CVar [[r.Tonemapper.GrainQuantization:1]]
[2026.03.04-05.14.18:792][  0]LogConfig: Setting CVar [[r.LightShaftQuality:1]]
[2026.03.04-05.14.18:792][  0]LogConfig: Setting CVar [[r.Filter.SizeScale:1]]
[2026.03.04-05.14.18:792][  0]LogConfig: Setting CVar [[r.Tonemapper.Quality:5]]
[2026.03.04-05.14.18:792][  0]LogConfig: Setting CVar [[r.DOF.Gather.AccumulatorQuality:1        ; higher gathering accumulator quality]]
[2026.03.04-05.14.18:792][  0]LogConfig: Setting CVar [[r.DOF.Gather.PostfilterMethod:1          ; Median3x3 postfilering method]]
[2026.03.04-05.14.18:792][  0]LogConfig: Setting CVar [[r.DOF.Gather.EnableBokehSettings:0       ; no bokeh simulation when gathering]]
[2026.03.04-05.14.18:792][  0]LogConfig: Setting CVar [[r.DOF.Gather.RingCount:4                 ; medium number of samples when gathering]]
[2026.03.04-05.14.18:792][  0]LogConfig: Setting CVar [[r.DOF.Scatter.ForegroundCompositing:1    ; additive foreground scattering]]
[2026.03.04-05.14.18:792][  0]LogConfig: Setting CVar [[r.DOF.Scatter.BackgroundCompositing:2    ; additive background scattering]]
[2026.03.04-05.14.18:792][  0]LogConfig: Setting CVar [[r.DOF.Scatter.EnableBokehSettings:1      ; bokeh simulation when scattering]]
[2026.03.04-05.14.18:792][  0]LogConfig: Setting CVar [[r.DOF.Scatter.MaxSpriteRatio:0.1         ; only a maximum of 10% of scattered bokeh]]
[2026.03.04-05.14.18:792][  0]LogConfig: Setting CVar [[r.DOF.Recombine.Quality:1                ; cheap slight out of focus]]
[2026.03.04-05.14.18:792][  0]LogConfig: Setting CVar [[r.DOF.Recombine.EnableBokehSettings:0    ; no bokeh simulation on slight out of focus]]
[2026.03.04-05.14.18:792][  0]LogConfig: Setting CVar [[r.DOF.TemporalAAQuality:1                ; more stable temporal accumulation]]
[2026.03.04-05.14.18:792][  0]LogConfig: Setting CVar [[r.DOF.Kernel.MaxForegroundRadius:0.025]]
[2026.03.04-05.14.18:792][  0]LogConfig: Setting CVar [[r.DOF.Kernel.MaxBackgroundRadius:0.025]]
[2026.03.04-05.14.18:792][  0]LogConfig: Applying CVar settings from Section [TextureQuality@3] File [C:/Users/titan/Downloads/RoadHopper4.27/Saved/Config/Windows/Scalability.ini]
[2026.03.04-05.14.18:792][  0]LogConfig: Setting CVar [[r.Streaming.MipBias:0]]
[2026.03.04-05.14.18:792][  0]LogConfig: Setting CVar [[r.Streaming.AmortizeCPUToGPUCopy:0]]
[2026.03.04-05.14.18:792][  0]LogConfig: Setting CVar [[r.Streaming.MaxNumTexturesToStreamPerFrame:0]]
[2026.03.04-05.14.18:792][  0]LogConfig: Setting CVar [[r.Streaming.Boost:1]]
[2026.03.04-05.14.18:792][  0]LogConfig: Setting CVar [[r.MaxAnisotropy:8]]
[2026.03.04-05.14.18:793][  0]LogConfig: Setting CVar [[r.VT.MaxAnisotropy:8]]
[2026.03.04-05.14.18:793][  0]LogConfig: Setting CVar [[r.Streaming.LimitPoolSizeToVRAM:0]]
[2026.03.04-05.14.18:793][  0]LogConfig: Setting CVar [[r.Streaming.PoolSize:1000]]
[2026.03.04-05.14.18:793][  0]LogConfig: Setting CVar [[r.Streaming.MaxEffectiveScreenSize:0]]
[2026.03.04-05.14.18:793][  0]LogConfig: Applying CVar settings from Section [EffectsQuality@3] File [C:/Users/titan/Downloads/RoadHopper4.27/Saved/Config/Windows/Scalability.ini]
[2026.03.04-05.14.18:793][  0]LogConfig: Setting CVar [[r.TranslucencyLightingVolumeDim:64]]
[2026.03.04-05.14.18:793][  0]LogConfig: Setting CVar [[r.RefractionQuality:2]]
[2026.03.04-05.14.18:793][  0]LogConfig: Setting CVar [[r.SSR.Quality:3]]
[2026.03.04-05.14.18:793][  0]LogConfig: Setting CVar [[r.SSR.HalfResSceneColor:0]]
[2026.03.04-05.14.18:793][  0]LogConfig: Setting CVar [[r.SceneColorFormat:4]]
[2026.03.04-05.14.18:793][  0]LogConfig: Setting CVar [[r.DetailMode:2]]
[2026.03.04-05.14.18:793][  0]LogConfig: Setting CVar [[r.TranslucencyVolumeBlur:1]]
[2026.03.04-05.14.18:793][  0]LogConfig: Setting CVar [[r.MaterialQualityLevel:1 ; High quality]]
[2026.03.04-05.14.18:793][  0]LogConfig: Setting CVar [[r.AnisotropicMaterials:1]]
[2026.03.04-05.14.18:793][  0]LogConfig: Setting CVar [[r.SSS.Scale:1]]
[2026.03.04-05.14.18:793][  0]LogConfig: Setting CVar [[r.SSS.SampleSet:2]]
[2026.03.04-05.14.18:793][  0]LogConfig: Setting CVar [[r.SSS.Quality:1]]
[2026.03.04-05.14.18:793][  0]LogConfig: Setting CVar [[r.SSS.HalfRes:0]]
[2026.03.04-05.14.18:793][  0]LogConfig: Setting CVar [[r.SSGI.Quality:3]]
[2026.03.04-05.14.18:793][  0]LogConfig: Setting CVar [[r.EmitterSpawnRateScale:1.0]]
[2026.03.04-05.14.18:793][  0]LogConfig: Setting CVar [[r.ParticleLightQuality:2]]
[2026.03.04-05.14.18:793][  0]LogConfig: Setting CVar [[r.SkyAtmosphere.AerialPerspectiveLUT.FastApplyOnOpaque:1 ; Always have FastSkyLUT 1 in this case to avoid wrong sky]]
[2026.03.04-05.14.18:793][  0]LogConfig: Setting CVar [[r.SkyAtmosphere.AerialPerspectiveLUT.SampleCountMaxPerSlice:4]]
[2026.03.04-05.14.18:793][  0]LogConfig: Setting CVar [[r.SkyAtmosphere.AerialPerspectiveLUT.DepthResolution:16.0]]
[2026.03.04-05.14.18:793][  0]LogConfig: Setting CVar [[r.SkyAtmosphere.FastSkyLUT:1]]
[2026.03.04-05.14.18:793][  0]LogConfig: Setting CVar [[r.SkyAtmosphere.FastSkyLUT.SampleCountMin:4.0]]
[2026.03.04-05.14.18:793][  0]LogConfig: Setting CVar [[r.SkyAtmosphere.FastSkyLUT.SampleCountMax:128.0]]
[2026.03.04-05.14.18:793][  0]LogConfig: Setting CVar [[r.SkyAtmosphere.SampleCountMin:4.0]]
[2026.03.04-05.14.18:793][  0]LogConfig: Setting CVar [[r.SkyAtmosphere.SampleCountMax:128.0]]
[2026.03.04-05.14.18:793][  0]LogConfig: Setting CVar [[r.SkyAtmosphere.TransmittanceLUT.UseSmallFormat:0]]
[2026.03.04-05.14.18:793][  0]LogConfig: Setting CVar [[r.SkyAtmosphere.TransmittanceLUT.SampleCount:10.0]]
[2026.03.04-05.14.18:793][  0]LogConfig: Setting CVar [[r.SkyAtmosphere.MultiScatteringLUT.SampleCount:15.0]]
[2026.03.04-05.14.18:793][  0]LogConfig: Setting CVar [[r.SkyLight.RealTimeReflectionCapture:1]]
[2026.03.04-05.14.18:793][  0]LogConfig: Applying CVar settings from Section [FoliageQuality@3] File [C:/Users/titan/Downloads/RoadHopper4.27/Saved/Config/Windows/Scalability.ini]
[2026.03.04-05.14.18:793][  0]LogConfig: Setting CVar [[foliage.DensityScale:1.0]]
[2026.03.04-05.14.18:793][  0]LogConfig: Setting CVar [[grass.DensityScale:1.0]]
[2026.03.04-05.14.18:793][  0]LogConfig: Applying CVar settings from Section [ShadingQuality@3] File [C:/Users/titan/Downloads/RoadHopper4.27/Saved/Config/Windows/Scalability.ini]
[2026.03.04-05.14.18:793][  0]LogConfig: Setting CVar [[r.HairStrands.SkyLighting.IntegrationType:2]]
[2026.03.04-05.14.18:793][  0]LogConfig: Setting CVar [[r.HairStrands.SkyAO.SampleCount:4]]
[2026.03.04-05.14.18:793][  0]LogConfig: Setting CVar [[r.HairStrands.Visibility.MSAA.SamplePerPixel:4]]
[2026.03.04-05.14.18:793][  0]LogConfig: Applying CVar settings from Section [Startup] File [../../../Engine/Config/ConsoleVariables.ini]
[2026.03.04-05.14.18:793][  0]LogConfig: Setting CVar [[net.UseAdaptiveNetUpdateFrequency:0]]
[2026.03.04-05.14.18:793][  0]LogConfig: Setting CVar [[p.chaos.AllowCreatePhysxBodies:1]]
[2026.03.04-05.14.18:793][  0]LogConfig: Setting CVar [[fx.SkipVectorVMBackendOptimizations:1]]
[2026.03.04-05.14.18:793][  0]LogConfig: Applying CVar settings from Section [ConsoleVariables] File [C:/Users/titan/Downloads/RoadHopper4.27/Saved/Config/Windows/Engine.ini]
[2026.03.04-05.14.18:793][  0]LogConfig: Applying CVar settings from Section [ConsoleVariables] File [C:/Users/titan/Downloads/RoadHopper4.27/Saved/Config/Windows/Editor.ini]
[2026.03.04-05.14.18:793][  0]LogInit: Computer: TITANPC
[2026.03.04-05.14.18:793][  0]LogInit: User: titan
[2026.03.04-05.14.18:793][  0]LogInit: CPU Page size=4096, Cores=10
[2026.03.04-05.14.18:793][  0]LogInit: High frequency timer resolution =10.000000 MHz
[2026.03.04-05.14.18:793][  0]LogMemory: Memory total: Physical=31.7GB (32GB approx)
[2026.03.04-05.14.18:793][  0]LogMemory: Platform Memory Stats for Windows
[2026.03.04-05.14.18:793][  0]LogMemory: Process Physical Memory: 152.29 MB used, 152.29 MB peak
[2026.03.04-05.14.18:793][  0]LogMemory: Process Virtual Memory: 131.34 MB used, 131.34 MB peak
[2026.03.04-05.14.18:793][  0]LogMemory: Physical Memory: 14715.81 MB used,  17793.61 MB free, 32509.42 MB total
[2026.03.04-05.14.18:793][  0]LogMemory: Virtual Memory: 134199608.00 MB used,  18119.14 MB free, 134217728.00 MB total
[2026.03.04-05.14.18:797][  0]LogWindows: WindowsPlatformFeatures enabled
[2026.03.04-05.14.18:831][  0]LogInit: Physics initialised using underlying interface: PhysX
[2026.03.04-05.14.18:832][  0]LogInit: Using OS detected language (en-US).
[2026.03.04-05.14.18:832][  0]LogInit: Using OS detected locale (en-CA).
[2026.03.04-05.14.18:833][  0]LogTextLocalizationManager: No specific localization for 'en-US' exists, so the 'en' localization will be used.
[2026.03.04-05.14.18:958][  0]LogInit: Setting process to per monitor DPI aware
[2026.03.04-05.14.18:971][  0]LogWindowsTextInputMethodSystem: Display: IME system deactivated.
[2026.03.04-05.14.18:982][  0]LogSlate: New Slate User Created.  User Index 0, Is Virtual User: 0
[2026.03.04-05.14.18:982][  0]LogSlate: Slate User Registered.  User Index 0, Is Virtual User: 0
[2026.03.04-05.14.19:103][  0]LogD3D11RHI: Loaded GFSDK_Aftermath_Lib.x64.dll
[2026.03.04-05.14.19:111][  0]LogHMD: Failed to initialize OpenVR with code 110
[2026.03.04-05.14.19:111][  0]LogD3D11RHI: D3D11 min allowed feature level: 11_0
[2026.03.04-05.14.19:111][  0]LogD3D11RHI: D3D11 max allowed feature level: 11_0
[2026.03.04-05.14.19:111][  0]LogD3D11RHI: D3D11 adapters:
[2026.03.04-05.14.19:251][  0]LogD3D11RHI:    0. 'NVIDIA GeForce RTX 3080' (Feature Level 11_0)
[2026.03.04-05.14.19:251][  0]LogD3D11RHI:       12093/0/16254 MB DedicatedVideo/DedicatedSystem/SharedSystem, Outputs:3, VendorId:0x10de
[2026.03.04-05.14.19:253][  0]LogD3D11RHI:    1. 'Microsoft Basic Render Driver' (Feature Level 11_0)
[2026.03.04-05.14.19:253][  0]LogD3D11RHI:       0/0/16254 MB DedicatedVideo/DedicatedSystem/SharedSystem, Outputs:0, VendorId:0x1414
[2026.03.04-05.14.19:253][  0]LogD3D11RHI: Chosen D3D11 Adapter:
[2026.03.04-05.14.19:253][  0]LogD3D11RHI:     Description : NVIDIA GeForce RTX 3080
[2026.03.04-05.14.19:253][  0]LogD3D11RHI:     VendorId    : 10de
[2026.03.04-05.14.19:253][  0]LogD3D11RHI:     DeviceId    : 220a
[2026.03.04-05.14.19:253][  0]LogD3D11RHI:     SubSysId    : 48773842
[2026.03.04-05.14.19:253][  0]LogD3D11RHI:     Revision    : 00a1
[2026.03.04-05.14.19:253][  0]LogD3D11RHI:     DedicatedVideoMemory : 12680429568 bytes
[2026.03.04-05.14.19:253][  0]LogD3D11RHI:     DedicatedSystemMemory : 0 bytes
[2026.03.04-05.14.19:253][  0]LogD3D11RHI:     SharedSystemMemory : 17044299776 bytes
[2026.03.04-05.14.19:253][  0]LogD3D11RHI:     AdapterLuid : 0 54500
[2026.03.04-05.14.19:260][  0]LogD3D11RHI: Creating new Direct3DDevice
[2026.03.04-05.14.19:260][  0]LogD3D11RHI:     GPU DeviceId: 0x220a (for the marketing name, search the web for "GPU Device Id")
[2026.03.04-05.14.19:260][  0]LogWindows: EnumDisplayDevices:
[2026.03.04-05.14.19:260][  0]LogWindows:    0. 'NVIDIA GeForce RTX 3080' (P:1 D:1)
[2026.03.04-05.14.19:260][  0]LogWindows:    1. 'NVIDIA GeForce RTX 3080' (P:0 D:1)
[2026.03.04-05.14.19:260][  0]LogWindows:    2. 'NVIDIA GeForce RTX 3080' (P:0 D:1)
[2026.03.04-05.14.19:261][  0]LogWindows:    3. 'NVIDIA GeForce RTX 3080' (P:0 D:0)
[2026.03.04-05.14.19:261][  0]LogWindows: DebugString: FoundDriverCount:4 
[2026.03.04-05.14.19:261][  0]LogD3D11RHI:     Adapter Name: NVIDIA GeForce RTX 3080
[2026.03.04-05.14.19:261][  0]LogD3D11RHI:   Driver Version: 591.86 (internal:32.0.15.9186, unified:591.86)
[2026.03.04-05.14.19:261][  0]LogD3D11RHI:      Driver Date: 1-20-2026
[2026.03.04-05.14.19:261][  0]LogRHI: Texture pool is 8465 MB (70% of 12093 MB)
[2026.03.04-05.14.19:261][  0]LogD3D11RHI: Creating D3DDevice using adapter:
[2026.03.04-05.14.19:261][  0]LogD3D11RHI:     Description : NVIDIA GeForce RTX 3080
[2026.03.04-05.14.19:261][  0]LogD3D11RHI:     VendorId    : 10de
[2026.03.04-05.14.19:261][  0]LogD3D11RHI:     DeviceId    : 220a
[2026.03.04-05.14.19:261][  0]LogD3D11RHI:     SubSysId    : 48773842
[2026.03.04-05.14.19:261][  0]LogD3D11RHI:     Revision    : 00a1
[2026.03.04-05.14.19:261][  0]LogD3D11RHI:     DedicatedVideoMemory : 12680429568 bytes
[2026.03.04-05.14.19:261][  0]LogD3D11RHI:     DedicatedSystemMemory : 0 bytes
[2026.03.04-05.14.19:261][  0]LogD3D11RHI:     SharedSystemMemory : 17044299776 bytes
[2026.03.04-05.14.19:261][  0]LogD3D11RHI:     AdapterLuid : 0 54500
[2026.03.04-05.14.19:367][  0]LogD3D11RHI: RHI has support for 64 bit atomics
[2026.03.04-05.14.19:367][  0]LogD3D11RHI: Async texture creation enabled
[2026.03.04-05.14.19:368][  0]LogD3D11RHI: Array index from any shader is supported
[2026.03.04-05.14.19:369][  0]LogD3D11RHI: HDR output is supported on display 0 (NvId: 0x80061082).
[2026.03.04-05.14.19:384][  0]LogD3D11RHI: GPU Timing Frequency: 1000.000000 (Debug: 2 2)
[2026.03.04-05.14.19:407][  0]LogRHI: GeForceNow SDK initialized: 1
[2026.03.04-05.14.19:631][  0]LogTargetPlatformManager: Display: Loaded TargetPlatform 'AllDesktop'
[2026.03.04-05.14.19:645][  0]LogTargetPlatformManager: Display: Loaded TargetPlatform 'Android'
[2026.03.04-05.14.19:645][  0]LogTargetPlatformManager: Display: Loaded TargetPlatform 'Android_ASTC'
[2026.03.04-05.14.19:645][  0]LogTargetPlatformManager: Display: Loaded TargetPlatform 'Android_DXT'
[2026.03.04-05.14.19:645][  0]LogTargetPlatformManager: Display: Loaded TargetPlatform 'Android_ETC2'
[2026.03.04-05.14.19:645][  0]LogTargetPlatformManager: Display: Loaded TargetPlatform 'AndroidClient'
[2026.03.04-05.14.19:645][  0]LogTargetPlatformManager: Display: Loaded TargetPlatform 'Android_ASTCClient'
[2026.03.04-05.14.19:645][  0]LogTargetPlatformManager: Display: Loaded TargetPlatform 'Android_DXTClient'
[2026.03.04-05.14.19:645][  0]LogTargetPlatformManager: Display: Loaded TargetPlatform 'Android_ETC2Client'
[2026.03.04-05.14.19:645][  0]LogTargetPlatformManager: Display: Loaded TargetPlatform 'Android_Multi'
[2026.03.04-05.14.19:645][  0]LogTargetPlatformManager: Display: Loaded TargetPlatform 'Android_MultiClient'
[2026.03.04-05.14.19:659][  0]LogTargetPlatformManager: Display: Loaded TargetPlatform 'IOSClient'
[2026.03.04-05.14.19:659][  0]LogTargetPlatformManager: Display: Loaded TargetPlatform 'IOS'
[2026.03.04-05.14.19:666][  0]LogTargetPlatformManager: Display: Loaded TargetPlatform 'Linux'
[2026.03.04-05.14.19:670][  0]LogTargetPlatformManager: Display: Loaded TargetPlatform 'LinuxNoEditor'
[2026.03.04-05.14.19:673][  0]LogTargetPlatformManager: Display: Loaded TargetPlatform 'LinuxClient'
[2026.03.04-05.14.19:677][  0]LogTargetPlatformManager: Display: Loaded TargetPlatform 'LinuxServer'
[2026.03.04-05.14.19:683][  0]LogTargetPlatformManager: Display: Loaded TargetPlatform 'LinuxAArch64NoEditor'
[2026.03.04-05.14.19:687][  0]LogTargetPlatformManager: Display: Loaded TargetPlatform 'LinuxAArch64Client'
[2026.03.04-05.14.19:690][  0]LogTargetPlatformManager: Display: Loaded TargetPlatform 'LinuxAArch64Server'
[2026.03.04-05.14.19:706][  0]LogTargetPlatformManager: Display: Loaded TargetPlatform 'Lumin'
[2026.03.04-05.14.19:706][  0]LogTargetPlatformManager: Display: Loaded TargetPlatform 'LuminClient'
[2026.03.04-05.14.19:712][  0]LogTargetPlatformManager: Display: Loaded TargetPlatform 'MacNoEditor'
[2026.03.04-05.14.19:716][  0]LogTargetPlatformManager: Display: Loaded TargetPlatform 'Mac'
[2026.03.04-05.14.19:719][  0]LogTargetPlatformManager: Display: Loaded TargetPlatform 'MacClient'
[2026.03.04-05.14.19:723][  0]LogTargetPlatformManager: Display: Loaded TargetPlatform 'MacServer'
[2026.03.04-05.14.19:731][  0]LogTargetPlatformManager: Display: Loaded TargetPlatform 'TVOSClient'
[2026.03.04-05.14.19:731][  0]LogTargetPlatformManager: Display: Loaded TargetPlatform 'TVOS'
[2026.03.04-05.14.19:737][  0]LogTargetPlatformManager: Display: Loaded TargetPlatform 'WindowsNoEditor'
[2026.03.04-05.14.19:741][  0]LogTargetPlatformManager: Display: Loaded TargetPlatform 'Windows'
[2026.03.04-05.14.19:745][  0]LogTargetPlatformManager: Display: Loaded TargetPlatform 'WindowsClient'
[2026.03.04-05.14.19:748][  0]LogTargetPlatformManager: Display: Loaded TargetPlatform 'WindowsServer'
[2026.03.04-05.14.19:748][  0]LogTargetPlatformManager: Display: Building Assets For Windows
[2026.03.04-05.14.19:753][  0]LogAudioDebug: Display: Lib vorbis DLL was dynamically loaded.
[2026.03.04-05.14.19:776][  0]LogTextureFormatOodle: Display: Oodle Texture 2.9.0 init RDO Off
[2026.03.04-05.14.19:800][  0]LogRendererCore: Ray tracing is disabled. Reason: r.RayTracing=0.
[2026.03.04-05.14.19:800][  0]LogShaderCompilers: Guid format shader working directory is 6 characters bigger than the processId version (C:/Users/titan/Downloads/RoadHopper4.27/Intermediate/Shaders/WorkingDirectory/23340/).
[2026.03.04-05.14.19:800][  0]LogShaderCompilers: Cleaned the shader compiler working directory 'C:/Users/titan/AppData/Local/Temp/UnrealShaderWorkingDir/4C8CCE5D435703CCD4A0B1947431D14E/'.
[2026.03.04-05.14.19:800][  0]LogXGEController: Cannot use XGE Controller as Incredibuild is not installed on this machine.
[2026.03.04-05.14.19:800][  0]LogShaderCompilers: Cannot use XGE Shader Compiler as Incredibuild is not installed on this machine.
[2026.03.04-05.14.19:800][  0]LogShaderCompilers: Display: Using Local Shader Compiler.
[2026.03.04-05.14.20:350][  0]LogDerivedDataCache: Display: Max Cache Size: 512 MB
[2026.03.04-05.14.20:399][  0]LogDerivedDataCache: Loaded boot cache 0.05s 96MB C:/Users/titan/AppData/Local/UnrealEngine/4.27/DerivedDataCache/Boot.ddc.
[2026.03.04-05.14.20:399][  0]LogDerivedDataCache: Display: Loaded Boot cache: C:/Users/titan/AppData/Local/UnrealEngine/4.27/DerivedDataCache/Boot.ddc
[2026.03.04-05.14.20:399][  0]LogDerivedDataCache: FDerivedDataBackendGraph:  Pak pak cache file C:/Users/titan/Downloads/RoadHopper4.27/DerivedDataCache/DDC.ddp not found, will not use a pak cache.
[2026.03.04-05.14.20:399][  0]LogDerivedDataCache: Unable to find inner node Pak for hierarchical cache Hierarchy.
[2026.03.04-05.14.20:399][  0]LogDerivedDataCache: FDerivedDataBackendGraph:  CompressedPak pak cache file C:/Users/titan/Downloads/RoadHopper4.27/DerivedDataCache/Compressed.ddp not found, will not use a pak cache.
[2026.03.04-05.14.20:399][  0]LogDerivedDataCache: Unable to find inner node CompressedPak for hierarchical cache Hierarchy.
[2026.03.04-05.14.20:411][  0]LogDerivedDataCache: Display: Pak cache opened for reading ../../../Engine/DerivedDataCache/Compressed.ddp.
[2026.03.04-05.14.20:411][  0]LogDerivedDataCache: FDerivedDataBackendGraph:  EnterprisePak pak cache file ../../../Enterprise/DerivedDataCache/Compressed.ddp not found, will not use a pak cache.
[2026.03.04-05.14.20:411][  0]LogDerivedDataCache: Unable to find inner node EnterprisePak for hierarchical cache Hierarchy.
[2026.03.04-05.14.20:420][  0]LogDerivedDataCache: Speed tests for C:/Users/titan/AppData/Local/UnrealEngine/Common/DerivedDataCache took 0.01 seconds
[2026.03.04-05.14.20:420][  0]LogDerivedDataCache: Display: Performance to C:/Users/titan/AppData/Local/UnrealEngine/Common/DerivedDataCache: Latency=0.02ms. RandomReadSpeed=1668.20MBs, RandomWriteSpeed=119.85MBs. Assigned SpeedClass 'Local'
[2026.03.04-05.14.20:421][  0]LogDerivedDataCache: Using Local data cache path C:/Users/titan/AppData/Local/UnrealEngine/Common/DerivedDataCache: Writable
[2026.03.04-05.14.20:422][  0]LogDerivedDataCache: Shared data cache path not found in *engine.ini, will not use an Shared cache.
[2026.03.04-05.14.20:422][  0]LogDerivedDataCache: Unable to find inner node Shared for hierarchical cache Hierarchy.
[2026.03.04-05.14.20:453][  0]LogSlate: Using FreeType 2.10.0
[2026.03.04-05.14.20:454][  0]LogSlate: SlateFontServices - WITH_FREETYPE: 1, WITH_HARFBUZZ: 1
[2026.03.04-05.14.20:474][  0]LogAssetRegistry: FAssetRegistry took 0.0020 seconds to start up
[2026.03.04-05.14.20:626][  0]LogInit: Selected Device Profile: [Windows]
[2026.03.04-05.14.20:626][  0]LogInit: Active device profile: [0000023D321CCF00][0000023D32B2A740 49] Windows
[2026.03.04-05.14.20:626][  0]LogInit: Profiles: [0000023D321CCF00][0000023D32B2A740 49] Windows, [0000023D3218A400][0000023D32B2E880 49] WindowsNoEditor, [0000023D321CDF00][0000023D32B329C0 49] WindowsServer, [0000023D32189500][0000023D32B3AB40 49] WindowsClient, [0000023D321CD200][0000023D32B3ECC0 49] IOS, [0000023D3218BA00][0000023D32B42E40 49] iPadAir, [0000023D321CF300][0000023D32B46FC0 49] iPadAir2, [0000023D320D9300][0000023D32B4F280 49] IPadPro, [0000023D320D9400][0000023D32B4B2C0 49] iPadAir3, [0000023D32188B00][0000023D32B53440 49] iPadAir4, [0000023D320DA100][0000023D32B575C0 49] iPadMini2, [0000023D3218B400][0000023D32B5B740 49] iPadMini3, [0000023D320DAC00][0000023D32B5F8C0 49] iPadMini4, [0000023D3218A600][0000023D32B63A40 49] iPadMini5, [0000023D320FCE00][0000023D32B6A180 49] iPhone6, [0000023D320FCF00][0000023D32B661C0 49] iPodTouch6, [0000023D321CF700][0000023D32B8A480 49] iPhone7, [0000023D321CE800][0000023D32B6E4C0 49] iPodTouch7, [0000023D320D9100][0000023D32BA8640 49] iPhone5S, [0000023D321CD100][0000023D32B36780 49] iPhone6Plus, [0000023D320DAA00][0000023D32BAC8C0 49] iPhone6S, [0000023D321CDA00][0000023D32BB0A00 49] iPhone6SPlus, [0000023D320FC100][0000023D32BB4B40 49] iPhone7Plus, [0000023D320D9D00][0000023D32BBCCC0 49] iPhoneSE, [0000023D320FCC00][0000023D32BC0E40 49] iPhone8, [0000023D320D8400][0000023D32BC4FC0 49] iPhone8Plus, [0000023D320FEA00][0000023D32BC9140 49] iPhoneX, [0000023D320DBC00][0000023D32BCD2C0 49] iPhoneXS, [0000023D320FE900][0000023D32BD1440 49] iPhoneXSMax, [0000023D320D8B00][0000023D32BD55C0 49] iPhoneXR, [0000023D321CF800][0000023D32BD9740 49] iPhone11, [0000023D320DBD00][0000023D32BDD8C0 49] iPhone11Pro, [0000023D321CDB00][0000023D32BE1A40 49] iPhone11ProMax, [0000023D320D9500][0000023D32BE5BC0 49] iPhoneSE2, [0000023D321CDE00][0000023D32BE81C0 49] iPhone12Mini, [0000023D320DB100][0000023D32BEC340 49] iPhone12, [0000023D321CF400][0000023D32BF04C0 49] iPhone12Pro, [0000023D320D8D00][0000023D32BF4640 49] iPhone12ProMax, [0000023D321CFC00][0000023D32BF87C0 49] iPadPro105, [0000023D320DB700][0000023D32C04940 49] iPadPro129, [0000023D321CEA00][0000023D32BB8A80 49] iPadPro97, [0000023D320D8900][0000023D32C08BC0 49] iPadPro2_129, [0000023D321CC800][0000023D32C0CD00 49] iPad5, [0000023D320D9000][0000023D32C14E80 49] iPad6, [0000023D321CC400][0000023D32C19000 49] iPad7, [0000023D320DAB00][0000023D32C1D180 49] iPad8, [0000023D321CF500][0000023D32C21300 49] iPadPro11, [0000023D320D9800][0000023D32C65480 49] iPadPro2_11, [0000023D321CC900][0000023D32C69600 49] iPadPro3_129, [0000023D320DA800][0000023D32C6D780 49] iPadPro4_129, [0000023D321CEE00][0000023D32C71900 49] AppleTV, [0000023D320DBE00][0000023D32C75A80 49] AppleTV4K, [0000023D321CC500][0000023D32C79C00 49] TVOS, [0000023D320D9700][0000023D32C7C200 49] Mac, [0000023D321CE300][0000023D32C80380 49] MacClient, [0000023D320D8800][0000023D32C84500 49] MacNoEditor, [0000023D321CD000][0000023D32CC4680 49] MacServer, [0000023D320D8500][0000023D32CC8800 49] Linux, [0000023D321CEB00][0000023D32CCC980 49] LinuxAArch64, [0000023D320D9600][0000023D32CD0B00 49] LinuxNoEditor, [0000023D321CE100][0000023D32C10C40 49] LinuxAArch64NoEditor, [0000023D320DB900][0000023D32CD4D80 49] LinuxClient, [0000023D321CE600][0000023D32CD8EC0 49] LinuxAArch64Client, [0000023D320DA300][0000023D32CE1040 49] LinuxServer, [0000023D321CC700][0000023D32CE51C0 49] LinuxAArch64Server, [0000023D320D9A00][0000023D32CE9340 49] Android, [0000023D321CE200][0000023D32CED4C0 49] Android_Low, [0000023D320D9C00][0000023D32CF1640 49] Android_Mid, [0000023D321CD300][0000023D32CF57C0 49] Android_High, [0000023D320D8E00][0000023D32CF9940 49] Android_Default, [0000023D321CF600][0000023D32CFDAC0 49] Android_Adreno4xx, [0000023D320D8F00][0000023D32D000C0 49] Android_Adreno5xx_Low, [0000023D321CFB00][0000023D32D04240 49] Android_Adreno5xx, [0000023D320DBA00][0000023D32D083C0 49] Android_Adreno6xx, [0000023D321CCB00][0000023D32D0C540 49] Android_Adreno6xx_Vulkan, [0000023D320D9900][0000023D32D5C6C0 49] Android_Mali_T6xx, [0000023D321CCA00][0000023D32D64840 49] Android_Mali_T7xx, [0000023D32189400][0000023D32D689C0 49] Android_Mali_T8xx, [0000023D320FC500][0000023D32D6CB40 49] Android_Mali_G71, [0000023D32188600][0000023D33D80CC0 49] Android_Mali_G72, [0000023D320FC300][0000023D32CDCE00 49] Android_Mali_G72_Vulkan, [0000023D3218B300][0000023D33D84F40 49] Android_Mali_G76, [0000023D320FD000][0000023D33D89080 49] Android_Mali_G76_Vulkan, [0000023D3218A000][0000023D33D8D1C0 49] Android_Mali_G77, [0000023D320FEF00][0000023D33D95340 49] Android_Mali_G77_Vulkan, [0000023D32188E00][0000023D33D994C0 49] Android_Mali_G78, [0000023D320FF100][0000023D33D9D640 49] Android_Mali_G78_Vulkan, [0000023D32188800][0000023D33DA17C0 49] Android_Mali_G710, [0000023D320FEC00][0000023D33DA5940 49] Android_Mali_G710_Vulkan, [0000023D3218B600][0000023D33DA9AC0 49] Android_Vulkan_SM5, [0000023D320FF500][0000023D33DAC0C0 49] Android_PowerVR_G6xxx, [0000023D32189900][0000023D33DB0240 49] Android_PowerVR_GT7xxx, [0000023D320FDD00][0000023D33DF63C0 49] Android_PowerVR_GE8xxx, [0000023D3218AD00][0000023D33E5A540 49] Android_PowerVR_GM9xxx, [0000023D320FC800][0000023D33E5E6C0 49] Android_PowerVR_GM9xxx_Vulkan, [0000023D3218B100][0000023D33E62840 49] Android_TegraK1, [0000023D320FD200][0000023D33E669C0 49] Android_Unknown_Vulkan, [0000023D3218A300][0000023D33E6AB40 49] Lumin, [0000023D320FF700][0000023D33E6ECC0 49] Lumin_Desktop, [0000023D3218A800][0000023D33E72E40 49] HoloLens, 
[2026.03.04-05.14.20:726][  0]LogMeshReduction: Using QuadricMeshReduction for automatic static mesh reduction
[2026.03.04-05.14.20:726][  0]LogMeshReduction: Using SimplygonMeshReduction for automatic skeletal mesh reduction
[2026.03.04-05.14.20:726][  0]LogMeshReduction: Using ProxyLODMeshReduction for automatic mesh merging
[2026.03.04-05.14.20:726][  0]LogMeshReduction: No distributed automatic mesh merging module available
[2026.03.04-05.14.20:726][  0]LogMeshMerging: No distributed automatic mesh merging module available
[2026.03.04-05.14.20:739][  0]LogNetVersion: RoadHopper 1.0.0, NetCL: 17155196, EngineNetVer: 17, GameNetVer: 0 (Checksum: 3032267352)
[2026.03.04-05.14.21:042][  0]LogTexture: Default maximum texture size for cubemaps generated from long-lat sources has been changed from 512 to unlimited. In order to preserve old behaiour for '/Engine/MapTemplates/Sky/DaylightAmbientCubemap.DaylightAmbientCubemap', its maximum texture size has been explicitly set to 512.
[2026.03.04-05.14.21:087][  0]LogHMD: PokeAHoleMaterial loaded successfully
[2026.03.04-05.14.21:092][  0]LogUObjectArray: 17178 objects as part of root set at end of initial load.
[2026.03.04-05.14.21:092][  0]LogUObjectAllocator: 4302048 out of 0 bytes used by permanent object pool.
[2026.03.04-05.14.21:092][  0]LogUObjectArray: CloseDisregardForGC: 0/0 objects in disregard for GC pool
[2026.03.04-05.14.21:226][  0]LogNiagaraDebuggerClient: Niagara Debugger Client Initialized | Session: E3C4411E4FC660CF0EE0DD979494D4AD | Instance: 50F3C13945561029B7FA7A824D4965E2 (TITANPC-23340).
[2026.03.04-05.14.21:253][  0]LogPython: Using Python 3.7.7
[2026.03.04-05.14.21:653][  0]LogUdpMessaging: Initializing bridge on interface 0.0.0.0:0 to multicast group 230.0.0.1:6666.
[2026.03.04-05.14.21:659][  0]LogTcpMessaging: Initializing TcpMessaging bridge
[2026.03.04-05.14.21:841][  0]SourceControl: Source control is disabled
[2026.03.04-05.14.21:841][  0]SourceControl: Source control is disabled
[2026.03.04-05.14.21:846][  0]SourceControl: Source control is disabled
[2026.03.04-05.14.21:849][  0]SourceControl: Source control is disabled
[2026.03.04-05.14.21:853][  0]SourceControl: Source control is disabled
[2026.03.04-05.14.21:859][  0]LogUProjectInfo: Found projects:
[2026.03.04-05.14.21:863][  0]LogVSAccessor: Display: Unable to create Visual Studio setup instance: 80040154
[2026.03.04-05.14.21:863][  0]LogVSAccessor: Display: Unable to create Visual Studio setup instance: 80040154
[2026.03.04-05.14.21:864][  0]LogVSAccessor: Display: Unable to create Visual Studio setup instance: 80040154
[2026.03.04-05.14.21:969][  0]LogOpenImageDenoise: OIDN starting up
[2026.03.04-05.14.22:015][  0]LogAndroidPermission: UAndroidPermissionCallbackProxy::GetInstance
[2026.03.04-05.14.22:033][  0]LogAudioCaptureCore: Display: No Audio Capture implementations found. Audio input will be silent.
[2026.03.04-05.14.22:033][  0]LogAudioCaptureCore: Display: No Audio Capture implementations found. Audio input will be silent.
[2026.03.04-05.14.22:182][  0]LogOcInput: OculusInput pre-init called
[2026.03.04-05.14.22:338][  0]LogCollectionManager: Loaded 0 collections in 0.000505 seconds
[2026.03.04-05.14.22:388][  0]LogFileCache: Scanning file cache for directory 'C:/Users/titan/Downloads/RoadHopper4.27/Saved/Collections/' took 0.00s
[2026.03.04-05.14.22:388][  0]LogFileCache: Scanning file cache for directory 'C:/Users/titan/Downloads/RoadHopper4.27/Content/Developers/titan/Collections/' took 0.00s
[2026.03.04-05.14.22:388][  0]LogFileCache: Scanning file cache for directory 'C:/Users/titan/Downloads/RoadHopper4.27/Content/Collections/' took 0.00s
[2026.03.04-05.14.22:388][  0]LogEngine: Initializing Engine...
[2026.03.04-05.14.22:438][  0]LogHMD: Failed to enumerate extensions. Please check that you have a valid OpenXR runtime installed.
[2026.03.04-05.14.22:438][  0]LogHMD: Failed to initialize OpenVR with code 110
[2026.03.04-05.14.22:438][  0]LogMagicLeap: Warning: VR disabled because ZI is not enabled.  To enable, in the editor, Edit -> Project Settings -> Plugins -> Magic Leap Plugin -> Enable Zero Iteration
[2026.03.04-05.14.22:439][  0]LogStats: UGameplayTagsManager::InitializeManager -  0.000 s
[2026.03.04-05.14.22:524][  0]LogInit: Initializing FReadOnlyCVARCache
[2026.03.04-05.14.22:530][  0]LogAIModule: Creating AISystem for world Untitled
[2026.03.04-05.14.22:533][  0]LogAudio: Display: Initializing Audio Device Manager...
[2026.03.04-05.14.22:536][  0]LogAudio: Display: Loading Default Audio Settings Objects...
[2026.03.04-05.14.22:536][  0]LogAudio: Display: No default SoundConcurrencyObject specified (or failed to load).
[2026.03.04-05.14.22:536][  0]LogAudio: Display: Audio Device Manager Initialized
[2026.03.04-05.14.22:536][  0]LogAudio: Display: Creating Audio Device:                 Id: 1, Scope: Shared, Realtime: True
[2026.03.04-05.14.22:536][  0]LogAudioMixer: Display: Audio Mixer Platform Settings:
[2026.03.04-05.14.22:536][  0]LogAudioMixer: Display: 	Sample Rate:						  48000
[2026.03.04-05.14.22:536][  0]LogAudioMixer: Display: 	Callback Buffer Frame Size Requested: 1024
[2026.03.04-05.14.22:536][  0]LogAudioMixer: Display: 	Callback Buffer Frame Size To Use:	  1024
[2026.03.04-05.14.22:536][  0]LogAudioMixer: Display: 	Number of buffers to queue:			  2
[2026.03.04-05.14.22:537][  0]LogAudioMixer: Display: 	Max Channels (voices):				  32
[2026.03.04-05.14.22:537][  0]LogAudioMixer: Display: 	Number of Async Source Workers:		  0
[2026.03.04-05.14.22:537][  0]LogAudio: Display: AudioDevice MaxSources: 32
[2026.03.04-05.14.22:537][  0]LogAudio: Display: Audio Spatialization Plugin: None (built-in).
[2026.03.04-05.14.22:537][  0]LogAudio: Display: Audio Reverb Plugin: None (built-in).
[2026.03.04-05.14.22:537][  0]LogAudio: Display: Audio Occlusion Plugin: None (built-in).
[2026.03.04-05.14.22:537][  0]LogAudioMixer: Display: Initializing audio mixer.
[2026.03.04-05.14.22:546][  0]LogAudioMixer: Display: 0: FrontLeft
[2026.03.04-05.14.22:546][  0]LogAudioMixer: Display: 1: FrontRight
[2026.03.04-05.14.22:546][  0]LogAudioMixer: Display: 2: FrontCenter
[2026.03.04-05.14.22:546][  0]LogAudioMixer: Display: 3: LowFrequency
[2026.03.04-05.14.22:546][  0]LogAudioMixer: Display: 4: BackLeft
[2026.03.04-05.14.22:546][  0]LogAudioMixer: Display: 5: BackRight
[2026.03.04-05.14.22:546][  0]LogAudioMixer: Display: 6: SideLeft
[2026.03.04-05.14.22:546][  0]LogAudioMixer: Display: 7: SideRight
[2026.03.04-05.14.22:562][  0]LogAudioMixer: Display: Using Audio Device Headset Earphone (CORSAIR VOID PRO Wireless Gaming Headset)
[2026.03.04-05.14.22:563][  0]LogAudioMixer: Display: Initializing Sound Submixes...
[2026.03.04-05.14.22:565][  0]LogAudioMixer: Display: Creating Master Submix 'MasterSubmixDefault'
[2026.03.04-05.14.22:565][  0]LogAudioMixer: Display: Creating Master Submix 'MasterReverbSubmixDefault'
[2026.03.04-05.14.22:566][  0]LogAudioMixer: Display: Creating Master Submix 'MasterEQSubmixDefault'
[2026.03.04-05.14.22:566][  0]LogAudioMixer: FMixerPlatformXAudio2::StartAudioStream() called
[2026.03.04-05.14.22:566][  0]LogAudioMixer: Display: Output buffers initialized: Frames=1024, Channels=8, Samples=8192
[2026.03.04-05.14.22:567][  0]LogAudioMixer: Display: Starting AudioMixerPlatformInterface::RunInternal()
[2026.03.04-05.14.22:567][  0]LogAudioMixer: Display: FMixerPlatformXAudio2::SubmitBuffer() called for the first time
[2026.03.04-05.14.22:567][  0]LogInit: FAudioDevice initialized.
[2026.03.04-05.14.22:567][  0]LogAudio: Display: Audio Device (ID: 1) registered with world 'Untitled'.
[2026.03.04-05.14.22:567][  0]LogNetVersion: Set ProjectVersion to 1.0.0.0. Version Checksum will be recalculated on next use.
[2026.03.04-05.14.22:679][  0]LogDerivedDataCache: Saved boot cache 0.11s 96MB C:/Users/titan/AppData/Local/UnrealEngine/4.27/DerivedDataCache/Boot.ddc.
[2026.03.04-05.14.22:679][  0]LogInit: Texture streaming: Enabled
[2026.03.04-05.14.22:689][  0]LogAnalytics: Display: [UEEditor.Rocket.Release] APIServer = https://datarouter.ol.epicgames.com/. AppVersion = 4.27.2-18319896+++UE4+Release-4.27
[2026.03.04-05.14.22:692][  0]LogEngineSessionManager: EngineSessionManager initialized
[2026.03.04-05.14.22:692][  0]LogEditorSessionSummary: Verbose: Initializing EditorSessionSummaryWriter for editor session tracking
[2026.03.04-05.14.22:693][  0]LogEditorSessionSummary: EditorSessionSummaryWriter initialized
[2026.03.04-05.14.22:706][  0]LogInit: Transaction tracking system initialized
[2026.03.04-05.14.22:722][  0]BlueprintLog: New page: Editor Load
[2026.03.04-05.14.22:769][  0]LocalizationService: Localization service is disabled
[2026.03.04-05.14.22:785][  0]TimingProfiler: Initialize
[2026.03.04-05.14.22:786][  0]TimingProfiler: OnSessionChanged
[2026.03.04-05.14.22:786][  0]LoadingProfiler: Initialize
[2026.03.04-05.14.22:786][  0]LoadingProfiler: OnSessionChanged
[2026.03.04-05.14.22:786][  0]NetworkingProfiler: Initialize
[2026.03.04-05.14.22:786][  0]NetworkingProfiler: OnSessionChanged
[2026.03.04-05.14.22:786][  0]MemoryProfiler: Initialize
[2026.03.04-05.14.22:786][  0]MemoryProfiler: OnSessionChanged
[2026.03.04-05.14.22:831][  0]LogVSAccessor: Display: Unable to create Visual Studio setup instance: 80040154
[2026.03.04-05.14.22:831][  0]LogVSAccessor: Display: Unable to create Visual Studio setup instance: 80040154
[2026.03.04-05.14.22:832][  0]LogVSAccessor: Display: Unable to create Visual Studio setup instance: 80040154
[2026.03.04-05.14.22:891][  0]LogCook: Display: CookSettings for Memory: MemoryMaxUsedVirtual 0MiB, MemoryMaxUsedPhysical 16384MiB, MemoryMinFreeVirtual 0MiB, MemoryMinFreePhysical 1024MiB
[2026.03.04-05.14.22:891][  0]LogCook: Display: Mobile HDR setting 1
[2026.03.04-05.14.23:026][  0]LogFileCache: Scanning file cache for directory 'C:/Users/titan/Downloads/RoadHopper4.27/Content/' took 0.00s
[2026.03.04-05.14.23:172][  0]LogInit: Display: Engine is initialized. Leaving FEngineLoop::Init()
[2026.03.04-05.14.23:175][  0]SourceControl: Source control is disabled
[2026.03.04-05.14.23:175][  0]LogUnrealEdMisc: Loading editor; pre map load, took 5.222
[2026.03.04-05.14.23:175][  0]Cmd: MAP LOAD FILE="../../../Engine/Content/Maps/Templates/Template_Default.umap" TEMPLATE=1 SHOWPROGRESS=1 FEATURELEVEL=3
[2026.03.04-05.14.23:175][  0]LightingResults: New page: Lighting Build
[2026.03.04-05.14.23:176][  0]LogWorld: UWorld::CleanupWorld for Untitled, bSessionEnded=true, bCleanupResources=true
[2026.03.04-05.14.23:176][  0]LogSlate: InvalidateAllWidgets triggered.  All widgets were invalidated
[2026.03.04-05.14.23:176][  0]MapCheck: New page: Map Check
[2026.03.04-05.14.23:176][  0]LightingResults: New page: Lighting Build
[2026.03.04-05.14.23:179][  0]LogAudio: Display: Audio Device unregistered from world 'None'.
[2026.03.04-05.14.23:181][  0]LogUObjectHash: Compacting FUObjectHashTables data took   0.48ms
[2026.03.04-05.14.23:210][  0]LogTexture: Display: Building textures: DeprecatedTextureEB9CBE3C423008B5E8E130901E171C89 (BGRA8, 128X128)
[2026.03.04-05.14.23:217][  0]LogAudio: Display: Audio Device (ID: 1) registered with world 'Untitled_1'.
[2026.03.04-05.14.23:217][  0]LogAIModule: Creating AISystem for world Untitled_1
[2026.03.04-05.14.23:220][  0]LogEditorServer: Finished looking for orphan Actors (0.000 secs)
[2026.03.04-05.14.23:224][  0]LogUObjectHash: Compacting FUObjectHashTables data took   0.50ms
[2026.03.04-05.14.23:224][  0]Cmd: MAP CHECKDEP NOCLEARLOG
[2026.03.04-05.14.23:225][  0]MapCheck: Map check complete: 0 Error(s), 0 Warning(s), took 0.108ms to complete.
[2026.03.04-05.14.23:225][  0]LogFileHelpers: Loading map 'Template_Default' took 0.050
[2026.03.04-05.14.23:226][  0]LogUnrealEdMisc: Total Editor Startup Time, took 5.273
[2026.03.04-05.14.23:362][  0]LogSlate: Updating window title bar state: overlay mode, drag disabled, window buttons hidden, title bar hidden
[2026.03.04-05.14.23:366][  0]LogSlate: Updating window title bar state: overlay mode, drag disabled, window buttons hidden, title bar hidden
[2026.03.04-05.14.23:370][  0]LogSlate: Updating window title bar state: overlay mode, drag disabled, window buttons hidden, title bar hidden
[2026.03.04-05.14.23:374][  0]LogSlate: Updating window title bar state: overlay mode, drag disabled, window buttons hidden, title bar hidden
[2026.03.04-05.14.23:392][  0]LogNativeClassHierarchy: Verbose: Native class hierarchy populated in 0.0065 seconds. Added 3822 classes and 928 folders.
[2026.03.04-05.14.23:394][  0]LogNativeClassHierarchy: Verbose: Native class hierarchy updated for 'WidgetCarousel' in 0.0002 seconds. Added 0 classes and 0 folders.
[2026.03.04-05.14.23:413][  0]LogPakFile: PakFile PrimaryIndexSize=187
[2026.03.04-05.14.23:413][  0]LogPakFile: PakFile PathHashIndexSize=101
[2026.03.04-05.14.23:413][  0]LogPakFile: PakFile FullDirectoryIndexSize=148
[2026.03.04-05.14.23:413][  0]LogShaderLibrary: Display: ShaderCodeLibraryPakFileMountedCallback: PakFile 'D:/Epic Games/UE_4.27/FeaturePacks/FP_FirstPerson.upack' (chunk index -1, root 'root:/') mounted
[2026.03.04-05.14.23:413][  0]LogShaderLibrary: Display: ShaderCodeLibraryPakFileMountedCallback: pending pak file info (ChunkID:-1 Root:root:/ File:D:/Epic Games/UE_4.27/FeaturePacks/FP_FirstPerson.upack)
[2026.03.04-05.14.23:413][  0]LogPakFile: OnPakFileMounted2Time == 0.000045
[2026.03.04-05.14.23:424][  0]LogPakFile: PakFile PrimaryIndexSize=189
[2026.03.04-05.14.23:424][  0]LogPakFile: PakFile PathHashIndexSize=101
[2026.03.04-05.14.23:424][  0]LogPakFile: PakFile FullDirectoryIndexSize=152
[2026.03.04-05.14.23:424][  0]LogShaderLibrary: Display: ShaderCodeLibraryPakFileMountedCallback: PakFile 'D:/Epic Games/UE_4.27/FeaturePacks/FP_FirstPersonBP.upack' (chunk index -1, root 'root:/') mounted
[2026.03.04-05.14.23:424][  0]LogShaderLibrary: Display: ShaderCodeLibraryPakFileMountedCallback: pending pak file info (ChunkID:-1 Root:root:/ File:D:/Epic Games/UE_4.27/FeaturePacks/FP_FirstPersonBP.upack)
[2026.03.04-05.14.23:424][  0]LogPakFile: OnPakFileMounted2Time == 0.000034
[2026.03.04-05.14.23:431][  0]LogPakFile: PakFile PrimaryIndexSize=191
[2026.03.04-05.14.23:431][  0]LogPakFile: PakFile PathHashIndexSize=101
[2026.03.04-05.14.23:431][  0]LogPakFile: PakFile FullDirectoryIndexSize=160
[2026.03.04-05.14.23:431][  0]LogShaderLibrary: Display: ShaderCodeLibraryPakFileMountedCallback: PakFile 'D:/Epic Games/UE_4.27/FeaturePacks/MobileStarterContent.upack' (chunk index -1, root 'root:/') mounted
[2026.03.04-05.14.23:431][  0]LogShaderLibrary: Display: ShaderCodeLibraryPakFileMountedCallback: pending pak file info (ChunkID:-1 Root:root:/ File:D:/Epic Games/UE_4.27/FeaturePacks/MobileStarterContent.upack)
[2026.03.04-05.14.23:431][  0]LogPakFile: OnPakFileMounted2Time == 0.000029
[2026.03.04-05.14.23:437][  0]LogPakFile: PakFile PrimaryIndexSize=185
[2026.03.04-05.14.23:437][  0]LogPakFile: PakFile PathHashIndexSize=101
[2026.03.04-05.14.23:437][  0]LogPakFile: PakFile FullDirectoryIndexSize=148
[2026.03.04-05.14.23:437][  0]LogShaderLibrary: Display: ShaderCodeLibraryPakFileMountedCallback: PakFile 'D:/Epic Games/UE_4.27/FeaturePacks/StarterContent.upack' (chunk index -1, root 'root:/') mounted
[2026.03.04-05.14.23:437][  0]LogShaderLibrary: Display: ShaderCodeLibraryPakFileMountedCallback: pending pak file info (ChunkID:-1 Root:root:/ File:D:/Epic Games/UE_4.27/FeaturePacks/StarterContent.upack)
[2026.03.04-05.14.23:437][  0]LogPakFile: OnPakFileMounted2Time == 0.000030
[2026.03.04-05.14.23:444][  0]LogPakFile: PakFile PrimaryIndexSize=190
[2026.03.04-05.14.23:444][  0]LogPakFile: PakFile PathHashIndexSize=101
[2026.03.04-05.14.23:444][  0]LogPakFile: PakFile FullDirectoryIndexSize=154
[2026.03.04-05.14.23:444][  0]LogShaderLibrary: Display: ShaderCodeLibraryPakFileMountedCallback: PakFile 'D:/Epic Games/UE_4.27/FeaturePacks/TP_2DSideScroller.upack' (chunk index -1, root 'root:/') mounted
[2026.03.04-05.14.23:444][  0]LogShaderLibrary: Display: ShaderCodeLibraryPakFileMountedCallback: pending pak file info (ChunkID:-1 Root:root:/ File:D:/Epic Games/UE_4.27/FeaturePacks/TP_2DSideScroller.upack)
[2026.03.04-05.14.23:444][  0]LogPakFile: OnPakFileMounted2Time == 0.000032
[2026.03.04-05.14.23:450][  0]LogPakFile: PakFile PrimaryIndexSize=192
[2026.03.04-05.14.23:450][  0]LogPakFile: PakFile PathHashIndexSize=101
[2026.03.04-05.14.23:450][  0]LogPakFile: PakFile FullDirectoryIndexSize=158
[2026.03.04-05.14.23:450][  0]LogShaderLibrary: Display: ShaderCodeLibraryPakFileMountedCallback: PakFile 'D:/Epic Games/UE_4.27/FeaturePacks/TP_2DSideScrollerBP.upack' (chunk index -1, root 'root:/') mounted
[2026.03.04-05.14.23:450][  0]LogShaderLibrary: Display: ShaderCodeLibraryPakFileMountedCallback: pending pak file info (ChunkID:-1 Root:root:/ File:D:/Epic Games/UE_4.27/FeaturePacks/TP_2DSideScrollerBP.upack)
[2026.03.04-05.14.23:450][  0]LogPakFile: OnPakFileMounted2Time == 0.000028
[2026.03.04-05.14.23:456][  0]LogPakFile: PakFile PrimaryIndexSize=182
[2026.03.04-05.14.23:456][  0]LogPakFile: PakFile PathHashIndexSize=101
[2026.03.04-05.14.23:456][  0]LogPakFile: PakFile FullDirectoryIndexSize=138
[2026.03.04-05.14.23:456][  0]LogShaderLibrary: Display: ShaderCodeLibraryPakFileMountedCallback: PakFile 'D:/Epic Games/UE_4.27/FeaturePacks/TP_Flying.upack' (chunk index -1, root 'root:/') mounted
[2026.03.04-05.14.23:456][  0]LogShaderLibrary: Display: ShaderCodeLibraryPakFileMountedCallback: pending pak file info (ChunkID:-1 Root:root:/ File:D:/Epic Games/UE_4.27/FeaturePacks/TP_Flying.upack)
[2026.03.04-05.14.23:456][  0]LogPakFile: OnPakFileMounted2Time == 0.000028
[2026.03.04-05.14.23:463][  0]LogPakFile: PakFile PrimaryIndexSize=184
[2026.03.04-05.14.23:463][  0]LogPakFile: PakFile PathHashIndexSize=101
[2026.03.04-05.14.23:463][  0]LogPakFile: PakFile FullDirectoryIndexSize=142
[2026.03.04-05.14.23:463][  0]LogShaderLibrary: Display: ShaderCodeLibraryPakFileMountedCallback: PakFile 'D:/Epic Games/UE_4.27/FeaturePacks/TP_FlyingBP.upack' (chunk index -1, root 'root:/') mounted
[2026.03.04-05.14.23:463][  0]LogShaderLibrary: Display: ShaderCodeLibraryPakFileMountedCallback: pending pak file info (ChunkID:-1 Root:root:/ File:D:/Epic Games/UE_4.27/FeaturePacks/TP_FlyingBP.upack)
[2026.03.04-05.14.23:463][  0]LogPakFile: OnPakFileMounted2Time == 0.000029
[2026.03.04-05.14.23:469][  0]LogPakFile: PakFile PrimaryIndexSize=188
[2026.03.04-05.14.23:469][  0]LogPakFile: PakFile PathHashIndexSize=101
[2026.03.04-05.14.23:469][  0]LogPakFile: PakFile FullDirectoryIndexSize=150
[2026.03.04-05.14.23:469][  0]LogShaderLibrary: Display: ShaderCodeLibraryPakFileMountedCallback: PakFile 'D:/Epic Games/UE_4.27/FeaturePacks/TP_HandheldARBP.upack' (chunk index -1, root 'root:/') mounted
[2026.03.04-05.14.23:469][  0]LogShaderLibrary: Display: ShaderCodeLibraryPakFileMountedCallback: pending pak file info (ChunkID:-1 Root:root:/ File:D:/Epic Games/UE_4.27/FeaturePacks/TP_HandheldARBP.upack)
[2026.03.04-05.14.23:469][  0]LogPakFile: OnPakFileMounted2Time == 0.000029
[2026.03.04-05.14.23:476][  0]LogPakFile: PakFile PrimaryIndexSize=182
[2026.03.04-05.14.23:476][  0]LogPakFile: PakFile PathHashIndexSize=101
[2026.03.04-05.14.23:476][  0]LogPakFile: PakFile FullDirectoryIndexSize=138
[2026.03.04-05.14.23:476][  0]LogShaderLibrary: Display: ShaderCodeLibraryPakFileMountedCallback: PakFile 'D:/Epic Games/UE_4.27/FeaturePacks/TP_Puzzle.upack' (chunk index -1, root 'root:/') mounted
[2026.03.04-05.14.23:476][  0]LogShaderLibrary: Display: ShaderCodeLibraryPakFileMountedCallback: pending pak file info (ChunkID:-1 Root:root:/ File:D:/Epic Games/UE_4.27/FeaturePacks/TP_Puzzle.upack)
[2026.03.04-05.14.23:476][  0]LogPakFile: OnPakFileMounted2Time == 0.000029
[2026.03.04-05.14.23:482][  0]LogPakFile: PakFile PrimaryIndexSize=184
[2026.03.04-05.14.23:482][  0]LogPakFile: PakFile PathHashIndexSize=101
[2026.03.04-05.14.23:482][  0]LogPakFile: PakFile FullDirectoryIndexSize=142
[2026.03.04-05.14.23:482][  0]LogShaderLibrary: Display: ShaderCodeLibraryPakFileMountedCallback: PakFile 'D:/Epic Games/UE_4.27/FeaturePacks/TP_PuzzleBP.upack' (chunk index -1, root 'root:/') mounted
[2026.03.04-05.14.23:482][  0]LogShaderLibrary: Display: ShaderCodeLibraryPakFileMountedCallback: pending pak file info (ChunkID:-1 Root:root:/ File:D:/Epic Games/UE_4.27/FeaturePacks/TP_PuzzleBP.upack)
[2026.03.04-05.14.23:482][  0]LogPakFile: OnPakFileMounted2Time == 0.000030
[2026.03.04-05.14.23:489][  0]LogPakFile: PakFile PrimaryIndexSize=183
[2026.03.04-05.14.23:489][  0]LogPakFile: PakFile PathHashIndexSize=101
[2026.03.04-05.14.23:489][  0]LogPakFile: PakFile FullDirectoryIndexSize=140
[2026.03.04-05.14.23:489][  0]LogShaderLibrary: Display: ShaderCodeLibraryPakFileMountedCallback: PakFile 'D:/Epic Games/UE_4.27/FeaturePacks/TP_Rolling.upack' (chunk index -1, root 'root:/') mounted
[2026.03.04-05.14.23:489][  0]LogShaderLibrary: Display: ShaderCodeLibraryPakFileMountedCallback: pending pak file info (ChunkID:-1 Root:root:/ File:D:/Epic Games/UE_4.27/FeaturePacks/TP_Rolling.upack)
[2026.03.04-05.14.23:489][  0]LogPakFile: OnPakFileMounted2Time == 0.000028
[2026.03.04-05.14.23:495][  0]LogPakFile: PakFile PrimaryIndexSize=185
[2026.03.04-05.14.23:495][  0]LogPakFile: PakFile PathHashIndexSize=101
[2026.03.04-05.14.23:495][  0]LogPakFile: PakFile FullDirectoryIndexSize=144
[2026.03.04-05.14.23:495][  0]LogShaderLibrary: Display: ShaderCodeLibraryPakFileMountedCallback: PakFile 'D:/Epic Games/UE_4.27/FeaturePacks/TP_RollingBP.upack' (chunk index -1, root 'root:/') mounted
[2026.03.04-05.14.23:495][  0]LogShaderLibrary: Display: ShaderCodeLibraryPakFileMountedCallback: pending pak file info (ChunkID:-1 Root:root:/ File:D:/Epic Games/UE_4.27/FeaturePacks/TP_RollingBP.upack)
[2026.03.04-05.14.23:495][  0]LogPakFile: OnPakFileMounted2Time == 0.000029
[2026.03.04-05.14.23:501][  0]LogPakFile: PakFile PrimaryIndexSize=188
[2026.03.04-05.14.23:501][  0]LogPakFile: PakFile PathHashIndexSize=101
[2026.03.04-05.14.23:501][  0]LogPakFile: PakFile FullDirectoryIndexSize=150
[2026.03.04-05.14.23:501][  0]LogShaderLibrary: Display: ShaderCodeLibraryPakFileMountedCallback: PakFile 'D:/Epic Games/UE_4.27/FeaturePacks/TP_SideScroller.upack' (chunk index -1, root 'root:/') mounted
[2026.03.04-05.14.23:501][  0]LogShaderLibrary: Display: ShaderCodeLibraryPakFileMountedCallback: pending pak file info (ChunkID:-1 Root:root:/ File:D:/Epic Games/UE_4.27/FeaturePacks/TP_SideScroller.upack)
[2026.03.04-05.14.23:501][  0]LogPakFile: OnPakFileMounted2Time == 0.000029
[2026.03.04-05.14.23:508][  0]LogPakFile: PakFile PrimaryIndexSize=190
[2026.03.04-05.14.23:508][  0]LogPakFile: PakFile PathHashIndexSize=101
[2026.03.04-05.14.23:508][  0]LogPakFile: PakFile FullDirectoryIndexSize=154
[2026.03.04-05.14.23:508][  0]LogShaderLibrary: Display: ShaderCodeLibraryPakFileMountedCallback: PakFile 'D:/Epic Games/UE_4.27/FeaturePacks/TP_SideScrollerBP.upack' (chunk index -1, root 'root:/') mounted
[2026.03.04-05.14.23:508][  0]LogShaderLibrary: Display: ShaderCodeLibraryPakFileMountedCallback: pending pak file info (ChunkID:-1 Root:root:/ File:D:/Epic Games/UE_4.27/FeaturePacks/TP_SideScrollerBP.upack)
[2026.03.04-05.14.23:508][  0]LogPakFile: OnPakFileMounted2Time == 0.000029
[2026.03.04-05.14.23:514][  0]LogPakFile: PakFile PrimaryIndexSize=187
[2026.03.04-05.14.23:514][  0]LogPakFile: PakFile PathHashIndexSize=101
[2026.03.04-05.14.23:514][  0]LogPakFile: PakFile FullDirectoryIndexSize=148
[2026.03.04-05.14.23:514][  0]LogShaderLibrary: Display: ShaderCodeLibraryPakFileMountedCallback: PakFile 'D:/Epic Games/UE_4.27/FeaturePacks/TP_ThirdPerson.upack' (chunk index -1, root 'root:/') mounted
[2026.03.04-05.14.23:514][  0]LogShaderLibrary: Display: ShaderCodeLibraryPakFileMountedCallback: pending pak file info (ChunkID:-1 Root:root:/ File:D:/Epic Games/UE_4.27/FeaturePacks/TP_ThirdPerson.upack)
[2026.03.04-05.14.23:514][  0]LogPakFile: OnPakFileMounted2Time == 0.000028
[2026.03.04-05.14.23:521][  0]LogPakFile: PakFile PrimaryIndexSize=189
[2026.03.04-05.14.23:521][  0]LogPakFile: PakFile PathHashIndexSize=101
[2026.03.04-05.14.23:521][  0]LogPakFile: PakFile FullDirectoryIndexSize=152
[2026.03.04-05.14.23:521][  0]LogShaderLibrary: Display: ShaderCodeLibraryPakFileMountedCallback: PakFile 'D:/Epic Games/UE_4.27/FeaturePacks/TP_ThirdPersonBP.upack' (chunk index -1, root 'root:/') mounted
[2026.03.04-05.14.23:521][  0]LogShaderLibrary: Display: ShaderCodeLibraryPakFileMountedCallback: pending pak file info (ChunkID:-1 Root:root:/ File:D:/Epic Games/UE_4.27/FeaturePacks/TP_ThirdPersonBP.upack)
[2026.03.04-05.14.23:521][  0]LogPakFile: OnPakFileMounted2Time == 0.000029
[2026.03.04-05.14.23:527][  0]LogPakFile: PakFile PrimaryIndexSize=183
[2026.03.04-05.14.23:527][  0]LogPakFile: PakFile PathHashIndexSize=101
[2026.03.04-05.14.23:527][  0]LogPakFile: PakFile FullDirectoryIndexSize=140
[2026.03.04-05.14.23:527][  0]LogShaderLibrary: Display: ShaderCodeLibraryPakFileMountedCallback: PakFile 'D:/Epic Games/UE_4.27/FeaturePacks/TP_TopDown.upack' (chunk index -1, root 'root:/') mounted
[2026.03.04-05.14.23:527][  0]LogShaderLibrary: Display: ShaderCodeLibraryPakFileMountedCallback: pending pak file info (ChunkID:-1 Root:root:/ File:D:/Epic Games/UE_4.27/FeaturePacks/TP_TopDown.upack)
[2026.03.04-05.14.23:527][  0]LogPakFile: OnPakFileMounted2Time == 0.000034
[2026.03.04-05.14.23:534][  0]LogPakFile: PakFile PrimaryIndexSize=185
[2026.03.04-05.14.23:534][  0]LogPakFile: PakFile PathHashIndexSize=101
[2026.03.04-05.14.23:535][  0]LogPakFile: PakFile FullDirectoryIndexSize=144
[2026.03.04-05.14.23:535][  0]LogShaderLibrary: Display: ShaderCodeLibraryPakFileMountedCallback: PakFile 'D:/Epic Games/UE_4.27/FeaturePacks/TP_TopDownBP.upack' (chunk index -1, root 'root:/') mounted
[2026.03.04-05.14.23:535][  0]LogShaderLibrary: Display: ShaderCodeLibraryPakFileMountedCallback: pending pak file info (ChunkID:-1 Root:root:/ File:D:/Epic Games/UE_4.27/FeaturePacks/TP_TopDownBP.upack)
[2026.03.04-05.14.23:535][  0]LogPakFile: OnPakFileMounted2Time == 0.000028
[2026.03.04-05.14.23:544][  0]LogPakFile: PakFile PrimaryIndexSize=185
[2026.03.04-05.14.23:544][  0]LogPakFile: PakFile PathHashIndexSize=101
[2026.03.04-05.14.23:544][  0]LogPakFile: PakFile FullDirectoryIndexSize=144
[2026.03.04-05.14.23:544][  0]LogShaderLibrary: Display: ShaderCodeLibraryPakFileMountedCallback: PakFile 'D:/Epic Games/UE_4.27/FeaturePacks/TP_TwinStick.upack' (chunk index -1, root 'root:/') mounted
[2026.03.04-05.14.23:544][  0]LogShaderLibrary: Display: ShaderCodeLibraryPakFileMountedCallback: pending pak file info (ChunkID:-1 Root:root:/ File:D:/Epic Games/UE_4.27/FeaturePacks/TP_TwinStick.upack)
[2026.03.04-05.14.23:544][  0]LogPakFile: OnPakFileMounted2Time == 0.000029
[2026.03.04-05.14.23:550][  0]LogPakFile: PakFile PrimaryIndexSize=187
[2026.03.04-05.14.23:550][  0]LogPakFile: PakFile PathHashIndexSize=101
[2026.03.04-05.14.23:550][  0]LogPakFile: PakFile FullDirectoryIndexSize=148
[2026.03.04-05.14.23:550][  0]LogShaderLibrary: Display: ShaderCodeLibraryPakFileMountedCallback: PakFile 'D:/Epic Games/UE_4.27/FeaturePacks/TP_TwinStickBP.upack' (chunk index -1, root 'root:/') mounted
[2026.03.04-05.14.23:550][  0]LogShaderLibrary: Display: ShaderCodeLibraryPakFileMountedCallback: pending pak file info (ChunkID:-1 Root:root:/ File:D:/Epic Games/UE_4.27/FeaturePacks/TP_TwinStickBP.upack)
[2026.03.04-05.14.23:550][  0]LogPakFile: OnPakFileMounted2Time == 0.000029
[2026.03.04-05.14.23:557][  0]LogPakFile: PakFile PrimaryIndexSize=183
[2026.03.04-05.14.23:557][  0]LogPakFile: PakFile PathHashIndexSize=101
[2026.03.04-05.14.23:557][  0]LogPakFile: PakFile FullDirectoryIndexSize=140
[2026.03.04-05.14.23:557][  0]LogShaderLibrary: Display: ShaderCodeLibraryPakFileMountedCallback: PakFile 'D:/Epic Games/UE_4.27/FeaturePacks/TP_Vehicle.upack' (chunk index -1, root 'root:/') mounted
[2026.03.04-05.14.23:557][  0]LogShaderLibrary: Display: ShaderCodeLibraryPakFileMountedCallback: pending pak file info (ChunkID:-1 Root:root:/ File:D:/Epic Games/UE_4.27/FeaturePacks/TP_Vehicle.upack)
[2026.03.04-05.14.23:557][  0]LogPakFile: OnPakFileMounted2Time == 0.000028
[2026.03.04-05.14.23:563][  0]LogPakFile: PakFile PrimaryIndexSize=186
[2026.03.04-05.14.23:563][  0]LogPakFile: PakFile PathHashIndexSize=101
[2026.03.04-05.14.23:563][  0]LogPakFile: PakFile FullDirectoryIndexSize=146
[2026.03.04-05.14.23:563][  0]LogShaderLibrary: Display: ShaderCodeLibraryPakFileMountedCallback: PakFile 'D:/Epic Games/UE_4.27/FeaturePacks/TP_VehicleAdv.upack' (chunk index -1, root 'root:/') mounted
[2026.03.04-05.14.23:563][  0]LogShaderLibrary: Display: ShaderCodeLibraryPakFileMountedCallback: pending pak file info (ChunkID:-1 Root:root:/ File:D:/Epic Games/UE_4.27/FeaturePacks/TP_VehicleAdv.upack)
[2026.03.04-05.14.23:563][  0]LogPakFile: OnPakFileMounted2Time == 0.000030
[2026.03.04-05.14.23:569][  0]LogPakFile: PakFile PrimaryIndexSize=188
[2026.03.04-05.14.23:569][  0]LogPakFile: PakFile PathHashIndexSize=101
[2026.03.04-05.14.23:569][  0]LogPakFile: PakFile FullDirectoryIndexSize=150
[2026.03.04-05.14.23:569][  0]LogShaderLibrary: Display: ShaderCodeLibraryPakFileMountedCallback: PakFile 'D:/Epic Games/UE_4.27/FeaturePacks/TP_VehicleAdvBP.upack' (chunk index -1, root 'root:/') mounted
[2026.03.04-05.14.23:569][  0]LogShaderLibrary: Display: ShaderCodeLibraryPakFileMountedCallback: pending pak file info (ChunkID:-1 Root:root:/ File:D:/Epic Games/UE_4.27/FeaturePacks/TP_VehicleAdvBP.upack)
[2026.03.04-05.14.23:569][  0]LogPakFile: OnPakFileMounted2Time == 0.000031
[2026.03.04-05.14.23:576][  0]LogPakFile: PakFile PrimaryIndexSize=185
[2026.03.04-05.14.23:576][  0]LogPakFile: PakFile PathHashIndexSize=101
[2026.03.04-05.14.23:576][  0]LogPakFile: PakFile FullDirectoryIndexSize=144
[2026.03.04-05.14.23:576][  0]LogShaderLibrary: Display: ShaderCodeLibraryPakFileMountedCallback: PakFile 'D:/Epic Games/UE_4.27/FeaturePacks/TP_VehicleBP.upack' (chunk index -1, root 'root:/') mounted
[2026.03.04-05.14.23:576][  0]LogShaderLibrary: Display: ShaderCodeLibraryPakFileMountedCallback: pending pak file info (ChunkID:-1 Root:root:/ File:D:/Epic Games/UE_4.27/FeaturePacks/TP_VehicleBP.upack)
[2026.03.04-05.14.23:576][  0]LogPakFile: OnPakFileMounted2Time == 0.000032
[2026.03.04-05.14.23:583][  0]LogPakFile: PakFile PrimaryIndexSize=192
[2026.03.04-05.14.23:583][  0]LogPakFile: PakFile PathHashIndexSize=101
[2026.03.04-05.14.23:584][  0]LogPakFile: PakFile FullDirectoryIndexSize=158
[2026.03.04-05.14.23:584][  0]LogShaderLibrary: Display: ShaderCodeLibraryPakFileMountedCallback: PakFile 'D:/Epic Games/UE_4.27/FeaturePacks/TP_VirtualRealityBP.upack' (chunk index -1, root 'root:/') mounted
[2026.03.04-05.14.23:584][  0]LogShaderLibrary: Display: ShaderCodeLibraryPakFileMountedCallback: pending pak file info (ChunkID:-1 Root:root:/ File:D:/Epic Games/UE_4.27/FeaturePacks/TP_VirtualRealityBP.upack)
[2026.03.04-05.14.23:584][  0]LogPakFile: OnPakFileMounted2Time == 0.000029
[2026.03.04-05.14.23:965][  0]LogNativeClassHierarchy: Verbose: Native class hierarchy updated for 'AddContentDialog' in 0.0002 seconds. Added 0 classes and 0 folders.
[2026.03.04-05.14.23:968][  0]LogNativeClassHierarchy: Verbose: Native class hierarchy updated for 'SceneOutliner' in 0.0002 seconds. Added 2 classes and 0 folders.
[2026.03.04-05.14.24:005][  0]LogSlate: Took 0.000594 seconds to synchronously load lazily loaded font '../../../Engine/Content/Slate/Fonts/Roboto-Regular.ttf' (155K)
[2026.03.04-05.14.24:014][  0]LogSlate: Took 0.008328 seconds to synchronously load lazily loaded font '../../../Engine/Content/Editor/Slate/Fonts/FontAwesome.ttf' (139K)
[2026.03.04-05.14.24:015][  0]LogSlate: Took 0.000249 seconds to synchronously load lazily loaded font '../../../Engine/Content/Slate/Fonts/Roboto-Bold.ttf' (160K)
[2026.03.04-05.14.24:123][  0]LogRenderer: Reallocating scene render targets to support 1616x804 Format 10 NumSamples 1 (Frame:1).
[2026.03.04-05.14.24:267][  0]LogNativeClassHierarchy: Verbose: Native class hierarchy updated for 'HierarchicalLODOutliner' in 0.0002 seconds. Added 0 classes and 0 folders.
[2026.03.04-05.14.24:267][  0]LogLoad: (Engine Initialization) Total time: 6.31 seconds
[2026.03.04-05.14.24:267][  0]LogLoad: (Engine Initialization) Total Blueprint compile time: 0.00 seconds
[2026.03.04-05.14.24:303][  0]LogAssetRegistry: Asset discovery search completed in 3.8300 seconds
[2026.03.04-05.14.24:307][  0]LogCollectionManager: Fixed up redirectors for 0 collections in 0.000003 seconds (updated 0 objects)
[2026.03.04-05.14.24:309][  0]LogContentStreaming: Texture pool size now 1000 MB
[2026.03.04-05.18.46:504][445]LogSlate: Took 0.006520 seconds to synchronously load lazily loaded font '../../../Engine/Content/Slate/Fonts/Roboto-Italic.ttf' (157K)
[2026.03.04-05.20.54:940][845]LogRenderer: Reallocating scene render targets to support 1616x812 Format 10 NumSamples 1 (Frame:46601).
[2026.03.04-05.20.54:970][846]LogRenderer: Reallocating scene render targets to support 1616x824 Format 10 NumSamples 1 (Frame:46603).
[2026.03.04-05.20.55:001][847]LogRenderer: Reallocating scene render targets to support 1616x844 Format 10 NumSamples 1 (Frame:46605).
[2026.03.04-05.20.55:029][848]LogRenderer: Reallocating scene render targets to support 1616x852 Format 10 NumSamples 1 (Frame:46607).
[2026.03.04-05.20.55:058][849]LogRenderer: Reallocating scene render targets to support 1616x868 Format 10 NumSamples 1 (Frame:46609).
[2026.03.04-05.20.55:087][850]LogRenderer: Reallocating scene render targets to support 1616x888 Format 10 NumSamples 1 (Frame:46611).
[2026.03.04-05.20.55:114][851]LogRenderer: Reallocating scene render targets to support 1616x908 Format 10 NumSamples 1 (Frame:46613).
[2026.03.04-05.20.55:144][852]LogRenderer: Reallocating scene render targets to support 1616x924 Format 10 NumSamples 1 (Frame:46615).
[2026.03.04-05.20.55:173][853]LogRenderer: Reallocating scene render targets to support 1616x944 Format 10 NumSamples 1 (Frame:46617).
[2026.03.04-05.20.55:203][854]LogRenderer: Reallocating scene render targets to support 1616x960 Format 10 NumSamples 1 (Frame:46619).
[2026.03.04-05.20.55:234][855]LogRenderer: Reallocating scene render targets to support 1616x968 Format 10 NumSamples 1 (Frame:46621).
[2026.03.04-05.20.55:264][856]LogRenderer: Reallocating scene render targets to support 1616x988 Format 10 NumSamples 1 (Frame:46623).
[2026.03.04-05.20.55:290][857]LogRenderer: Reallocating scene render targets to support 1616x1000 Format 10 NumSamples 1 (Frame:46625).
[2026.03.04-05.20.55:316][858]LogRenderer: Reallocating scene render targets to support 1616x1004 Format 10 NumSamples 1 (Frame:46627).
[2026.03.04-05.20.55:341][859]LogRenderer: Reallocating scene render targets to support 1616x1008 Format 10 NumSamples 1 (Frame:46629).
[2026.03.04-05.20.55:366][860]LogRenderer: Reallocating scene render targets to support 1616x1012 Format 10 NumSamples 1 (Frame:46631).
[2026.03.04-05.20.55:723][901]LogRenderer: Reallocating scene render targets to support 1616x1016 Format 10 NumSamples 1 (Frame:46635).
[2026.03.04-05.20.55:765][903]LogRenderer: Reallocating scene render targets to support 1616x1020 Format 10 NumSamples 1 (Frame:46639).
[2026.03.04-05.20.55:790][905]LogRenderer: Reallocating scene render targets to support 1616x1024 Format 10 NumSamples 1 (Frame:46641).
[2026.03.04-05.20.55:833][908]LogRenderer: Reallocating scene render targets to support 1616x1028 Format 10 NumSamples 1 (Frame:46645).
[2026.03.04-05.20.57:135][ 60]LogRenderer: Reallocating scene render targets to support 1624x1028 Format 10 NumSamples 1 (Frame:46796).
[2026.03.04-05.20.57:182][ 62]LogRenderer: Reallocating scene render targets to support 1632x1028 Format 10 NumSamples 1 (Frame:46800).
[2026.03.04-05.20.57:211][ 63]LogRenderer: Reallocating scene render targets to support 1644x1028 Format 10 NumSamples 1 (Frame:46802).
[2026.03.04-05.20.57:241][ 64]LogRenderer: Reallocating scene render targets to support 1664x1028 Format 10 NumSamples 1 (Frame:46804).
[2026.03.04-05.20.57:273][ 65]LogRenderer: Reallocating scene render targets to support 1684x1028 Format 10 NumSamples 1 (Frame:46806).
[2026.03.04-05.20.57:303][ 66]LogRenderer: Reallocating scene render targets to support 1700x1028 Format 10 NumSamples 1 (Frame:46808).
[2026.03.04-05.20.57:331][ 67]LogRenderer: Reallocating scene render targets to support 1712x1028 Format 10 NumSamples 1 (Frame:46810).
[2026.03.04-05.20.57:359][ 68]LogRenderer: Reallocating scene render targets to support 1720x1028 Format 10 NumSamples 1 (Frame:46812).
[2026.03.04-05.20.57:389][ 69]LogRenderer: Reallocating scene render targets to support 1728x1028 Format 10 NumSamples 1 (Frame:46814).
[2026.03.04-05.20.57:418][ 70]LogRenderer: Reallocating scene render targets to support 1732x1028 Format 10 NumSamples 1 (Frame:46816).
[2026.03.04-05.20.57:447][ 71]LogRenderer: Reallocating scene render targets to support 1736x1028 Format 10 NumSamples 1 (Frame:46818).
[2026.03.04-05.20.57:475][ 72]LogRenderer: Reallocating scene render targets to support 1744x1028 Format 10 NumSamples 1 (Frame:46820).
[2026.03.04-05.20.57:501][ 73]LogRenderer: Reallocating scene render targets to support 1748x1028 Format 10 NumSamples 1 (Frame:46822).
[2026.03.04-05.20.57:632][ 87]LogRenderer: Reallocating scene render targets to support 1752x1028 Format 10 NumSamples 1 (Frame:46826).
[2026.03.04-05.20.57:742][ 95]LogRenderer: Reallocating scene render targets to support 1756x1028 Format 10 NumSamples 1 (Frame:46834).
[2026.03.04-05.21.41:169][797]LogSlate: Took 0.006873 seconds to synchronously load lazily loaded font '../../../Engine/Content/Slate/Fonts/Roboto-Light.ttf' (167K)
[2026.03.04-05.21.53:057][161]LogUObjectHash: Compacting FUObjectHashTables data took   0.60ms
[2026.03.04-05.21.53:063][161]LogSlate: Took 0.000219 seconds to synchronously load lazily loaded font '../../../Engine/Content/Slate/Fonts/Roboto-Light.ttf' (167K)
[2026.03.04-05.21.53:076][161]LogLinker: Warning: Asset 'C:/Users/titan/Downloads/RoadHopper4.27/Content/Levels/MainLevel.umap' has been saved with empty engine version. The asset will be loaded but may be incompatible.
[2026.03.04-05.21.53:079][161]LogLinker: Warning: Asset 'C:/Users/titan/Downloads/RoadHopper4.27/Content/Blueprints/BP_Grass.uasset' has been saved with empty engine version. The asset will be loaded but may be incompatible.
[2026.03.04-05.21.53:079][161]LogLinker: Warning: Asset 'C:/Users/titan/Downloads/RoadHopper4.27/Content/Models/MiniGolf/open.uasset' has been saved with empty engine version. The asset will be loaded but may be incompatible.
[2026.03.04-05.21.53:079][161]LogLinker: Warning: Asset 'C:/Users/titan/Downloads/RoadHopper4.27/Content/Models/MiniGolf/colormap.uasset' has been saved with empty engine version. The asset will be loaded but may be incompatible.
[2026.03.04-05.21.53:079][161]LogLinker: Warning: Asset 'C:/Users/titan/Downloads/RoadHopper4.27/Content/Models/MiniGolf/colormap_ncl1_1.uasset' has been saved with empty engine version. The asset will be loaded but may be incompatible.
[2026.03.04-05.21.53:082][161]LogLinker: Warning: Asset 'C:/Users/titan/Downloads/RoadHopper4.27/Content/Blueprints/BP_Player.uasset' has been saved with empty engine version. The asset will be loaded but may be incompatible.
[2026.03.04-05.21.53:083][161]LogLinker: Warning: Asset 'C:/Users/titan/Downloads/RoadHopper4.27/Content/Models/MiniCharacters/character-female-d_head-mesh.uasset' has been saved with empty engine version. The asset will be loaded but may be incompatible.
[2026.03.04-05.21.53:083][161]LogLinker: Warning: Asset 'C:/Users/titan/Downloads/RoadHopper4.27/Content/Models/MiniCharacters/colormap.uasset' has been saved with empty engine version. The asset will be loaded but may be incompatible.
[2026.03.04-05.21.53:083][161]LogLinker: Warning: Asset 'C:/Users/titan/Downloads/RoadHopper4.27/Content/Models/MiniCharacters/colormap_ncl1_1.uasset' has been saved with empty engine version. The asset will be loaded but may be incompatible.
[2026.03.04-05.21.53:084][161]LogLinker: Warning: Asset 'C:/Users/titan/Downloads/RoadHopper4.27/Content/Models/MiniCharacters/character-female-e_body-mesh.uasset' has been saved with empty engine version. The asset will be loaded but may be incompatible.
[2026.03.04-05.21.53:086][161]LogLinker: Warning: Asset 'C:/Users/titan/Downloads/RoadHopper4.27/Content/Blueprints/BP_Road.uasset' has been saved with empty engine version. The asset will be loaded but may be incompatible.
[2026.03.04-05.21.53:087][161]LogLinker: Warning: Asset 'C:/Users/titan/Downloads/RoadHopper4.27/Content/Models/City/driveway-long.uasset' has been saved with empty engine version. The asset will be loaded but may be incompatible.
[2026.03.04-05.21.53:087][161]LogLinker: Warning: Asset 'C:/Users/titan/Downloads/RoadHopper4.27/Content/Models/City/colormap.uasset' has been saved with empty engine version. The asset will be loaded but may be incompatible.
[2026.03.04-05.21.53:087][161]LogLinker: Warning: Asset 'C:/Users/titan/Downloads/RoadHopper4.27/Content/Models/City/colormap_ncl1_1.uasset' has been saved with empty engine version. The asset will be loaded but may be incompatible.
[2026.03.04-05.21.53:089][161]LogLinker: Warning: Asset 'C:/Users/titan/Downloads/RoadHopper4.27/Content/Blueprints/BP_TileRow.uasset' has been saved with empty engine version. The asset will be loaded but may be incompatible.
[2026.03.04-05.21.53:095][161]LogLinker: Warning: Asset 'C:/Users/titan/Downloads/RoadHopper4.27/Content/Blueprints/GM_RoadHopper.uasset' has been saved with empty engine version. The asset will be loaded but may be incompatible.
[2026.03.04-05.21.53:097][161]LogLinker: Warning: Asset 'C:/Users/titan/Downloads/RoadHopper4.27/Content/Levels/MainLevel_BuiltData.uasset' has been saved with empty engine version. The asset will be loaded but may be incompatible.
[2026.03.04-05.21.53:097][161]LogLinker: Warning: Asset 'C:/Users/titan/Downloads/RoadHopper4.27/Content/Models/MiniCharacters/character-male-b_body-mesh.uasset' has been saved with empty engine version. The asset will be loaded but may be incompatible.
[2026.03.04-05.21.53:098][161]LogLinker: Warning: Asset 'C:/Users/titan/Downloads/RoadHopper4.27/Content/Models/MiniCharacters/character-male-e_head-mesh.uasset' has been saved with empty engine version. The asset will be loaded but may be incompatible.
[2026.03.04-05.21.53:128][161]LogTexture: Display: Building textures: colormap_ncl1_1 (OODLE_AutoDXT, 512X512)
[2026.03.04-05.21.53:128][161]LogTexture: Display: Building textures: colormap_ncl1_1 (OODLE_AutoDXT, 512X512)
[2026.03.04-05.21.53:128][161]LogTexture: Display: Building textures: DeprecatedTextureEB9CBE3C423008B5E8E130901E171C89 (BGRA8, 128X128)
[2026.03.04-05.21.53:128][161]LogStaticMesh: Building static mesh character-male-e_head-mesh...
[2026.03.04-05.21.53:131][161]LogTexture: Display: Building textures: colormap_ncl1_1 (OODLE_AutoDXT, 512X512)
[2026.03.04-05.21.53:131][161]LogStaticMesh: Built static mesh [0.00s] /Game/Models/MiniCharacters/character-male-e_head-mesh.character-male-e_head-mesh
[2026.03.04-05.21.53:133][161]LogStaticMesh: Building static mesh character-male-b_body-mesh...
[2026.03.04-05.21.53:136][161]LogStaticMesh: Built static mesh [0.00s] /Game/Models/MiniCharacters/character-male-b_body-mesh.character-male-b_body-mesh
[2026.03.04-05.21.53:138][161]LogMaterial: Display: Missing cached shadermap for colormap in PCD3D_SM5, Default, SM5 (DDC key hash: 890700F3441DACFF80F0AB0133240532C945F355), compiling. 
[2026.03.04-05.21.53:164][161]LogShaderCompilers: Display: Submitted 16 shader compile jobs with 'Low' priority
[2026.03.04-05.21.53:165][161]LogStaticMesh: Building static mesh driveway-long...
[2026.03.04-05.21.53:165][161]LogStaticMesh: Built static mesh [0.00s] /Game/Models/City/driveway-long.driveway-long
[2026.03.04-05.21.53:165][161]LogStaticMesh: Building static mesh character-female-e_body-mesh...
[2026.03.04-05.21.53:168][161]LogShaderCompilers: Display: Worker (1/13): shaders left to compile 16
[2026.03.04-05.21.53:168][161]LogShaderCompilers: Display: Worker (2/13): shaders left to compile 14
[2026.03.04-05.21.53:168][161]LogShaderCompilers: Display: Worker (3/13): shaders left to compile 12
[2026.03.04-05.21.53:168][161]LogShaderCompilers: Display: Worker (4/13): shaders left to compile 10
[2026.03.04-05.21.53:168][161]LogShaderCompilers: Display: Worker (5/13): shaders left to compile 8
[2026.03.04-05.21.53:168][161]LogShaderCompilers: Display: Worker (6/13): shaders left to compile 6
[2026.03.04-05.21.53:168][161]LogShaderCompilers: Display: Worker (7/13): shaders left to compile 4
[2026.03.04-05.21.53:168][161]LogShaderCompilers: Display: Worker (8/13): shaders left to compile 2
[2026.03.04-05.21.53:168][161]LogShaderCompilers: Display: Started 16 'Local' shader compile jobs with 'Low' priority
[2026.03.04-05.21.53:168][161]LogStaticMesh: Built static mesh [0.00s] /Game/Models/MiniCharacters/character-female-e_body-mesh.character-female-e_body-mesh
[2026.03.04-05.21.53:169][161]LogMaterial: Display: Missing cached shadermap for colormap in PCD3D_SM5, Default, SM5 (DDC key hash: DEDE46B428A4EBAB1E78434B454472D5502703FD), compiling. 
[2026.03.04-05.21.53:179][161]LogStaticMesh: Building static mesh open...
[2026.03.04-05.21.53:180][161]LogStaticMesh: Built static mesh [0.00s] /Game/Models/MiniGolf/open.open
[2026.03.04-05.21.53:180][161]LogStaticMesh: Building static mesh character-female-d_head-mesh...
[2026.03.04-05.21.53:183][161]LogStaticMesh: Built static mesh [0.00s] /Game/Models/MiniCharacters/character-female-d_head-mesh.character-female-d_head-mesh
[2026.03.04-05.21.53:192][161]LogMaterial: Display: Missing cached shadermap for colormap in PCD3D_SM5, Default, SM5 (DDC key hash: 5B9EDF24AFEB6DC1125E70955215BD983E1B68D8), compiling. 
[2026.03.04-05.21.53:345][161]LogAssetEditorSubsystem: Opening Asset editor for World /Game/Levels/MainLevel.MainLevel
[2026.03.04-05.21.53:346][161]Cmd: MAP LOAD FILE="C:/Users/titan/Downloads/RoadHopper4.27/Content/Levels/MainLevel.umap" TEMPLATE=0 SHOWPROGRESS=1 FEATURELEVEL=3
[2026.03.04-05.21.53:346][161]LightingResults: New page: Lighting Build
[2026.03.04-05.21.53:346][161]LoadErrors: New page: Loading map: MainLevel.umap
[2026.03.04-05.21.53:347][161]LogWorld: UWorld::CleanupWorld for Untitled_1, bSessionEnded=true, bCleanupResources=true
[2026.03.04-05.21.53:347][161]LogSlate: InvalidateAllWidgets triggered.  All widgets were invalidated
[2026.03.04-05.21.53:347][161]MapCheck: New page: Map Check
[2026.03.04-05.21.53:347][161]LightingResults: New page: Lighting Build
[2026.03.04-05.21.53:355][161]LogAudio: Display: Audio Device unregistered from world 'None'.
[2026.03.04-05.21.53:359][161]LogUObjectHash: Compacting FUObjectHashTables data took   0.65ms
[2026.03.04-05.21.53:360][161]LogAudio: Display: Audio Device (ID: 1) registered with world 'MainLevel'.
[2026.03.04-05.21.53:589][161]LogEditorServer: Finished looking for orphan Actors (0.000 secs)
[2026.03.04-05.21.53:589][161]LogAIModule: Creating AISystem for world MainLevel
[2026.03.04-05.21.53:608][161]LogUObjectHash: Compacting FUObjectHashTables data took   0.66ms
[2026.03.04-05.21.53:609][161]Cmd: MAP CHECKDEP NOCLEARLOG
[2026.03.04-05.21.53:609][161]MapCheck: Map check complete: 0 Error(s), 0 Warning(s), took 0.14ms to complete.
[2026.03.04-05.21.53:609][161]LogFileHelpers: Loading map 'MainLevel' took 0.264
[2026.03.04-05.21.54:575][269]LogShaderCompilers: Display: === FShaderJobCache stats ===
[2026.03.04-05.21.54:575][269]LogShaderCompilers: Display: Total job queries 48, among them cache hits 0 (0.00%)
[2026.03.04-05.21.54:575][269]LogShaderCompilers: Display: Tracking 2 distinct input hashes that result in 2 distinct outputs (100.00%)
[2026.03.04-05.21.54:575][269]LogShaderCompilers: Display: RAM used: 0.00 MB (0.00 GB) of 1638.40 MB (1.60 GB) budget. Usage: 0.00%
[2026.03.04-05.21.54:575][269]LogShaderCompilers: Display: ================================================
[2026.03.04-05.21.56:639][508]LogEditorViewport: Clicking on Actor (LMB): BP_TileRow_C (BP_TileRow2)
[2026.03.04-05.22.01:759][115]LogTemp: Repeating last play command: Selected Viewport
[2026.03.04-05.22.01:764][115]LogPlayLevel: PlayLevel: No blueprints needed recompiling
[2026.03.04-05.22.01:764][115]PIE: New page: PIE session: MainLevel (Mar. 3, 2026, 3:22:01 p.m.)
[2026.03.04-05.22.01:765][115]LogOnline: OSS: Creating online subsystem instance for: NULL
[2026.03.04-05.22.01:766][115]LogOnline: OSS: TryLoadSubsystemAndSetDefault: Loaded subsystem for module [NULL]
[2026.03.04-05.22.01:766][115]LogPlayLevel: Creating play world package: /Game/Levels/UEDPIE_0_MainLevel
[2026.03.04-05.22.01:795][115]LogPlayLevel: PIE: StaticDuplicateObject took: (0.028999s)
[2026.03.04-05.22.01:796][115]LogAIModule: Creating AISystem for world MainLevel
[2026.03.04-05.22.01:796][115]LogPlayLevel: PIE: World Init took: (0.001095s)
[2026.03.04-05.22.01:796][115]LogPlayLevel: PIE: Created PIE world by copying editor world from /Game/Levels/MainLevel.MainLevel to /Game/Levels/UEDPIE_0_MainLevel.MainLevel (0.030505s)
[2026.03.04-05.22.01:801][115]LogUObjectHash: Compacting FUObjectHashTables data took   0.45ms
[2026.03.04-05.22.01:802][115]LogAudio: Display: Creating Audio Device:                 Id: 2, Scope: Unique, Realtime: True
[2026.03.04-05.22.01:802][115]LogAudioMixer: Display: Audio Mixer Platform Settings:
[2026.03.04-05.22.01:802][115]LogAudioMixer: Display: 	Sample Rate:						  48000
[2026.03.04-05.22.01:802][115]LogAudioMixer: Display: 	Callback Buffer Frame Size Requested: 1024
[2026.03.04-05.22.01:802][115]LogAudioMixer: Display: 	Callback Buffer Frame Size To Use:	  1024
[2026.03.04-05.22.01:802][115]LogAudioMixer: Display: 	Number of buffers to queue:			  2
[2026.03.04-05.22.01:802][115]LogAudioMixer: Display: 	Max Channels (voices):				  32
[2026.03.04-05.22.01:802][115]LogAudioMixer: Display: 	Number of Async Source Workers:		  0
[2026.03.04-05.22.01:802][115]LogAudio: Display: AudioDevice MaxSources: 32
[2026.03.04-05.22.01:803][115]LogAudio: Display: Audio Spatialization Plugin: None (built-in).
[2026.03.04-05.22.01:803][115]LogAudio: Display: Audio Reverb Plugin: None (built-in).
[2026.03.04-05.22.01:803][115]LogAudio: Display: Audio Occlusion Plugin: None (built-in).
[2026.03.04-05.22.01:803][115]LogAudioMixer: Display: Initializing audio mixer.
[2026.03.04-05.22.01:806][115]LogAudioMixer: Display: 0: FrontLeft
[2026.03.04-05.22.01:806][115]LogAudioMixer: Display: 1: FrontRight
[2026.03.04-05.22.01:806][115]LogAudioMixer: Display: 2: FrontCenter
[2026.03.04-05.22.01:806][115]LogAudioMixer: Display: 3: LowFrequency
[2026.03.04-05.22.01:806][115]LogAudioMixer: Display: 4: BackLeft
[2026.03.04-05.22.01:806][115]LogAudioMixer: Display: 5: BackRight
[2026.03.04-05.22.01:806][115]LogAudioMixer: Display: 6: SideLeft
[2026.03.04-05.22.01:806][115]LogAudioMixer: Display: 7: SideRight
[2026.03.04-05.22.01:820][115]LogAudioMixer: Display: Using Audio Device Headset Earphone (CORSAIR VOID PRO Wireless Gaming Headset)
[2026.03.04-05.22.01:820][115]LogAudioMixer: Display: Initializing Sound Submixes...
[2026.03.04-05.22.01:820][115]LogAudioMixer: Display: Creating Master Submix 'MasterSubmixDefault'
[2026.03.04-05.22.01:820][115]LogAudioMixer: Display: Creating Master Submix 'MasterReverbSubmixDefault'
[2026.03.04-05.22.01:821][115]LogAudioMixer: Display: Creating Master Submix 'MasterEQSubmixDefault'
[2026.03.04-05.22.01:821][115]LogAudioMixer: FMixerPlatformXAudio2::StartAudioStream() called
[2026.03.04-05.22.01:821][115]LogAudioMixer: Display: Output buffers initialized: Frames=1024, Channels=8, Samples=8192
[2026.03.04-05.22.01:822][115]LogAudioMixer: Display: Starting AudioMixerPlatformInterface::RunInternal()
[2026.03.04-05.22.01:822][115]LogAudioMixer: Display: FMixerPlatformXAudio2::SubmitBuffer() called for the first time
[2026.03.04-05.22.01:822][115]LogInit: FAudioDevice initialized.
[2026.03.04-05.22.01:822][115]LogAudio: Display: Audio Device (ID: 2) registered with world 'MainLevel'.
[2026.03.04-05.22.01:827][115]LogLoad: Game class is 'GM_RoadHopper_C'
[2026.03.04-05.22.01:840][115]LogWorld: Bringing World /Game/Levels/UEDPIE_0_MainLevel.MainLevel up for play (max tick rate 0) at 2026.03.03-22.22.01
[2026.03.04-05.22.01:840][115]LogWorld: Bringing up level for play took: 0.011918
[2026.03.04-05.22.01:841][115]LogOnline: OSS: Creating online subsystem instance for: :Context_1
[2026.03.04-05.22.01:844][115]LogNativeClassHierarchy: Verbose: Native class hierarchy updated for 'MovieSceneCapture' in 0.0003 seconds. Added 20 classes and 0 folders.
[2026.03.04-05.22.01:846][115]LogBlueprintUserMessages: [GM_RoadHopper_C_0] Hello
[2026.03.04-05.22.01:846][115]PIE: Server logged in
[2026.03.04-05.22.01:847][115]PIE: Play in editor total start time 0.084 seconds.
[2026.03.04-05.22.08:803][944]LogSlate: Updating window title bar state: overlay mode, drag disabled, window buttons hidden, title bar hidden
[2026.03.04-05.22.08:803][944]LogWorld: BeginTearingDown for /Game/Levels/UEDPIE_0_MainLevel
[2026.03.04-05.22.08:804][944]LogWorld: UWorld::CleanupWorld for MainLevel, bSessionEnded=true, bCleanupResources=true
[2026.03.04-05.22.08:815][944]LogSlate: InvalidateAllWidgets triggered.  All widgets were invalidated
[2026.03.04-05.22.08:824][944]LogPlayLevel: Display: Shutting down PIE online subsystems
[2026.03.04-05.22.08:829][944]LogSlate: InvalidateAllWidgets triggered.  All widgets were invalidated
[2026.03.04-05.22.08:836][944]LogSlate: Updating window title bar state: overlay mode, drag disabled, window buttons hidden, title bar hidden
[2026.03.04-05.22.08:838][944]LogAudioMixer: FMixerPlatformXAudio2::StopAudioStream() called
[2026.03.04-05.22.08:839][944]LogAudioMixer: FMixerPlatformXAudio2::StopAudioStream() called
[2026.03.04-05.22.08:843][944]LogUObjectHash: Compacting FUObjectHashTables data took   0.46ms
[2026.03.04-05.22.08:867][945]LogPlayLevel: Display: Destroying online subsystem :Context_1
[2026.03.04-05.23.53:911][375]LogAssetEditorSubsystem: Opening Asset editor for Blueprint /Game/Blueprints/BP_Player.BP_Player
[2026.03.04-05.23.54:050][375]LogNativeClassHierarchy: Verbose: Native class hierarchy updated for 'BlueprintGraph' in 0.0004 seconds. Added 126 classes and 0 folders.
[2026.03.04-05.23.54:573][375]LogSlate: Took 0.000242 seconds to synchronously load lazily loaded font '../../../Engine/Content/Slate/Fonts/Roboto-BoldCondensed.ttf' (158K)
[2026.03.04-05.24.09:262][ 74]LogSlate: Window 'BP_Player' being destroyed
[2026.03.04-05.24.09:266][ 74]LogSlate: Window 'BP_Player' being destroyed
[2026.03.04-05.24.09:301][ 74]LogWorld: UWorld::CleanupWorld for World_5, bSessionEnded=true, bCleanupResources=true
[2026.03.04-05.24.09:301][ 74]LogSlate: InvalidateAllWidgets triggered.  All widgets were invalidated
[2026.03.04-05.27.59:735][636]LogEditorViewport: Clicking on Actor (LMB): BP_TileRow_C (BP_TileRow18)
[2026.03.04-05.28.03:686][107]LogEditorViewport: Clicking on Actor (LMB): BP_Sky_Sphere_C (Sky Sphere)
[2026.03.04-05.28.15:365][503]Cmd: TRANSACTION UNDO
[2026.03.04-05.28.15:365][503]LogEditorTransaction: Undo Clicking on Actors
[2026.03.04-05.28.16:301][584]Cmd: TRANSACTION UNDO
[2026.03.04-05.28.16:301][584]LogEditorTransaction: Undo Clicking on Actors
[2026.03.04-05.30.50:184][597]LogEditorClassViewer: Warning: Class /Engine/Tutorial/InWorldBlueprintEditing/TutorialAssets/IWBE_Blutility.IWBE_Blutility_C has parent /Script/Blutility.PlacedEditorUtilityBase, but this parent is not found. The Class will not be shown in ClassViewer.
[2026.03.04-05.32.44:255][382]LogEditorViewport: Clicking on Actor (LMB): BP_TileRow_C (BP_TileRow18)
[2026.03.04-05.32.48:493][886]Cmd: TRANSACTION UNDO
[2026.03.04-05.32.48:493][886]LogEditorTransaction: Undo Clicking on Actors
[2026.03.04-05.33.19:754][539]LogUObjectHash: Compacting FUObjectHashTables data took   1.80ms
[2026.03.04-05.33.19:763][539]Cmd: OBJ SAVEPACKAGE PACKAGE="/Game/Levels/MainLevel" FILE="C:/Users/titan/Downloads/RoadHopper4.27/Saved/Autosaves/Game/Levels/MainLevel_Auto1.umap" SILENT=true AUTOSAVING=true KEEPDIRTY=false
[2026.03.04-05.33.19:879][539]LogSavePackage: Moving 'C:/Users/titan/Downloads/RoadHopper4.27/Saved/MainLevel_Auto180B0D74F40B9BFEEA03E618D6F508B71.tmp' to 'C:/Users/titan/Downloads/RoadHopper4.27/Saved/Autosaves/Game/Levels/MainLevel_Auto1.umap'
[2026.03.04-05.33.19:881][539]LogFileHelpers: Editor autosave (incl. external actors) for '/Game/Levels/MainLevel' took 0.144
[2026.03.04-05.33.19:881][539]LogFileHelpers: Editor autosave (incl. sublevels & external actors) for all levels took 0.144
[2026.03.04-05.33.52:081][254]Cmd: POLY SELECT ALL
[2026.03.04-05.33.52:099][255]Cmd: POLY SELECT MEMORY UNION
[2026.03.04-05.33.54:619][546]LogEditorViewport: Clicking on Actor (LMB): BP_TileRow_C (BP_TileRow19)
[2026.03.04-05.33.58:248][977]Cmd: POLY SELECT ADJACENT WALLS
[2026.03.04-05.34.06:146][846]LogEditorViewport: Clicking on Actor (LMB): BP_TileRow_C (BP_TileRow18)
[2026.03.04-05.34.06:909][935]LogEditorViewport: Clicking on Actor (LMB): BP_TileRow_C (BP_TileRow19)
[2026.03.04-05.34.10:818][397]LogEditorViewport: Clicking on Actor (LMB): BP_TileRow_C (BP_TileRow18)
[2026.03.04-05.34.11:873][521]LogEditorViewport: Clicking on Actor (LMB): BP_TileRow_C (BP_TileRow19)
[2026.03.04-05.34.12:711][619]LogEditorViewport: Clicking on Actor (LMB): BP_TileRow_C (BP_TileRow17)
[2026.03.04-05.34.13:723][738]LogEditorViewport: Clicking on Actor (LMB): BP_TileRow_C (BP_TileRow18)
[2026.03.04-05.34.14:280][802]LogEditorViewport: Clicking on Actor (LMB): BP_TileRow_C (BP_TileRow19)
[2026.03.04-05.34.22:005][696]LogEditorViewport: Clicking on Actor (LMB): BP_TileRow_C (BP_TileRow18)
[2026.03.04-05.34.22:792][787]LogEditorViewport: Clicking on Actor (LMB): BP_TileRow_C (BP_TileRow19)
[2026.03.04-05.34.38:487][651]LogEditorViewport: Clicking on Actor (LMB): BP_Sky_Sphere_C (Sky Sphere)
[2026.03.04-05.34.47:309][704]LogEditorViewport: Clicking on Actor (LMB): BP_TileRow_C (BP_TileRow19)
[2026.03.04-05.34.47:731][752]LogEditorViewport: Clicking on Actor (LMB): BP_TileRow_C (BP_TileRow18)
[2026.03.04-05.36.04:158][409]LogEditorViewport: Clicking on Actor (context menu): BP_Sky_Sphere_C (Sky Sphere)
[2026.03.04-05.36.04:792][471]LogEditorViewport: Clicking on Actor (LMB): BP_Sky_Sphere_C (Sky Sphere)
[2026.03.04-05.36.09:622][ 21]LogEditorViewport: Clicking on Actor (LMB): BP_TileRow_C (BP_TileRow3)
[2026.03.04-05.36.10:059][ 62]LogEditorViewport: Clicking on Actor (LMB): BP_TileRow_C (BP_TileRow5)
[2026.03.04-05.36.10:458][106]LogEditorViewport: Clicking on Actor (LMB): BP_TileRow_C (BP_TileRow7)
[2026.03.04-05.36.10:894][156]LogEditorViewport: Clicking on Actor (LMB): BP_TileRow_C (BP_TileRow9)
[2026.03.04-05.36.13:240][416]LogEditorViewport: Clicking on Actor (LMB): BP_TileRow_C (BP_TileRow11)
[2026.03.04-05.36.13:609][450]LogEditorViewport: Clicking on Actor (LMB): BP_TileRow_C (BP_TileRow12)
[2026.03.04-05.36.13:988][493]LogEditorViewport: Clicking on Actor (LMB): BP_TileRow_C (BP_TileRow13)
[2026.03.04-05.36.14:352][534]LogEditorViewport: Clicking on Actor (LMB): BP_TileRow_C (BP_TileRow14)
[2026.03.04-05.36.14:766][581]LogEditorViewport: Clicking on Actor (LMB): BP_TileRow_C (BP_TileRow16)
[2026.03.04-05.36.15:363][650]LogEditorViewport: Clicking on Actor (LMB): BP_TileRow_C (BP_TileRow15)
[2026.03.04-05.36.15:866][708]LogEditorViewport: Clicking on Actor (LMB): BP_TileRow_C (BP_TileRow17)
[2026.03.04-05.36.16:272][754]LogEditorViewport: Clicking on Actor (LMB): BP_TileRow_C (BP_TileRow18)
[2026.03.04-05.36.16:743][808]LogEditorViewport: Clicking on Actor (LMB): BP_TileRow_C (BP_TileRow19)
[2026.03.04-05.36.27:706][103]LogEditorViewport: Clicking on Actor (context menu): BP_Sky_Sphere_C (Sky Sphere)
[2026.03.04-05.36.28:261][164]LogEditorViewport: Clicking on Actor (LMB): BP_Sky_Sphere_C (Sky Sphere)
[2026.03.04-05.36.30:656][430]LogEditorViewport: Clicking on Actor (LMB): BP_TileRow_C (BP_TileRow19)
[2026.03.04-05.36.31:173][481]Cmd: EDIT COPY
[2026.03.04-05.36.31:386][506]Cmd: EDIT PASTE
[2026.03.04-05.36.36:143][ 59]LogEditorViewport: Clicking on Actor (LMB): BP_Sky_Sphere_C (Sky Sphere)
[2026.03.04-05.36.37:778][251]LogEditorViewport: Clicking on Actor (LMB): BP_TileRow_C (BP_TileRow19)
[2026.03.04-05.36.40:292][547]Cmd: EDIT COPY
[2026.03.04-05.36.40:756][602]Cmd: EDIT PASTE
[2026.03.04-05.36.43:722][900]LogEditorViewport: Clicking on Actor (LMB): BP_Sky_Sphere_C (Sky Sphere)
[2026.03.04-05.36.44:357][973]LogEditorViewport: Clicking on Actor (LMB): BP_TileRow_C (BP_TileRow21)
[2026.03.04-05.36.45:351][ 89]LogEditorViewport: Clicking on Actor (LMB): BP_TileRow_C (BP_TileRow22)
[2026.03.04-05.36.45:900][152]LogEditorViewport: Clicking on Actor (LMB): BP_TileRow_C (BP_TileRow20)
[2026.03.04-05.36.46:297][197]LogEditorViewport: Clicking on Actor (LMB): BP_TileRow_C (BP_TileRow19)
[2026.03.04-05.36.47:185][301]LogEditorViewport: Clicking on Actor (LMB): BP_Sky_Sphere_C (Sky Sphere)
[2026.03.04-05.36.49:415][548]LogEditorViewport: Clicking on Actor (LMB): BP_TileRow_C (BP_TileRow22)
[2026.03.04-05.36.49:817][593]LogEditorViewport: Clicking on Actor (LMB): BP_TileRow_C (BP_TileRow21)
[2026.03.04-05.36.50:384][658]LogEditorViewport: Clicking on Actor (LMB): BP_TileRow_C (BP_TileRow19)
[2026.03.04-05.36.52:829][940]LogEditorViewport: Clicking on Actor (LMB): BP_TileRow_C (BP_TileRow21)
[2026.03.04-05.36.53:158][969]LogEditorViewport: Clicking on Actor (LMB): BP_TileRow_C (BP_TileRow22)
[2026.03.04-05.36.53:954][ 53]LogEditorViewport: Clicking on Actor (LMB): BP_TileRow_C (BP_TileRow17)
[2026.03.04-05.36.56:397][341]LogEditorViewport: Clicking on Actor (LMB): BP_TileRow_C (BP_TileRow17)
[2026.03.04-05.36.58:447][584]LogEditorViewport: Clicking on Actor (LMB): BP_Sky_Sphere_C (Sky Sphere)
[2026.03.04-05.37.42:066][793]LogEditorViewport: Clicking on Actor (LMB): BP_TileRow_C (BP_TileRow5)
[2026.03.04-05.37.42:643][857]LogEditorViewport: Clicking on Actor (LMB): BP_TileRow_C (BP_TileRow5)
[2026.03.04-05.37.43:037][903]LogEditorViewport: Clicking on Actor (LMB): BP_TileRow_C (BP_TileRow3)
[2026.03.04-05.37.45:747][223]LogEditorViewport: Clicking on Actor (LMB): BP_Sky_Sphere_C (Sky Sphere)
[2026.03.04-05.37.46:724][337]LogEditorViewport: Clicking on Actor (LMB): BP_TileRow_C (BP_TileRow5)
[2026.03.04-05.37.47:523][430]LogEditorViewport: Clicking on Actor (LMB): BP_TileRow_C (BP_TileRow5)
[2026.03.04-05.37.47:935][478]LogEditorViewport: Clicking on Actor (LMB): BP_TileRow_C (BP_TileRow3)
[2026.03.04-05.38.21:758][460]Cmd: EDIT COPY
[2026.03.04-05.38.22:084][498]Cmd: EDIT PASTE
[2026.03.04-05.38.34:068][365]LogEditorViewport: Clicking on Actor (LMB): BP_Sky_Sphere_C (Sky Sphere)
[2026.03.04-05.38.34:731][440]LogEditorViewport: Clicking on Actor (LMB): BP_TileRow_C (BP_TileRow23)
[2026.03.04-05.38.36:352][631]LogEditorViewport: Clicking on Actor (LMB): BP_TileRow_C (BP_TileRow24)
[2026.03.04-05.38.36:755][676]LogEditorViewport: Clicking on Actor (LMB): BP_Sky_Sphere_C (Sky Sphere)
[2026.03.04-05.39.02:867][459]LogEditorViewport: Clicking on Actor (LMB): BP_Sky_Sphere_C (Sky Sphere)
[2026.03.04-05.39.03:759][564]LogEditorViewport: Clicking on Actor (LMB): BP_TileRow_C (BP_TileRow34)
[2026.03.04-05.39.22:150][759]Cmd: EDIT COPY
[2026.03.04-05.39.22:417][790]Cmd: EDIT PASTE
[2026.03.04-05.39.27:262][240]LogEditorViewport: Clicking on Actor (LMB): BP_Sky_Sphere_C (Sky Sphere)
[2026.03.04-05.39.39:807][375]LogEditorViewport: Clicking on Actor (LMB): BP_Sky_Sphere_C (Sky Sphere)
[2026.03.04-05.39.44:230][837]Cmd: EDIT COPY
[2026.03.04-05.39.44:505][869]Cmd: EDIT PASTE
[2026.03.04-05.39.48:550][205]LogEditorViewport: Clicking on Actor (LMB): BP_Sky_Sphere_C (Sky Sphere)
[2026.03.04-05.39.49:823][328]LogEditorViewport: Clicking on Actor (LMB): BP_Sky_Sphere_C (Sky Sphere)
[2026.03.04-05.39.50:357][376]LogEditorViewport: Clicking on Actor (LMB): BP_TileRow_C (BP_TileRow46)
[2026.03.04-05.39.52:034][565]Cmd: EDIT COPY
[2026.03.04-05.39.52:300][596]Cmd: EDIT PASTE
[2026.03.04-05.39.54:990][806]LogEditorViewport: Clicking on Actor (LMB): BP_Sky_Sphere_C (Sky Sphere)
[2026.03.04-05.40.03:529][173]LogEditorViewport: Clicking on Actor (LMB): BP_Sky_Sphere_C (Sky Sphere)
[2026.03.04-05.40.04:205][233]LogEditorViewport: Clicking on Actor (LMB): BP_TileRow_C (BP_TileRow42)
[2026.03.04-05.40.06:265][471]Cmd: EDIT COPY
[2026.03.04-05.40.07:255][589]Cmd: EDIT PASTE
[2026.03.04-05.40.10:097][835]LogEditorViewport: Clicking on Actor (LMB): BP_Sky_Sphere_C (Sky Sphere)
[2026.03.04-05.40.24:924][822]LogEditorViewport: Clicking on Actor (LMB): BP_Sky_Sphere_C (Sky Sphere)
[2026.03.04-05.40.26:477][975]LogEditorViewport: Clicking on Actor (LMB): BP_TileRow_C (BP_TileRow50)
[2026.03.04-05.40.26:802][  1]LogEditorViewport: Clicking on Actor (LMB): BP_TileRow_C (BP_TileRow49)
[2026.03.04-05.40.27:708][106]LogEditorViewport: Clicking on Actor (LMB): BP_TileRow_C (BP_TileRow48)
[2026.03.04-05.40.28:667][212]Cmd: EDIT COPY
[2026.03.04-05.40.28:862][234]Cmd: EDIT PASTE
[2026.03.04-05.40.31:242][445]LogEditorViewport: Clicking on Actor (LMB): BP_Sky_Sphere_C (Sky Sphere)
[2026.03.04-05.40.33:492][672]LogEditorViewport: Clicking on Actor (LMB): BP_TileRow_C (BP_TileRow53)
[2026.03.04-05.40.34:600][787]Cmd: EDIT COPY
[2026.03.04-05.40.36:451][967]Cmd: TRANSACTION UNDO
[2026.03.04-05.40.36:451][967]LogEditorTransaction: Undo Move Actors
[2026.03.04-05.40.38:389][164]Cmd: EDIT COPY
[2026.03.04-05.40.38:999][236]Cmd: EDIT COPY
[2026.03.04-05.40.39:366][279]Cmd: EDIT PASTE
[2026.03.04-05.40.41:726][471]LogEditorViewport: Clicking on Actor (LMB): BP_Sky_Sphere_C (Sky Sphere)
[2026.03.04-05.41.11:073][584]LogAssetEditorSubsystem: Opening Asset editor for Blueprint /Game/Blueprints/BP_Player.BP_Player
[2026.03.04-05.43.21:083][431]LogUObjectHash: Compacting FUObjectHashTables data took   5.45ms
[2026.03.04-05.43.21:087][431]Cmd: OBJ SAVEPACKAGE PACKAGE="/Game/Levels/MainLevel" FILE="C:/Users/titan/Downloads/RoadHopper4.27/Saved/Autosaves/Game/Levels/MainLevel_Auto2.umap" SILENT=true AUTOSAVING=true KEEPDIRTY=false
[2026.03.04-05.43.21:500][431]LogSavePackage: Moving 'C:/Users/titan/Downloads/RoadHopper4.27/Saved/MainLevel_Auto2A4D756044B0C921B92E72691124DC11D.tmp' to 'C:/Users/titan/Downloads/RoadHopper4.27/Saved/Autosaves/Game/Levels/MainLevel_Auto2.umap'
[2026.03.04-05.43.21:503][431]LogFileHelpers: Editor autosave (incl. external actors) for '/Game/Levels/MainLevel' took 1.413
[2026.03.04-05.43.21:503][431]LogFileHelpers: Editor autosave (incl. sublevels & external actors) for all levels took 1.413
[2026.03.04-05.43.21:503][431]OBJ SavePackage: Generating thumbnails for [2] asset(s) in package [/Game/Blueprints/BP_Player] ([2] browsable assets)...
[2026.03.04-05.43.21:514][431]OBJ SavePackage:     Rendered thumbnail for [Blueprint /Game/Blueprints/BP_Player.BP_Player]
[2026.03.04-05.43.21:514][431]OBJ SavePackage: Finished generating thumbnails for package [/Game/Blueprints/BP_Player]
[2026.03.04-05.43.21:514][431]Cmd: OBJ SAVEPACKAGE PACKAGE="/Game/Blueprints/BP_Player" FILE="C:/Users/titan/Downloads/RoadHopper4.27/Saved/Autosaves/Game/Blueprints/BP_Player_Auto2.uasset" SILENT=false AUTOSAVING=true
[2026.03.04-05.43.21:525][431]LogSavePackage: Moving 'C:/Users/titan/Downloads/RoadHopper4.27/Saved/BP_Player_Auto2A54DDA004A4C403C781E86B1A2F2658A.tmp' to 'C:/Users/titan/Downloads/RoadHopper4.27/Saved/Autosaves/Game/Blueprints/BP_Player_Auto2.uasset'
[2026.03.04-05.43.21:526][431]LogFileHelpers: Auto-saving content packages took 0.023
[2026.03.04-06.07.33:779][840]LogUObjectHash: Compacting FUObjectHashTables data took   1.84ms
[2026.03.04-06.07.33:790][840]LogFileHelpers: Editor autosave (incl. external actors) for '/Game/Levels/MainLevel' took 0.028
[2026.03.04-06.07.33:790][840]OBJ SavePackage: Generating thumbnails for [2] asset(s) in package [/Game/Blueprints/BP_Player] ([2] browsable assets)...
[2026.03.04-06.07.33:796][840]OBJ SavePackage:     Rendered thumbnail for [Blueprint /Game/Blueprints/BP_Player.BP_Player]
[2026.03.04-06.07.33:796][840]OBJ SavePackage: Finished generating thumbnails for package [/Game/Blueprints/BP_Player]
[2026.03.04-06.07.33:796][840]Cmd: OBJ SAVEPACKAGE PACKAGE="/Game/Blueprints/BP_Player" FILE="C:/Users/titan/Downloads/RoadHopper4.27/Saved/Autosaves/Game/Blueprints/BP_Player_Auto3.uasset" SILENT=false AUTOSAVING=true
[2026.03.04-06.07.33:805][840]LogSavePackage: Moving 'C:/Users/titan/Downloads/RoadHopper4.27/Saved/BP_Player_Auto3A8C5362942D101ABA011228521749AA5.tmp' to 'C:/Users/titan/Downloads/RoadHopper4.27/Saved/Autosaves/Game/Blueprints/BP_Player_Auto3.uasset'
[2026.03.04-06.07.33:807][840]LogFileHelpers: Auto-saving content packages took 0.017
[2026.03.04-06.15.52:864][303]LogEditorViewport: Clicking on Actor (LMB): BP_TileRow_C (BP_TileRow5)
[2026.03.04-06.15.56:759][753]LogEditorViewport: Clicking on Actor (LMB): BP_TileRow_C (BP_TileRow5)
[2026.03.04-06.15.56:808][757]LogEditorViewport: Clicking on Component (LMB): ChildActorComponent (NODE_AddChildActorComponent-0_28)
[2026.03.04-06.15.57:374][824]LogEditorViewport: Clicking on Component (LMB): ChildActorComponent (NODE_AddChildActorComponent-0_28)
[2026.03.04-06.15.57:422][828]LogEditorViewport: Clicking on Actor (double click): BP_TileRow_C (BP_TileRow5)
[2026.03.04-06.15.57:839][877]LogEditorViewport: Clicking on Actor (LMB): BP_TileRow_C (BP_TileRow5)
[2026.03.04-06.15.57:897][882]LogEditorViewport: Clicking on Component (LMB): ChildActorComponent (NODE_AddChildActorComponent-0_28)
[2026.03.04-06.15.58:329][933]LogEditorViewport: Clicking on Component (LMB): ChildActorComponent (NODE_AddChildActorComponent-0_28)
[2026.03.04-06.15.58:379][937]LogEditorViewport: Clicking on Actor (double click): BP_TileRow_C (BP_TileRow5)
[2026.03.04-06.16.03:935][590]LogEditorViewport: Clicking on Actor (LMB): BP_TileRow_C (BP_TileRow7)
[2026.03.04-06.16.04:404][643]LogEditorViewport: Clicking on Actor (LMB): BP_TileRow_C (BP_TileRow5)
[2026.03.04-06.16.04:942][704]LogEditorViewport: Clicking on Actor (LMB): BP_TileRow_C (BP_TileRow7)
[2026.03.04-06.16.05:898][815]LogEditorViewport: Clicking on Actor (LMB): BP_TileRow_C (BP_TileRow5)
[2026.03.04-06.16.11:568][469]LogEditorViewport: Clicking on Actor (LMB): BP_Player_C (BP_Player)
[2026.03.04-06.16.14:295][750]LogEditorViewport: Clicking on Actor (LMB): BP_Sky_Sphere_C (Sky Sphere)
[2026.03.04-06.17.33:616][912]LogUObjectHash: Compacting FUObjectHashTables data took   2.18ms
[2026.03.04-06.17.33:628][912]Cmd: OBJ SAVEPACKAGE PACKAGE="/Game/Levels/MainLevel" FILE="C:/Users/titan/Downloads/RoadHopper4.27/Saved/Autosaves/Game/Levels/MainLevel_Auto4.umap" SILENT=true AUTOSAVING=true KEEPDIRTY=false
[2026.03.04-06.17.34:006][912]LogSavePackage: Moving 'C:/Users/titan/Downloads/RoadHopper4.27/Saved/MainLevel_Auto497F144FB4781FDDE901E9C8ED2F64405.tmp' to 'C:/Users/titan/Downloads/RoadHopper4.27/Saved/Autosaves/Game/Levels/MainLevel_Auto4.umap'
[2026.03.04-06.17.34:009][912]LogFileHelpers: Editor autosave (incl. external actors) for '/Game/Levels/MainLevel' took 0.410
[2026.03.04-06.17.34:009][912]LogFileHelpers: Editor autosave (incl. sublevels & external actors) for all levels took 0.410
[2026.03.04-06.17.34:010][912]OBJ SavePackage: Generating thumbnails for [2] asset(s) in package [/Game/Blueprints/BP_Player] ([2] browsable assets)...
[2026.03.04-06.17.34:015][912]OBJ SavePackage:     Rendered thumbnail for [Blueprint /Game/Blueprints/BP_Player.BP_Player]
[2026.03.04-06.17.34:015][912]OBJ SavePackage: Finished generating thumbnails for package [/Game/Blueprints/BP_Player]
[2026.03.04-06.17.34:015][912]Cmd: OBJ SAVEPACKAGE PACKAGE="/Game/Blueprints/BP_Player" FILE="C:/Users/titan/Downloads/RoadHopper4.27/Saved/Autosaves/Game/Blueprints/BP_Player_Auto4.uasset" SILENT=false AUTOSAVING=true
[2026.03.04-06.17.34:026][912]LogSavePackage: Moving 'C:/Users/titan/Downloads/RoadHopper4.27/Saved/BP_Player_Auto4775B0F3A40D46281765278A69B16070C.tmp' to 'C:/Users/titan/Downloads/RoadHopper4.27/Saved/Autosaves/Game/Blueprints/BP_Player_Auto4.uasset'
[2026.03.04-06.17.34:026][912]LogFileHelpers: Auto-saving content packages took 0.017
[2026.03.04-06.23.25:564][758]LogSlate: Took 0.005715 seconds to synchronously load lazily loaded font '../../../Engine/Content/Slate/Fonts/Roboto-BoldCondensedItalic.ttf' (160K)
[2026.03.04-06.27.33:924][157]LogUObjectHash: Compacting FUObjectHashTables data took   2.27ms
[2026.03.04-06.27.33:935][157]Cmd: OBJ SAVEPACKAGE PACKAGE="/Game/Levels/MainLevel" FILE="C:/Users/titan/Downloads/RoadHopper4.27/Saved/Autosaves/Game/Levels/MainLevel_Auto5.umap" SILENT=true AUTOSAVING=true KEEPDIRTY=false
[2026.03.04-06.27.34:319][157]LogSavePackage: Moving 'C:/Users/titan/Downloads/RoadHopper4.27/Saved/MainLevel_Auto5CF278B2F4B541127D81FFA83AD7C0E83.tmp' to 'C:/Users/titan/Downloads/RoadHopper4.27/Saved/Autosaves/Game/Levels/MainLevel_Auto5.umap'
[2026.03.04-06.27.34:322][157]LogFileHelpers: Editor autosave (incl. external actors) for '/Game/Levels/MainLevel' took 0.416
[2026.03.04-06.27.34:322][157]LogFileHelpers: Editor autosave (incl. sublevels & external actors) for all levels took 0.416
[2026.03.04-06.27.34:322][157]OBJ SavePackage: Generating thumbnails for [2] asset(s) in package [/Game/Blueprints/BP_Player] ([2] browsable assets)...
[2026.03.04-06.27.34:327][157]OBJ SavePackage:     Rendered thumbnail for [Blueprint /Game/Blueprints/BP_Player.BP_Player]
[2026.03.04-06.27.34:327][157]OBJ SavePackage: Finished generating thumbnails for package [/Game/Blueprints/BP_Player]
[2026.03.04-06.27.34:327][157]Cmd: OBJ SAVEPACKAGE PACKAGE="/Game/Blueprints/BP_Player" FILE="C:/Users/titan/Downloads/RoadHopper4.27/Saved/Autosaves/Game/Blueprints/BP_Player_Auto5.uasset" SILENT=false AUTOSAVING=true
[2026.03.04-06.27.34:336][157]LogSavePackage: Moving 'C:/Users/titan/Downloads/RoadHopper4.27/Saved/BP_Player_Auto51ED92EDC4A3702A7C511D28B5FEAC730.tmp' to 'C:/Users/titan/Downloads/RoadHopper4.27/Saved/Autosaves/Game/Blueprints/BP_Player_Auto5.uasset'
[2026.03.04-06.27.34:337][157]LogFileHelpers: Auto-saving content packages took 0.015
[2026.03.04-06.35.31:736][210]LogEditorViewport: Clicking on Actor (LMB): BP_Sky_Sphere_C (Sky Sphere)
[2026.03.04-06.35.34:738][550]LogEditorViewport: Clicking on Actor (LMB): BP_TileRow_C (BP_TileRow3)
[2026.03.04-06.35.35:428][618]LogEditorViewport: Clicking on Actor (LMB): BP_TileRow_C (BP_TileRow)
[2026.03.04-06.35.35:787][655]LogEditorViewport: Clicking on Actor (LMB): BP_TileRow_C (BP_TileRow3)
[2026.03.04-06.35.36:368][722]LogEditorViewport: Clicking on Actor (LMB): BP_TileRow_C (BP_TileRow)
[2026.03.04-06.35.36:758][766]LogEditorViewport: Clicking on Actor (LMB): BP_TileRow_C (BP_TileRow3)
[2026.03.04-06.35.37:872][897]LogEditorViewport: Clicking on Actor (LMB): BP_TileRow_C (BP_TileRow)
[2026.03.04-06.37.25:710][120]Cmd: OBJ SAVEPACKAGE PACKAGE="/Game/Blueprints/BP_Player" FILE="C:/Users/titan/Downloads/RoadHopper4.27/Content/Blueprints/BP_Player.uasset" SILENT=true
[2026.03.04-06.37.25:720][120]LogSavePackage: Moving 'C:/Users/titan/Downloads/RoadHopper4.27/Saved/BP_Player01E062714C431668404F65A05CBF5498.tmp' to 'C:/Users/titan/Downloads/RoadHopper4.27/Content/Blueprints/BP_Player.uasset'
[2026.03.04-06.37.25:734][120]AssetCheck: New page: Asset Save: BP_Player
[2026.03.04-06.37.25:734][120]LogContentValidation: Display: Validating Blueprint /Game/Blueprints/BP_Player.BP_Player
[2026.03.04-06.37.27:093][274]BlueprintLog: New page: Compile BP_Player
[2026.03.04-06.37.27:131][274]LogUObjectHash: Compacting FUObjectHashTables data took   2.24ms
[2026.03.04-06.37.30:641][659]LogTemp: Repeating last play command: Selected Viewport
[2026.03.04-06.37.30:645][659]LogPlayLevel: PlayLevel: No blueprints needed recompiling
[2026.03.04-06.37.30:645][659]PIE: New page: PIE session: MainLevel (Mar. 3, 2026, 4:37:30 p.m.)
[2026.03.04-06.37.30:676][659]LogPlayLevel: Creating play world package: /Game/Levels/UEDPIE_0_MainLevel
[2026.03.04-06.37.30:770][659]LogPlayLevel: PIE: StaticDuplicateObject took: (0.094148s)
[2026.03.04-06.37.30:771][659]LogAIModule: Creating AISystem for world MainLevel
[2026.03.04-06.37.30:771][659]LogPlayLevel: PIE: World Init took: (0.001089s)
[2026.03.04-06.37.30:772][659]LogPlayLevel: PIE: Created PIE world by copying editor world from /Game/Levels/MainLevel.MainLevel to /Game/Levels/UEDPIE_0_MainLevel.MainLevel (0.095493s)
[2026.03.04-06.37.30:786][659]LogUObjectHash: Compacting FUObjectHashTables data took   1.82ms
[2026.03.04-06.37.30:788][659]LogAudio: Display: Creating Audio Device:                 Id: 3, Scope: Unique, Realtime: True
[2026.03.04-06.37.30:788][659]LogAudioMixer: Display: Audio Mixer Platform Settings:
[2026.03.04-06.37.30:788][659]LogAudioMixer: Display: 	Sample Rate:						  48000
[2026.03.04-06.37.30:788][659]LogAudioMixer: Display: 	Callback Buffer Frame Size Requested: 1024
[2026.03.04-06.37.30:788][659]LogAudioMixer: Display: 	Callback Buffer Frame Size To Use:	  1024
[2026.03.04-06.37.30:788][659]LogAudioMixer: Display: 	Number of buffers to queue:			  2
[2026.03.04-06.37.30:788][659]LogAudioMixer: Display: 	Max Channels (voices):				  32
[2026.03.04-06.37.30:788][659]LogAudioMixer: Display: 	Number of Async Source Workers:		  0
[2026.03.04-06.37.30:788][659]LogAudio: Display: AudioDevice MaxSources: 32
[2026.03.04-06.37.30:789][659]LogAudio: Display: Audio Spatialization Plugin: None (built-in).
[2026.03.04-06.37.30:789][659]LogAudio: Display: Audio Reverb Plugin: None (built-in).
[2026.03.04-06.37.30:789][659]LogAudio: Display: Audio Occlusion Plugin: None (built-in).
[2026.03.04-06.37.30:789][659]LogAudioMixer: Display: Initializing audio mixer.
[2026.03.04-06.37.30:792][659]LogAudioMixer: Display: 0: FrontLeft
[2026.03.04-06.37.30:792][659]LogAudioMixer: Display: 1: FrontRight
[2026.03.04-06.37.30:792][659]LogAudioMixer: Display: 2: FrontCenter
[2026.03.04-06.37.30:792][659]LogAudioMixer: Display: 3: LowFrequency
[2026.03.04-06.37.30:792][659]LogAudioMixer: Display: 4: BackLeft
[2026.03.04-06.37.30:792][659]LogAudioMixer: Display: 5: BackRight
[2026.03.04-06.37.30:792][659]LogAudioMixer: Display: 6: SideLeft
[2026.03.04-06.37.30:792][659]LogAudioMixer: Display: 7: SideRight
[2026.03.04-06.37.30:806][659]LogAudioMixer: Display: Using Audio Device Headset Earphone (CORSAIR VOID PRO Wireless Gaming Headset)
[2026.03.04-06.37.30:806][659]LogAudioMixer: Display: Initializing Sound Submixes...
[2026.03.04-06.37.30:806][659]LogAudioMixer: Display: Creating Master Submix 'MasterSubmixDefault'
[2026.03.04-06.37.30:807][659]LogAudioMixer: Display: Creating Master Submix 'MasterReverbSubmixDefault'
[2026.03.04-06.37.30:807][659]LogAudioMixer: Display: Creating Master Submix 'MasterEQSubmixDefault'
[2026.03.04-06.37.30:807][659]LogAudioMixer: FMixerPlatformXAudio2::StartAudioStream() called
[2026.03.04-06.37.30:807][659]LogAudioMixer: Display: Output buffers initialized: Frames=1024, Channels=8, Samples=8192
[2026.03.04-06.37.30:808][659]LogAudioMixer: Display: Starting AudioMixerPlatformInterface::RunInternal()
[2026.03.04-06.37.30:808][659]LogAudioMixer: Display: FMixerPlatformXAudio2::SubmitBuffer() called for the first time
[2026.03.04-06.37.30:808][659]LogInit: FAudioDevice initialized.
[2026.03.04-06.37.30:808][659]LogAudio: Display: Audio Device (ID: 3) registered with world 'MainLevel'.
[2026.03.04-06.37.30:813][659]LogLoad: Game class is 'GM_RoadHopper_C'
[2026.03.04-06.37.30:848][659]LogWorld: Bringing World /Game/Levels/UEDPIE_0_MainLevel.MainLevel up for play (max tick rate 0) at 2026.03.03-23.37.30
[2026.03.04-06.37.30:849][659]LogWorld: Bringing up level for play took: 0.034984
[2026.03.04-06.37.30:849][659]LogOnline: OSS: Creating online subsystem instance for: :Context_9
[2026.03.04-06.37.30:858][659]LogBlueprintUserMessages: [GM_RoadHopper_C_0] Hello
[2026.03.04-06.37.30:858][659]PIE: Server logged in
[2026.03.04-06.37.30:858][659]PIE: Play in editor total start time 0.214 seconds.
[2026.03.04-06.37.41:607][943]LogSlate: Updating window title bar state: overlay mode, drag disabled, window buttons hidden, title bar hidden
[2026.03.04-06.37.41:607][943]LogWorld: BeginTearingDown for /Game/Levels/UEDPIE_0_MainLevel
[2026.03.04-06.37.41:609][943]LogWorld: UWorld::CleanupWorld for MainLevel, bSessionEnded=true, bCleanupResources=true
[2026.03.04-06.37.41:649][943]LogSlate: InvalidateAllWidgets triggered.  All widgets were invalidated
[2026.03.04-06.37.41:656][943]LogPlayLevel: Display: Shutting down PIE online subsystems
[2026.03.04-06.37.41:664][943]LogSlate: InvalidateAllWidgets triggered.  All widgets were invalidated
[2026.03.04-06.37.41:682][943]LogAudio: Display: Audio Device unregistered from world 'None'.
[2026.03.04-06.37.41:682][943]LogAudioMixer: FMixerPlatformXAudio2::StopAudioStream() called
[2026.03.04-06.37.41:683][943]LogAudioMixer: FMixerPlatformXAudio2::StopAudioStream() called
[2026.03.04-06.37.41:684][943]LogSlate: Updating window title bar state: overlay mode, drag disabled, window buttons hidden, title bar hidden
[2026.03.04-06.37.41:690][943]LogUObjectHash: Compacting FUObjectHashTables data took   1.53ms
[2026.03.04-06.37.41:711][944]LogPlayLevel: Display: Destroying online subsystem :Context_9
[2026.03.04-06.38.13:569][405]LogTemp: Repeating last play command: Selected Viewport
[2026.03.04-06.38.13:573][405]LogPlayLevel: PlayLevel: No blueprints needed recompiling
[2026.03.04-06.38.13:573][405]PIE: New page: PIE session: MainLevel (Mar. 3, 2026, 4:38:13 p.m.)
[2026.03.04-06.38.13:596][405]LogPlayLevel: Creating play world package: /Game/Levels/UEDPIE_0_MainLevel
[2026.03.04-06.38.13:688][405]LogPlayLevel: PIE: StaticDuplicateObject took: (0.091564s)
[2026.03.04-06.38.13:689][405]LogAIModule: Creating AISystem for world MainLevel
[2026.03.04-06.38.13:689][405]LogPlayLevel: PIE: World Init took: (0.001082s)
[2026.03.04-06.38.13:689][405]LogPlayLevel: PIE: Created PIE world by copying editor world from /Game/Levels/MainLevel.MainLevel to /Game/Levels/UEDPIE_0_MainLevel.MainLevel (0.092879s)
[2026.03.04-06.38.13:703][405]LogUObjectHash: Compacting FUObjectHashTables data took   1.57ms
[2026.03.04-06.38.13:706][405]LogAudio: Display: Creating Audio Device:                 Id: 4, Scope: Unique, Realtime: True
[2026.03.04-06.38.13:706][405]LogAudioMixer: Display: Audio Mixer Platform Settings:
[2026.03.04-06.38.13:706][405]LogAudioMixer: Display: 	Sample Rate:						  48000
[2026.03.04-06.38.13:706][405]LogAudioMixer: Display: 	Callback Buffer Frame Size Requested: 1024
[2026.03.04-06.38.13:706][405]LogAudioMixer: Display: 	Callback Buffer Frame Size To Use:	  1024
[2026.03.04-06.38.13:706][405]LogAudioMixer: Display: 	Number of buffers to queue:			  2
[2026.03.04-06.38.13:706][405]LogAudioMixer: Display: 	Max Channels (voices):				  32
[2026.03.04-06.38.13:706][405]LogAudioMixer: Display: 	Number of Async Source Workers:		  0
[2026.03.04-06.38.13:706][405]LogAudio: Display: AudioDevice MaxSources: 32
[2026.03.04-06.38.13:706][405]LogAudio: Display: Audio Spatialization Plugin: None (built-in).
[2026.03.04-06.38.13:706][405]LogAudio: Display: Audio Reverb Plugin: None (built-in).
[2026.03.04-06.38.13:706][405]LogAudio: Display: Audio Occlusion Plugin: None (built-in).
[2026.03.04-06.38.13:706][405]LogAudioMixer: Display: Initializing audio mixer.
[2026.03.04-06.38.13:710][405]LogAudioMixer: Display: 0: FrontLeft
[2026.03.04-06.38.13:710][405]LogAudioMixer: Display: 1: FrontRight
[2026.03.04-06.38.13:710][405]LogAudioMixer: Display: 2: FrontCenter
[2026.03.04-06.38.13:710][405]LogAudioMixer: Display: 3: LowFrequency
[2026.03.04-06.38.13:710][405]LogAudioMixer: Display: 4: BackLeft
[2026.03.04-06.38.13:710][405]LogAudioMixer: Display: 5: BackRight
[2026.03.04-06.38.13:710][405]LogAudioMixer: Display: 6: SideLeft
[2026.03.04-06.38.13:710][405]LogAudioMixer: Display: 7: SideRight
[2026.03.04-06.38.13:722][405]LogAudioMixer: Display: Using Audio Device Headset Earphone (CORSAIR VOID PRO Wireless Gaming Headset)
[2026.03.04-06.38.13:722][405]LogAudioMixer: Display: Initializing Sound Submixes...
[2026.03.04-06.38.13:722][405]LogAudioMixer: Display: Creating Master Submix 'MasterSubmixDefault'
[2026.03.04-06.38.13:722][405]LogAudioMixer: Display: Creating Master Submix 'MasterReverbSubmixDefault'
[2026.03.04-06.38.13:723][405]LogAudioMixer: Display: Creating Master Submix 'MasterEQSubmixDefault'
[2026.03.04-06.38.13:723][405]LogAudioMixer: FMixerPlatformXAudio2::StartAudioStream() called
[2026.03.04-06.38.13:723][405]LogAudioMixer: Display: Output buffers initialized: Frames=1024, Channels=8, Samples=8192
[2026.03.04-06.38.13:724][405]LogAudioMixer: Display: Starting AudioMixerPlatformInterface::RunInternal()
[2026.03.04-06.38.13:724][405]LogAudioMixer: Display: FMixerPlatformXAudio2::SubmitBuffer() called for the first time
[2026.03.04-06.38.13:724][405]LogInit: FAudioDevice initialized.
[2026.03.04-06.38.13:724][405]LogAudio: Display: Audio Device (ID: 4) registered with world 'MainLevel'.
[2026.03.04-06.38.13:732][405]LogLoad: Game class is 'GM_RoadHopper_C'
[2026.03.04-06.38.13:766][405]LogWorld: Bringing World /Game/Levels/UEDPIE_0_MainLevel.MainLevel up for play (max tick rate 0) at 2026.03.03-23.38.13
[2026.03.04-06.38.13:767][405]LogWorld: Bringing up level for play took: 0.034014
[2026.03.04-06.38.13:767][405]LogOnline: OSS: Creating online subsystem instance for: :Context_10
[2026.03.04-06.38.13:775][405]LogBlueprintUserMessages: [GM_RoadHopper_C_0] Hello
[2026.03.04-06.38.13:775][405]PIE: Server logged in
[2026.03.04-06.38.13:776][405]PIE: Play in editor total start time 0.203 seconds.
[2026.03.04-06.38.30:827][995]LogSlate: Updating window title bar state: overlay mode, drag disabled, window buttons hidden, title bar hidden
[2026.03.04-06.38.30:827][995]LogWorld: BeginTearingDown for /Game/Levels/UEDPIE_0_MainLevel
[2026.03.04-06.38.30:828][995]LogWorld: UWorld::CleanupWorld for MainLevel, bSessionEnded=true, bCleanupResources=true
[2026.03.04-06.38.30:871][995]LogSlate: InvalidateAllWidgets triggered.  All widgets were invalidated
[2026.03.04-06.38.30:881][995]LogPlayLevel: Display: Shutting down PIE online subsystems
[2026.03.04-06.38.30:890][995]LogSlate: InvalidateAllWidgets triggered.  All widgets were invalidated
[2026.03.04-06.38.30:908][995]LogSlate: Updating window title bar state: overlay mode, drag disabled, window buttons hidden, title bar hidden
[2026.03.04-06.38.30:908][995]LogAudioMixer: FMixerPlatformXAudio2::StopAudioStream() called
[2026.03.04-06.38.30:909][995]LogAudioMixer: FMixerPlatformXAudio2::StopAudioStream() called
[2026.03.04-06.38.30:918][995]LogUObjectHash: Compacting FUObjectHashTables data took   1.43ms
[2026.03.04-06.38.30:947][996]LogPlayLevel: Display: Destroying online subsystem :Context_10
[2026.03.04-06.39.21:044][642]Cmd: OBJ SAVEPACKAGE PACKAGE="/Game/Blueprints/BP_Player" FILE="C:/Users/titan/Downloads/RoadHopper4.27/Content/Blueprints/BP_Player.uasset" SILENT=true
[2026.03.04-06.39.21:054][642]LogSavePackage: Moving 'C:/Users/titan/Downloads/RoadHopper4.27/Saved/BP_Player7C6BB2D049D98C3D467D7A8C174809F9.tmp' to 'C:/Users/titan/Downloads/RoadHopper4.27/Content/Blueprints/BP_Player.uasset'
[2026.03.04-06.39.21:071][642]AssetCheck: New page: Asset Save: BP_Player
[2026.03.04-06.39.21:071][642]LogContentValidation: Display: Validating Blueprint /Game/Blueprints/BP_Player.BP_Player
[2026.03.04-06.39.22:892][852]LogTemp: Repeating last play command: Selected Viewport
[2026.03.04-06.39.22:896][852]BlueprintLog: New page: Pre-Play auto-recompile
[2026.03.04-06.39.22:896][852]LogPlayLevel: [PlayLevel] Compiling BP_Player before play...
[2026.03.04-06.39.22:939][852]LogUObjectHash: Compacting FUObjectHashTables data took   1.86ms
[2026.03.04-06.39.22:943][852]LogPlayLevel: PlayLevel: Blueprint regeneration took 47 ms (1 blueprints)
[2026.03.04-06.39.22:943][852]PIE: New page: PIE session: MainLevel (Mar. 3, 2026, 4:39:22 p.m.)
[2026.03.04-06.39.22:944][852]LogPlayLevel: Creating play world package: /Game/Levels/UEDPIE_0_MainLevel
[2026.03.04-06.39.23:034][852]LogPlayLevel: PIE: StaticDuplicateObject took: (0.089506s)
[2026.03.04-06.39.23:034][852]LogAIModule: Creating AISystem for world MainLevel
[2026.03.04-06.39.23:034][852]LogPlayLevel: PIE: World Init took: (0.001066s)
[2026.03.04-06.39.23:034][852]LogPlayLevel: PIE: Created PIE world by copying editor world from /Game/Levels/MainLevel.MainLevel to /Game/Levels/UEDPIE_0_MainLevel.MainLevel (0.090773s)
[2026.03.04-06.39.23:048][852]LogUObjectHash: Compacting FUObjectHashTables data took   1.34ms
[2026.03.04-06.39.23:048][852]LogAudio: Display: Creating Audio Device:                 Id: 5, Scope: Unique, Realtime: True
[2026.03.04-06.39.23:048][852]LogAudioMixer: Display: Audio Mixer Platform Settings:
[2026.03.04-06.39.23:048][852]LogAudioMixer: Display: 	Sample Rate:						  48000
[2026.03.04-06.39.23:048][852]LogAudioMixer: Display: 	Callback Buffer Frame Size Requested: 1024
[2026.03.04-06.39.23:048][852]LogAudioMixer: Display: 	Callback Buffer Frame Size To Use:	  1024
[2026.03.04-06.39.23:048][852]LogAudioMixer: Display: 	Number of buffers to queue:			  2
[2026.03.04-06.39.23:048][852]LogAudioMixer: Display: 	Max Channels (voices):				  32
[2026.03.04-06.39.23:048][852]LogAudioMixer: Display: 	Number of Async Source Workers:		  0
[2026.03.04-06.39.23:048][852]LogAudio: Display: AudioDevice MaxSources: 32
[2026.03.04-06.39.23:049][852]LogAudio: Display: Audio Spatialization Plugin: None (built-in).
[2026.03.04-06.39.23:049][852]LogAudio: Display: Audio Reverb Plugin: None (built-in).
[2026.03.04-06.39.23:049][852]LogAudio: Display: Audio Occlusion Plugin: None (built-in).
[2026.03.04-06.39.23:049][852]LogAudioMixer: Display: Initializing audio mixer.
[2026.03.04-06.39.23:052][852]LogAudioMixer: Display: 0: FrontLeft
[2026.03.04-06.39.23:052][852]LogAudioMixer: Display: 1: FrontRight
[2026.03.04-06.39.23:052][852]LogAudioMixer: Display: 2: FrontCenter
[2026.03.04-06.39.23:052][852]LogAudioMixer: Display: 3: LowFrequency
[2026.03.04-06.39.23:052][852]LogAudioMixer: Display: 4: BackLeft
[2026.03.04-06.39.23:052][852]LogAudioMixer: Display: 5: BackRight
[2026.03.04-06.39.23:052][852]LogAudioMixer: Display: 6: SideLeft
[2026.03.04-06.39.23:052][852]LogAudioMixer: Display: 7: SideRight
[2026.03.04-06.39.23:065][852]LogAudioMixer: Display: Using Audio Device Headset Earphone (CORSAIR VOID PRO Wireless Gaming Headset)
[2026.03.04-06.39.23:065][852]LogAudioMixer: Display: Initializing Sound Submixes...
[2026.03.04-06.39.23:066][852]LogAudioMixer: Display: Creating Master Submix 'MasterSubmixDefault'
[2026.03.04-06.39.23:066][852]LogAudioMixer: Display: Creating Master Submix 'MasterReverbSubmixDefault'
[2026.03.04-06.39.23:066][852]LogAudioMixer: Display: Creating Master Submix 'MasterEQSubmixDefault'
[2026.03.04-06.39.23:066][852]LogAudioMixer: FMixerPlatformXAudio2::StartAudioStream() called
[2026.03.04-06.39.23:066][852]LogAudioMixer: Display: Output buffers initialized: Frames=1024, Channels=8, Samples=8192
[2026.03.04-06.39.23:067][852]LogAudioMixer: Display: Starting AudioMixerPlatformInterface::RunInternal()
[2026.03.04-06.39.23:067][852]LogAudioMixer: Display: FMixerPlatformXAudio2::SubmitBuffer() called for the first time
[2026.03.04-06.39.23:067][852]LogInit: FAudioDevice initialized.
[2026.03.04-06.39.23:067][852]LogAudio: Display: Audio Device (ID: 5) registered with world 'MainLevel'.
[2026.03.04-06.39.23:076][852]LogLoad: Game class is 'GM_RoadHopper_C'
[2026.03.04-06.39.23:111][852]LogWorld: Bringing World /Game/Levels/UEDPIE_0_MainLevel.MainLevel up for play (max tick rate 0) at 2026.03.03-23.39.23
[2026.03.04-06.39.23:112][852]LogWorld: Bringing up level for play took: 0.035374
[2026.03.04-06.39.23:112][852]LogOnline: OSS: Creating online subsystem instance for: :Context_11
[2026.03.04-06.39.23:120][852]LogBlueprintUserMessages: [GM_RoadHopper_C_0] Hello
[2026.03.04-06.39.23:121][852]PIE: Server logged in
[2026.03.04-06.39.23:121][852]PIE: Play in editor total start time 0.226 seconds.
[2026.03.04-06.39.25:713][ 63]LogScript: Warning: Script Msg: A null object was passed as a world context object to UEngine::GetWorldFromContextObject().
[2026.03.04-06.39.26:238][126]LogScript: Warning: Script Msg: A null object was passed as a world context object to UEngine::GetWorldFromContextObject().
[2026.03.04-06.39.26:564][165]LogScript: Warning: Script Msg: A null object was passed as a world context object to UEngine::GetWorldFromContextObject().
[2026.03.04-06.39.26:730][185]LogScript: Warning: Script Msg: A null object was passed as a world context object to UEngine::GetWorldFromContextObject().
[2026.03.04-06.39.26:907][206]LogScript: Warning: Script Msg: A null object was passed as a world context object to UEngine::GetWorldFromContextObject().
[2026.03.04-06.39.27:374][262]LogScript: Warning: Script Msg: A null object was passed as a world context object to UEngine::GetWorldFromContextObject().
[2026.03.04-06.39.27:580][287]LogScript: Warning: Script Msg: A null object was passed as a world context object to UEngine::GetWorldFromContextObject().
[2026.03.04-06.39.28:222][364]LogScript: Warning: Script Msg: A null object was passed as a world context object to UEngine::GetWorldFromContextObject().
[2026.03.04-06.39.32:737][674]LogSlate: Updating window title bar state: overlay mode, drag disabled, window buttons hidden, title bar hidden
[2026.03.04-06.39.32:737][674]LogWorld: BeginTearingDown for /Game/Levels/UEDPIE_0_MainLevel
[2026.03.04-06.39.32:739][674]LogWorld: UWorld::CleanupWorld for MainLevel, bSessionEnded=true, bCleanupResources=true
[2026.03.04-06.39.32:777][674]LogSlate: InvalidateAllWidgets triggered.  All widgets were invalidated
[2026.03.04-06.39.32:788][674]LogPlayLevel: Display: Shutting down PIE online subsystems
[2026.03.04-06.39.32:797][674]LogSlate: InvalidateAllWidgets triggered.  All widgets were invalidated
[2026.03.04-06.39.32:809][674]LogSlate: Updating window title bar state: overlay mode, drag disabled, window buttons hidden, title bar hidden
[2026.03.04-06.39.32:816][674]LogAudioMixer: FMixerPlatformXAudio2::StopAudioStream() called
[2026.03.04-06.39.32:817][674]LogAudioMixer: FMixerPlatformXAudio2::StopAudioStream() called
[2026.03.04-06.39.32:826][674]LogUObjectHash: Compacting FUObjectHashTables data took   1.47ms
[2026.03.04-06.39.32:850][675]LogPlayLevel: Display: Destroying online subsystem :Context_11
[2026.03.04-06.39.36:814][105]LogTemp: Repeating last play command: Selected Viewport
[2026.03.04-06.39.36:818][105]BlueprintLog: New page: Pre-Play auto-recompile
[2026.03.04-06.39.36:818][105]LogPlayLevel: [PlayLevel] Compiling BP_Player before play...
[2026.03.04-06.39.36:857][105]LogUObjectHash: Compacting FUObjectHashTables data took   1.79ms
[2026.03.04-06.39.36:859][105]LogPlayLevel: PlayLevel: Blueprint regeneration took 41 ms (1 blueprints)
[2026.03.04-06.39.36:859][105]PIE: New page: PIE session: MainLevel (Mar. 3, 2026, 4:39:36 p.m.)
[2026.03.04-06.39.36:859][105]LogPlayLevel: Creating play world package: /Game/Levels/UEDPIE_0_MainLevel
[2026.03.04-06.39.36:947][105]LogPlayLevel: PIE: StaticDuplicateObject took: (0.087769s)
[2026.03.04-06.39.36:948][105]LogAIModule: Creating AISystem for world MainLevel
[2026.03.04-06.39.36:948][105]LogPlayLevel: PIE: World Init took: (0.001171s)
[2026.03.04-06.39.36:948][105]LogPlayLevel: PIE: Created PIE world by copying editor world from /Game/Levels/MainLevel.MainLevel to /Game/Levels/UEDPIE_0_MainLevel.MainLevel (0.089144s)
[2026.03.04-06.39.36:962][105]LogUObjectHash: Compacting FUObjectHashTables data took   1.40ms
[2026.03.04-06.39.36:963][105]LogAudio: Display: Creating Audio Device:                 Id: 6, Scope: Unique, Realtime: True
[2026.03.04-06.39.36:963][105]LogAudioMixer: Display: Audio Mixer Platform Settings:
[2026.03.04-06.39.36:963][105]LogAudioMixer: Display: 	Sample Rate:						  48000
[2026.03.04-06.39.36:963][105]LogAudioMixer: Display: 	Callback Buffer Frame Size Requested: 1024
[2026.03.04-06.39.36:963][105]LogAudioMixer: Display: 	Callback Buffer Frame Size To Use:	  1024
[2026.03.04-06.39.36:963][105]LogAudioMixer: Display: 	Number of buffers to queue:			  2
[2026.03.04-06.39.36:963][105]LogAudioMixer: Display: 	Max Channels (voices):				  32
[2026.03.04-06.39.36:963][105]LogAudioMixer: Display: 	Number of Async Source Workers:		  0
[2026.03.04-06.39.36:963][105]LogAudio: Display: AudioDevice MaxSources: 32
[2026.03.04-06.39.36:963][105]LogAudio: Display: Audio Spatialization Plugin: None (built-in).
[2026.03.04-06.39.36:963][105]LogAudio: Display: Audio Reverb Plugin: None (built-in).
[2026.03.04-06.39.36:963][105]LogAudio: Display: Audio Occlusion Plugin: None (built-in).
[2026.03.04-06.39.36:963][105]LogAudioMixer: Display: Initializing audio mixer.
[2026.03.04-06.39.36:966][105]LogAudioMixer: Display: 0: FrontLeft
[2026.03.04-06.39.36:966][105]LogAudioMixer: Display: 1: FrontRight
[2026.03.04-06.39.36:966][105]LogAudioMixer: Display: 2: FrontCenter
[2026.03.04-06.39.36:966][105]LogAudioMixer: Display: 3: LowFrequency
[2026.03.04-06.39.36:966][105]LogAudioMixer: Display: 4: BackLeft
[2026.03.04-06.39.36:966][105]LogAudioMixer: Display: 5: BackRight
[2026.03.04-06.39.36:966][105]LogAudioMixer: Display: 6: SideLeft
[2026.03.04-06.39.36:966][105]LogAudioMixer: Display: 7: SideRight
[2026.03.04-06.39.36:980][105]LogAudioMixer: Display: Using Audio Device Headset Earphone (CORSAIR VOID PRO Wireless Gaming Headset)
[2026.03.04-06.39.36:980][105]LogAudioMixer: Display: Initializing Sound Submixes...
[2026.03.04-06.39.36:980][105]LogAudioMixer: Display: Creating Master Submix 'MasterSubmixDefault'
[2026.03.04-06.39.36:980][105]LogAudioMixer: Display: Creating Master Submix 'MasterReverbSubmixDefault'
[2026.03.04-06.39.36:981][105]LogAudioMixer: Display: Creating Master Submix 'MasterEQSubmixDefault'
[2026.03.04-06.39.36:981][105]LogAudioMixer: FMixerPlatformXAudio2::StartAudioStream() called
[2026.03.04-06.39.36:981][105]LogAudioMixer: Display: Output buffers initialized: Frames=1024, Channels=8, Samples=8192
[2026.03.04-06.39.36:982][105]LogAudioMixer: Display: Starting AudioMixerPlatformInterface::RunInternal()
[2026.03.04-06.39.36:982][105]LogAudioMixer: Display: FMixerPlatformXAudio2::SubmitBuffer() called for the first time
[2026.03.04-06.39.36:982][105]LogInit: FAudioDevice initialized.
[2026.03.04-06.39.36:982][105]LogAudio: Display: Audio Device (ID: 6) registered with world 'MainLevel'.
[2026.03.04-06.39.36:994][105]LogLoad: Game class is 'GM_RoadHopper_C'
[2026.03.04-06.39.37:029][105]LogWorld: Bringing World /Game/Levels/UEDPIE_0_MainLevel.MainLevel up for play (max tick rate 0) at 2026.03.03-23.39.37
[2026.03.04-06.39.37:029][105]LogWorld: Bringing up level for play took: 0.033957
[2026.03.04-06.39.37:029][105]LogOnline: OSS: Creating online subsystem instance for: :Context_12
[2026.03.04-06.39.37:038][105]LogBlueprintUserMessages: [GM_RoadHopper_C_0] Hello
[2026.03.04-06.39.37:038][105]PIE: Server logged in
[2026.03.04-06.39.37:039][105]PIE: Play in editor total start time 0.222 seconds.
[2026.03.04-06.39.38:332][205]LogScript: Warning: Script Msg: A null object was passed as a world context object to UEngine::GetWorldFromContextObject().
[2026.03.04-06.39.38:649][243]LogScript: Warning: Script Msg: A null object was passed as a world context object to UEngine::GetWorldFromContextObject().
[2026.03.04-06.39.38:765][257]LogScript: Warning: Script Msg: A null object was passed as a world context object to UEngine::GetWorldFromContextObject().
[2026.03.04-06.39.38:882][271]LogScript: Warning: Script Msg: A null object was passed as a world context object to UEngine::GetWorldFromContextObject().
[2026.03.04-06.39.38:958][280]LogScript: Warning: Script Msg: A null object was passed as a world context object to UEngine::GetWorldFromContextObject().
[2026.03.04-06.39.39:067][293]LogScript: Warning: Script Msg: A null object was passed as a world context object to UEngine::GetWorldFromContextObject().
[2026.03.04-06.39.43:697][577]LogSlate: Updating window title bar state: overlay mode, drag disabled, window buttons hidden, title bar hidden
[2026.03.04-06.39.43:698][577]LogWorld: BeginTearingDown for /Game/Levels/UEDPIE_0_MainLevel
[2026.03.04-06.39.43:699][577]LogWorld: UWorld::CleanupWorld for MainLevel, bSessionEnded=true, bCleanupResources=true
[2026.03.04-06.39.43:739][577]LogSlate: InvalidateAllWidgets triggered.  All widgets were invalidated
[2026.03.04-06.39.43:752][577]LogPlayLevel: Display: Shutting down PIE online subsystems
[2026.03.04-06.39.43:760][577]LogSlate: InvalidateAllWidgets triggered.  All widgets were invalidated
[2026.03.04-06.39.43:773][577]LogSlate: Updating window title bar state: overlay mode, drag disabled, window buttons hidden, title bar hidden
[2026.03.04-06.39.43:779][577]LogAudioMixer: FMixerPlatformXAudio2::StopAudioStream() called
[2026.03.04-06.39.43:780][577]LogAudioMixer: FMixerPlatformXAudio2::StopAudioStream() called
[2026.03.04-06.39.43:789][577]LogUObjectHash: Compacting FUObjectHashTables data took   1.44ms
[2026.03.04-06.39.43:820][578]LogPlayLevel: Display: Destroying online subsystem :Context_12
[2026.03.04-06.39.53:958][682]LogTemp: Repeating last play command: Selected Viewport
[2026.03.04-06.39.53:961][682]BlueprintLog: New page: Pre-Play auto-recompile
[2026.03.04-06.39.53:962][682]LogPlayLevel: [PlayLevel] Compiling BP_Player before play...
[2026.03.04-06.39.54:001][682]LogUObjectHash: Compacting FUObjectHashTables data took   1.76ms
[2026.03.04-06.39.54:004][682]LogPlayLevel: PlayLevel: Blueprint regeneration took 42 ms (1 blueprints)
[2026.03.04-06.39.54:004][682]PIE: New page: PIE session: MainLevel (Mar. 3, 2026, 4:39:54 p.m.)
[2026.03.04-06.39.54:004][682]LogPlayLevel: Creating play world package: /Game/Levels/UEDPIE_0_MainLevel
[2026.03.04-06.39.54:093][682]LogPlayLevel: PIE: StaticDuplicateObject took: (0.088817s)
[2026.03.04-06.39.54:094][682]LogAIModule: Creating AISystem for world MainLevel
[2026.03.04-06.39.54:094][682]LogPlayLevel: PIE: World Init took: (0.001472s)
[2026.03.04-06.39.54:094][682]LogPlayLevel: PIE: Created PIE world by copying editor world from /Game/Levels/MainLevel.MainLevel to /Game/Levels/UEDPIE_0_MainLevel.MainLevel (0.090548s)
[2026.03.04-06.39.54:109][682]LogUObjectHash: Compacting FUObjectHashTables data took   1.34ms
[2026.03.04-06.39.54:109][682]LogAudio: Display: Creating Audio Device:                 Id: 7, Scope: Unique, Realtime: True
[2026.03.04-06.39.54:109][682]LogAudioMixer: Display: Audio Mixer Platform Settings:
[2026.03.04-06.39.54:109][682]LogAudioMixer: Display: 	Sample Rate:						  48000
[2026.03.04-06.39.54:109][682]LogAudioMixer: Display: 	Callback Buffer Frame Size Requested: 1024
[2026.03.04-06.39.54:109][682]LogAudioMixer: Display: 	Callback Buffer Frame Size To Use:	  1024
[2026.03.04-06.39.54:109][682]LogAudioMixer: Display: 	Number of buffers to queue:			  2
[2026.03.04-06.39.54:109][682]LogAudioMixer: Display: 	Max Channels (voices):				  32
[2026.03.04-06.39.54:109][682]LogAudioMixer: Display: 	Number of Async Source Workers:		  0
[2026.03.04-06.39.54:109][682]LogAudio: Display: AudioDevice MaxSources: 32
[2026.03.04-06.39.54:109][682]LogAudio: Display: Audio Spatialization Plugin: None (built-in).
[2026.03.04-06.39.54:109][682]LogAudio: Display: Audio Reverb Plugin: None (built-in).
[2026.03.04-06.39.54:109][682]LogAudio: Display: Audio Occlusion Plugin: None (built-in).
[2026.03.04-06.39.54:109][682]LogAudioMixer: Display: Initializing audio mixer.
[2026.03.04-06.39.54:112][682]LogAudioMixer: Display: 0: FrontLeft
[2026.03.04-06.39.54:112][682]LogAudioMixer: Display: 1: FrontRight
[2026.03.04-06.39.54:112][682]LogAudioMixer: Display: 2: FrontCenter
[2026.03.04-06.39.54:112][682]LogAudioMixer: Display: 3: LowFrequency
[2026.03.04-06.39.54:112][682]LogAudioMixer: Display: 4: BackLeft
[2026.03.04-06.39.54:112][682]LogAudioMixer: Display: 5: BackRight
[2026.03.04-06.39.54:112][682]LogAudioMixer: Display: 6: SideLeft
[2026.03.04-06.39.54:112][682]LogAudioMixer: Display: 7: SideRight
[2026.03.04-06.39.54:125][682]LogAudioMixer: Display: Using Audio Device Headset Earphone (CORSAIR VOID PRO Wireless Gaming Headset)
[2026.03.04-06.39.54:126][682]LogAudioMixer: Display: Initializing Sound Submixes...
[2026.03.04-06.39.54:126][682]LogAudioMixer: Display: Creating Master Submix 'MasterSubmixDefault'
[2026.03.04-06.39.54:126][682]LogAudioMixer: Display: Creating Master Submix 'MasterReverbSubmixDefault'
[2026.03.04-06.39.54:126][682]LogAudioMixer: Display: Creating Master Submix 'MasterEQSubmixDefault'
[2026.03.04-06.39.54:126][682]LogAudioMixer: FMixerPlatformXAudio2::StartAudioStream() called
[2026.03.04-06.39.54:126][682]LogAudioMixer: Display: Output buffers initialized: Frames=1024, Channels=8, Samples=8192
[2026.03.04-06.39.54:127][682]LogAudioMixer: Display: Starting AudioMixerPlatformInterface::RunInternal()
[2026.03.04-06.39.54:127][682]LogAudioMixer: Display: FMixerPlatformXAudio2::SubmitBuffer() called for the first time
[2026.03.04-06.39.54:127][682]LogInit: FAudioDevice initialized.
[2026.03.04-06.39.54:127][682]LogAudio: Display: Audio Device (ID: 7) registered with world 'MainLevel'.
[2026.03.04-06.39.54:144][682]LogLoad: Game class is 'GM_RoadHopper_C'
[2026.03.04-06.39.54:178][682]LogWorld: Bringing World /Game/Levels/UEDPIE_0_MainLevel.MainLevel up for play (max tick rate 0) at 2026.03.03-23.39.54
[2026.03.04-06.39.54:178][682]LogWorld: Bringing up level for play took: 0.033723
[2026.03.04-06.39.54:179][682]LogOnline: OSS: Creating online subsystem instance for: :Context_13
[2026.03.04-06.39.54:187][682]LogBlueprintUserMessages: [GM_RoadHopper_C_0] Hello
[2026.03.04-06.39.54:188][682]PIE: Server logged in
[2026.03.04-06.39.54:188][682]PIE: Play in editor total start time 0.227 seconds.
[2026.03.04-06.40.04:687][876]LogSlate: Updating window title bar state: overlay mode, drag disabled, window buttons hidden, title bar hidden
[2026.03.04-06.40.04:687][876]LogWorld: BeginTearingDown for /Game/Levels/UEDPIE_0_MainLevel
[2026.03.04-06.40.04:689][876]LogWorld: UWorld::CleanupWorld for MainLevel, bSessionEnded=true, bCleanupResources=true
[2026.03.04-06.40.04:729][876]LogSlate: InvalidateAllWidgets triggered.  All widgets were invalidated
[2026.03.04-06.40.04:739][876]LogPlayLevel: Display: Shutting down PIE online subsystems
[2026.03.04-06.40.04:748][876]LogSlate: InvalidateAllWidgets triggered.  All widgets were invalidated
[2026.03.04-06.40.04:761][876]LogSlate: Updating window title bar state: overlay mode, drag disabled, window buttons hidden, title bar hidden
[2026.03.04-06.40.04:767][876]LogAudioMixer: FMixerPlatformXAudio2::StopAudioStream() called
[2026.03.04-06.40.04:768][876]LogAudioMixer: FMixerPlatformXAudio2::StopAudioStream() called
[2026.03.04-06.40.04:777][876]LogUObjectHash: Compacting FUObjectHashTables data took   1.44ms
[2026.03.04-06.40.04:802][877]LogPlayLevel: Display: Destroying online subsystem :Context_13
[2026.03.04-06.40.10:224][483]LogTemp: Repeating last play command: Selected Viewport
[2026.03.04-06.40.10:227][483]BlueprintLog: New page: Pre-Play auto-recompile
[2026.03.04-06.40.10:228][483]LogPlayLevel: [PlayLevel] Compiling BP_Player before play...
[2026.03.04-06.40.10:266][483]LogUObjectHash: Compacting FUObjectHashTables data took   1.72ms
[2026.03.04-06.40.10:268][483]LogPlayLevel: PlayLevel: Blueprint regeneration took 40 ms (1 blueprints)
[2026.03.04-06.40.10:268][483]PIE: New page: PIE session: MainLevel (Mar. 3, 2026, 4:40:10 p.m.)
[2026.03.04-06.40.10:268][483]LogPlayLevel: Creating play world package: /Game/Levels/UEDPIE_0_MainLevel
[2026.03.04-06.40.10:356][483]LogPlayLevel: PIE: StaticDuplicateObject took: (0.087447s)
[2026.03.04-06.40.10:356][483]LogAIModule: Creating AISystem for world MainLevel
[2026.03.04-06.40.10:357][483]LogPlayLevel: PIE: World Init took: (0.001013s)
[2026.03.04-06.40.10:357][483]LogPlayLevel: PIE: Created PIE world by copying editor world from /Game/Levels/MainLevel.MainLevel to /Game/Levels/UEDPIE_0_MainLevel.MainLevel (0.088654s)
[2026.03.04-06.40.10:371][483]LogUObjectHash: Compacting FUObjectHashTables data took   1.44ms
[2026.03.04-06.40.10:371][483]LogAudio: Display: Creating Audio Device:                 Id: 8, Scope: Unique, Realtime: True
[2026.03.04-06.40.10:371][483]LogAudioMixer: Display: Audio Mixer Platform Settings:
[2026.03.04-06.40.10:371][483]LogAudioMixer: Display: 	Sample Rate:						  48000
[2026.03.04-06.40.10:371][483]LogAudioMixer: Display: 	Callback Buffer Frame Size Requested: 1024
[2026.03.04-06.40.10:371][483]LogAudioMixer: Display: 	Callback Buffer Frame Size To Use:	  1024
[2026.03.04-06.40.10:371][483]LogAudioMixer: Display: 	Number of buffers to queue:			  2
[2026.03.04-06.40.10:372][483]LogAudioMixer: Display: 	Max Channels (voices):				  32
[2026.03.04-06.40.10:372][483]LogAudioMixer: Display: 	Number of Async Source Workers:		  0
[2026.03.04-06.40.10:372][483]LogAudio: Display: AudioDevice MaxSources: 32
[2026.03.04-06.40.10:372][483]LogAudio: Display: Audio Spatialization Plugin: None (built-in).
[2026.03.04-06.40.10:372][483]LogAudio: Display: Audio Reverb Plugin: None (built-in).
[2026.03.04-06.40.10:372][483]LogAudio: Display: Audio Occlusion Plugin: None (built-in).
[2026.03.04-06.40.10:372][483]LogAudioMixer: Display: Initializing audio mixer.
[2026.03.04-06.40.10:375][483]LogAudioMixer: Display: 0: FrontLeft
[2026.03.04-06.40.10:375][483]LogAudioMixer: Display: 1: FrontRight
[2026.03.04-06.40.10:375][483]LogAudioMixer: Display: 2: FrontCenter
[2026.03.04-06.40.10:375][483]LogAudioMixer: Display: 3: LowFrequency
[2026.03.04-06.40.10:375][483]LogAudioMixer: Display: 4: BackLeft
[2026.03.04-06.40.10:375][483]LogAudioMixer: Display: 5: BackRight
[2026.03.04-06.40.10:375][483]LogAudioMixer: Display: 6: SideLeft
[2026.03.04-06.40.10:375][483]LogAudioMixer: Display: 7: SideRight
[2026.03.04-06.40.10:388][483]LogAudioMixer: Display: Using Audio Device Headset Earphone (CORSAIR VOID PRO Wireless Gaming Headset)
[2026.03.04-06.40.10:388][483]LogAudioMixer: Display: Initializing Sound Submixes...
[2026.03.04-06.40.10:388][483]LogAudioMixer: Display: Creating Master Submix 'MasterSubmixDefault'
[2026.03.04-06.40.10:388][483]LogAudioMixer: Display: Creating Master Submix 'MasterReverbSubmixDefault'
[2026.03.04-06.40.10:389][483]LogAudioMixer: Display: Creating Master Submix 'MasterEQSubmixDefault'
[2026.03.04-06.40.10:389][483]LogAudioMixer: FMixerPlatformXAudio2::StartAudioStream() called
[2026.03.04-06.40.10:389][483]LogAudioMixer: Display: Output buffers initialized: Frames=1024, Channels=8, Samples=8192
[2026.03.04-06.40.10:390][483]LogAudioMixer: Display: Starting AudioMixerPlatformInterface::RunInternal()
[2026.03.04-06.40.10:390][483]LogAudioMixer: Display: FMixerPlatformXAudio2::SubmitBuffer() called for the first time
[2026.03.04-06.40.10:390][483]LogInit: FAudioDevice initialized.
[2026.03.04-06.40.10:390][483]LogAudio: Display: Audio Device (ID: 8) registered with world 'MainLevel'.
[2026.03.04-06.40.10:402][483]LogLoad: Game class is 'GM_RoadHopper_C'
[2026.03.04-06.40.10:437][483]LogWorld: Bringing World /Game/Levels/UEDPIE_0_MainLevel.MainLevel up for play (max tick rate 0) at 2026.03.03-23.40.10
[2026.03.04-06.40.10:438][483]LogWorld: Bringing up level for play took: 0.035326
[2026.03.04-06.40.10:438][483]LogOnline: OSS: Creating online subsystem instance for: :Context_14
[2026.03.04-06.40.10:447][483]LogBlueprintUserMessages: [GM_RoadHopper_C_0] Hello
[2026.03.04-06.40.10:447][483]PIE: Server logged in
[2026.03.04-06.40.10:447][483]PIE: Play in editor total start time 0.221 seconds.
[2026.03.04-06.40.14:957][994]LogSlate: Updating window title bar state: overlay mode, drag disabled, window buttons hidden, title bar hidden
[2026.03.04-06.40.14:957][994]LogWorld: BeginTearingDown for /Game/Levels/UEDPIE_0_MainLevel
[2026.03.04-06.40.14:959][994]LogWorld: UWorld::CleanupWorld for MainLevel, bSessionEnded=true, bCleanupResources=true
[2026.03.04-06.40.15:000][994]LogSlate: InvalidateAllWidgets triggered.  All widgets were invalidated
[2026.03.04-06.40.15:010][994]LogPlayLevel: Display: Shutting down PIE online subsystems
[2026.03.04-06.40.15:018][994]LogSlate: InvalidateAllWidgets triggered.  All widgets were invalidated
[2026.03.04-06.40.15:030][994]LogSlate: Updating window title bar state: overlay mode, drag disabled, window buttons hidden, title bar hidden
[2026.03.04-06.40.15:038][994]LogAudioMixer: FMixerPlatformXAudio2::StopAudioStream() called
[2026.03.04-06.40.15:039][994]LogAudioMixer: FMixerPlatformXAudio2::StopAudioStream() called
[2026.03.04-06.40.15:049][994]LogUObjectHash: Compacting FUObjectHashTables data took   1.51ms
[2026.03.04-06.40.15:073][995]LogPlayLevel: Display: Destroying online subsystem :Context_14
[2026.03.04-06.40.19:822][535]LogTemp: Repeating last play command: Selected Viewport
[2026.03.04-06.40.19:824][535]BlueprintLog: New page: Pre-Play auto-recompile
[2026.03.04-06.40.19:825][535]LogPlayLevel: [PlayLevel] Compiling BP_Player before play...
[2026.03.04-06.40.19:866][535]LogUObjectHash: Compacting FUObjectHashTables data took   1.70ms
[2026.03.04-06.40.19:868][535]LogPlayLevel: PlayLevel: Blueprint regeneration took 43 ms (1 blueprints)
[2026.03.04-06.40.19:868][535]PIE: New page: PIE session: MainLevel (Mar. 3, 2026, 4:40:19 p.m.)
[2026.03.04-06.40.19:868][535]LogPlayLevel: Creating play world package: /Game/Levels/UEDPIE_0_MainLevel
[2026.03.04-06.40.19:957][535]LogPlayLevel: PIE: StaticDuplicateObject took: (0.088919s)
[2026.03.04-06.40.19:958][535]LogAIModule: Creating AISystem for world MainLevel
[2026.03.04-06.40.19:958][535]LogPlayLevel: PIE: World Init took: (0.000992s)
[2026.03.04-06.40.19:958][535]LogPlayLevel: PIE: Created PIE world by copying editor world from /Game/Levels/MainLevel.MainLevel to /Game/Levels/UEDPIE_0_MainLevel.MainLevel (0.090169s)
[2026.03.04-06.40.19:972][535]LogUObjectHash: Compacting FUObjectHashTables data took   1.50ms
[2026.03.04-06.40.19:972][535]LogAudio: Display: Creating Audio Device:                 Id: 9, Scope: Unique, Realtime: True
[2026.03.04-06.40.19:972][535]LogAudioMixer: Display: Audio Mixer Platform Settings:
[2026.03.04-06.40.19:972][535]LogAudioMixer: Display: 	Sample Rate:						  48000
[2026.03.04-06.40.19:973][535]LogAudioMixer: Display: 	Callback Buffer Frame Size Requested: 1024
[2026.03.04-06.40.19:973][535]LogAudioMixer: Display: 	Callback Buffer Frame Size To Use:	  1024
[2026.03.04-06.40.19:973][535]LogAudioMixer: Display: 	Number of buffers to queue:			  2
[2026.03.04-06.40.19:973][535]LogAudioMixer: Display: 	Max Channels (voices):				  32
[2026.03.04-06.40.19:973][535]LogAudioMixer: Display: 	Number of Async Source Workers:		  0
[2026.03.04-06.40.19:973][535]LogAudio: Display: AudioDevice MaxSources: 32
[2026.03.04-06.40.19:973][535]LogAudio: Display: Audio Spatialization Plugin: None (built-in).
[2026.03.04-06.40.19:973][535]LogAudio: Display: Audio Reverb Plugin: None (built-in).
[2026.03.04-06.40.19:973][535]LogAudio: Display: Audio Occlusion Plugin: None (built-in).
[2026.03.04-06.40.19:973][535]LogAudioMixer: Display: Initializing audio mixer.
[2026.03.04-06.40.19:976][535]LogAudioMixer: Display: 0: FrontLeft
[2026.03.04-06.40.19:976][535]LogAudioMixer: Display: 1: FrontRight
[2026.03.04-06.40.19:976][535]LogAudioMixer: Display: 2: FrontCenter
[2026.03.04-06.40.19:976][535]LogAudioMixer: Display: 3: LowFrequency
[2026.03.04-06.40.19:976][535]LogAudioMixer: Display: 4: BackLeft
[2026.03.04-06.40.19:976][535]LogAudioMixer: Display: 5: BackRight
[2026.03.04-06.40.19:976][535]LogAudioMixer: Display: 6: SideLeft
[2026.03.04-06.40.19:976][535]LogAudioMixer: Display: 7: SideRight
[2026.03.04-06.40.19:989][535]LogAudioMixer: Display: Using Audio Device Headset Earphone (CORSAIR VOID PRO Wireless Gaming Headset)
[2026.03.04-06.40.19:989][535]LogAudioMixer: Display: Initializing Sound Submixes...
[2026.03.04-06.40.19:989][535]LogAudioMixer: Display: Creating Master Submix 'MasterSubmixDefault'
[2026.03.04-06.40.19:989][535]LogAudioMixer: Display: Creating Master Submix 'MasterReverbSubmixDefault'
[2026.03.04-06.40.19:990][535]LogAudioMixer: Display: Creating Master Submix 'MasterEQSubmixDefault'
[2026.03.04-06.40.19:990][535]LogAudioMixer: FMixerPlatformXAudio2::StartAudioStream() called
[2026.03.04-06.40.19:990][535]LogAudioMixer: Display: Output buffers initialized: Frames=1024, Channels=8, Samples=8192
[2026.03.04-06.40.19:991][535]LogAudioMixer: Display: Starting AudioMixerPlatformInterface::RunInternal()
[2026.03.04-06.40.19:991][535]LogAudioMixer: Display: FMixerPlatformXAudio2::SubmitBuffer() called for the first time
[2026.03.04-06.40.19:991][535]LogInit: FAudioDevice initialized.
[2026.03.04-06.40.19:991][535]LogAudio: Display: Audio Device (ID: 9) registered with world 'MainLevel'.
[2026.03.04-06.40.20:004][535]LogLoad: Game class is 'GM_RoadHopper_C'
[2026.03.04-06.40.20:038][535]LogWorld: Bringing World /Game/Levels/UEDPIE_0_MainLevel.MainLevel up for play (max tick rate 0) at 2026.03.03-23.40.20
[2026.03.04-06.40.20:039][535]LogWorld: Bringing up level for play took: 0.033657
[2026.03.04-06.40.20:039][535]LogOnline: OSS: Creating online subsystem instance for: :Context_15
[2026.03.04-06.40.20:048][535]LogBlueprintUserMessages: [GM_RoadHopper_C_0] Hello
[2026.03.04-06.40.20:048][535]PIE: Server logged in
[2026.03.04-06.40.20:048][535]PIE: Play in editor total start time 0.224 seconds.
[2026.03.04-06.40.25:107][ 88]LogSlate: Updating window title bar state: overlay mode, drag disabled, window buttons hidden, title bar hidden
[2026.03.04-06.40.25:107][ 88]LogWorld: BeginTearingDown for /Game/Levels/UEDPIE_0_MainLevel
[2026.03.04-06.40.25:109][ 88]LogWorld: UWorld::CleanupWorld for MainLevel, bSessionEnded=true, bCleanupResources=true
[2026.03.04-06.40.25:149][ 88]LogSlate: InvalidateAllWidgets triggered.  All widgets were invalidated
[2026.03.04-06.40.25:159][ 88]LogPlayLevel: Display: Shutting down PIE online subsystems
[2026.03.04-06.40.25:168][ 88]LogSlate: InvalidateAllWidgets triggered.  All widgets were invalidated
[2026.03.04-06.40.25:181][ 88]LogSlate: Updating window title bar state: overlay mode, drag disabled, window buttons hidden, title bar hidden
[2026.03.04-06.40.25:187][ 88]LogAudioMixer: FMixerPlatformXAudio2::StopAudioStream() called
[2026.03.04-06.40.25:188][ 88]LogAudioMixer: FMixerPlatformXAudio2::StopAudioStream() called
[2026.03.04-06.40.25:197][ 88]LogUObjectHash: Compacting FUObjectHashTables data took   1.46ms
[2026.03.04-06.40.25:230][ 89]LogPlayLevel: Display: Destroying online subsystem :Context_15
[2026.03.04-06.40.35:773][271]LogTemp: Repeating last play command: Selected Viewport
[2026.03.04-06.40.35:776][271]BlueprintLog: New page: Pre-Play auto-recompile
[2026.03.04-06.40.35:776][271]LogPlayLevel: [PlayLevel] Compiling BP_Player before play...
[2026.03.04-06.40.35:817][271]LogUObjectHash: Compacting FUObjectHashTables data took   1.78ms
[2026.03.04-06.40.35:821][271]LogPlayLevel: PlayLevel: Blueprint regeneration took 44 ms (1 blueprints)
[2026.03.04-06.40.35:821][271]PIE: New page: PIE session: MainLevel (Mar. 3, 2026, 4:40:35 p.m.)
[2026.03.04-06.40.35:846][271]LogPlayLevel: Creating play world package: /Game/Levels/UEDPIE_0_MainLevel
[2026.03.04-06.40.35:938][271]LogPlayLevel: PIE: StaticDuplicateObject took: (0.091459s)
[2026.03.04-06.40.35:938][271]LogAIModule: Creating AISystem for world MainLevel
[2026.03.04-06.40.35:939][271]LogPlayLevel: PIE: World Init took: (0.001133s)
[2026.03.04-06.40.35:939][271]LogPlayLevel: PIE: Created PIE world by copying editor world from /Game/Levels/MainLevel.MainLevel to /Game/Levels/UEDPIE_0_MainLevel.MainLevel (0.092827s)
[2026.03.04-06.40.35:954][271]LogUObjectHash: Compacting FUObjectHashTables data took   1.41ms
[2026.03.04-06.40.35:954][271]LogAudio: Display: Creating Audio Device:                 Id: 10, Scope: Unique, Realtime: True
[2026.03.04-06.40.35:954][271]LogAudioMixer: Display: Audio Mixer Platform Settings:
[2026.03.04-06.40.35:954][271]LogAudioMixer: Display: 	Sample Rate:						  48000
[2026.03.04-06.40.35:954][271]LogAudioMixer: Display: 	Callback Buffer Frame Size Requested: 1024
[2026.03.04-06.40.35:954][271]LogAudioMixer: Display: 	Callback Buffer Frame Size To Use:	  1024
[2026.03.04-06.40.35:954][271]LogAudioMixer: Display: 	Number of buffers to queue:			  2
[2026.03.04-06.40.35:954][271]LogAudioMixer: Display: 	Max Channels (voices):				  32
[2026.03.04-06.40.35:954][271]LogAudioMixer: Display: 	Number of Async Source Workers:		  0
[2026.03.04-06.40.35:954][271]LogAudio: Display: AudioDevice MaxSources: 32
[2026.03.04-06.40.35:955][271]LogAudio: Display: Audio Spatialization Plugin: None (built-in).
[2026.03.04-06.40.35:955][271]LogAudio: Display: Audio Reverb Plugin: None (built-in).
[2026.03.04-06.40.35:955][271]LogAudio: Display: Audio Occlusion Plugin: None (built-in).
[2026.03.04-06.40.35:955][271]LogAudioMixer: Display: Initializing audio mixer.
[2026.03.04-06.40.35:958][271]LogAudioMixer: Display: 0: FrontLeft
[2026.03.04-06.40.35:958][271]LogAudioMixer: Display: 1: FrontRight
[2026.03.04-06.40.35:958][271]LogAudioMixer: Display: 2: FrontCenter
[2026.03.04-06.40.35:958][271]LogAudioMixer: Display: 3: LowFrequency
[2026.03.04-06.40.35:958][271]LogAudioMixer: Display: 4: BackLeft
[2026.03.04-06.40.35:958][271]LogAudioMixer: Display: 5: BackRight
[2026.03.04-06.40.35:958][271]LogAudioMixer: Display: 6: SideLeft
[2026.03.04-06.40.35:958][271]LogAudioMixer: Display: 7: SideRight
[2026.03.04-06.40.35:972][271]LogAudioMixer: Display: Using Audio Device Headset Earphone (CORSAIR VOID PRO Wireless Gaming Headset)
[2026.03.04-06.40.35:972][271]LogAudioMixer: Display: Initializing Sound Submixes...
[2026.03.04-06.40.35:972][271]LogAudioMixer: Display: Creating Master Submix 'MasterSubmixDefault'
[2026.03.04-06.40.35:972][271]LogAudioMixer: Display: Creating Master Submix 'MasterReverbSubmixDefault'
[2026.03.04-06.40.35:972][271]LogAudioMixer: Display: Creating Master Submix 'MasterEQSubmixDefault'
[2026.03.04-06.40.35:972][271]LogAudioMixer: FMixerPlatformXAudio2::StartAudioStream() called
[2026.03.04-06.40.35:972][271]LogAudioMixer: Display: Output buffers initialized: Frames=1024, Channels=8, Samples=8192
[2026.03.04-06.40.35:973][271]LogAudioMixer: Display: Starting AudioMixerPlatformInterface::RunInternal()
[2026.03.04-06.40.35:973][271]LogAudioMixer: Display: FMixerPlatformXAudio2::SubmitBuffer() called for the first time
[2026.03.04-06.40.35:973][271]LogInit: FAudioDevice initialized.
[2026.03.04-06.40.35:973][271]LogAudio: Display: Audio Device (ID: 10) registered with world 'MainLevel'.
[2026.03.04-06.40.35:992][271]LogLoad: Game class is 'GM_RoadHopper_C'
[2026.03.04-06.40.36:026][271]LogWorld: Bringing World /Game/Levels/UEDPIE_0_MainLevel.MainLevel up for play (max tick rate 0) at 2026.03.03-23.40.36
[2026.03.04-06.40.36:027][271]LogWorld: Bringing up level for play took: 0.034084
[2026.03.04-06.40.36:027][271]LogOnline: OSS: Creating online subsystem instance for: :Context_16
[2026.03.04-06.40.36:036][271]LogBlueprintUserMessages: [GM_RoadHopper_C_0] Hello
[2026.03.04-06.40.36:036][271]PIE: Server logged in
[2026.03.04-06.40.36:037][271]PIE: Play in editor total start time 0.261 seconds.
[2026.03.04-06.40.41:777][903]LogSlate: Updating window title bar state: overlay mode, drag disabled, window buttons hidden, title bar hidden
[2026.03.04-06.40.41:777][903]LogWorld: BeginTearingDown for /Game/Levels/UEDPIE_0_MainLevel
[2026.03.04-06.40.41:779][903]LogWorld: UWorld::CleanupWorld for MainLevel, bSessionEnded=true, bCleanupResources=true
[2026.03.04-06.40.41:819][903]LogSlate: InvalidateAllWidgets triggered.  All widgets were invalidated
[2026.03.04-06.40.41:825][903]LogPlayLevel: Display: Shutting down PIE online subsystems
[2026.03.04-06.40.41:833][903]LogSlate: InvalidateAllWidgets triggered.  All widgets were invalidated
[2026.03.04-06.40.41:845][903]LogSlate: Updating window title bar state: overlay mode, drag disabled, window buttons hidden, title bar hidden
[2026.03.04-06.40.41:851][903]LogAudioMixer: FMixerPlatformXAudio2::StopAudioStream() called
[2026.03.04-06.40.41:852][903]LogAudioMixer: FMixerPlatformXAudio2::StopAudioStream() called
[2026.03.04-06.40.41:861][903]LogUObjectHash: Compacting FUObjectHashTables data took   1.36ms
[2026.03.04-06.40.41:887][904]LogPlayLevel: Display: Destroying online subsystem :Context_16
[2026.03.04-06.41.17:762][ 79]LogUObjectHash: Compacting FUObjectHashTables data took   1.11ms
[2026.03.04-06.41.17:768][ 79]Cmd: OBJ SAVEPACKAGE PACKAGE="/Game/Levels/MainLevel" FILE="C:/Users/titan/Downloads/RoadHopper4.27/Saved/Autosaves/Game/Levels/MainLevel_Auto6.umap" SILENT=true AUTOSAVING=true KEEPDIRTY=false
[2026.03.04-06.41.18:154][ 79]LogSavePackage: Moving 'C:/Users/titan/Downloads/RoadHopper4.27/Saved/MainLevel_Auto63174C23945706FCB1AA195A405632518.tmp' to 'C:/Users/titan/Downloads/RoadHopper4.27/Saved/Autosaves/Game/Levels/MainLevel_Auto6.umap'
[2026.03.04-06.41.18:157][ 79]LogFileHelpers: Editor autosave (incl. external actors) for '/Game/Levels/MainLevel' took 0.409
[2026.03.04-06.41.18:157][ 79]LogFileHelpers: Editor autosave (incl. sublevels & external actors) for all levels took 0.409
[2026.03.04-06.41.18:157][ 79]OBJ SavePackage: Generating thumbnails for [2] asset(s) in package [/Game/Blueprints/BP_Player] ([2] browsable assets)...
[2026.03.04-06.41.18:163][ 79]OBJ SavePackage:     Rendered thumbnail for [Blueprint /Game/Blueprints/BP_Player.BP_Player]
[2026.03.04-06.41.18:163][ 79]OBJ SavePackage: Finished generating thumbnails for package [/Game/Blueprints/BP_Player]
[2026.03.04-06.41.18:163][ 79]Cmd: OBJ SAVEPACKAGE PACKAGE="/Game/Blueprints/BP_Player" FILE="C:/Users/titan/Downloads/RoadHopper4.27/Saved/Autosaves/Game/Blueprints/BP_Player_Auto6.uasset" SILENT=false AUTOSAVING=true
[2026.03.04-06.41.18:173][ 79]LogSavePackage: Moving 'C:/Users/titan/Downloads/RoadHopper4.27/Saved/BP_Player_Auto6AA8BD8274423DE10E808E1BA590DF7A7.tmp' to 'C:/Users/titan/Downloads/RoadHopper4.27/Saved/Autosaves/Game/Blueprints/BP_Player_Auto6.uasset'
[2026.03.04-06.41.18:174][ 79]LogFileHelpers: Auto-saving content packages took 0.016
[2026.03.04-06.42.26:192][662]LogTemp: Repeating last play command: Selected Viewport
[2026.03.04-06.42.26:196][662]BlueprintLog: New page: Pre-Play auto-recompile
[2026.03.04-06.42.26:196][662]LogPlayLevel: [PlayLevel] Compiling BP_Player before play...
[2026.03.04-06.42.26:239][662]LogUObjectHash: Compacting FUObjectHashTables data took   1.83ms
[2026.03.04-06.42.26:243][662]LogPlayLevel: PlayLevel: Blueprint regeneration took 46 ms (1 blueprints)
[2026.03.04-06.42.26:243][662]PIE: New page: PIE session: MainLevel (Mar. 3, 2026, 4:42:26 p.m.)
[2026.03.04-06.42.26:243][662]LogPlayLevel: Creating play world package: /Game/Levels/UEDPIE_0_MainLevel
[2026.03.04-06.42.26:333][662]LogPlayLevel: PIE: StaticDuplicateObject took: (0.090632s)
[2026.03.04-06.42.26:336][662]LogAIModule: Creating AISystem for world MainLevel
[2026.03.04-06.42.26:336][662]LogPlayLevel: PIE: World Init took: (0.002581s)
[2026.03.04-06.42.26:337][662]LogPlayLevel: PIE: Created PIE world by copying editor world from /Game/Levels/MainLevel.MainLevel to /Game/Levels/UEDPIE_0_MainLevel.MainLevel (0.093521s)
[2026.03.04-06.42.26:350][662]LogUObjectHash: Compacting FUObjectHashTables data took   1.35ms
[2026.03.04-06.42.26:351][662]LogAudio: Display: Creating Audio Device:                 Id: 11, Scope: Unique, Realtime: True
[2026.03.04-06.42.26:351][662]LogAudioMixer: Display: Audio Mixer Platform Settings:
[2026.03.04-06.42.26:351][662]LogAudioMixer: Display: 	Sample Rate:						  48000
[2026.03.04-06.42.26:351][662]LogAudioMixer: Display: 	Callback Buffer Frame Size Requested: 1024
[2026.03.04-06.42.26:351][662]LogAudioMixer: Display: 	Callback Buffer Frame Size To Use:	  1024
[2026.03.04-06.42.26:351][662]LogAudioMixer: Display: 	Number of buffers to queue:			  2
[2026.03.04-06.42.26:351][662]LogAudioMixer: Display: 	Max Channels (voices):				  32
[2026.03.04-06.42.26:351][662]LogAudioMixer: Display: 	Number of Async Source Workers:		  0
[2026.03.04-06.42.26:351][662]LogAudio: Display: AudioDevice MaxSources: 32
[2026.03.04-06.42.26:351][662]LogAudio: Display: Audio Spatialization Plugin: None (built-in).
[2026.03.04-06.42.26:351][662]LogAudio: Display: Audio Reverb Plugin: None (built-in).
[2026.03.04-06.42.26:351][662]LogAudio: Display: Audio Occlusion Plugin: None (built-in).
[2026.03.04-06.42.26:351][662]LogAudioMixer: Display: Initializing audio mixer.
[2026.03.04-06.42.26:355][662]LogAudioMixer: Display: 0: FrontLeft
[2026.03.04-06.42.26:355][662]LogAudioMixer: Display: 1: FrontRight
[2026.03.04-06.42.26:355][662]LogAudioMixer: Display: 2: FrontCenter
[2026.03.04-06.42.26:355][662]LogAudioMixer: Display: 3: LowFrequency
[2026.03.04-06.42.26:355][662]LogAudioMixer: Display: 4: BackLeft
[2026.03.04-06.42.26:355][662]LogAudioMixer: Display: 5: BackRight
[2026.03.04-06.42.26:355][662]LogAudioMixer: Display: 6: SideLeft
[2026.03.04-06.42.26:355][662]LogAudioMixer: Display: 7: SideRight
[2026.03.04-06.42.26:368][662]LogAudioMixer: Display: Using Audio Device Headset Earphone (CORSAIR VOID PRO Wireless Gaming Headset)
[2026.03.04-06.42.26:368][662]LogAudioMixer: Display: Initializing Sound Submixes...
[2026.03.04-06.42.26:368][662]LogAudioMixer: Display: Creating Master Submix 'MasterSubmixDefault'
[2026.03.04-06.42.26:368][662]LogAudioMixer: Display: Creating Master Submix 'MasterReverbSubmixDefault'
[2026.03.04-06.42.26:368][662]LogAudioMixer: Display: Creating Master Submix 'MasterEQSubmixDefault'
[2026.03.04-06.42.26:368][662]LogAudioMixer: FMixerPlatformXAudio2::StartAudioStream() called
[2026.03.04-06.42.26:368][662]LogAudioMixer: Display: Output buffers initialized: Frames=1024, Channels=8, Samples=8192
[2026.03.04-06.42.26:369][662]LogAudioMixer: Display: Starting AudioMixerPlatformInterface::RunInternal()
[2026.03.04-06.42.26:369][662]LogAudioMixer: Display: FMixerPlatformXAudio2::SubmitBuffer() called for the first time
[2026.03.04-06.42.26:369][662]LogInit: FAudioDevice initialized.
[2026.03.04-06.42.26:369][662]LogAudio: Display: Audio Device (ID: 11) registered with world 'MainLevel'.
[2026.03.04-06.42.26:382][662]LogLoad: Game class is 'GM_RoadHopper_C'
[2026.03.04-06.42.26:420][662]LogWorld: Bringing World /Game/Levels/UEDPIE_0_MainLevel.MainLevel up for play (max tick rate 0) at 2026.03.03-23.42.26
[2026.03.04-06.42.26:420][662]LogWorld: Bringing up level for play took: 0.037790
[2026.03.04-06.42.26:421][662]LogOnline: OSS: Creating online subsystem instance for: :Context_17
[2026.03.04-06.42.26:429][662]LogBlueprintUserMessages: [GM_RoadHopper_C_0] Hello
[2026.03.04-06.42.26:429][662]PIE: Server logged in
[2026.03.04-06.42.26:430][662]PIE: Play in editor total start time 0.235 seconds.
[2026.03.04-06.42.32:557][346]LogSlate: Updating window title bar state: overlay mode, drag disabled, window buttons hidden, title bar hidden
[2026.03.04-06.42.32:557][346]LogWorld: BeginTearingDown for /Game/Levels/UEDPIE_0_MainLevel
[2026.03.04-06.42.32:559][346]LogWorld: UWorld::CleanupWorld for MainLevel, bSessionEnded=true, bCleanupResources=true
[2026.03.04-06.42.32:598][346]LogSlate: InvalidateAllWidgets triggered.  All widgets were invalidated
[2026.03.04-06.42.32:605][346]LogPlayLevel: Display: Shutting down PIE online subsystems
[2026.03.04-06.42.32:612][346]LogSlate: InvalidateAllWidgets triggered.  All widgets were invalidated
[2026.03.04-06.42.32:626][346]LogSlate: Updating window title bar state: overlay mode, drag disabled, window buttons hidden, title bar hidden
[2026.03.04-06.42.32:632][346]LogAudioMixer: FMixerPlatformXAudio2::StopAudioStream() called
[2026.03.04-06.42.32:633][346]LogAudioMixer: FMixerPlatformXAudio2::StopAudioStream() called
[2026.03.04-06.42.32:643][346]LogUObjectHash: Compacting FUObjectHashTables data took   1.41ms
[2026.03.04-06.42.32:674][347]LogPlayLevel: Display: Destroying online subsystem :Context_17
[2026.03.04-06.42.41:449][286]LogEditorViewport: Clicking on Actor (LMB): BP_Player_C (BP_Player)
[2026.03.04-06.42.42:433][394]LogEditorViewport: Clicking on Actor (LMB): BP_Player_C (BP_Player)
[2026.03.04-06.42.42:952][454]LogEditorViewport: Clicking on Actor (LMB): BP_Player_C (BP_Player)
[2026.03.04-06.42.47:079][938]LogEditorViewport: Clicking on Actor (LMB): BP_Player_C (BP_Player)
[2026.03.04-06.42.54:402][772]Cmd: TRANSACTION UNDO
[2026.03.04-06.42.54:402][772]LogEditorTransaction: Undo Move Actors
[2026.03.04-06.42.56:507][933]Cmd: SELECT NONE
[2026.03.04-06.49.18:534][204]LogEditorTransaction: Undo Split Struct Pin
[2026.03.04-06.49.30:778][571]LogEditorTransaction: Undo Create Pin Link
[2026.03.04-06.49.31:235][595]LogEditorTransaction: Undo Move Node
[2026.03.04-06.49.31:845][664]LogEditorTransaction: Undo Move Node
[2026.03.04-06.50.21:074][185]LogTemp: Repeating last play command: Selected Viewport
[2026.03.04-06.50.21:078][185]BlueprintLog: New page: Pre-Play auto-recompile
[2026.03.04-06.50.21:079][185]LogPlayLevel: [PlayLevel] Compiling BP_Player before play...
[2026.03.04-06.50.21:122][185]LogUObjectHash: Compacting FUObjectHashTables data took   2.04ms
[2026.03.04-06.50.21:126][185]LogPlayLevel: PlayLevel: Blueprint regeneration took 48 ms (1 blueprints)
[2026.03.04-06.50.21:126][185]PIE: New page: PIE session: MainLevel (Mar. 3, 2026, 4:50:21 p.m.)
[2026.03.04-06.50.21:126][185]LogPlayLevel: Creating play world package: /Game/Levels/UEDPIE_0_MainLevel
[2026.03.04-06.50.21:212][185]LogPlayLevel: PIE: StaticDuplicateObject took: (0.085655s)
[2026.03.04-06.50.21:213][185]LogAIModule: Creating AISystem for world MainLevel
[2026.03.04-06.50.21:213][185]LogPlayLevel: PIE: World Init took: (0.001127s)
[2026.03.04-06.50.21:213][185]LogPlayLevel: PIE: Created PIE world by copying editor world from /Game/Levels/MainLevel.MainLevel to /Game/Levels/UEDPIE_0_MainLevel.MainLevel (0.087020s)
[2026.03.04-06.50.21:227][185]LogUObjectHash: Compacting FUObjectHashTables data took   1.37ms
[2026.03.04-06.50.21:227][185]LogAudio: Display: Creating Audio Device:                 Id: 12, Scope: Unique, Realtime: True
[2026.03.04-06.50.21:227][185]LogAudioMixer: Display: Audio Mixer Platform Settings:
[2026.03.04-06.50.21:227][185]LogAudioMixer: Display: 	Sample Rate:						  48000
[2026.03.04-06.50.21:227][185]LogAudioMixer: Display: 	Callback Buffer Frame Size Requested: 1024
[2026.03.04-06.50.21:227][185]LogAudioMixer: Display: 	Callback Buffer Frame Size To Use:	  1024
[2026.03.04-06.50.21:227][185]LogAudioMixer: Display: 	Number of buffers to queue:			  2
[2026.03.04-06.50.21:227][185]LogAudioMixer: Display: 	Max Channels (voices):				  32
[2026.03.04-06.50.21:227][185]LogAudioMixer: Display: 	Number of Async Source Workers:		  0
[2026.03.04-06.50.21:227][185]LogAudio: Display: AudioDevice MaxSources: 32
[2026.03.04-06.50.21:228][185]LogAudio: Display: Audio Spatialization Plugin: None (built-in).
[2026.03.04-06.50.21:228][185]LogAudio: Display: Audio Reverb Plugin: None (built-in).
[2026.03.04-06.50.21:228][185]LogAudio: Display: Audio Occlusion Plugin: None (built-in).
[2026.03.04-06.50.21:228][185]LogAudioMixer: Display: Initializing audio mixer.
[2026.03.04-06.50.21:231][185]LogAudioMixer: Display: 0: FrontLeft
[2026.03.04-06.50.21:231][185]LogAudioMixer: Display: 1: FrontRight
[2026.03.04-06.50.21:231][185]LogAudioMixer: Display: 2: FrontCenter
[2026.03.04-06.50.21:231][185]LogAudioMixer: Display: 3: LowFrequency
[2026.03.04-06.50.21:231][185]LogAudioMixer: Display: 4: BackLeft
[2026.03.04-06.50.21:231][185]LogAudioMixer: Display: 5: BackRight
[2026.03.04-06.50.21:231][185]LogAudioMixer: Display: 6: SideLeft
[2026.03.04-06.50.21:231][185]LogAudioMixer: Display: 7: SideRight
[2026.03.04-06.50.21:243][185]LogAudioMixer: Display: Using Audio Device Headset Earphone (CORSAIR VOID PRO Wireless Gaming Headset)
[2026.03.04-06.50.21:244][185]LogAudioMixer: Display: Initializing Sound Submixes...
[2026.03.04-06.50.21:244][185]LogAudioMixer: Display: Creating Master Submix 'MasterSubmixDefault'
[2026.03.04-06.50.21:244][185]LogAudioMixer: Display: Creating Master Submix 'MasterReverbSubmixDefault'
[2026.03.04-06.50.21:244][185]LogAudioMixer: Display: Creating Master Submix 'MasterEQSubmixDefault'
[2026.03.04-06.50.21:244][185]LogAudioMixer: FMixerPlatformXAudio2::StartAudioStream() called
[2026.03.04-06.50.21:244][185]LogAudioMixer: Display: Output buffers initialized: Frames=1024, Channels=8, Samples=8192
[2026.03.04-06.50.21:245][185]LogAudioMixer: Display: Starting AudioMixerPlatformInterface::RunInternal()
[2026.03.04-06.50.21:245][185]LogAudioMixer: Display: FMixerPlatformXAudio2::SubmitBuffer() called for the first time
[2026.03.04-06.50.21:245][185]LogInit: FAudioDevice initialized.
[2026.03.04-06.50.21:245][185]LogAudio: Display: Audio Device (ID: 12) registered with world 'MainLevel'.
[2026.03.04-06.50.21:256][185]LogLoad: Game class is 'GM_RoadHopper_C'
[2026.03.04-06.50.21:294][185]LogWorld: Bringing World /Game/Levels/UEDPIE_0_MainLevel.MainLevel up for play (max tick rate 0) at 2026.03.03-23.50.21
[2026.03.04-06.50.21:294][185]LogWorld: Bringing up level for play took: 0.038311
[2026.03.04-06.50.21:295][185]LogOnline: OSS: Creating online subsystem instance for: :Context_18
[2026.03.04-06.50.21:303][185]LogBlueprintUserMessages: [GM_RoadHopper_C_0] Hello
[2026.03.04-06.50.21:303][185]PIE: Server logged in
[2026.03.04-06.50.21:304][185]PIE: Play in editor total start time 0.227 seconds.
[2026.03.04-06.50.35:447][392]LogSlate: Updating window title bar state: overlay mode, drag disabled, window buttons hidden, title bar hidden
[2026.03.04-06.50.35:447][392]LogWorld: BeginTearingDown for /Game/Levels/UEDPIE_0_MainLevel
[2026.03.04-06.50.35:448][392]LogWorld: UWorld::CleanupWorld for MainLevel, bSessionEnded=true, bCleanupResources=true
[2026.03.04-06.50.35:488][392]LogSlate: InvalidateAllWidgets triggered.  All widgets were invalidated
[2026.03.04-06.50.35:497][392]LogPlayLevel: Display: Shutting down PIE online subsystems
[2026.03.04-06.50.35:502][392]LogSlate: InvalidateAllWidgets triggered.  All widgets were invalidated
[2026.03.04-06.50.35:515][392]LogSlate: Updating window title bar state: overlay mode, drag disabled, window buttons hidden, title bar hidden
[2026.03.04-06.50.35:522][392]LogAudioMixer: FMixerPlatformXAudio2::StopAudioStream() called
[2026.03.04-06.50.35:523][392]LogAudioMixer: FMixerPlatformXAudio2::StopAudioStream() called
[2026.03.04-06.50.35:530][392]LogUObjectHash: Compacting FUObjectHashTables data took   1.40ms
[2026.03.04-06.50.35:545][393]LogPlayLevel: Display: Destroying online subsystem :Context_18
[2026.03.04-06.50.41:288][ 48]LogTemp: Repeating last play command: Selected Viewport
[2026.03.04-06.50.41:291][ 48]BlueprintLog: New page: Pre-Play auto-recompile
[2026.03.04-06.50.41:291][ 48]LogPlayLevel: [PlayLevel] Compiling BP_Player before play...
[2026.03.04-06.50.41:331][ 48]LogUObjectHash: Compacting FUObjectHashTables data took   1.73ms
[2026.03.04-06.50.41:333][ 48]LogPlayLevel: PlayLevel: Blueprint regeneration took 42 ms (1 blueprints)
[2026.03.04-06.50.41:333][ 48]PIE: New page: PIE session: MainLevel (Mar. 3, 2026, 4:50:41 p.m.)
[2026.03.04-06.50.41:333][ 48]LogPlayLevel: Creating play world package: /Game/Levels/UEDPIE_0_MainLevel
[2026.03.04-06.50.41:420][ 48]LogPlayLevel: PIE: StaticDuplicateObject took: (0.086597s)
[2026.03.04-06.50.41:420][ 48]LogAIModule: Creating AISystem for world MainLevel
[2026.03.04-06.50.41:421][ 48]LogPlayLevel: PIE: World Init took: (0.001283s)
[2026.03.04-06.50.41:421][ 48]LogPlayLevel: PIE: Created PIE world by copying editor world from /Game/Levels/MainLevel.MainLevel to /Game/Levels/UEDPIE_0_MainLevel.MainLevel (0.088079s)
[2026.03.04-06.50.41:434][ 48]LogUObjectHash: Compacting FUObjectHashTables data took   1.58ms
[2026.03.04-06.50.41:434][ 48]LogAudio: Display: Creating Audio Device:                 Id: 13, Scope: Unique, Realtime: True
[2026.03.04-06.50.41:434][ 48]LogAudioMixer: Display: Audio Mixer Platform Settings:
[2026.03.04-06.50.41:434][ 48]LogAudioMixer: Display: 	Sample Rate:						  48000
[2026.03.04-06.50.41:434][ 48]LogAudioMixer: Display: 	Callback Buffer Frame Size Requested: 1024
[2026.03.04-06.50.41:434][ 48]LogAudioMixer: Display: 	Callback Buffer Frame Size To Use:	  1024
[2026.03.04-06.50.41:434][ 48]LogAudioMixer: Display: 	Number of buffers to queue:			  2
[2026.03.04-06.50.41:434][ 48]LogAudioMixer: Display: 	Max Channels (voices):				  32
[2026.03.04-06.50.41:434][ 48]LogAudioMixer: Display: 	Number of Async Source Workers:		  0
[2026.03.04-06.50.41:434][ 48]LogAudio: Display: AudioDevice MaxSources: 32
[2026.03.04-06.50.41:435][ 48]LogAudio: Display: Audio Spatialization Plugin: None (built-in).
[2026.03.04-06.50.41:435][ 48]LogAudio: Display: Audio Reverb Plugin: None (built-in).
[2026.03.04-06.50.41:435][ 48]LogAudio: Display: Audio Occlusion Plugin: None (built-in).
[2026.03.04-06.50.41:435][ 48]LogAudioMixer: Display: Initializing audio mixer.
[2026.03.04-06.50.41:438][ 48]LogAudioMixer: Display: 0: FrontLeft
[2026.03.04-06.50.41:438][ 48]LogAudioMixer: Display: 1: FrontRight
[2026.03.04-06.50.41:438][ 48]LogAudioMixer: Display: 2: FrontCenter
[2026.03.04-06.50.41:438][ 48]LogAudioMixer: Display: 3: LowFrequency
[2026.03.04-06.50.41:438][ 48]LogAudioMixer: Display: 4: BackLeft
[2026.03.04-06.50.41:438][ 48]LogAudioMixer: Display: 5: BackRight
[2026.03.04-06.50.41:438][ 48]LogAudioMixer: Display: 6: SideLeft
[2026.03.04-06.50.41:438][ 48]LogAudioMixer: Display: 7: SideRight
[2026.03.04-06.50.41:450][ 48]LogAudioMixer: Display: Using Audio Device Headset Earphone (CORSAIR VOID PRO Wireless Gaming Headset)
[2026.03.04-06.50.41:450][ 48]LogAudioMixer: Display: Initializing Sound Submixes...
[2026.03.04-06.50.41:450][ 48]LogAudioMixer: Display: Creating Master Submix 'MasterSubmixDefault'
[2026.03.04-06.50.41:450][ 48]LogAudioMixer: Display: Creating Master Submix 'MasterReverbSubmixDefault'
[2026.03.04-06.50.41:451][ 48]LogAudioMixer: Display: Creating Master Submix 'MasterEQSubmixDefault'
[2026.03.04-06.50.41:451][ 48]LogAudioMixer: FMixerPlatformXAudio2::StartAudioStream() called
[2026.03.04-06.50.41:451][ 48]LogAudioMixer: Display: Output buffers initialized: Frames=1024, Channels=8, Samples=8192
[2026.03.04-06.50.41:452][ 48]LogAudioMixer: Display: Starting AudioMixerPlatformInterface::RunInternal()
[2026.03.04-06.50.41:452][ 48]LogAudioMixer: Display: FMixerPlatformXAudio2::SubmitBuffer() called for the first time
[2026.03.04-06.50.41:452][ 48]LogInit: FAudioDevice initialized.
[2026.03.04-06.50.41:452][ 48]LogAudio: Display: Audio Device (ID: 13) registered with world 'MainLevel'.
[2026.03.04-06.50.41:466][ 48]LogLoad: Game class is 'GM_RoadHopper_C'
[2026.03.04-06.50.41:501][ 48]LogWorld: Bringing World /Game/Levels/UEDPIE_0_MainLevel.MainLevel up for play (max tick rate 0) at 2026.03.03-23.50.41
[2026.03.04-06.50.41:502][ 48]LogWorld: Bringing up level for play took: 0.035598
[2026.03.04-06.50.41:502][ 48]LogOnline: OSS: Creating online subsystem instance for: :Context_19
[2026.03.04-06.50.41:510][ 48]LogBlueprintUserMessages: [GM_RoadHopper_C_0] Hello
[2026.03.04-06.50.41:511][ 48]PIE: Server logged in
[2026.03.04-06.50.41:511][ 48]PIE: Play in editor total start time 0.221 seconds.
[2026.03.04-06.50.44:967][448]LogSlate: Updating window title bar state: overlay mode, drag disabled, window buttons hidden, title bar hidden
[2026.03.04-06.50.44:967][448]LogWorld: BeginTearingDown for /Game/Levels/UEDPIE_0_MainLevel
[2026.03.04-06.50.44:968][448]LogWorld: UWorld::CleanupWorld for MainLevel, bSessionEnded=true, bCleanupResources=true
[2026.03.04-06.50.45:009][448]LogSlate: InvalidateAllWidgets triggered.  All widgets were invalidated
[2026.03.04-06.50.45:014][448]LogPlayLevel: Display: Shutting down PIE online subsystems
[2026.03.04-06.50.45:019][448]LogSlate: InvalidateAllWidgets triggered.  All widgets were invalidated
[2026.03.04-06.50.45:032][448]LogSlate: Updating window title bar state: overlay mode, drag disabled, window buttons hidden, title bar hidden
[2026.03.04-06.50.45:039][448]LogAudioMixer: FMixerPlatformXAudio2::StopAudioStream() called
[2026.03.04-06.50.45:040][448]LogAudioMixer: FMixerPlatformXAudio2::StopAudioStream() called
[2026.03.04-06.50.45:049][448]LogUObjectHash: Compacting FUObjectHashTables data took   1.43ms
[2026.03.04-06.50.45:066][449]LogPlayLevel: Display: Destroying online subsystem :Context_19
[2026.03.04-06.50.53:488][386]LogTemp: Repeating last play command: Selected Viewport
[2026.03.04-06.50.53:492][386]BlueprintLog: New page: Pre-Play auto-recompile
[2026.03.04-06.50.53:492][386]LogPlayLevel: [PlayLevel] Compiling BP_Player before play...
[2026.03.04-06.50.53:533][386]LogUObjectHash: Compacting FUObjectHashTables data took   1.75ms
[2026.03.04-06.50.53:535][386]LogPlayLevel: PlayLevel: Blueprint regeneration took 43 ms (1 blueprints)
[2026.03.04-06.50.53:535][386]PIE: New page: PIE session: MainLevel (Mar. 3, 2026, 4:50:53 p.m.)
[2026.03.04-06.50.53:535][386]LogPlayLevel: Creating play world package: /Game/Levels/UEDPIE_0_MainLevel
[2026.03.04-06.50.53:623][386]LogPlayLevel: PIE: StaticDuplicateObject took: (0.087660s)
[2026.03.04-06.50.53:623][386]LogAIModule: Creating AISystem for world MainLevel
[2026.03.04-06.50.53:624][386]LogPlayLevel: PIE: World Init took: (0.000951s)
[2026.03.04-06.50.53:624][386]LogPlayLevel: PIE: Created PIE world by copying editor world from /Game/Levels/MainLevel.MainLevel to /Game/Levels/UEDPIE_0_MainLevel.MainLevel (0.088805s)
[2026.03.04-06.50.53:637][386]LogUObjectHash: Compacting FUObjectHashTables data took   1.35ms
[2026.03.04-06.50.53:638][386]LogAudio: Display: Creating Audio Device:                 Id: 14, Scope: Unique, Realtime: True
[2026.03.04-06.50.53:638][386]LogAudioMixer: Display: Audio Mixer Platform Settings:
[2026.03.04-06.50.53:638][386]LogAudioMixer: Display: 	Sample Rate:						  48000
[2026.03.04-06.50.53:638][386]LogAudioMixer: Display: 	Callback Buffer Frame Size Requested: 1024
[2026.03.04-06.50.53:638][386]LogAudioMixer: Display: 	Callback Buffer Frame Size To Use:	  1024
[2026.03.04-06.50.53:638][386]LogAudioMixer: Display: 	Number of buffers to queue:			  2
[2026.03.04-06.50.53:638][386]LogAudioMixer: Display: 	Max Channels (voices):				  32
[2026.03.04-06.50.53:638][386]LogAudioMixer: Display: 	Number of Async Source Workers:		  0
[2026.03.04-06.50.53:638][386]LogAudio: Display: AudioDevice MaxSources: 32
[2026.03.04-06.50.53:638][386]LogAudio: Display: Audio Spatialization Plugin: None (built-in).
[2026.03.04-06.50.53:638][386]LogAudio: Display: Audio Reverb Plugin: None (built-in).
[2026.03.04-06.50.53:638][386]LogAudio: Display: Audio Occlusion Plugin: None (built-in).
[2026.03.04-06.50.53:638][386]LogAudioMixer: Display: Initializing audio mixer.
[2026.03.04-06.50.53:641][386]LogAudioMixer: Display: 0: FrontLeft
[2026.03.04-06.50.53:641][386]LogAudioMixer: Display: 1: FrontRight
[2026.03.04-06.50.53:641][386]LogAudioMixer: Display: 2: FrontCenter
[2026.03.04-06.50.53:641][386]LogAudioMixer: Display: 3: LowFrequency
[2026.03.04-06.50.53:641][386]LogAudioMixer: Display: 4: BackLeft
[2026.03.04-06.50.53:641][386]LogAudioMixer: Display: 5: BackRight
[2026.03.04-06.50.53:641][386]LogAudioMixer: Display: 6: SideLeft
[2026.03.04-06.50.53:641][386]LogAudioMixer: Display: 7: SideRight
[2026.03.04-06.50.53:653][386]LogAudioMixer: Display: Using Audio Device Headset Earphone (CORSAIR VOID PRO Wireless Gaming Headset)
[2026.03.04-06.50.53:653][386]LogAudioMixer: Display: Initializing Sound Submixes...
[2026.03.04-06.50.53:653][386]LogAudioMixer: Display: Creating Master Submix 'MasterSubmixDefault'
[2026.03.04-06.50.53:653][386]LogAudioMixer: Display: Creating Master Submix 'MasterReverbSubmixDefault'
[2026.03.04-06.50.53:654][386]LogAudioMixer: Display: Creating Master Submix 'MasterEQSubmixDefault'
[2026.03.04-06.50.53:654][386]LogAudioMixer: FMixerPlatformXAudio2::StartAudioStream() called
[2026.03.04-06.50.53:654][386]LogAudioMixer: Display: Output buffers initialized: Frames=1024, Channels=8, Samples=8192
[2026.03.04-06.50.53:654][386]LogAudioMixer: Display: Starting AudioMixerPlatformInterface::RunInternal()
[2026.03.04-06.50.53:654][386]LogAudioMixer: Display: FMixerPlatformXAudio2::SubmitBuffer() called for the first time
[2026.03.04-06.50.53:654][386]LogInit: FAudioDevice initialized.
[2026.03.04-06.50.53:654][386]LogAudio: Display: Audio Device (ID: 14) registered with world 'MainLevel'.
[2026.03.04-06.50.53:669][386]LogLoad: Game class is 'GM_RoadHopper_C'
[2026.03.04-06.50.53:706][386]LogWorld: Bringing World /Game/Levels/UEDPIE_0_MainLevel.MainLevel up for play (max tick rate 0) at 2026.03.03-23.50.53
[2026.03.04-06.50.53:707][386]LogWorld: Bringing up level for play took: 0.037447
[2026.03.04-06.50.53:707][386]LogOnline: OSS: Creating online subsystem instance for: :Context_20
[2026.03.04-06.50.53:715][386]LogBlueprintUserMessages: [GM_RoadHopper_C_0] Hello
[2026.03.04-06.50.53:716][386]PIE: Server logged in
[2026.03.04-06.50.53:716][386]PIE: Play in editor total start time 0.225 seconds.
[2026.03.04-06.52.13:187][856]LogSlate: Updating window title bar state: overlay mode, drag disabled, window buttons hidden, title bar hidden
[2026.03.04-06.52.13:187][856]LogWorld: BeginTearingDown for /Game/Levels/UEDPIE_0_MainLevel
[2026.03.04-06.52.13:188][856]LogWorld: UWorld::CleanupWorld for MainLevel, bSessionEnded=true, bCleanupResources=true
[2026.03.04-06.52.13:229][856]LogSlate: InvalidateAllWidgets triggered.  All widgets were invalidated
[2026.03.04-06.52.13:237][856]LogPlayLevel: Display: Shutting down PIE online subsystems
[2026.03.04-06.52.13:242][856]LogSlate: InvalidateAllWidgets triggered.  All widgets were invalidated
[2026.03.04-06.52.13:254][856]LogSlate: Updating window title bar state: overlay mode, drag disabled, window buttons hidden, title bar hidden
[2026.03.04-06.52.13:262][856]LogAudioMixer: FMixerPlatformXAudio2::StopAudioStream() called
[2026.03.04-06.52.13:262][856]LogAudioMixer: FMixerPlatformXAudio2::StopAudioStream() called
[2026.03.04-06.52.13:272][856]LogUObjectHash: Compacting FUObjectHashTables data took   1.47ms
[2026.03.04-06.52.13:287][857]LogPlayLevel: Display: Destroying online subsystem :Context_20
[2026.03.04-06.53.47:758][437]LogTemp: Repeating last play command: Selected Viewport
[2026.03.04-06.53.47:761][437]BlueprintLog: New page: Pre-Play auto-recompile
[2026.03.04-06.53.47:761][437]LogPlayLevel: [PlayLevel] Compiling BP_Player before play...
[2026.03.04-06.53.47:804][437]LogUObjectHash: Compacting FUObjectHashTables data took   1.83ms
[2026.03.04-06.53.47:805][437]LogPlayLevel: PlayLevel: Blueprint regeneration took 44 ms (1 blueprints)
[2026.03.04-06.53.47:806][437]PIE: New page: PIE session: MainLevel (Mar. 3, 2026, 4:53:47 p.m.)
[2026.03.04-06.53.47:806][437]LogPlayLevel: Creating play world package: /Game/Levels/UEDPIE_0_MainLevel
[2026.03.04-06.53.47:892][437]LogPlayLevel: PIE: StaticDuplicateObject took: (0.086974s)
[2026.03.04-06.53.47:893][437]LogAIModule: Creating AISystem for world MainLevel
[2026.03.04-06.53.47:893][437]LogPlayLevel: PIE: World Init took: (0.000952s)
[2026.03.04-06.53.47:894][437]LogPlayLevel: PIE: Created PIE world by copying editor world from /Game/Levels/MainLevel.MainLevel to /Game/Levels/UEDPIE_0_MainLevel.MainLevel (0.088111s)
[2026.03.04-06.53.47:907][437]LogUObjectHash: Compacting FUObjectHashTables data took   1.37ms
[2026.03.04-06.53.47:907][437]LogAudio: Display: Creating Audio Device:                 Id: 15, Scope: Unique, Realtime: True
[2026.03.04-06.53.47:908][437]LogAudioMixer: Display: Audio Mixer Platform Settings:
[2026.03.04-06.53.47:908][437]LogAudioMixer: Display: 	Sample Rate:						  48000
[2026.03.04-06.53.47:908][437]LogAudioMixer: Display: 	Callback Buffer Frame Size Requested: 1024
[2026.03.04-06.53.47:908][437]LogAudioMixer: Display: 	Callback Buffer Frame Size To Use:	  1024
[2026.03.04-06.53.47:908][437]LogAudioMixer: Display: 	Number of buffers to queue:			  2
[2026.03.04-06.53.47:908][437]LogAudioMixer: Display: 	Max Channels (voices):				  32
[2026.03.04-06.53.47:908][437]LogAudioMixer: Display: 	Number of Async Source Workers:		  0
[2026.03.04-06.53.47:908][437]LogAudio: Display: AudioDevice MaxSources: 32
[2026.03.04-06.53.47:908][437]LogAudio: Display: Audio Spatialization Plugin: None (built-in).
[2026.03.04-06.53.47:908][437]LogAudio: Display: Audio Reverb Plugin: None (built-in).
[2026.03.04-06.53.47:908][437]LogAudio: Display: Audio Occlusion Plugin: None (built-in).
[2026.03.04-06.53.47:908][437]LogAudioMixer: Display: Initializing audio mixer.
[2026.03.04-06.53.47:911][437]LogAudioMixer: Display: 0: FrontLeft
[2026.03.04-06.53.47:911][437]LogAudioMixer: Display: 1: FrontRight
[2026.03.04-06.53.47:911][437]LogAudioMixer: Display: 2: FrontCenter
[2026.03.04-06.53.47:911][437]LogAudioMixer: Display: 3: LowFrequency
[2026.03.04-06.53.47:911][437]LogAudioMixer: Display: 4: BackLeft
[2026.03.04-06.53.47:911][437]LogAudioMixer: Display: 5: BackRight
[2026.03.04-06.53.47:911][437]LogAudioMixer: Display: 6: SideLeft
[2026.03.04-06.53.47:911][437]LogAudioMixer: Display: 7: SideRight
[2026.03.04-06.53.47:922][437]LogAudioMixer: Display: Using Audio Device Headset Earphone (CORSAIR VOID PRO Wireless Gaming Headset)
[2026.03.04-06.53.47:923][437]LogAudioMixer: Display: Initializing Sound Submixes...
[2026.03.04-06.53.47:923][437]LogAudioMixer: Display: Creating Master Submix 'MasterSubmixDefault'
[2026.03.04-06.53.47:923][437]LogAudioMixer: Display: Creating Master Submix 'MasterReverbSubmixDefault'
[2026.03.04-06.53.47:923][437]LogAudioMixer: Display: Creating Master Submix 'MasterEQSubmixDefault'
[2026.03.04-06.53.47:923][437]LogAudioMixer: FMixerPlatformXAudio2::StartAudioStream() called
[2026.03.04-06.53.47:923][437]LogAudioMixer: Display: Output buffers initialized: Frames=1024, Channels=8, Samples=8192
[2026.03.04-06.53.47:924][437]LogAudioMixer: Display: Starting AudioMixerPlatformInterface::RunInternal()
[2026.03.04-06.53.47:924][437]LogAudioMixer: Display: FMixerPlatformXAudio2::SubmitBuffer() called for the first time
[2026.03.04-06.53.47:924][437]LogInit: FAudioDevice initialized.
[2026.03.04-06.53.47:924][437]LogAudio: Display: Audio Device (ID: 15) registered with world 'MainLevel'.
[2026.03.04-06.53.47:939][437]LogLoad: Game class is 'GM_RoadHopper_C'
[2026.03.04-06.53.47:975][437]LogWorld: Bringing World /Game/Levels/UEDPIE_0_MainLevel.MainLevel up for play (max tick rate 0) at 2026.03.03-23.53.47
[2026.03.04-06.53.47:976][437]LogWorld: Bringing up level for play took: 0.036915
[2026.03.04-06.53.47:976][437]LogOnline: OSS: Creating online subsystem instance for: :Context_21
[2026.03.04-06.53.47:984][437]LogBlueprintUserMessages: [GM_RoadHopper_C_0] Hello
[2026.03.04-06.53.47:984][437]PIE: Server logged in
[2026.03.04-06.53.47:985][437]PIE: Play in editor total start time 0.225 seconds.
[2026.03.04-06.54.03:327][195]LogSlate: Updating window title bar state: overlay mode, drag disabled, window buttons hidden, title bar hidden
[2026.03.04-06.54.03:327][195]LogWorld: BeginTearingDown for /Game/Levels/UEDPIE_0_MainLevel
[2026.03.04-06.54.03:328][195]LogWorld: UWorld::CleanupWorld for MainLevel, bSessionEnded=true, bCleanupResources=true
[2026.03.04-06.54.03:366][195]LogSlate: InvalidateAllWidgets triggered.  All widgets were invalidated
[2026.03.04-06.54.03:378][195]LogPlayLevel: Display: Shutting down PIE online subsystems
[2026.03.04-06.54.03:382][195]LogSlate: InvalidateAllWidgets triggered.  All widgets were invalidated
[2026.03.04-06.54.03:396][195]LogSlate: Updating window title bar state: overlay mode, drag disabled, window buttons hidden, title bar hidden
[2026.03.04-06.54.03:403][195]LogAudioMixer: FMixerPlatformXAudio2::StopAudioStream() called
[2026.03.04-06.54.03:403][195]LogAudioMixer: FMixerPlatformXAudio2::StopAudioStream() called
[2026.03.04-06.54.03:411][195]LogUObjectHash: Compacting FUObjectHashTables data took   1.52ms
[2026.03.04-06.54.03:425][196]LogPlayLevel: Display: Destroying online subsystem :Context_21
[2026.03.04-06.54.09:843][933]LogTemp: Repeating last play command: Selected Viewport
[2026.03.04-06.54.09:846][933]BlueprintLog: New page: Pre-Play auto-recompile
[2026.03.04-06.54.09:847][933]LogPlayLevel: [PlayLevel] Compiling BP_Player before play...
[2026.03.04-06.54.09:886][933]LogUObjectHash: Compacting FUObjectHashTables data took   1.71ms
[2026.03.04-06.54.09:886][933]LogPlayLevel: PlayLevel: Blueprint regeneration took 40 ms (1 blueprints)
[2026.03.04-06.54.09:887][933]PIE: New page: PIE session: MainLevel (Mar. 3, 2026, 4:54:09 p.m.)
[2026.03.04-06.54.09:887][933]LogPlayLevel: Creating play world package: /Game/Levels/UEDPIE_0_MainLevel
[2026.03.04-06.54.09:971][933]LogPlayLevel: PIE: StaticDuplicateObject took: (0.084270s)
[2026.03.04-06.54.09:972][933]LogAIModule: Creating AISystem for world MainLevel
[2026.03.04-06.54.09:972][933]LogPlayLevel: PIE: World Init took: (0.001000s)
[2026.03.04-06.54.09:972][933]LogPlayLevel: PIE: Created PIE world by copying editor world from /Game/Levels/MainLevel.MainLevel to /Game/Levels/UEDPIE_0_MainLevel.MainLevel (0.085462s)
[2026.03.04-06.54.09:986][933]LogUObjectHash: Compacting FUObjectHashTables data took   1.29ms
[2026.03.04-06.54.09:986][933]LogAudio: Display: Creating Audio Device:                 Id: 16, Scope: Unique, Realtime: True
[2026.03.04-06.54.09:986][933]LogAudioMixer: Display: Audio Mixer Platform Settings:
[2026.03.04-06.54.09:986][933]LogAudioMixer: Display: 	Sample Rate:						  48000
[2026.03.04-06.54.09:986][933]LogAudioMixer: Display: 	Callback Buffer Frame Size Requested: 1024
[2026.03.04-06.54.09:986][933]LogAudioMixer: Display: 	Callback Buffer Frame Size To Use:	  1024
[2026.03.04-06.54.09:986][933]LogAudioMixer: Display: 	Number of buffers to queue:			  2
[2026.03.04-06.54.09:986][933]LogAudioMixer: Display: 	Max Channels (voices):				  32
[2026.03.04-06.54.09:986][933]LogAudioMixer: Display: 	Number of Async Source Workers:		  0
[2026.03.04-06.54.09:986][933]LogAudio: Display: AudioDevice MaxSources: 32
[2026.03.04-06.54.09:986][933]LogAudio: Display: Audio Spatialization Plugin: None (built-in).
[2026.03.04-06.54.09:986][933]LogAudio: Display: Audio Reverb Plugin: None (built-in).
[2026.03.04-06.54.09:986][933]LogAudio: Display: Audio Occlusion Plugin: None (built-in).
[2026.03.04-06.54.09:986][933]LogAudioMixer: Display: Initializing audio mixer.
[2026.03.04-06.54.09:989][933]LogAudioMixer: Display: 0: FrontLeft
[2026.03.04-06.54.09:989][933]LogAudioMixer: Display: 1: FrontRight
[2026.03.04-06.54.09:989][933]LogAudioMixer: Display: 2: FrontCenter
[2026.03.04-06.54.09:989][933]LogAudioMixer: Display: 3: LowFrequency
[2026.03.04-06.54.09:989][933]LogAudioMixer: Display: 4: BackLeft
[2026.03.04-06.54.09:989][933]LogAudioMixer: Display: 5: BackRight
[2026.03.04-06.54.09:989][933]LogAudioMixer: Display: 6: SideLeft
[2026.03.04-06.54.09:989][933]LogAudioMixer: Display: 7: SideRight
[2026.03.04-06.54.10:001][933]LogAudioMixer: Display: Using Audio Device Headset Earphone (CORSAIR VOID PRO Wireless Gaming Headset)
[2026.03.04-06.54.10:001][933]LogAudioMixer: Display: Initializing Sound Submixes...
[2026.03.04-06.54.10:001][933]LogAudioMixer: Display: Creating Master Submix 'MasterSubmixDefault'
[2026.03.04-06.54.10:001][933]LogAudioMixer: Display: Creating Master Submix 'MasterReverbSubmixDefault'
[2026.03.04-06.54.10:001][933]LogAudioMixer: Display: Creating Master Submix 'MasterEQSubmixDefault'
[2026.03.04-06.54.10:001][933]LogAudioMixer: FMixerPlatformXAudio2::StartAudioStream() called
[2026.03.04-06.54.10:001][933]LogAudioMixer: Display: Output buffers initialized: Frames=1024, Channels=8, Samples=8192
[2026.03.04-06.54.10:002][933]LogAudioMixer: Display: Starting AudioMixerPlatformInterface::RunInternal()
[2026.03.04-06.54.10:002][933]LogAudioMixer: Display: FMixerPlatformXAudio2::SubmitBuffer() called for the first time
[2026.03.04-06.54.10:002][933]LogInit: FAudioDevice initialized.
[2026.03.04-06.54.10:002][933]LogAudio: Display: Audio Device (ID: 16) registered with world 'MainLevel'.
[2026.03.04-06.54.10:017][933]LogLoad: Game class is 'GM_RoadHopper_C'
[2026.03.04-06.54.10:053][933]LogWorld: Bringing World /Game/Levels/UEDPIE_0_MainLevel.MainLevel up for play (max tick rate 0) at 2026.03.03-23.54.10
[2026.03.04-06.54.10:053][933]LogWorld: Bringing up level for play took: 0.035606
[2026.03.04-06.54.10:053][933]LogOnline: OSS: Creating online subsystem instance for: :Context_22
[2026.03.04-06.54.10:062][933]LogBlueprintUserMessages: [GM_RoadHopper_C_0] Hello
[2026.03.04-06.54.10:062][933]PIE: Server logged in
[2026.03.04-06.54.10:062][933]PIE: Play in editor total start time 0.217 seconds.
[2026.03.04-06.54.10:063][933]LogScript: Warning: Infinite script recursion (120 calls) detected - see log for stack trace
	BP_Player_C /Game/Levels/UEDPIE_0_MainLevel.MainLevel:PersistentLevel.BP_Player_10
	Function /Game/Blueprints/BP_Player.BP_Player_C:MovePlayer:0000
[2026.03.04-06.54.10:063][933]PIE: Error: Infinite loop detected. Blueprint:  BP_Player Function:  Move Player Call Stack:  Show
[2026.03.04-06.54.10:097][933]LogSlate: Updating window title bar state: overlay mode, drag disabled, window buttons hidden, title bar hidden
[2026.03.04-06.54.10:097][933]LogWorld: BeginTearingDown for /Game/Levels/UEDPIE_0_MainLevel
[2026.03.04-06.54.10:098][933]LogWorld: UWorld::CleanupWorld for MainLevel, bSessionEnded=true, bCleanupResources=true
[2026.03.04-06.54.10:134][933]LogSlate: InvalidateAllWidgets triggered.  All widgets were invalidated
[2026.03.04-06.54.10:139][933]LogPlayLevel: Display: Shutting down PIE online subsystems
[2026.03.04-06.54.10:143][933]LogSlate: InvalidateAllWidgets triggered.  All widgets were invalidated
[2026.03.04-06.54.10:155][933]LogSlate: Updating window title bar state: overlay mode, drag disabled, window buttons hidden, title bar hidden
[2026.03.04-06.54.10:162][933]LogAudioMixer: FMixerPlatformXAudio2::StopAudioStream() called
[2026.03.04-06.54.10:163][933]LogAudioMixer: FMixerPlatformXAudio2::StopAudioStream() called
[2026.03.04-06.54.10:171][933]LogUObjectHash: Compacting FUObjectHashTables data took   1.45ms
[2026.03.04-06.54.10:243][933]LogSlate: Took 0.007475 seconds to synchronously load lazily loaded font '../../../Engine/Content/Slate/Fonts/DroidSansMono.ttf' (77K)
[2026.03.04-06.54.10:254][934]LogPlayLevel: Display: Destroying online subsystem :Context_22
[2026.03.04-06.56.48:007][315]LogEditorTransaction: Undo Paste clipboard contents
[2026.03.04-06.59.20:560][901]LogUObjectHash: Compacting FUObjectHashTables data took   2.09ms
[2026.03.04-06.59.20:564][901]Cmd: OBJ SAVEPACKAGE PACKAGE="/Game/Levels/MainLevel" FILE="C:/Users/titan/Downloads/RoadHopper4.27/Saved/Autosaves/Game/Levels/MainLevel_Auto7.umap" SILENT=true AUTOSAVING=true KEEPDIRTY=false
[2026.03.04-06.59.20:931][901]LogSavePackage: Moving 'C:/Users/titan/Downloads/RoadHopper4.27/Saved/MainLevel_Auto7220CCAF2406BA0C0D36CD4BD92DF11F3.tmp' to 'C:/Users/titan/Downloads/RoadHopper4.27/Saved/Autosaves/Game/Levels/MainLevel_Auto7.umap'
[2026.03.04-06.59.20:933][901]LogFileHelpers: Editor autosave (incl. external actors) for '/Game/Levels/MainLevel' took 0.390
[2026.03.04-06.59.20:933][901]LogFileHelpers: Editor autosave (incl. sublevels & external actors) for all levels took 0.390
[2026.03.04-06.59.20:934][901]OBJ SavePackage: Generating thumbnails for [2] asset(s) in package [/Game/Blueprints/BP_Player] ([2] browsable assets)...
[2026.03.04-06.59.20:939][901]OBJ SavePackage:     Rendered thumbnail for [Blueprint /Game/Blueprints/BP_Player.BP_Player]
[2026.03.04-06.59.20:939][901]OBJ SavePackage: Finished generating thumbnails for package [/Game/Blueprints/BP_Player]
[2026.03.04-06.59.20:939][901]Cmd: OBJ SAVEPACKAGE PACKAGE="/Game/Blueprints/BP_Player" FILE="C:/Users/titan/Downloads/RoadHopper4.27/Saved/Autosaves/Game/Blueprints/BP_Player_Auto7.uasset" SILENT=false AUTOSAVING=true
[2026.03.04-06.59.20:954][901]LogSavePackage: Moving 'C:/Users/titan/Downloads/RoadHopper4.27/Saved/BP_Player_Auto7542593D1472D3910A6C9A89BBD8850EE.tmp' to 'C:/Users/titan/Downloads/RoadHopper4.27/Saved/Autosaves/Game/Blueprints/BP_Player_Auto7.uasset'
[2026.03.04-06.59.20:954][901]LogFileHelpers: Auto-saving content packages took 0.021
[2026.03.04-07.03.34:652][700]LogTemp: Repeating last play command: Selected Viewport
[2026.03.04-07.03.34:655][700]BlueprintLog: New page: Pre-Play auto-recompile
[2026.03.04-07.03.34:656][700]LogPlayLevel: [PlayLevel] Compiling BP_Player before play...
[2026.03.04-07.03.34:657][700]LogBlueprint: Warning: [AssetLog] C:\Users\titan\Downloads\RoadHopper4.27\Content\Blueprints\BP_Player.uasset: [Compiler] W  was pruned because its Exec pin is not connected, the connected value is not available and will instead be read as default
[2026.03.04-07.03.34:657][700]LogBlueprint: Error: [AssetLog] C:\Users\titan\Downloads\RoadHopper4.27\Content\Blueprints\BP_Player.uasset: [Compiler] The current value (None) of the ' Key ' pin is invalid: 'Key' in action 'Is Keyboard Key' must have an input wired into it ("by ref" params expect a valid input to operate on).
[2026.03.04-07.03.34:701][700]LogUObjectHash: Compacting FUObjectHashTables data took   2.16ms
[2026.03.04-07.03.34:704][700]LogPlayLevel: PlayLevel: Blueprint regeneration took 48 ms (1 blueprints)
[2026.03.04-07.03.34:704][700]BlueprintLog: Warning: Blueprint failed to compile:  BP_Player
[2026.03.04-07.03.34:704][700]LogCustomDialog: Dialog displayed:
[2026.03.04-07.03.37:955][700]LogSlate: Window 'Blueprint Compilation Errors' being destroyed
[2026.03.04-07.03.39:860][923]LogSlate: Window 'Message Log' being destroyed
[2026.03.04-07.03.39:868][923]LogSlate: Window 'Message Log' being destroyed
[2026.03.04-07.03.51:086][162]LogTemp: Repeating last play command: Selected Viewport
[2026.03.04-07.03.51:090][162]BlueprintLog: New page: Pre-Play auto-recompile
[2026.03.04-07.03.51:090][162]LogPlayLevel: [PlayLevel] Compiling BP_Player before play...
[2026.03.04-07.03.51:091][162]LogBlueprint: Warning: [AssetLog] C:\Users\titan\Downloads\RoadHopper4.27\Content\Blueprints\BP_Player.uasset: [Compiler] W  was pruned because its Exec pin is not connected, the connected value is not available and will instead be read as default
[2026.03.04-07.03.51:092][162]LogBlueprint: Error: [AssetLog] C:\Users\titan\Downloads\RoadHopper4.27\Content\Blueprints\BP_Player.uasset: [Compiler] The current value (None) of the ' Key ' pin is invalid: 'Key' in action 'Is Keyboard Key' must have an input wired into it ("by ref" params expect a valid input to operate on).
[2026.03.04-07.03.51:124][162]LogUObjectHash: Compacting FUObjectHashTables data took   1.65ms
[2026.03.04-07.03.51:126][162]LogPlayLevel: PlayLevel: Blueprint regeneration took 36 ms (1 blueprints)
[2026.03.04-07.03.51:126][162]BlueprintLog: Warning: Blueprint failed to compile:  BP_Player
[2026.03.04-07.03.51:126][162]LogCustomDialog: Dialog displayed:
[2026.03.04-07.03.53:264][162]LogSlate: Window 'Blueprint Compilation Errors' being destroyed
[2026.03.04-07.03.54:713][327]LogSlate: Window 'Message Log' being destroyed
[2026.03.04-07.03.54:719][327]LogSlate: Window 'Message Log' being destroyed
[2026.03.04-07.03.55:381][395]BlueprintLog: New page: Compile BP_Player
[2026.03.04-07.03.55:383][395]LogBlueprint: Warning: [AssetLog] C:\Users\titan\Downloads\RoadHopper4.27\Content\Blueprints\BP_Player.uasset: [Compiler] W  was pruned because its Exec pin is not connected, the connected value is not available and will instead be read as default
[2026.03.04-07.03.55:384][395]LogBlueprint: Error: [AssetLog] C:\Users\titan\Downloads\RoadHopper4.27\Content\Blueprints\BP_Player.uasset: [Compiler] The current value (None) of the ' Key ' pin is invalid: 'Key' in action 'Is Keyboard Key' must have an input wired into it ("by ref" params expect a valid input to operate on).
[2026.03.04-07.03.55:413][395]LogUObjectHash: Compacting FUObjectHashTables data took   1.48ms
[2026.03.04-07.09.21:339][714]LogUObjectHash: Compacting FUObjectHashTables data took   2.49ms
[2026.03.04-07.09.21:341][714]Cmd: OBJ SAVEPACKAGE PACKAGE="/Game/Levels/MainLevel" FILE="C:/Users/titan/Downloads/RoadHopper4.27/Saved/Autosaves/Game/Levels/MainLevel_Auto8.umap" SILENT=true AUTOSAVING=true KEEPDIRTY=false
[2026.03.04-07.09.21:737][714]LogSavePackage: Moving 'C:/Users/titan/Downloads/RoadHopper4.27/Saved/MainLevel_Auto88135C53B46D5640233E835A93389FBF8.tmp' to 'C:/Users/titan/Downloads/RoadHopper4.27/Saved/Autosaves/Game/Levels/MainLevel_Auto8.umap'
[2026.03.04-07.09.21:741][714]LogFileHelpers: Editor autosave (incl. external actors) for '/Game/Levels/MainLevel' took 0.422
[2026.03.04-07.09.21:741][714]LogFileHelpers: Editor autosave (incl. sublevels & external actors) for all levels took 0.422
[2026.03.04-07.09.21:742][714]OBJ SavePackage: Generating thumbnails for [2] asset(s) in package [/Game/Blueprints/BP_Player] ([2] browsable assets)...
[2026.03.04-07.09.21:753][714]OBJ SavePackage:     Rendered thumbnail for [Blueprint /Game/Blueprints/BP_Player.BP_Player]
[2026.03.04-07.09.21:753][714]OBJ SavePackage: Finished generating thumbnails for package [/Game/Blueprints/BP_Player]
[2026.03.04-07.09.21:753][714]Cmd: OBJ SAVEPACKAGE PACKAGE="/Game/Blueprints/BP_Player" FILE="C:/Users/titan/Downloads/RoadHopper4.27/Saved/Autosaves/Game/Blueprints/BP_Player_Auto8.uasset" SILENT=false AUTOSAVING=true
[2026.03.04-07.09.21:762][714]LogSavePackage: Moving 'C:/Users/titan/Downloads/RoadHopper4.27/Saved/BP_Player_Auto8712F06B6428B150DA095EE9558487128.tmp' to 'C:/Users/titan/Downloads/RoadHopper4.27/Saved/Autosaves/Game/Blueprints/BP_Player_Auto8.uasset'
[2026.03.04-07.09.21:763][714]LogFileHelpers: Auto-saving content packages took 0.022
[2026.03.04-07.16.37:421][479]LogSlate: Window 'Delete Variable' being destroyed
[2026.03.04-07.17.13:388][513]BlueprintLog: New page: Compile BP_Player
[2026.03.04-07.17.13:424][513]LogUObjectHash: Compacting FUObjectHashTables data took   2.14ms
[2026.03.04-07.17.14:317][607]LogTemp: Repeating last play command: Selected Viewport
[2026.03.04-07.17.14:321][607]LogPlayLevel: PlayLevel: No blueprints needed recompiling
[2026.03.04-07.17.14:321][607]PIE: New page: PIE session: MainLevel (Mar. 3, 2026, 5:17:14 p.m.)
[2026.03.04-07.17.14:321][607]LogPlayLevel: Creating play world package: /Game/Levels/UEDPIE_0_MainLevel
[2026.03.04-07.17.14:410][607]LogPlayLevel: PIE: StaticDuplicateObject took: (0.088976s)
[2026.03.04-07.17.14:411][607]LogAIModule: Creating AISystem for world MainLevel
[2026.03.04-07.17.14:411][607]LogPlayLevel: PIE: World Init took: (0.001040s)
[2026.03.04-07.17.14:411][607]LogPlayLevel: PIE: Created PIE world by copying editor world from /Game/Levels/MainLevel.MainLevel to /Game/Levels/UEDPIE_0_MainLevel.MainLevel (0.090203s)
[2026.03.04-07.17.14:426][607]LogUObjectHash: Compacting FUObjectHashTables data took   1.93ms
[2026.03.04-07.17.14:427][607]LogAudio: Display: Creating Audio Device:                 Id: 17, Scope: Unique, Realtime: True
[2026.03.04-07.17.14:427][607]LogAudioMixer: Display: Audio Mixer Platform Settings:
[2026.03.04-07.17.14:427][607]LogAudioMixer: Display: 	Sample Rate:						  48000
[2026.03.04-07.17.14:427][607]LogAudioMixer: Display: 	Callback Buffer Frame Size Requested: 1024
[2026.03.04-07.17.14:427][607]LogAudioMixer: Display: 	Callback Buffer Frame Size To Use:	  1024
[2026.03.04-07.17.14:427][607]LogAudioMixer: Display: 	Number of buffers to queue:			  2
[2026.03.04-07.17.14:427][607]LogAudioMixer: Display: 	Max Channels (voices):				  32
[2026.03.04-07.17.14:427][607]LogAudioMixer: Display: 	Number of Async Source Workers:		  0
[2026.03.04-07.17.14:427][607]LogAudio: Display: AudioDevice MaxSources: 32
[2026.03.04-07.17.14:428][607]LogAudio: Display: Audio Spatialization Plugin: None (built-in).
[2026.03.04-07.17.14:428][607]LogAudio: Display: Audio Reverb Plugin: None (built-in).
[2026.03.04-07.17.14:428][607]LogAudio: Display: Audio Occlusion Plugin: None (built-in).
[2026.03.04-07.17.14:428][607]LogAudioMixer: Display: Initializing audio mixer.
[2026.03.04-07.17.14:431][607]LogAudioMixer: Display: 0: FrontLeft
[2026.03.04-07.17.14:431][607]LogAudioMixer: Display: 1: FrontRight
[2026.03.04-07.17.14:431][607]LogAudioMixer: Display: 2: FrontCenter
[2026.03.04-07.17.14:431][607]LogAudioMixer: Display: 3: LowFrequency
[2026.03.04-07.17.14:431][607]LogAudioMixer: Display: 4: BackLeft
[2026.03.04-07.17.14:431][607]LogAudioMixer: Display: 5: BackRight
[2026.03.04-07.17.14:431][607]LogAudioMixer: Display: 6: SideLeft
[2026.03.04-07.17.14:431][607]LogAudioMixer: Display: 7: SideRight
[2026.03.04-07.17.14:443][607]LogAudioMixer: Display: Using Audio Device Headset Earphone (CORSAIR VOID PRO Wireless Gaming Headset)
[2026.03.04-07.17.14:443][607]LogAudioMixer: Display: Initializing Sound Submixes...
[2026.03.04-07.17.14:443][607]LogAudioMixer: Display: Creating Master Submix 'MasterSubmixDefault'
[2026.03.04-07.17.14:443][607]LogAudioMixer: Display: Creating Master Submix 'MasterReverbSubmixDefault'
[2026.03.04-07.17.14:444][607]LogAudioMixer: Display: Creating Master Submix 'MasterEQSubmixDefault'
[2026.03.04-07.17.14:444][607]LogAudioMixer: FMixerPlatformXAudio2::StartAudioStream() called
[2026.03.04-07.17.14:444][607]LogAudioMixer: Display: Output buffers initialized: Frames=1024, Channels=8, Samples=8192
[2026.03.04-07.17.14:444][607]LogAudioMixer: Display: Starting AudioMixerPlatformInterface::RunInternal()
[2026.03.04-07.17.14:444][607]LogAudioMixer: Display: FMixerPlatformXAudio2::SubmitBuffer() called for the first time
[2026.03.04-07.17.14:444][607]LogInit: FAudioDevice initialized.
[2026.03.04-07.17.14:444][607]LogAudio: Display: Audio Device (ID: 17) registered with world 'MainLevel'.
[2026.03.04-07.17.14:454][607]LogLoad: Game class is 'GM_RoadHopper_C'
[2026.03.04-07.17.14:491][607]LogWorld: Bringing World /Game/Levels/UEDPIE_0_MainLevel.MainLevel up for play (max tick rate 0) at 2026.03.04-00.17.14
[2026.03.04-07.17.14:492][607]LogWorld: Bringing up level for play took: 0.035907
[2026.03.04-07.17.14:492][607]LogOnline: OSS: Creating online subsystem instance for: :Context_23
[2026.03.04-07.17.14:500][607]LogBlueprintUserMessages: [GM_RoadHopper_C_0] Hello
[2026.03.04-07.17.14:500][607]PIE: Server logged in
[2026.03.04-07.17.14:501][607]PIE: Play in editor total start time 0.18 seconds.
[2026.03.04-07.17.52:967][ 95]LogSlate: Updating window title bar state: overlay mode, drag disabled, window buttons hidden, title bar hidden
[2026.03.04-07.17.52:967][ 95]LogWorld: BeginTearingDown for /Game/Levels/UEDPIE_0_MainLevel
[2026.03.04-07.17.52:968][ 95]LogWorld: UWorld::CleanupWorld for MainLevel, bSessionEnded=true, bCleanupResources=true
[2026.03.04-07.17.53:007][ 95]LogSlate: InvalidateAllWidgets triggered.  All widgets were invalidated
[2026.03.04-07.17.53:017][ 95]LogPlayLevel: Display: Shutting down PIE online subsystems
[2026.03.04-07.17.53:021][ 95]LogSlate: InvalidateAllWidgets triggered.  All widgets were invalidated
[2026.03.04-07.17.53:041][ 95]LogAudio: Display: Audio Device unregistered from world 'None'.
[2026.03.04-07.17.53:041][ 95]LogAudioMixer: FMixerPlatformXAudio2::StopAudioStream() called
[2026.03.04-07.17.53:042][ 95]LogAudioMixer: FMixerPlatformXAudio2::StopAudioStream() called
[2026.03.04-07.17.53:043][ 95]LogSlate: Updating window title bar state: overlay mode, drag disabled, window buttons hidden, title bar hidden
[2026.03.04-07.17.53:049][ 95]LogUObjectHash: Compacting FUObjectHashTables data took   1.56ms
[2026.03.04-07.17.53:070][ 96]LogPlayLevel: Display: Destroying online subsystem :Context_23
[2026.03.04-07.19.52:352][929]LogTemp: Repeating last play command: Selected Viewport
[2026.03.04-07.19.52:355][929]BlueprintLog: New page: Pre-Play auto-recompile
[2026.03.04-07.19.52:356][929]LogPlayLevel: [PlayLevel] Compiling BP_Player before play...
[2026.03.04-07.19.52:404][929]LogUObjectHash: Compacting FUObjectHashTables data took   2.18ms
[2026.03.04-07.19.52:407][929]LogPlayLevel: PlayLevel: Blueprint regeneration took 51 ms (1 blueprints)
[2026.03.04-07.19.52:407][929]PIE: New page: PIE session: MainLevel (Mar. 3, 2026, 5:19:52 p.m.)
[2026.03.04-07.19.52:407][929]LogPlayLevel: Creating play world package: /Game/Levels/UEDPIE_0_MainLevel
[2026.03.04-07.19.52:495][929]LogPlayLevel: PIE: StaticDuplicateObject took: (0.087707s)
[2026.03.04-07.19.52:496][929]LogAIModule: Creating AISystem for world MainLevel
[2026.03.04-07.19.52:496][929]LogPlayLevel: PIE: World Init took: (0.001049s)
[2026.03.04-07.19.52:496][929]LogPlayLevel: PIE: Created PIE world by copying editor world from /Game/Levels/MainLevel.MainLevel to /Game/Levels/UEDPIE_0_MainLevel.MainLevel (0.089028s)
[2026.03.04-07.19.52:509][929]LogUObjectHash: Compacting FUObjectHashTables data took   1.33ms
[2026.03.04-07.19.52:510][929]LogAudio: Display: Creating Audio Device:                 Id: 18, Scope: Unique, Realtime: True
[2026.03.04-07.19.52:510][929]LogAudioMixer: Display: Audio Mixer Platform Settings:
[2026.03.04-07.19.52:510][929]LogAudioMixer: Display: 	Sample Rate:						  48000
[2026.03.04-07.19.52:510][929]LogAudioMixer: Display: 	Callback Buffer Frame Size Requested: 1024
[2026.03.04-07.19.52:510][929]LogAudioMixer: Display: 	Callback Buffer Frame Size To Use:	  1024
[2026.03.04-07.19.52:510][929]LogAudioMixer: Display: 	Number of buffers to queue:			  2
[2026.03.04-07.19.52:510][929]LogAudioMixer: Display: 	Max Channels (voices):				  32
[2026.03.04-07.19.52:510][929]LogAudioMixer: Display: 	Number of Async Source Workers:		  0
[2026.03.04-07.19.52:510][929]LogAudio: Display: AudioDevice MaxSources: 32
[2026.03.04-07.19.52:510][929]LogAudio: Display: Audio Spatialization Plugin: None (built-in).
[2026.03.04-07.19.52:510][929]LogAudio: Display: Audio Reverb Plugin: None (built-in).
[2026.03.04-07.19.52:510][929]LogAudio: Display: Audio Occlusion Plugin: None (built-in).
[2026.03.04-07.19.52:510][929]LogAudioMixer: Display: Initializing audio mixer.
[2026.03.04-07.19.52:514][929]LogAudioMixer: Display: 0: FrontLeft
[2026.03.04-07.19.52:514][929]LogAudioMixer: Display: 1: FrontRight
[2026.03.04-07.19.52:514][929]LogAudioMixer: Display: 2: FrontCenter
[2026.03.04-07.19.52:514][929]LogAudioMixer: Display: 3: LowFrequency
[2026.03.04-07.19.52:514][929]LogAudioMixer: Display: 4: BackLeft
[2026.03.04-07.19.52:514][929]LogAudioMixer: Display: 5: BackRight
[2026.03.04-07.19.52:514][929]LogAudioMixer: Display: 6: SideLeft
[2026.03.04-07.19.52:514][929]LogAudioMixer: Display: 7: SideRight
[2026.03.04-07.19.52:526][929]LogAudioMixer: Display: Using Audio Device Headset Earphone (CORSAIR VOID PRO Wireless Gaming Headset)
[2026.03.04-07.19.52:526][929]LogAudioMixer: Display: Initializing Sound Submixes...
[2026.03.04-07.19.52:526][929]LogAudioMixer: Display: Creating Master Submix 'MasterSubmixDefault'
[2026.03.04-07.19.52:526][929]LogAudioMixer: Display: Creating Master Submix 'MasterReverbSubmixDefault'
[2026.03.04-07.19.52:527][929]LogAudioMixer: Display: Creating Master Submix 'MasterEQSubmixDefault'
[2026.03.04-07.19.52:527][929]LogAudioMixer: FMixerPlatformXAudio2::StartAudioStream() called
[2026.03.04-07.19.52:527][929]LogAudioMixer: Display: Output buffers initialized: Frames=1024, Channels=8, Samples=8192
[2026.03.04-07.19.52:527][929]LogAudioMixer: Display: Starting AudioMixerPlatformInterface::RunInternal()
[2026.03.04-07.19.52:527][929]LogAudioMixer: Display: FMixerPlatformXAudio2::SubmitBuffer() called for the first time
[2026.03.04-07.19.52:527][929]LogInit: FAudioDevice initialized.
[2026.03.04-07.19.52:527][929]LogAudio: Display: Audio Device (ID: 18) registered with world 'MainLevel'.
[2026.03.04-07.19.52:539][929]LogLoad: Game class is 'GM_RoadHopper_C'
[2026.03.04-07.19.52:576][929]LogWorld: Bringing World /Game/Levels/UEDPIE_0_MainLevel.MainLevel up for play (max tick rate 0) at 2026.03.04-00.19.52
[2026.03.04-07.19.52:577][929]LogWorld: Bringing up level for play took: 0.036457
[2026.03.04-07.19.52:577][929]LogOnline: OSS: Creating online subsystem instance for: :Context_24
[2026.03.04-07.19.52:585][929]LogBlueprintUserMessages: [GM_RoadHopper_C_0] Hello
[2026.03.04-07.19.52:585][929]PIE: Server logged in
[2026.03.04-07.19.52:586][929]PIE: Play in editor total start time 0.231 seconds.
[2026.03.04-07.20.11:497][976]LogSlate: Updating window title bar state: overlay mode, drag disabled, window buttons hidden, title bar hidden
[2026.03.04-07.20.11:497][976]LogWorld: BeginTearingDown for /Game/Levels/UEDPIE_0_MainLevel
[2026.03.04-07.20.11:499][976]LogWorld: UWorld::CleanupWorld for MainLevel, bSessionEnded=true, bCleanupResources=true
[2026.03.04-07.20.11:539][976]LogSlate: InvalidateAllWidgets triggered.  All widgets were invalidated
[2026.03.04-07.20.11:546][976]LogPlayLevel: Display: Shutting down PIE online subsystems
[2026.03.04-07.20.11:551][976]LogSlate: InvalidateAllWidgets triggered.  All widgets were invalidated
[2026.03.04-07.20.11:564][976]LogSlate: Updating window title bar state: overlay mode, drag disabled, window buttons hidden, title bar hidden
[2026.03.04-07.20.11:570][976]LogAudioMixer: FMixerPlatformXAudio2::StopAudioStream() called
[2026.03.04-07.20.11:571][976]LogAudioMixer: FMixerPlatformXAudio2::StopAudioStream() called
[2026.03.04-07.20.11:579][976]LogUObjectHash: Compacting FUObjectHashTables data took   1.43ms
[2026.03.04-07.20.11:597][977]LogPlayLevel: Display: Destroying online subsystem :Context_24
[2026.03.04-07.20.21:224][ 77]LogTemp: Repeating last play command: Selected Viewport
[2026.03.04-07.20.21:228][ 77]BlueprintLog: New page: Pre-Play auto-recompile
[2026.03.04-07.20.21:228][ 77]LogPlayLevel: [PlayLevel] Compiling BP_Player before play...
[2026.03.04-07.20.21:270][ 77]LogUObjectHash: Compacting FUObjectHashTables data took   2.10ms
[2026.03.04-07.20.21:271][ 77]LogPlayLevel: PlayLevel: Blueprint regeneration took 43 ms (1 blueprints)
[2026.03.04-07.20.21:271][ 77]PIE: New page: PIE session: MainLevel (Mar. 3, 2026, 5:20:21 p.m.)
[2026.03.04-07.20.21:271][ 77]LogPlayLevel: Creating play world package: /Game/Levels/UEDPIE_0_MainLevel
[2026.03.04-07.20.21:358][ 77]LogPlayLevel: PIE: StaticDuplicateObject took: (0.086474s)
[2026.03.04-07.20.21:358][ 77]LogAIModule: Creating AISystem for world MainLevel
[2026.03.04-07.20.21:359][ 77]LogPlayLevel: PIE: World Init took: (0.000980s)
[2026.03.04-07.20.21:359][ 77]LogPlayLevel: PIE: Created PIE world by copying editor world from /Game/Levels/MainLevel.MainLevel to /Game/Levels/UEDPIE_0_MainLevel.MainLevel (0.087676s)
[2026.03.04-07.20.21:372][ 77]LogUObjectHash: Compacting FUObjectHashTables data took   1.39ms
[2026.03.04-07.20.21:373][ 77]LogAudio: Display: Creating Audio Device:                 Id: 19, Scope: Unique, Realtime: True
[2026.03.04-07.20.21:373][ 77]LogAudioMixer: Display: Audio Mixer Platform Settings:
[2026.03.04-07.20.21:373][ 77]LogAudioMixer: Display: 	Sample Rate:						  48000
[2026.03.04-07.20.21:373][ 77]LogAudioMixer: Display: 	Callback Buffer Frame Size Requested: 1024
[2026.03.04-07.20.21:373][ 77]LogAudioMixer: Display: 	Callback Buffer Frame Size To Use:	  1024
[2026.03.04-07.20.21:373][ 77]LogAudioMixer: Display: 	Number of buffers to queue:			  2
[2026.03.04-07.20.21:373][ 77]LogAudioMixer: Display: 	Max Channels (voices):				  32
[2026.03.04-07.20.21:373][ 77]LogAudioMixer: Display: 	Number of Async Source Workers:		  0
[2026.03.04-07.20.21:373][ 77]LogAudio: Display: AudioDevice MaxSources: 32
[2026.03.04-07.20.21:373][ 77]LogAudio: Display: Audio Spatialization Plugin: None (built-in).
[2026.03.04-07.20.21:373][ 77]LogAudio: Display: Audio Reverb Plugin: None (built-in).
[2026.03.04-07.20.21:373][ 77]LogAudio: Display: Audio Occlusion Plugin: None (built-in).
[2026.03.04-07.20.21:373][ 77]LogAudioMixer: Display: Initializing audio mixer.
[2026.03.04-07.20.21:376][ 77]LogAudioMixer: Display: 0: FrontLeft
[2026.03.04-07.20.21:376][ 77]LogAudioMixer: Display: 1: FrontRight
[2026.03.04-07.20.21:376][ 77]LogAudioMixer: Display: 2: FrontCenter
[2026.03.04-07.20.21:376][ 77]LogAudioMixer: Display: 3: LowFrequency
[2026.03.04-07.20.21:376][ 77]LogAudioMixer: Display: 4: BackLeft
[2026.03.04-07.20.21:376][ 77]LogAudioMixer: Display: 5: BackRight
[2026.03.04-07.20.21:376][ 77]LogAudioMixer: Display: 6: SideLeft
[2026.03.04-07.20.21:376][ 77]LogAudioMixer: Display: 7: SideRight
[2026.03.04-07.20.21:388][ 77]LogAudioMixer: Display: Using Audio Device Headset Earphone (CORSAIR VOID PRO Wireless Gaming Headset)
[2026.03.04-07.20.21:388][ 77]LogAudioMixer: Display: Initializing Sound Submixes...
[2026.03.04-07.20.21:388][ 77]LogAudioMixer: Display: Creating Master Submix 'MasterSubmixDefault'
[2026.03.04-07.20.21:388][ 77]LogAudioMixer: Display: Creating Master Submix 'MasterReverbSubmixDefault'
[2026.03.04-07.20.21:389][ 77]LogAudioMixer: Display: Creating Master Submix 'MasterEQSubmixDefault'
[2026.03.04-07.20.21:389][ 77]LogAudioMixer: FMixerPlatformXAudio2::StartAudioStream() called
[2026.03.04-07.20.21:389][ 77]LogAudioMixer: Display: Output buffers initialized: Frames=1024, Channels=8, Samples=8192
[2026.03.04-07.20.21:389][ 77]LogAudioMixer: Display: Starting AudioMixerPlatformInterface::RunInternal()
[2026.03.04-07.20.21:389][ 77]LogAudioMixer: Display: FMixerPlatformXAudio2::SubmitBuffer() called for the first time
[2026.03.04-07.20.21:389][ 77]LogInit: FAudioDevice initialized.
[2026.03.04-07.20.21:389][ 77]LogAudio: Display: Audio Device (ID: 19) registered with world 'MainLevel'.
[2026.03.04-07.20.21:402][ 77]LogLoad: Game class is 'GM_RoadHopper_C'
[2026.03.04-07.20.21:439][ 77]LogWorld: Bringing World /Game/Levels/UEDPIE_0_MainLevel.MainLevel up for play (max tick rate 0) at 2026.03.04-00.20.21
[2026.03.04-07.20.21:440][ 77]LogWorld: Bringing up level for play took: 0.037307
[2026.03.04-07.20.21:440][ 77]LogOnline: OSS: Creating online subsystem instance for: :Context_25
[2026.03.04-07.20.21:449][ 77]LogBlueprintUserMessages: [GM_RoadHopper_C_0] Hello
[2026.03.04-07.20.21:449][ 77]PIE: Server logged in
[2026.03.04-07.20.21:450][ 77]PIE: Play in editor total start time 0.222 seconds.
[2026.03.04-07.20.59:516][202]LogSlate: Updating window title bar state: overlay mode, drag disabled, window buttons hidden, title bar hidden
[2026.03.04-07.20.59:517][202]LogWorld: BeginTearingDown for /Game/Levels/UEDPIE_0_MainLevel
[2026.03.04-07.20.59:518][202]LogWorld: UWorld::CleanupWorld for MainLevel, bSessionEnded=true, bCleanupResources=true
[2026.03.04-07.20.59:559][202]LogSlate: InvalidateAllWidgets triggered.  All widgets were invalidated
[2026.03.04-07.20.59:568][202]LogPlayLevel: Display: Shutting down PIE online subsystems
[2026.03.04-07.20.59:573][202]LogSlate: InvalidateAllWidgets triggered.  All widgets were invalidated
[2026.03.04-07.20.59:587][202]LogSlate: Updating window title bar state: overlay mode, drag disabled, window buttons hidden, title bar hidden
[2026.03.04-07.20.59:594][202]LogAudioMixer: FMixerPlatformXAudio2::StopAudioStream() called
[2026.03.04-07.20.59:595][202]LogAudioMixer: FMixerPlatformXAudio2::StopAudioStream() called
[2026.03.04-07.20.59:604][202]LogUObjectHash: Compacting FUObjectHashTables data took   1.42ms
[2026.03.04-07.20.59:620][203]LogPlayLevel: Display: Destroying online subsystem :Context_25
[2026.03.04-07.21.55:861][657]LogTemp: Repeating last play command: Selected Viewport
[2026.03.04-07.21.55:864][657]BlueprintLog: New page: Pre-Play auto-recompile
[2026.03.04-07.21.55:865][657]LogPlayLevel: [PlayLevel] Compiling BP_Player before play...
[2026.03.04-07.21.55:908][657]LogUObjectHash: Compacting FUObjectHashTables data took   1.76ms
[2026.03.04-07.21.55:909][657]LogPlayLevel: PlayLevel: Blueprint regeneration took 44 ms (1 blueprints)
[2026.03.04-07.21.55:909][657]PIE: New page: PIE session: MainLevel (Mar. 3, 2026, 5:21:55 p.m.)
[2026.03.04-07.21.55:909][657]LogPlayLevel: Creating play world package: /Game/Levels/UEDPIE_0_MainLevel
[2026.03.04-07.21.55:998][657]LogPlayLevel: PIE: StaticDuplicateObject took: (0.088564s)
[2026.03.04-07.21.55:999][657]LogAIModule: Creating AISystem for world MainLevel
[2026.03.04-07.21.55:999][657]LogPlayLevel: PIE: World Init took: (0.000960s)
[2026.03.04-07.21.55:999][657]LogPlayLevel: PIE: Created PIE world by copying editor world from /Game/Levels/MainLevel.MainLevel to /Game/Levels/UEDPIE_0_MainLevel.MainLevel (0.089710s)
[2026.03.04-07.21.56:013][657]LogUObjectHash: Compacting FUObjectHashTables data took   1.39ms
[2026.03.04-07.21.56:013][657]LogAudio: Display: Creating Audio Device:                 Id: 20, Scope: Unique, Realtime: True
[2026.03.04-07.21.56:013][657]LogAudioMixer: Display: Audio Mixer Platform Settings:
[2026.03.04-07.21.56:013][657]LogAudioMixer: Display: 	Sample Rate:						  48000
[2026.03.04-07.21.56:013][657]LogAudioMixer: Display: 	Callback Buffer Frame Size Requested: 1024
[2026.03.04-07.21.56:013][657]LogAudioMixer: Display: 	Callback Buffer Frame Size To Use:	  1024
[2026.03.04-07.21.56:013][657]LogAudioMixer: Display: 	Number of buffers to queue:			  2
[2026.03.04-07.21.56:013][657]LogAudioMixer: Display: 	Max Channels (voices):				  32
[2026.03.04-07.21.56:013][657]LogAudioMixer: Display: 	Number of Async Source Workers:		  0
[2026.03.04-07.21.56:013][657]LogAudio: Display: AudioDevice MaxSources: 32
[2026.03.04-07.21.56:014][657]LogAudio: Display: Audio Spatialization Plugin: None (built-in).
[2026.03.04-07.21.56:014][657]LogAudio: Display: Audio Reverb Plugin: None (built-in).
[2026.03.04-07.21.56:014][657]LogAudio: Display: Audio Occlusion Plugin: None (built-in).
[2026.03.04-07.21.56:014][657]LogAudioMixer: Display: Initializing audio mixer.
[2026.03.04-07.21.56:016][657]LogAudioMixer: Display: 0: FrontLeft
[2026.03.04-07.21.56:016][657]LogAudioMixer: Display: 1: FrontRight
[2026.03.04-07.21.56:016][657]LogAudioMixer: Display: 2: FrontCenter
[2026.03.04-07.21.56:016][657]LogAudioMixer: Display: 3: LowFrequency
[2026.03.04-07.21.56:016][657]LogAudioMixer: Display: 4: BackLeft
[2026.03.04-07.21.56:016][657]LogAudioMixer: Display: 5: BackRight
[2026.03.04-07.21.56:016][657]LogAudioMixer: Display: 6: SideLeft
[2026.03.04-07.21.56:016][657]LogAudioMixer: Display: 7: SideRight
[2026.03.04-07.21.56:028][657]LogAudioMixer: Display: Using Audio Device Headset Earphone (CORSAIR VOID PRO Wireless Gaming Headset)
[2026.03.04-07.21.56:028][657]LogAudioMixer: Display: Initializing Sound Submixes...
[2026.03.04-07.21.56:028][657]LogAudioMixer: Display: Creating Master Submix 'MasterSubmixDefault'
[2026.03.04-07.21.56:028][657]LogAudioMixer: Display: Creating Master Submix 'MasterReverbSubmixDefault'
[2026.03.04-07.21.56:029][657]LogAudioMixer: Display: Creating Master Submix 'MasterEQSubmixDefault'
[2026.03.04-07.21.56:029][657]LogAudioMixer: FMixerPlatformXAudio2::StartAudioStream() called
[2026.03.04-07.21.56:029][657]LogAudioMixer: Display: Output buffers initialized: Frames=1024, Channels=8, Samples=8192
[2026.03.04-07.21.56:029][657]LogAudioMixer: Display: Starting AudioMixerPlatformInterface::RunInternal()
[2026.03.04-07.21.56:029][657]LogAudioMixer: Display: FMixerPlatformXAudio2::SubmitBuffer() called for the first time
[2026.03.04-07.21.56:029][657]LogInit: FAudioDevice initialized.
[2026.03.04-07.21.56:029][657]LogAudio: Display: Audio Device (ID: 20) registered with world 'MainLevel'.
[2026.03.04-07.21.56:041][657]LogLoad: Game class is 'GM_RoadHopper_C'
[2026.03.04-07.21.56:077][657]LogWorld: Bringing World /Game/Levels/UEDPIE_0_MainLevel.MainLevel up for play (max tick rate 0) at 2026.03.04-00.21.56
[2026.03.04-07.21.56:077][657]LogWorld: Bringing up level for play took: 0.035532
[2026.03.04-07.21.56:078][657]LogOnline: OSS: Creating online subsystem instance for: :Context_26
[2026.03.04-07.21.56:086][657]LogBlueprintUserMessages: [GM_RoadHopper_C_0] Hello
[2026.03.04-07.21.56:404][657]LogScript: Warning: Runaway loop detected (over 1,000,000 iterations) - see log for stack trace
	BP_Player_C /Game/Levels/UEDPIE_0_MainLevel.MainLevel:PersistentLevel.BP_Player_10
	Function /Game/Blueprints/BP_Player.BP_Player_C:ExecuteUbergraph_BP_Player:0030
[2026.03.04-07.21.56:404][657]PIE: Error: Infinite loop detected. Blueprint:  BP_Player Function:  Outputs Call Stack:  Show
[2026.03.04-07.21.56:404][657]PIE: Server logged in
[2026.03.04-07.21.56:406][657]PIE: Play in editor total start time 0.541 seconds.
[2026.03.04-07.21.56:437][657]LogSlate: Updating window title bar state: overlay mode, drag disabled, window buttons hidden, title bar hidden
[2026.03.04-07.21.56:437][657]LogWorld: BeginTearingDown for /Game/Levels/UEDPIE_0_MainLevel
[2026.03.04-07.21.56:439][657]LogWorld: UWorld::CleanupWorld for MainLevel, bSessionEnded=true, bCleanupResources=true
[2026.03.04-07.21.56:477][657]LogSlate: InvalidateAllWidgets triggered.  All widgets were invalidated
[2026.03.04-07.21.56:484][657]LogPlayLevel: Display: Shutting down PIE online subsystems
[2026.03.04-07.21.56:488][657]LogSlate: InvalidateAllWidgets triggered.  All widgets were invalidated
[2026.03.04-07.21.56:501][657]LogSlate: Updating window title bar state: overlay mode, drag disabled, window buttons hidden, title bar hidden
[2026.03.04-07.21.56:508][657]LogAudioMixer: FMixerPlatformXAudio2::StopAudioStream() called
[2026.03.04-07.21.56:508][657]LogAudioMixer: FMixerPlatformXAudio2::StopAudioStream() called
[2026.03.04-07.21.56:517][657]LogUObjectHash: Compacting FUObjectHashTables data took   1.46ms
[2026.03.04-07.21.56:589][658]LogPlayLevel: Display: Destroying online subsystem :Context_26
[2026.03.04-07.22.00:356][105]LogSlate: Window 'Message Log' being destroyed
[2026.03.04-07.22.00:363][105]LogSlate: Window 'Message Log' being destroyed
[2026.03.04-07.22.19:497][275]LogTemp: Repeating last play command: Selected Viewport
[2026.03.04-07.22.19:500][275]BlueprintLog: New page: Pre-Play auto-recompile
[2026.03.04-07.22.19:501][275]LogPlayLevel: [PlayLevel] Compiling BP_Player before play...
[2026.03.04-07.22.19:544][275]LogUObjectHash: Compacting FUObjectHashTables data took   1.91ms
[2026.03.04-07.22.19:545][275]LogPlayLevel: PlayLevel: Blueprint regeneration took 44 ms (1 blueprints)
[2026.03.04-07.22.19:545][275]PIE: New page: PIE session: MainLevel (Mar. 3, 2026, 5:22:19 p.m.)
[2026.03.04-07.22.19:545][275]LogPlayLevel: Creating play world package: /Game/Levels/UEDPIE_0_MainLevel
[2026.03.04-07.22.19:630][275]LogPlayLevel: PIE: StaticDuplicateObject took: (0.085038s)
[2026.03.04-07.22.19:631][275]LogAIModule: Creating AISystem for world MainLevel
[2026.03.04-07.22.19:631][275]LogPlayLevel: PIE: World Init took: (0.000900s)
[2026.03.04-07.22.19:631][275]LogPlayLevel: PIE: Created PIE world by copying editor world from /Game/Levels/MainLevel.MainLevel to /Game/Levels/UEDPIE_0_MainLevel.MainLevel (0.086121s)
[2026.03.04-07.22.19:644][275]LogUObjectHash: Compacting FUObjectHashTables data took   1.33ms
[2026.03.04-07.22.19:644][275]LogAudio: Display: Creating Audio Device:                 Id: 21, Scope: Unique, Realtime: True
[2026.03.04-07.22.19:644][275]LogAudioMixer: Display: Audio Mixer Platform Settings:
[2026.03.04-07.22.19:644][275]LogAudioMixer: Display: 	Sample Rate:						  48000
[2026.03.04-07.22.19:644][275]LogAudioMixer: Display: 	Callback Buffer Frame Size Requested: 1024
[2026.03.04-07.22.19:644][275]LogAudioMixer: Display: 	Callback Buffer Frame Size To Use:	  1024
[2026.03.04-07.22.19:644][275]LogAudioMixer: Display: 	Number of buffers to queue:			  2
[2026.03.04-07.22.19:644][275]LogAudioMixer: Display: 	Max Channels (voices):				  32
[2026.03.04-07.22.19:644][275]LogAudioMixer: Display: 	Number of Async Source Workers:		  0
[2026.03.04-07.22.19:644][275]LogAudio: Display: AudioDevice MaxSources: 32
[2026.03.04-07.22.19:645][275]LogAudio: Display: Audio Spatialization Plugin: None (built-in).
[2026.03.04-07.22.19:645][275]LogAudio: Display: Audio Reverb Plugin: None (built-in).
[2026.03.04-07.22.19:645][275]LogAudio: Display: Audio Occlusion Plugin: None (built-in).
[2026.03.04-07.22.19:645][275]LogAudioMixer: Display: Initializing audio mixer.
[2026.03.04-07.22.19:647][275]LogAudioMixer: Display: 0: FrontLeft
[2026.03.04-07.22.19:647][275]LogAudioMixer: Display: 1: FrontRight
[2026.03.04-07.22.19:647][275]LogAudioMixer: Display: 2: FrontCenter
[2026.03.04-07.22.19:647][275]LogAudioMixer: Display: 3: LowFrequency
[2026.03.04-07.22.19:647][275]LogAudioMixer: Display: 4: BackLeft
[2026.03.04-07.22.19:647][275]LogAudioMixer: Display: 5: BackRight
[2026.03.04-07.22.19:647][275]LogAudioMixer: Display: 6: SideLeft
[2026.03.04-07.22.19:647][275]LogAudioMixer: Display: 7: SideRight
[2026.03.04-07.22.19:659][275]LogAudioMixer: Display: Using Audio Device Headset Earphone (CORSAIR VOID PRO Wireless Gaming Headset)
[2026.03.04-07.22.19:659][275]LogAudioMixer: Display: Initializing Sound Submixes...
[2026.03.04-07.22.19:659][275]LogAudioMixer: Display: Creating Master Submix 'MasterSubmixDefault'
[2026.03.04-07.22.19:659][275]LogAudioMixer: Display: Creating Master Submix 'MasterReverbSubmixDefault'
[2026.03.04-07.22.19:659][275]LogAudioMixer: Display: Creating Master Submix 'MasterEQSubmixDefault'
[2026.03.04-07.22.19:659][275]LogAudioMixer: FMixerPlatformXAudio2::StartAudioStream() called
[2026.03.04-07.22.19:659][275]LogAudioMixer: Display: Output buffers initialized: Frames=1024, Channels=8, Samples=8192
[2026.03.04-07.22.19:660][275]LogAudioMixer: Display: Starting AudioMixerPlatformInterface::RunInternal()
[2026.03.04-07.22.19:660][275]LogAudioMixer: Display: FMixerPlatformXAudio2::SubmitBuffer() called for the first time
[2026.03.04-07.22.19:660][275]LogInit: FAudioDevice initialized.
[2026.03.04-07.22.19:660][275]LogAudio: Display: Audio Device (ID: 21) registered with world 'MainLevel'.
[2026.03.04-07.22.19:670][275]LogLoad: Game class is 'GM_RoadHopper_C'
[2026.03.04-07.22.19:707][275]LogWorld: Bringing World /Game/Levels/UEDPIE_0_MainLevel.MainLevel up for play (max tick rate 0) at 2026.03.04-00.22.19
[2026.03.04-07.22.19:708][275]LogWorld: Bringing up level for play took: 0.036901
[2026.03.04-07.22.19:708][275]LogOnline: OSS: Creating online subsystem instance for: :Context_27
[2026.03.04-07.22.19:716][275]LogBlueprintUserMessages: [GM_RoadHopper_C_0] Hello
[2026.03.04-07.22.20:032][275]LogScript: Warning: Runaway loop detected (over 1,000,000 iterations) - see log for stack trace
	BP_Player_C /Game/Levels/UEDPIE_0_MainLevel.MainLevel:PersistentLevel.BP_Player_10
	Function /Game/Blueprints/BP_Player.BP_Player_C:ExecuteUbergraph_BP_Player:0092
[2026.03.04-07.22.20:032][275]PIE: Error: Infinite loop detected. Blueprint:  BP_Player Function:  Sequence Call Stack:  Show
[2026.03.04-07.22.20:032][275]PIE: Server logged in
[2026.03.04-07.22.20:032][275]PIE: Play in editor total start time 0.533 seconds.
[2026.03.04-07.22.20:068][275]LogSlate: Updating window title bar state: overlay mode, drag disabled, window buttons hidden, title bar hidden
[2026.03.04-07.22.20:068][275]LogWorld: BeginTearingDown for /Game/Levels/UEDPIE_0_MainLevel
[2026.03.04-07.22.20:069][275]LogWorld: UWorld::CleanupWorld for MainLevel, bSessionEnded=true, bCleanupResources=true
[2026.03.04-07.22.20:107][275]LogSlate: InvalidateAllWidgets triggered.  All widgets were invalidated
[2026.03.04-07.22.20:118][275]LogPlayLevel: Display: Shutting down PIE online subsystems
[2026.03.04-07.22.20:122][275]LogSlate: InvalidateAllWidgets triggered.  All widgets were invalidated
[2026.03.04-07.22.20:135][275]LogSlate: Updating window title bar state: overlay mode, drag disabled, window buttons hidden, title bar hidden
[2026.03.04-07.22.20:142][275]LogAudioMixer: FMixerPlatformXAudio2::StopAudioStream() called
[2026.03.04-07.22.20:143][275]LogAudioMixer: FMixerPlatformXAudio2::StopAudioStream() called
[2026.03.04-07.22.20:152][275]LogUObjectHash: Compacting FUObjectHashTables data took   1.40ms
[2026.03.04-07.22.20:218][276]LogPlayLevel: Display: Destroying online subsystem :Context_27
[2026.03.04-07.22.23:688][685]LogSlate: Window 'Message Log' being destroyed
[2026.03.04-07.22.23:695][685]LogSlate: Window 'Message Log' being destroyed
[2026.03.04-07.25.00:508][914]BlueprintLog: New page: Compile BP_Player
[2026.03.04-07.25.00:547][914]LogUObjectHash: Compacting FUObjectHashTables data took   1.97ms
[2026.03.04-07.25.23:064][428]LogTemp: Repeating last play command: Selected Viewport
[2026.03.04-07.25.23:069][428]LogPlayLevel: PlayLevel: No blueprints needed recompiling
[2026.03.04-07.25.23:069][428]PIE: New page: PIE session: MainLevel (Mar. 3, 2026, 5:25:23 p.m.)
[2026.03.04-07.25.23:069][428]LogPlayLevel: Creating play world package: /Game/Levels/UEDPIE_0_MainLevel
[2026.03.04-07.25.23:162][428]LogPlayLevel: PIE: StaticDuplicateObject took: (0.092607s)
[2026.03.04-07.25.23:162][428]LogAIModule: Creating AISystem for world MainLevel
[2026.03.04-07.25.23:163][428]LogPlayLevel: PIE: World Init took: (0.001082s)
[2026.03.04-07.25.23:163][428]LogPlayLevel: PIE: Created PIE world by copying editor world from /Game/Levels/MainLevel.MainLevel to /Game/Levels/UEDPIE_0_MainLevel.MainLevel (0.093905s)
[2026.03.04-07.25.23:179][428]LogUObjectHash: Compacting FUObjectHashTables data took   2.02ms
[2026.03.04-07.25.23:182][428]LogAudio: Display: Creating Audio Device:                 Id: 22, Scope: Unique, Realtime: True
[2026.03.04-07.25.23:182][428]LogAudioMixer: Display: Audio Mixer Platform Settings:
[2026.03.04-07.25.23:182][428]LogAudioMixer: Display: 	Sample Rate:						  48000
[2026.03.04-07.25.23:182][428]LogAudioMixer: Display: 	Callback Buffer Frame Size Requested: 1024
[2026.03.04-07.25.23:182][428]LogAudioMixer: Display: 	Callback Buffer Frame Size To Use:	  1024
[2026.03.04-07.25.23:182][428]LogAudioMixer: Display: 	Number of buffers to queue:			  2
[2026.03.04-07.25.23:182][428]LogAudioMixer: Display: 	Max Channels (voices):				  32
[2026.03.04-07.25.23:182][428]LogAudioMixer: Display: 	Number of Async Source Workers:		  0
[2026.03.04-07.25.23:182][428]LogAudio: Display: AudioDevice MaxSources: 32
[2026.03.04-07.25.23:182][428]LogAudio: Display: Audio Spatialization Plugin: None (built-in).
[2026.03.04-07.25.23:182][428]LogAudio: Display: Audio Reverb Plugin: None (built-in).
[2026.03.04-07.25.23:182][428]LogAudio: Display: Audio Occlusion Plugin: None (built-in).
[2026.03.04-07.25.23:182][428]LogAudioMixer: Display: Initializing audio mixer.
[2026.03.04-07.25.23:185][428]LogAudioMixer: Display: 0: FrontLeft
[2026.03.04-07.25.23:185][428]LogAudioMixer: Display: 1: FrontRight
[2026.03.04-07.25.23:185][428]LogAudioMixer: Display: 2: FrontCenter
[2026.03.04-07.25.23:185][428]LogAudioMixer: Display: 3: LowFrequency
[2026.03.04-07.25.23:185][428]LogAudioMixer: Display: 4: BackLeft
[2026.03.04-07.25.23:185][428]LogAudioMixer: Display: 5: BackRight
[2026.03.04-07.25.23:185][428]LogAudioMixer: Display: 6: SideLeft
[2026.03.04-07.25.23:185][428]LogAudioMixer: Display: 7: SideRight
[2026.03.04-07.25.23:199][428]LogAudioMixer: Display: Using Audio Device Headset Earphone (CORSAIR VOID PRO Wireless Gaming Headset)
[2026.03.04-07.25.23:199][428]LogAudioMixer: Display: Initializing Sound Submixes...
[2026.03.04-07.25.23:199][428]LogAudioMixer: Display: Creating Master Submix 'MasterSubmixDefault'
[2026.03.04-07.25.23:199][428]LogAudioMixer: Display: Creating Master Submix 'MasterReverbSubmixDefault'
[2026.03.04-07.25.23:200][428]LogAudioMixer: Display: Creating Master Submix 'MasterEQSubmixDefault'
[2026.03.04-07.25.23:200][428]LogAudioMixer: FMixerPlatformXAudio2::StartAudioStream() called
[2026.03.04-07.25.23:200][428]LogAudioMixer: Display: Output buffers initialized: Frames=1024, Channels=8, Samples=8192
[2026.03.04-07.25.23:200][428]LogAudioMixer: Display: Starting AudioMixerPlatformInterface::RunInternal()
[2026.03.04-07.25.23:200][428]LogAudioMixer: Display: FMixerPlatformXAudio2::SubmitBuffer() called for the first time
[2026.03.04-07.25.23:200][428]LogInit: FAudioDevice initialized.
[2026.03.04-07.25.23:200][428]LogAudio: Display: Audio Device (ID: 22) registered with world 'MainLevel'.
[2026.03.04-07.25.23:216][428]LogLoad: Game class is 'GM_RoadHopper_C'
[2026.03.04-07.25.23:253][428]LogWorld: Bringing World /Game/Levels/UEDPIE_0_MainLevel.MainLevel up for play (max tick rate 0) at 2026.03.04-00.25.23
[2026.03.04-07.25.23:254][428]LogWorld: Bringing up level for play took: 0.037057
[2026.03.04-07.25.23:254][428]LogOnline: OSS: Creating online subsystem instance for: :Context_28
[2026.03.04-07.25.23:262][428]LogBlueprintUserMessages: [GM_RoadHopper_C_0] Hello
[2026.03.04-07.25.23:263][428]PIE: Server logged in
[2026.03.04-07.25.23:263][428]PIE: Play in editor total start time 0.195 seconds.
[2026.03.04-07.25.29:777][ 79]LogSlate: Updating window title bar state: overlay mode, drag disabled, window buttons hidden, title bar hidden
[2026.03.04-07.25.29:777][ 79]LogWorld: BeginTearingDown for /Game/Levels/UEDPIE_0_MainLevel
[2026.03.04-07.25.29:778][ 79]LogWorld: UWorld::CleanupWorld for MainLevel, bSessionEnded=true, bCleanupResources=true
[2026.03.04-07.25.29:817][ 79]LogSlate: InvalidateAllWidgets triggered.  All widgets were invalidated
[2026.03.04-07.25.29:824][ 79]LogPlayLevel: Display: Shutting down PIE online subsystems
[2026.03.04-07.25.29:829][ 79]LogSlate: InvalidateAllWidgets triggered.  All widgets were invalidated
[2026.03.04-07.25.29:851][ 79]LogAudio: Display: Audio Device unregistered from world 'None'.
[2026.03.04-07.25.29:851][ 79]LogAudioMixer: FMixerPlatformXAudio2::StopAudioStream() called
[2026.03.04-07.25.29:852][ 79]LogAudioMixer: FMixerPlatformXAudio2::StopAudioStream() called
[2026.03.04-07.25.29:854][ 79]LogSlate: Updating window title bar state: overlay mode, drag disabled, window buttons hidden, title bar hidden
[2026.03.04-07.25.29:860][ 79]LogUObjectHash: Compacting FUObjectHashTables data took   1.59ms
[2026.03.04-07.25.29:876][ 80]LogPlayLevel: Display: Destroying online subsystem :Context_28
[2026.03.04-07.26.15:890][342]LogTemp: Repeating last play command: Selected Viewport
[2026.03.04-07.26.15:893][342]BlueprintLog: New page: Pre-Play auto-recompile
[2026.03.04-07.26.15:894][342]LogPlayLevel: [PlayLevel] Compiling BP_Player before play...
[2026.03.04-07.26.15:938][342]LogUObjectHash: Compacting FUObjectHashTables data took   1.73ms
[2026.03.04-07.26.15:940][342]LogPlayLevel: PlayLevel: Blueprint regeneration took 46 ms (1 blueprints)
[2026.03.04-07.26.15:940][342]PIE: New page: PIE session: MainLevel (Mar. 3, 2026, 5:26:15 p.m.)
[2026.03.04-07.26.15:940][342]LogPlayLevel: Creating play world package: /Game/Levels/UEDPIE_0_MainLevel
[2026.03.04-07.26.16:028][342]LogPlayLevel: PIE: StaticDuplicateObject took: (0.087026s)
[2026.03.04-07.26.16:028][342]LogAIModule: Creating AISystem for world MainLevel
[2026.03.04-07.26.16:029][342]LogPlayLevel: PIE: World Init took: (0.001421s)
[2026.03.04-07.26.16:029][342]LogPlayLevel: PIE: Created PIE world by copying editor world from /Game/Levels/MainLevel.MainLevel to /Game/Levels/UEDPIE_0_MainLevel.MainLevel (0.088733s)
[2026.03.04-07.26.16:043][342]LogUObjectHash: Compacting FUObjectHashTables data took   1.47ms
[2026.03.04-07.26.16:044][342]LogAudio: Display: Creating Audio Device:                 Id: 23, Scope: Unique, Realtime: True
[2026.03.04-07.26.16:044][342]LogAudioMixer: Display: Audio Mixer Platform Settings:
[2026.03.04-07.26.16:044][342]LogAudioMixer: Display: 	Sample Rate:						  48000
[2026.03.04-07.26.16:044][342]LogAudioMixer: Display: 	Callback Buffer Frame Size Requested: 1024
[2026.03.04-07.26.16:044][342]LogAudioMixer: Display: 	Callback Buffer Frame Size To Use:	  1024
[2026.03.04-07.26.16:044][342]LogAudioMixer: Display: 	Number of buffers to queue:			  2
[2026.03.04-07.26.16:044][342]LogAudioMixer: Display: 	Max Channels (voices):				  32
[2026.03.04-07.26.16:044][342]LogAudioMixer: Display: 	Number of Async Source Workers:		  0
[2026.03.04-07.26.16:044][342]LogAudio: Display: AudioDevice MaxSources: 32
[2026.03.04-07.26.16:044][342]LogAudio: Display: Audio Spatialization Plugin: None (built-in).
[2026.03.04-07.26.16:044][342]LogAudio: Display: Audio Reverb Plugin: None (built-in).
[2026.03.04-07.26.16:044][342]LogAudio: Display: Audio Occlusion Plugin: None (built-in).
[2026.03.04-07.26.16:044][342]LogAudioMixer: Display: Initializing audio mixer.
[2026.03.04-07.26.16:048][342]LogAudioMixer: Display: 0: FrontLeft
[2026.03.04-07.26.16:048][342]LogAudioMixer: Display: 1: FrontRight
[2026.03.04-07.26.16:048][342]LogAudioMixer: Display: 2: FrontCenter
[2026.03.04-07.26.16:048][342]LogAudioMixer: Display: 3: LowFrequency
[2026.03.04-07.26.16:048][342]LogAudioMixer: Display: 4: BackLeft
[2026.03.04-07.26.16:048][342]LogAudioMixer: Display: 5: BackRight
[2026.03.04-07.26.16:048][342]LogAudioMixer: Display: 6: SideLeft
[2026.03.04-07.26.16:048][342]LogAudioMixer: Display: 7: SideRight
[2026.03.04-07.26.16:060][342]LogAudioMixer: Display: Using Audio Device Headset Earphone (CORSAIR VOID PRO Wireless Gaming Headset)
[2026.03.04-07.26.16:060][342]LogAudioMixer: Display: Initializing Sound Submixes...
[2026.03.04-07.26.16:060][342]LogAudioMixer: Display: Creating Master Submix 'MasterSubmixDefault'
[2026.03.04-07.26.16:060][342]LogAudioMixer: Display: Creating Master Submix 'MasterReverbSubmixDefault'
[2026.03.04-07.26.16:061][342]LogAudioMixer: Display: Creating Master Submix 'MasterEQSubmixDefault'
[2026.03.04-07.26.16:061][342]LogAudioMixer: FMixerPlatformXAudio2::StartAudioStream() called
[2026.03.04-07.26.16:061][342]LogAudioMixer: Display: Output buffers initialized: Frames=1024, Channels=8, Samples=8192
[2026.03.04-07.26.16:062][342]LogAudioMixer: Display: Starting AudioMixerPlatformInterface::RunInternal()
[2026.03.04-07.26.16:062][342]LogAudioMixer: Display: FMixerPlatformXAudio2::SubmitBuffer() called for the first time
[2026.03.04-07.26.16:062][342]LogInit: FAudioDevice initialized.
[2026.03.04-07.26.16:062][342]LogAudio: Display: Audio Device (ID: 23) registered with world 'MainLevel'.
[2026.03.04-07.26.16:072][342]LogLoad: Game class is 'GM_RoadHopper_C'
[2026.03.04-07.26.16:109][342]LogWorld: Bringing World /Game/Levels/UEDPIE_0_MainLevel.MainLevel up for play (max tick rate 0) at 2026.03.04-00.26.16
[2026.03.04-07.26.16:110][342]LogWorld: Bringing up level for play took: 0.037578
[2026.03.04-07.26.16:110][342]LogOnline: OSS: Creating online subsystem instance for: :Context_29
[2026.03.04-07.26.16:118][342]LogBlueprintUserMessages: [GM_RoadHopper_C_0] Hello
[2026.03.04-07.26.16:118][342]PIE: Server logged in
[2026.03.04-07.26.16:119][342]PIE: Play in editor total start time 0.226 seconds.
[2026.03.04-07.26.27:897][519]LogSlate: Updating window title bar state: overlay mode, drag disabled, window buttons hidden, title bar hidden
[2026.03.04-07.26.27:897][519]LogWorld: BeginTearingDown for /Game/Levels/UEDPIE_0_MainLevel
[2026.03.04-07.26.27:898][519]LogWorld: UWorld::CleanupWorld for MainLevel, bSessionEnded=true, bCleanupResources=true
[2026.03.04-07.26.27:937][519]LogSlate: InvalidateAllWidgets triggered.  All widgets were invalidated
[2026.03.04-07.26.27:945][519]LogPlayLevel: Display: Shutting down PIE online subsystems
[2026.03.04-07.26.27:950][519]LogSlate: InvalidateAllWidgets triggered.  All widgets were invalidated
[2026.03.04-07.26.27:963][519]LogSlate: Updating window title bar state: overlay mode, drag disabled, window buttons hidden, title bar hidden
[2026.03.04-07.26.27:970][519]LogAudioMixer: FMixerPlatformXAudio2::StopAudioStream() called
[2026.03.04-07.26.27:970][519]LogAudioMixer: FMixerPlatformXAudio2::StopAudioStream() called
[2026.03.04-07.26.27:978][519]LogUObjectHash: Compacting FUObjectHashTables data took   1.48ms
[2026.03.04-07.26.27:997][520]LogPlayLevel: Display: Destroying online subsystem :Context_29
[2026.03.04-07.27.10:906][454]LogUObjectHash: Compacting FUObjectHashTables data took   1.76ms
[2026.03.04-07.27.10:911][454]Cmd: OBJ SAVEPACKAGE PACKAGE="/Game/Levels/MainLevel" FILE="C:/Users/titan/Downloads/RoadHopper4.27/Saved/Autosaves/Game/Levels/MainLevel_Auto9.umap" SILENT=true AUTOSAVING=true KEEPDIRTY=false
[2026.03.04-07.27.11:279][454]LogSavePackage: Moving 'C:/Users/titan/Downloads/RoadHopper4.27/Saved/MainLevel_Auto9A8DD434D4F5F4A11F010CDAC1CC054AF.tmp' to 'C:/Users/titan/Downloads/RoadHopper4.27/Saved/Autosaves/Game/Levels/MainLevel_Auto9.umap'
[2026.03.04-07.27.11:282][454]LogFileHelpers: Editor autosave (incl. external actors) for '/Game/Levels/MainLevel' took 0.390
[2026.03.04-07.27.11:282][454]LogFileHelpers: Editor autosave (incl. sublevels & external actors) for all levels took 0.390
[2026.03.04-07.27.11:283][454]OBJ SavePackage: Generating thumbnails for [2] asset(s) in package [/Game/Blueprints/BP_Player] ([2] browsable assets)...
[2026.03.04-07.27.11:289][454]OBJ SavePackage:     Rendered thumbnail for [Blueprint /Game/Blueprints/BP_Player.BP_Player]
[2026.03.04-07.27.11:289][454]OBJ SavePackage: Finished generating thumbnails for package [/Game/Blueprints/BP_Player]
[2026.03.04-07.27.11:289][454]Cmd: OBJ SAVEPACKAGE PACKAGE="/Game/Blueprints/BP_Player" FILE="C:/Users/titan/Downloads/RoadHopper4.27/Saved/Autosaves/Game/Blueprints/BP_Player_Auto9.uasset" SILENT=false AUTOSAVING=true
[2026.03.04-07.27.11:301][454]LogSavePackage: Moving 'C:/Users/titan/Downloads/RoadHopper4.27/Saved/BP_Player_Auto9E22E0A534326A82331DBF6828C5A19B3.tmp' to 'C:/Users/titan/Downloads/RoadHopper4.27/Saved/Autosaves/Game/Blueprints/BP_Player_Auto9.uasset'
[2026.03.04-07.27.11:302][454]LogFileHelpers: Auto-saving content packages took 0.019
[2026.03.04-07.27.18:328][289]LogEditorViewport: Clicking on Actor (LMB): BP_TileRow_C (BP_TileRow3)
[2026.03.04-07.27.19:296][399]LogTemp: Repeating last play command: Selected Viewport
[2026.03.04-07.27.19:300][399]BlueprintLog: New page: Pre-Play auto-recompile
[2026.03.04-07.27.19:301][399]LogPlayLevel: [PlayLevel] Compiling BP_Player before play...
[2026.03.04-07.27.19:345][399]LogUObjectHash: Compacting FUObjectHashTables data took   1.66ms
[2026.03.04-07.27.19:347][399]LogPlayLevel: PlayLevel: Blueprint regeneration took 46 ms (1 blueprints)
[2026.03.04-07.27.19:347][399]PIE: New page: PIE session: MainLevel (Mar. 3, 2026, 5:27:19 p.m.)
[2026.03.04-07.27.19:347][399]LogPlayLevel: Creating play world package: /Game/Levels/UEDPIE_0_MainLevel
[2026.03.04-07.27.19:432][399]LogPlayLevel: PIE: StaticDuplicateObject took: (0.085719s)
[2026.03.04-07.27.19:433][399]LogAIModule: Creating AISystem for world MainLevel
[2026.03.04-07.27.19:434][399]LogPlayLevel: PIE: World Init took: (0.001120s)
[2026.03.04-07.27.19:434][399]LogPlayLevel: PIE: Created PIE world by copying editor world from /Game/Levels/MainLevel.MainLevel to /Game/Levels/UEDPIE_0_MainLevel.MainLevel (0.087100s)
[2026.03.04-07.27.19:447][399]LogUObjectHash: Compacting FUObjectHashTables data took   1.38ms
[2026.03.04-07.27.19:447][399]LogAudio: Display: Creating Audio Device:                 Id: 24, Scope: Unique, Realtime: True
[2026.03.04-07.27.19:447][399]LogAudioMixer: Display: Audio Mixer Platform Settings:
[2026.03.04-07.27.19:447][399]LogAudioMixer: Display: 	Sample Rate:						  48000
[2026.03.04-07.27.19:447][399]LogAudioMixer: Display: 	Callback Buffer Frame Size Requested: 1024
[2026.03.04-07.27.19:447][399]LogAudioMixer: Display: 	Callback Buffer Frame Size To Use:	  1024
[2026.03.04-07.27.19:447][399]LogAudioMixer: Display: 	Number of buffers to queue:			  2
[2026.03.04-07.27.19:447][399]LogAudioMixer: Display: 	Max Channels (voices):				  32
[2026.03.04-07.27.19:447][399]LogAudioMixer: Display: 	Number of Async Source Workers:		  0
[2026.03.04-07.27.19:447][399]LogAudio: Display: AudioDevice MaxSources: 32
[2026.03.04-07.27.19:448][399]LogAudio: Display: Audio Spatialization Plugin: None (built-in).
[2026.03.04-07.27.19:448][399]LogAudio: Display: Audio Reverb Plugin: None (built-in).
[2026.03.04-07.27.19:448][399]LogAudio: Display: Audio Occlusion Plugin: None (built-in).
[2026.03.04-07.27.19:448][399]LogAudioMixer: Display: Initializing audio mixer.
[2026.03.04-07.27.19:450][399]LogAudioMixer: Display: 0: FrontLeft
[2026.03.04-07.27.19:450][399]LogAudioMixer: Display: 1: FrontRight
[2026.03.04-07.27.19:451][399]LogAudioMixer: Display: 2: FrontCenter
[2026.03.04-07.27.19:451][399]LogAudioMixer: Display: 3: LowFrequency
[2026.03.04-07.27.19:451][399]LogAudioMixer: Display: 4: BackLeft
[2026.03.04-07.27.19:451][399]LogAudioMixer: Display: 5: BackRight
[2026.03.04-07.27.19:451][399]LogAudioMixer: Display: 6: SideLeft
[2026.03.04-07.27.19:451][399]LogAudioMixer: Display: 7: SideRight
[2026.03.04-07.27.19:462][399]LogAudioMixer: Display: Using Audio Device Headset Earphone (CORSAIR VOID PRO Wireless Gaming Headset)
[2026.03.04-07.27.19:462][399]LogAudioMixer: Display: Initializing Sound Submixes...
[2026.03.04-07.27.19:462][399]LogAudioMixer: Display: Creating Master Submix 'MasterSubmixDefault'
[2026.03.04-07.27.19:463][399]LogAudioMixer: Display: Creating Master Submix 'MasterReverbSubmixDefault'
[2026.03.04-07.27.19:463][399]LogAudioMixer: Display: Creating Master Submix 'MasterEQSubmixDefault'
[2026.03.04-07.27.19:463][399]LogAudioMixer: FMixerPlatformXAudio2::StartAudioStream() called
[2026.03.04-07.27.19:463][399]LogAudioMixer: Display: Output buffers initialized: Frames=1024, Channels=8, Samples=8192
[2026.03.04-07.27.19:464][399]LogAudioMixer: Display: Starting AudioMixerPlatformInterface::RunInternal()
[2026.03.04-07.27.19:464][399]LogAudioMixer: Display: FMixerPlatformXAudio2::SubmitBuffer() called for the first time
[2026.03.04-07.27.19:464][399]LogInit: FAudioDevice initialized.
[2026.03.04-07.27.19:464][399]LogAudio: Display: Audio Device (ID: 24) registered with world 'MainLevel'.
[2026.03.04-07.27.19:474][399]LogLoad: Game class is 'GM_RoadHopper_C'
[2026.03.04-07.27.19:510][399]LogWorld: Bringing World /Game/Levels/UEDPIE_0_MainLevel.MainLevel up for play (max tick rate 0) at 2026.03.04-00.27.19
[2026.03.04-07.27.19:511][399]LogWorld: Bringing up level for play took: 0.036207
[2026.03.04-07.27.19:511][399]LogOnline: OSS: Creating online subsystem instance for: :Context_30
[2026.03.04-07.27.19:519][399]LogBlueprintUserMessages: [GM_RoadHopper_C_0] Hello
[2026.03.04-07.27.19:519][399]PIE: Server logged in
[2026.03.04-07.27.19:520][399]PIE: Play in editor total start time 0.22 seconds.
[2026.03.04-07.27.20:331][495]LogScript: Warning: Script Msg: A null object was passed as a world context object to UEngine::GetWorldFromContextObject().
[2026.03.04-07.27.21:132][591]LogScript: Warning: Script Msg: A null object was passed as a world context object to UEngine::GetWorldFromContextObject().
[2026.03.04-07.27.21:308][612]LogScript: Warning: Script Msg: A null object was passed as a world context object to UEngine::GetWorldFromContextObject().
[2026.03.04-07.27.21:482][633]LogScript: Warning: Script Msg: A null object was passed as a world context object to UEngine::GetWorldFromContextObject().
[2026.03.04-07.27.21:615][649]LogScript: Warning: Script Msg: A null object was passed as a world context object to UEngine::GetWorldFromContextObject().
[2026.03.04-07.27.21:798][671]LogScript: Warning: Script Msg: A null object was passed as a world context object to UEngine::GetWorldFromContextObject().
[2026.03.04-07.27.21:957][690]LogScript: Warning: Script Msg: A null object was passed as a world context object to UEngine::GetWorldFromContextObject().
[2026.03.04-07.27.22:099][707]LogScript: Warning: Script Msg: A null object was passed as a world context object to UEngine::GetWorldFromContextObject().
[2026.03.04-07.27.22:257][726]LogScript: Warning: Script Msg: A null object was passed as a world context object to UEngine::GetWorldFromContextObject().
[2026.03.04-07.27.24:763][936]LogSlate: Window 'BP_Player' being destroyed
[2026.03.04-07.27.24:771][936]LogSlate: Window 'BP_Player' being destroyed
[2026.03.04-07.27.24:773][936]LogWorld: UWorld::CleanupWorld for World_6, bSessionEnded=true, bCleanupResources=true
[2026.03.04-07.27.24:773][936]LogSlate: InvalidateAllWidgets triggered.  All widgets were invalidated
[2026.03.04-07.27.27:753][131]LogAssetEditorSubsystem: Opening Asset editor for Blueprint /Game/Blueprints/BP_Player.BP_Player
[2026.03.04-07.27.32:948][697]LogSlate: Updating window title bar state: overlay mode, drag disabled, window buttons hidden, title bar hidden
[2026.03.04-07.27.32:948][697]LogWorld: BeginTearingDown for /Game/Levels/UEDPIE_0_MainLevel
[2026.03.04-07.27.32:949][697]LogWorld: UWorld::CleanupWorld for MainLevel, bSessionEnded=true, bCleanupResources=true
[2026.03.04-07.27.32:988][697]LogSlate: InvalidateAllWidgets triggered.  All widgets were invalidated
[2026.03.04-07.27.32:993][697]LogPlayLevel: Display: Shutting down PIE online subsystems
[2026.03.04-07.27.33:001][697]LogSlate: InvalidateAllWidgets triggered.  All widgets were invalidated
[2026.03.04-07.27.33:014][697]LogSlate: Updating window title bar state: overlay mode, drag disabled, window buttons hidden, title bar hidden
[2026.03.04-07.27.33:020][697]LogAudioMixer: FMixerPlatformXAudio2::StopAudioStream() called
[2026.03.04-07.27.33:021][697]LogAudioMixer: FMixerPlatformXAudio2::StopAudioStream() called
[2026.03.04-07.27.33:031][697]LogUObjectHash: Compacting FUObjectHashTables data took   1.64ms
[2026.03.04-07.27.33:058][698]LogPlayLevel: Display: Destroying online subsystem :Context_30
[2026.03.04-07.27.33:739][754]LogAssetEditorSubsystem: Opening Asset editor for Blueprint /Game/Blueprints/GM_RoadHopper.GM_RoadHopper
[2026.03.04-07.27.42:930][734]BlueprintLog: New page: Compile BP_Player
[2026.03.04-07.27.42:970][734]LogUObjectHash: Compacting FUObjectHashTables data took   1.55ms
[2026.03.04-07.27.44:569][905]Cmd: OBJ SAVEPACKAGE PACKAGE="/Game/Blueprints/BP_Player" FILE="C:/Users/titan/Downloads/RoadHopper4.27/Content/Blueprints/BP_Player.uasset" SILENT=true
[2026.03.04-07.27.44:579][905]LogSavePackage: Moving 'C:/Users/titan/Downloads/RoadHopper4.27/Saved/BP_Player77CD380B4DB022AC636174972BB29593.tmp' to 'C:/Users/titan/Downloads/RoadHopper4.27/Content/Blueprints/BP_Player.uasset'
[2026.03.04-07.27.44:593][905]AssetCheck: New page: Asset Save: BP_Player
[2026.03.04-07.27.44:593][905]LogContentValidation: Display: Validating Blueprint /Game/Blueprints/BP_Player.BP_Player
[2026.03.04-07.27.45:899][ 37]BlueprintLog: New page: Compile BP_Player
[2026.03.04-07.27.45:936][ 37]LogUObjectHash: Compacting FUObjectHashTables data took   1.85ms
[2026.03.04-07.28.03:096][877]LogTemp: Repeating last play command: Selected Viewport
[2026.03.04-07.28.03:099][877]BlueprintLog: New page: Pre-Play auto-recompile
[2026.03.04-07.28.03:100][877]LogPlayLevel: [PlayLevel] Compiling BP_Player before play...
[2026.03.04-07.28.03:144][877]LogUObjectHash: Compacting FUObjectHashTables data took   1.84ms
[2026.03.04-07.28.03:144][877]LogPlayLevel: PlayLevel: Blueprint regeneration took 44 ms (1 blueprints)
[2026.03.04-07.28.03:144][877]PIE: New page: PIE session: MainLevel (Mar. 3, 2026, 5:28:03 p.m.)
[2026.03.04-07.28.03:144][877]LogPlayLevel: Creating play world package: /Game/Levels/UEDPIE_0_MainLevel
[2026.03.04-07.28.03:234][877]LogPlayLevel: PIE: StaticDuplicateObject took: (0.089200s)
[2026.03.04-07.28.03:234][877]LogAIModule: Creating AISystem for world MainLevel
[2026.03.04-07.28.03:234][877]LogPlayLevel: PIE: World Init took: (0.000979s)
[2026.03.04-07.28.03:234][877]LogPlayLevel: PIE: Created PIE world by copying editor world from /Game/Levels/MainLevel.MainLevel to /Game/Levels/UEDPIE_0_MainLevel.MainLevel (0.090360s)
[2026.03.04-07.28.03:249][877]LogUObjectHash: Compacting FUObjectHashTables data took   1.38ms
[2026.03.04-07.28.03:249][877]LogAudio: Display: Creating Audio Device:                 Id: 25, Scope: Unique, Realtime: True
[2026.03.04-07.28.03:249][877]LogAudioMixer: Display: Audio Mixer Platform Settings:
[2026.03.04-07.28.03:249][877]LogAudioMixer: Display: 	Sample Rate:						  48000
[2026.03.04-07.28.03:249][877]LogAudioMixer: Display: 	Callback Buffer Frame Size Requested: 1024
[2026.03.04-07.28.03:249][877]LogAudioMixer: Display: 	Callback Buffer Frame Size To Use:	  1024
[2026.03.04-07.28.03:249][877]LogAudioMixer: Display: 	Number of buffers to queue:			  2
[2026.03.04-07.28.03:249][877]LogAudioMixer: Display: 	Max Channels (voices):				  32
[2026.03.04-07.28.03:249][877]LogAudioMixer: Display: 	Number of Async Source Workers:		  0
[2026.03.04-07.28.03:249][877]LogAudio: Display: AudioDevice MaxSources: 32
[2026.03.04-07.28.03:250][877]LogAudio: Display: Audio Spatialization Plugin: None (built-in).
[2026.03.04-07.28.03:250][877]LogAudio: Display: Audio Reverb Plugin: None (built-in).
[2026.03.04-07.28.03:250][877]LogAudio: Display: Audio Occlusion Plugin: None (built-in).
[2026.03.04-07.28.03:250][877]LogAudioMixer: Display: Initializing audio mixer.
[2026.03.04-07.28.03:252][877]LogAudioMixer: Display: 0: FrontLeft
[2026.03.04-07.28.03:252][877]LogAudioMixer: Display: 1: FrontRight
[2026.03.04-07.28.03:252][877]LogAudioMixer: Display: 2: FrontCenter
[2026.03.04-07.28.03:252][877]LogAudioMixer: Display: 3: LowFrequency
[2026.03.04-07.28.03:252][877]LogAudioMixer: Display: 4: BackLeft
[2026.03.04-07.28.03:253][877]LogAudioMixer: Display: 5: BackRight
[2026.03.04-07.28.03:253][877]LogAudioMixer: Display: 6: SideLeft
[2026.03.04-07.28.03:253][877]LogAudioMixer: Display: 7: SideRight
[2026.03.04-07.28.03:264][877]LogAudioMixer: Display: Using Audio Device Headset Earphone (CORSAIR VOID PRO Wireless Gaming Headset)
[2026.03.04-07.28.03:265][877]LogAudioMixer: Display: Initializing Sound Submixes...
[2026.03.04-07.28.03:265][877]LogAudioMixer: Display: Creating Master Submix 'MasterSubmixDefault'
[2026.03.04-07.28.03:265][877]LogAudioMixer: Display: Creating Master Submix 'MasterReverbSubmixDefault'
[2026.03.04-07.28.03:265][877]LogAudioMixer: Display: Creating Master Submix 'MasterEQSubmixDefault'
[2026.03.04-07.28.03:265][877]LogAudioMixer: FMixerPlatformXAudio2::StartAudioStream() called
[2026.03.04-07.28.03:265][877]LogAudioMixer: Display: Output buffers initialized: Frames=1024, Channels=8, Samples=8192
[2026.03.04-07.28.03:266][877]LogAudioMixer: Display: Starting AudioMixerPlatformInterface::RunInternal()
[2026.03.04-07.28.03:266][877]LogAudioMixer: Display: FMixerPlatformXAudio2::SubmitBuffer() called for the first time
[2026.03.04-07.28.03:266][877]LogInit: FAudioDevice initialized.
[2026.03.04-07.28.03:266][877]LogAudio: Display: Audio Device (ID: 25) registered with world 'MainLevel'.
[2026.03.04-07.28.03:279][877]LogLoad: Game class is 'GM_RoadHopper_C'
[2026.03.04-07.28.03:318][877]LogWorld: Bringing World /Game/Levels/UEDPIE_0_MainLevel.MainLevel up for play (max tick rate 0) at 2026.03.04-00.28.03
[2026.03.04-07.28.03:318][877]LogWorld: Bringing up level for play took: 0.038505
[2026.03.04-07.28.03:318][877]LogOnline: OSS: Creating online subsystem instance for: :Context_33
[2026.03.04-07.28.03:326][877]LogBlueprintUserMessages: [GM_RoadHopper_C_0] Hello
[2026.03.04-07.28.03:327][877]PIE: Server logged in
[2026.03.04-07.28.03:327][877]PIE: Play in editor total start time 0.228 seconds.
[2026.03.04-07.28.19:537][683]LogSlate: Updating window title bar state: overlay mode, drag disabled, window buttons hidden, title bar hidden
[2026.03.04-07.28.19:537][683]LogWorld: BeginTearingDown for /Game/Levels/UEDPIE_0_MainLevel
[2026.03.04-07.28.19:538][683]LogWorld: UWorld::CleanupWorld for MainLevel, bSessionEnded=true, bCleanupResources=true
[2026.03.04-07.28.19:578][683]LogSlate: InvalidateAllWidgets triggered.  All widgets were invalidated
[2026.03.04-07.28.19:589][683]LogPlayLevel: Display: Shutting down PIE online subsystems
[2026.03.04-07.28.19:598][683]LogSlate: InvalidateAllWidgets triggered.  All widgets were invalidated
[2026.03.04-07.28.19:612][683]LogSlate: Updating window title bar state: overlay mode, drag disabled, window buttons hidden, title bar hidden
[2026.03.04-07.28.19:618][683]LogAudioMixer: FMixerPlatformXAudio2::StopAudioStream() called
[2026.03.04-07.28.19:619][683]LogAudioMixer: FMixerPlatformXAudio2::StopAudioStream() called
[2026.03.04-07.28.19:628][683]LogUObjectHash: Compacting FUObjectHashTables data took   1.56ms
[2026.03.04-07.28.19:651][684]LogPlayLevel: Display: Destroying online subsystem :Context_33
[2026.03.04-07.30.29:979][927]LogSlate: Window 'GM_RoadHopper' being destroyed
[2026.03.04-07.30.29:987][927]LogSlate: Window 'GM_RoadHopper' being destroyed
[2026.03.04-07.30.29:989][927]LogWorld: UWorld::CleanupWorld for World_7, bSessionEnded=true, bCleanupResources=true
[2026.03.04-07.30.29:989][927]LogSlate: InvalidateAllWidgets triggered.  All widgets were invalidated
[2026.03.04-07.30.30:026][927]LogActorComponent: UnregisterComponent: (/Engine/Transient.EditorFloorComp) Not registered. Aborting.
[2026.03.04-07.30.30:026][927]LogWorld: UWorld::CleanupWorld for World_8, bSessionEnded=true, bCleanupResources=true
[2026.03.04-07.30.30:026][927]LogSlate: InvalidateAllWidgets triggered.  All widgets were invalidated
[2026.03.04-07.30.31:600][101]Cmd: OBJ SAVEPACKAGE PACKAGE="/Game/Levels/MainLevel" FILE="C:/Users/titan/Downloads/RoadHopper4.27/Content/Levels/MainLevel.umap" SILENT=true AUTOSAVING=false KEEPDIRTY=false
[2026.03.04-07.30.31:618][101]LogUObjectHash: Compacting FUObjectHashTables data took   1.96ms
[2026.03.04-07.30.31:999][101]LogSavePackage: Moving 'C:/Users/titan/Downloads/RoadHopper4.27/Saved/MainLevel5F07CEA54FBA22508FF615B5184B10B1.tmp' to 'C:/Users/titan/Downloads/RoadHopper4.27/Content/Levels/MainLevel.umap'
[2026.03.04-07.30.32:019][101]Cmd: OBJ SAVEPACKAGE PACKAGE="/Game/Levels/MainLevel_BuiltData" FILE="C:/Users/titan/Downloads/RoadHopper4.27/Content/Levels/MainLevel_BuiltData.uasset" SILENT=true
[2026.03.04-07.30.32:032][101]LogSavePackage: Moving 'C:/Users/titan/Downloads/RoadHopper4.27/Saved/MainLevel_BuiltData227DF68A4C39D2E57E80C2954E815990.tmp' to 'C:/Users/titan/Downloads/RoadHopper4.27/Content/Levels/MainLevel_BuiltData.uasset'
[2026.03.04-07.30.32:058][101]AssetCheck: New page: Asset Save: multiple assets
[2026.03.04-07.30.32:058][101]LogContentValidation: Display: Validating MapBuildDataRegistry /Game/Levels/MainLevel_BuiltData.MainLevel_BuiltData
[2026.03.04-07.30.32:058][101]LogContentValidation: Display: Validating World /Game/Levels/MainLevel.MainLevel
[2026.03.04-07.30.41:008][ 88]LogUObjectHash: Compacting FUObjectHashTables data took   1.84ms
[2026.03.04-07.30.41:040][ 88]Cmd: OBJ SAVEPACKAGE PACKAGE="/Game/Blueprints/BP_Player" FILE="C:/Users/titan/Downloads/RoadHopper4.27/Content/Blueprints/BP_Player.uasset" SILENT=true
[2026.03.04-07.30.41:050][ 88]LogSavePackage: Moving 'C:/Users/titan/Downloads/RoadHopper4.27/Saved/BP_Player1E3F61634EC8A3A2AE9ABFBEE3A3A340.tmp' to 'C:/Users/titan/Downloads/RoadHopper4.27/Content/Blueprints/BP_Player.uasset'
[2026.03.04-07.30.41:074][ 88]AssetCheck: New page: Asset Save: BP_Player
[2026.03.04-07.30.41:074][ 88]LogContentValidation: Display: Validating Blueprint /Game/Blueprints/BP_Player.BP_Player
[2026.03.04-07.30.43:982][418]LogUObjectHash: Compacting FUObjectHashTables data took   1.27ms
[2026.03.04-07.30.44:018][418]LogSlate: Window 'RoadHopper - Unreal Editor' being destroyed
[2026.03.04-07.30.44:131][419]Cmd: QUIT_EDITOR
[2026.03.04-07.30.44:131][419]LogCore: Engine exit requested (reason: UUnrealEdEngine::CloseEditor())
[2026.03.04-07.30.44:133][419]LogCore: Engine exit requested (reason: EngineExit() was called; note: exit was already requested)
[2026.03.04-07.30.44:421][419]LogAudio: Display: Beginning Audio Device Manager Shutdown (Module: AudioMixerXAudio2)...
[2026.03.04-07.30.44:421][419]LogAudio: Display: Destroying 1 Remaining Audio Device(s)...
[2026.03.04-07.30.44:421][419]LogAudio: Display: Audio Device unregistered from world 'MainLevel'.
[2026.03.04-07.30.44:421][419]LogAudioMixer: FMixerPlatformXAudio2::StopAudioStream() called
[2026.03.04-07.30.44:422][419]LogAudioMixer: FMixerPlatformXAudio2::StopAudioStream() called
[2026.03.04-07.30.44:425][419]LogAudio: Display: Audio Device Manager Shutdown
[2026.03.04-07.30.44:429][419]LogWindowsTextInputMethodSystem: Display: IME system deactivated.
[2026.03.04-07.30.44:440][419]LogExit: Preparing to exit.
[2026.03.04-07.30.45:023][419]LogUObjectHash: Compacting FUObjectHashTables data took   1.94ms
[2026.03.04-07.30.45:120][419]LogWorld: UWorld::CleanupWorld for World_2, bSessionEnded=true, bCleanupResources=true
[2026.03.04-07.30.45:122][419]LogWorld: UWorld::CleanupWorld for World_3, bSessionEnded=true, bCleanupResources=true
[2026.03.04-07.30.45:123][419]LogWorld: UWorld::CleanupWorld for World_4, bSessionEnded=true, bCleanupResources=true
[2026.03.04-07.30.45:124][419]LogWorld: UWorld::CleanupWorld for World_1, bSessionEnded=true, bCleanupResources=true
[2026.03.04-07.30.45:126][419]LogWorld: UWorld::CleanupWorld for World_0, bSessionEnded=true, bCleanupResources=true
[2026.03.04-07.30.45:191][419]LogWorld: UWorld::CleanupWorld for None, bSessionEnded=true, bCleanupResources=true
[2026.03.04-07.30.45:192][419]LogExit: Editor shut down
[2026.03.04-07.30.45:192][419]LogExit: Transaction tracking system shut down
[2026.03.04-07.30.45:200][419]LogDemo: Cleaned up 0 splitscreen connections with owner deletion
[2026.03.04-07.30.45:424][419]LogExit: Object subsystem successfully closed.
[2026.03.04-07.30.45:444][419]LogShaderCompilers: Display: === FShaderJobCache stats ===
[2026.03.04-07.30.45:444][419]LogShaderCompilers: Display: Total job queries 48, among them cache hits 0 (0.00%)
[2026.03.04-07.30.45:444][419]LogShaderCompilers: Display: Tracking 16 distinct input hashes that result in 13 distinct outputs (81.25%)
[2026.03.04-07.30.45:444][419]LogShaderCompilers: Display: RAM used: 0.07 MB (0.00 GB) of 1638.40 MB (1.60 GB) budget. Usage: 0.00%
[2026.03.04-07.30.45:444][419]LogShaderCompilers: Display: ================================================
[2026.03.04-07.30.45:454][419]LogShaderCompilers: Display: Shaders left to compile 0
[2026.03.04-07.30.45:466][419]LogModuleManager: Shutting down and abandoning module BlueprintGraph (876)
[2026.03.04-07.30.45:466][419]LogModuleManager: Shutting down and abandoning module MovieSceneCapture (874)
[2026.03.04-07.30.45:466][419]LogModuleManager: Shutting down and abandoning module Voice (872)
[2026.03.04-07.30.45:466][419]LogModuleManager: Shutting down and abandoning module HierarchicalLODOutliner (870)
[2026.03.04-07.30.45:466][419]LogModuleManager: Shutting down and abandoning module SceneOutliner (868)
[2026.03.04-07.30.45:466][419]LogModuleManager: Shutting down and abandoning module AddContentDialog (866)
[2026.03.04-07.30.45:466][419]LogModuleManager: Shutting down and abandoning module WidgetCarousel (865)
[2026.03.04-07.30.45:466][419]LogModuleManager: Shutting down and abandoning module EditorWidgets (862)
[2026.03.04-07.30.45:466][419]LogModuleManager: Shutting down and abandoning module StatsViewer (860)
[2026.03.04-07.30.45:466][419]LogModuleManager: Shutting down and abandoning module PIEPreviewDeviceProfileSelector (858)
[2026.03.04-07.30.45:466][419]LogModuleManager: Shutting down and abandoning module SequenceRecorderSections (856)
[2026.03.04-07.30.45:466][419]LogModuleManager: Shutting down and abandoning module AutomationWorker (854)
[2026.03.04-07.30.45:466][419]LogModuleManager: Shutting down and abandoning module SteamVREditor (852)
[2026.03.04-07.30.45:466][419]LogModuleManager: Shutting down and abandoning module OculusMR (850)
[2026.03.04-07.30.45:466][419]LogModuleManager: Shutting down and abandoning module TextureAlignMode (848)
[2026.03.04-07.30.45:466][419]LogModuleManager: Shutting down and abandoning module BspMode (846)
[2026.03.04-07.30.45:466][419]LogModuleManager: Shutting down and abandoning module GeometryMode (844)
[2026.03.04-07.30.45:466][419]LogModuleManager: Shutting down and abandoning module TakeRecorderSources (842)
[2026.03.04-07.30.45:466][419]LogModuleManager: Shutting down and abandoning module TakeRecorder (841)
[2026.03.04-07.30.45:467][419]LogModuleManager: Shutting down and abandoning module TakeTrackRecorders (838)
[2026.03.04-07.30.45:467][419]LogModuleManager: Shutting down and abandoning module TakesCore (836)
[2026.03.04-07.30.45:467][419]LogModuleManager: Shutting down and abandoning module OpenXRInput (834)
[2026.03.04-07.30.45:467][419]LogModuleManager: Shutting down and abandoning module GooglePADEditor (832)
[2026.03.04-07.30.45:467][419]LogModuleManager: Shutting down and abandoning module AudioCaptureEditor (830)
[2026.03.04-07.30.45:467][419]LogModuleManager: Shutting down and abandoning module TemplateSequenceEditor (828)
[2026.03.04-07.30.45:467][419]LogModuleManager: Shutting down and abandoning module MatineeToLevelSequence (826)
[2026.03.04-07.30.45:467][419]LogModuleManager: Shutting down and abandoning module LevelSequenceEditor (824)
[2026.03.04-07.30.45:467][419]LogModuleManager: Shutting down and abandoning module MagicLeapMediaCodecFactory (822)
[2026.03.04-07.30.45:467][419]LogModuleManager: Shutting down and abandoning module MagicLeapMediaFactory (820)
[2026.03.04-07.30.45:467][419]LogModuleManager: Shutting down and abandoning module MagicLeapMediaEditor (818)
[2026.03.04-07.30.45:467][419]LogModuleManager: Shutting down and abandoning module ActorSequenceEditor (816)
[2026.03.04-07.30.45:467][419]LogModuleManager: Shutting down and abandoning module WebMMediaFactory (814)
[2026.03.04-07.30.45:467][419]LogModuleManager: Shutting down and abandoning module WebMMediaEditor (812)
[2026.03.04-07.30.45:467][419]LogModuleManager: Shutting down and abandoning module WebMMedia (810)
[2026.03.04-07.30.45:467][419]LogModuleManager: Shutting down and abandoning module WmfMediaFactory (808)
[2026.03.04-07.30.45:467][419]LogModuleManager: Shutting down and abandoning module WmfMediaEditor (806)
[2026.03.04-07.30.45:467][419]LogModuleManager: Shutting down and abandoning module MediaPlayerEditor (804)
[2026.03.04-07.30.45:467][419]LogModuleManager: Shutting down and abandoning module MediaCompositingEditor (802)
[2026.03.04-07.30.45:467][419]LogModuleManager: Shutting down and abandoning module SequenceRecorder (801)
[2026.03.04-07.30.45:467][419]LogModuleManager: Shutting down and abandoning module OpenExrWrapper (798)
[2026.03.04-07.30.45:467][419]LogModuleManager: Shutting down and abandoning module ImgMediaFactory (796)
[2026.03.04-07.30.45:467][419]LogModuleManager: Shutting down and abandoning module ImgMediaEditor (794)
[2026.03.04-07.30.45:467][419]LogModuleManager: Shutting down and abandoning module AndroidMediaFactory (792)
[2026.03.04-07.30.45:467][419]LogModuleManager: Shutting down and abandoning module AndroidMediaEditor (790)
[2026.03.04-07.30.45:467][419]LogModuleManager: Shutting down and abandoning module AvfMediaFactory (788)
[2026.03.04-07.30.45:467][419]LogModuleManager: Shutting down and abandoning module AvfMediaEditor (786)
[2026.03.04-07.30.45:467][419]LogModuleManager: Shutting down and abandoning module PlanarCut (784)
[2026.03.04-07.30.45:467][419]LogModuleManager: Shutting down and abandoning module CharacterAI (782)
[2026.03.04-07.30.45:467][419]LogModuleManager: Shutting down and abandoning module CameraShakePreviewer (780)
[2026.03.04-07.30.45:467][419]LogModuleManager: Shutting down and abandoning module SmartSnapping (778)
[2026.03.04-07.30.45:467][419]LogModuleManager: Shutting down and abandoning module SessionServices (776)
[2026.03.04-07.30.45:467][419]LogModuleManager: Shutting down and abandoning module MeshPaint (774)
[2026.03.04-07.30.45:467][419]LogModuleManager: Shutting down and abandoning module VirtualTexturingEditor (772)
[2026.03.04-07.30.45:467][419]LogModuleManager: Shutting down and abandoning module FoliageEdit (770)
[2026.03.04-07.30.45:467][419]LogModuleManager: Shutting down and abandoning module LandscapeEditor (768)
[2026.03.04-07.30.45:467][419]LogModuleManager: Shutting down and abandoning module MeshPaintMode (766)
[2026.03.04-07.30.45:467][419]LogModuleManager: Shutting down and abandoning module SceneDepthPickerMode (764)
[2026.03.04-07.30.45:467][419]LogModuleManager: Shutting down and abandoning module ActorPickerMode (762)
[2026.03.04-07.30.45:467][419]LogModuleManager: Shutting down and abandoning module PlacementMode (760)
[2026.03.04-07.30.45:467][419]LogModuleManager: Shutting down and abandoning module ViewportSnapping (758)
[2026.03.04-07.30.45:467][419]LogModuleManager: Shutting down and abandoning module ViewportInteraction (756)
[2026.03.04-07.30.45:467][419]LogModuleManager: Shutting down and abandoning module ClothPainter (754)
[2026.03.04-07.30.45:467][419]LogModuleManager: Shutting down and abandoning module SkeletalMeshEditor (753)
[2026.03.04-07.30.45:467][419]LogModuleManager: Shutting down and abandoning module LogVisualizer (750)
[2026.03.04-07.30.45:467][419]LogModuleManager: Shutting down and abandoning module IntroTutorials (748)
[2026.03.04-07.30.45:467][419]LogModuleManager: Shutting down and abandoning module GameProjectGeneration (747)
[2026.03.04-07.30.45:467][419]LogModuleManager: Shutting down and abandoning module LuminPlatformEditor (744)
[2026.03.04-07.30.45:467][419]LogModuleManager: Shutting down and abandoning module IOSPlatformEditor (742)
[2026.03.04-07.30.45:467][419]LogModuleManager: Shutting down and abandoning module AndroidPlatformEditor (740)
[2026.03.04-07.30.45:467][419]LogModuleManager: Shutting down and abandoning module AndroidDeviceDetection (739)
[2026.03.04-07.30.45:771][419]LogModuleManager: Shutting down and abandoning module WindowsPlatformEditor (736)
[2026.03.04-07.30.45:772][419]LogModuleManager: Shutting down and abandoning module LuminRuntimeSettings (734)
[2026.03.04-07.30.45:772][419]LogModuleManager: Shutting down and abandoning module IOSRuntimeSettings (732)
[2026.03.04-07.30.45:772][419]LogModuleManager: Shutting down and abandoning module AndroidRuntimeSettings (730)
[2026.03.04-07.30.45:772][419]LogModuleManager: Shutting down and abandoning module TraceInsights (728)
[2026.03.04-07.30.45:772][419]MemoryProfiler: Shutdown
[2026.03.04-07.30.45:772][419]NetworkingProfiler: Shutdown
[2026.03.04-07.30.45:772][419]LoadingProfiler: Shutdown
[2026.03.04-07.30.45:772][419]TimingProfiler: Shutdown
[2026.03.04-07.30.45:772][419]LogModuleManager: Shutting down and abandoning module TraceServices (727)
[2026.03.04-07.30.45:772][419]LogModuleManager: Shutting down and abandoning module EditorInteractiveToolsFramework (724)
[2026.03.04-07.30.45:772][419]LogModuleManager: Shutting down and abandoning module TimeManagementEditor (722)
[2026.03.04-07.30.45:772][419]LogModuleManager: Shutting down and abandoning module InputBindingEditor (720)
[2026.03.04-07.30.45:772][419]LogModuleManager: Shutting down and abandoning module MergeActors (718)
[2026.03.04-07.30.45:772][419]LogModuleManager: Shutting down and abandoning module LocalizationDashboard (716)
[2026.03.04-07.30.45:772][419]LogModuleManager: Shutting down and abandoning module LocalizationService (715)
[2026.03.04-07.30.45:773][419]LogModuleManager: Shutting down and abandoning module HardwareTargeting (712)
[2026.03.04-07.30.45:773][419]LogModuleManager: Shutting down and abandoning module DeviceProfileEditor (710)
[2026.03.04-07.30.45:773][419]LogModuleManager: Shutting down and abandoning module UndoHistory (708)
[2026.03.04-07.30.45:773][419]LogModuleManager: Shutting down and abandoning module XmlParser (706)
[2026.03.04-07.30.45:773][419]LogModuleManager: Shutting down and abandoning module Blutility (704)
[2026.03.04-07.30.45:773][419]LogModuleManager: Shutting down and abandoning module ProjectSettingsViewer (702)
[2026.03.04-07.30.45:773][419]LogModuleManager: Shutting down and abandoning module ProjectTargetPlatformEditor (701)
[2026.03.04-07.30.45:773][419]LogModuleManager: Shutting down and abandoning module EditorSettingsViewer (698)
[2026.03.04-07.30.45:773][419]LogModuleManager: Shutting down and abandoning module InternationalizationSettings (697)
[2026.03.04-07.30.45:773][419]LogModuleManager: Shutting down and abandoning module SettingsEditor (694)
[2026.03.04-07.30.45:773][419]LogModuleManager: Shutting down and abandoning module ProjectLauncher (692)
[2026.03.04-07.30.45:773][419]LogModuleManager: Shutting down and abandoning module SessionFrontend (690)
[2026.03.04-07.30.45:773][419]LogModuleManager: Shutting down and abandoning module ProfilerClient (688)
[2026.03.04-07.30.45:773][419]LogModuleManager: Shutting down and abandoning module DeviceManager (686)
[2026.03.04-07.30.45:774][419]LogModuleManager: Shutting down and abandoning module TargetDeviceServices (685)
[2026.03.04-07.30.45:806][419]LogModuleManager: Shutting down and abandoning module AutomationController (682)
[2026.03.04-07.30.45:806][419]LogModuleManager: Shutting down and abandoning module AutomationWindow (680)
[2026.03.04-07.30.45:806][419]LogModuleManager: Shutting down and abandoning module Layers (678)
[2026.03.04-07.30.45:806][419]LogModuleManager: Shutting down and abandoning module ComponentVisualizers (676)
[2026.03.04-07.30.45:806][419]LogModuleManager: Shutting down and abandoning module DetailCustomizations (674)
[2026.03.04-07.30.45:806][419]LogModuleManager: Shutting down and abandoning module PackagesDialog (672)
[2026.03.04-07.30.45:806][419]LogModuleManager: Shutting down and abandoning module AnimationBlueprintEditor (670)
[2026.03.04-07.30.45:806][419]LogModuleManager: Shutting down and abandoning module Persona (668)
[2026.03.04-07.30.45:806][419]LogModuleManager: Shutting down and abandoning module AdvancedPreviewScene (667)
[2026.03.04-07.30.45:806][419]LogModuleManager: Shutting down and abandoning module AnimGraph (665)
[2026.03.04-07.30.45:806][419]LogModuleManager: Shutting down and abandoning module Kismet (662)
[2026.03.04-07.30.45:812][419]LogModuleManager: Shutting down and abandoning module KismetWidgets (661)
[2026.03.04-07.30.45:812][419]LogModuleManager: Shutting down and abandoning module GraphEditor (658)
[2026.03.04-07.30.45:812][419]LogModuleManager: Shutting down and abandoning module StructViewer (656)
[2026.03.04-07.30.45:812][419]LogModuleManager: Shutting down and abandoning module ClassViewer (654)
[2026.03.04-07.30.45:813][419]LogModuleManager: Shutting down and abandoning module Toolbox (652)
[2026.03.04-07.30.45:813][419]LogModuleManager: Shutting down and abandoning module ModuleUI (650)
[2026.03.04-07.30.45:813][419]LogModuleManager: Shutting down and abandoning module OutputLog (648)
[2026.03.04-07.30.45:814][419]LogModuleManager: Shutting down and abandoning module GammaUI (646)
[2026.03.04-07.30.45:814][419]LogModuleManager: Shutting down and abandoning module Documentation (644)
[2026.03.04-07.30.45:814][419]LogModuleManager: Shutting down and abandoning module LiveCoding (642)
[2026.03.04-07.30.45:814][419]LogModuleManager: Shutting down and abandoning module LevelSequence (640)
[2026.03.04-07.30.45:814][419]LogModuleManager: Shutting down and abandoning module MovieSceneTracks (638)
[2026.03.04-07.30.45:814][419]LogModuleManager: Shutting down and abandoning module MovieScene (636)
[2026.03.04-07.30.45:814][419]LogModuleManager: Shutting down and abandoning module StreamingPauseRendering (634)
[2026.03.04-07.30.45:814][419]LogModuleManager: Shutting down and abandoning module LauncherPlatform (632)
[2026.03.04-07.30.45:814][419]LogModuleManager: Shutting down and abandoning module AnalyticsET (630)
[2026.03.04-07.30.45:814][419]LogModuleManager: Shutting down and abandoning module PortalServices (628)
[2026.03.04-07.30.45:814][419]LogModuleManager: Shutting down and abandoning module PortalRpc (626)
[2026.03.04-07.30.45:814][419]LogModuleManager: Shutting down and abandoning module MessagingRpc (624)
[2026.03.04-07.30.45:814][419]LogModuleManager: Shutting down and abandoning module AudioMixerXAudio2 (622)
[2026.03.04-07.30.45:814][419]LogModuleManager: Shutting down and abandoning module AudioMixerCore (621)
[2026.03.04-07.30.45:814][419]LogModuleManager: Shutting down and abandoning module AIModule (618)
[2026.03.04-07.30.45:814][419]LogModuleManager: Shutting down and abandoning module GameplayDebugger (617)
[2026.03.04-07.30.45:814][419]LogModuleManager: Shutting down and abandoning module AITestSuite (615)
[2026.03.04-07.30.45:814][419]LogModuleManager: Shutting down and abandoning module NavigationSystem (613)
[2026.03.04-07.30.45:814][419]LogModuleManager: Shutting down and abandoning module ImageWriteQueue (610)
[2026.03.04-07.30.45:820][419]LogModuleManager: Shutting down and abandoning module ProfilerService (608)
[2026.03.04-07.30.45:947][419]LogModuleManager: Shutting down and abandoning module TaskGraph (606)
[2026.03.04-07.30.45:947][419]LogModuleManager: Shutting down and abandoning module AudioSynesthesiaEditor (604)
[2026.03.04-07.30.45:947][419]LogModuleManager: Shutting down and abandoning module ContentBrowserClassDataSource (602)
[2026.03.04-07.30.45:947][419]LogModuleManager: Shutting down and abandoning module ContentBrowserFileDataSource (600)
[2026.03.04-07.30.45:947][419]LogModuleManager: Shutting down and abandoning module ContentBrowserAssetDataSource (598)
[2026.03.04-07.30.45:947][419]LogModuleManager: Shutting down and abandoning module CollectionManager (597)
[2026.03.04-07.30.45:947][419]LogModuleManager: Shutting down and abandoning module OculusEditor (594)
[2026.03.04-07.30.45:948][419]LogModuleManager: Shutting down and abandoning module OculusInput (592)
[2026.03.04-07.30.45:948][419]LogModuleManager: Shutting down and abandoning module SpeedTreeImporter (590)
[2026.03.04-07.30.45:948][419]LogModuleManager: Shutting down and abandoning module MobileLauncherProfileWizard (588)
[2026.03.04-07.30.45:948][419]LogModuleManager: Shutting down and abandoning module PluginBrowser (586)
[2026.03.04-07.30.45:948][419]LogModuleManager: Shutting down and abandoning module MaterialAnalyzer (584)
[2026.03.04-07.30.45:948][419]LogModuleManager: Shutting down and abandoning module CryptoKeysOpenSSL (582)
[2026.03.04-07.30.45:948][419]LogModuleManager: Shutting down and abandoning module CryptoKeys (580)
[2026.03.04-07.30.45:948][419]LogModuleManager: Shutting down and abandoning module CurveEditorTools (578)
[2026.03.04-07.30.45:948][419]LogModuleManager: Shutting down and abandoning module TakeSequencer (576)
[2026.03.04-07.30.45:948][419]LogModuleManager: Shutting down and abandoning module TakeMovieScene (574)
[2026.03.04-07.30.45:948][419]LogModuleManager: Shutting down and abandoning module ScreenshotTools (572)
[2026.03.04-07.30.45:948][419]LogModuleManager: Shutting down and abandoning module SynthesisEditor (570)
[2026.03.04-07.30.45:948][419]LogModuleManager: Shutting down and abandoning module Synthesis (568)
[2026.03.04-07.30.45:948][419]LogModuleManager: Shutting down and abandoning module ProceduralMeshComponentEditor (566)
[2026.03.04-07.30.45:948][419]LogModuleManager: Shutting down and abandoning module ProceduralMeshComponent (564)
[2026.03.04-07.30.45:948][419]LogModuleManager: Shutting down and abandoning module OpenXREditor (562)
[2026.03.04-07.30.45:948][419]LogModuleManager: Shutting down and abandoning module MobilePatchingUtils (560)
[2026.03.04-07.30.45:948][419]LogModuleManager: Shutting down and abandoning module GooglePAD (558)
[2026.03.04-07.30.45:948][419]LogModuleManager: Shutting down and abandoning module EditableMesh (556)
[2026.03.04-07.30.45:948][419]LogModuleManager: Shutting down and abandoning module CustomMeshComponent (554)
[2026.03.04-07.30.45:948][419]LogModuleManager: Shutting down and abandoning module CableComponent (552)
[2026.03.04-07.30.45:948][419]LogModuleManager: Shutting down and abandoning module AudioCapture (550)
[2026.03.04-07.30.45:948][419]LogModuleManager: Shutting down and abandoning module AudioCaptureRtAudio (549)
[2026.03.04-07.30.45:948][419]LogModuleManager: Shutting down and abandoning module AssetTags (546)
[2026.03.04-07.30.45:948][419]LogModuleManager: Shutting down and abandoning module ArchVisCharacter (544)
[2026.03.04-07.30.45:948][419]LogModuleManager: Shutting down and abandoning module AppleImageUtilsBlueprintSupport (542)
[2026.03.04-07.30.45:948][419]LogModuleManager: Shutting down and abandoning module AppleImageUtils (540)
[2026.03.04-07.30.45:948][419]LogModuleManager: Shutting down and abandoning module AndroidPermission (538)
[2026.03.04-07.30.45:948][419]LogModuleManager: Shutting down and abandoning module ActorLayerUtilitiesEditor (536)
[2026.03.04-07.30.45:948][419]LogModuleManager: Shutting down and abandoning module ActorLayerUtilities (534)
[2026.03.04-07.30.45:948][419]LogModuleManager: Shutting down and abandoning module TemplateSequence (532)
[2026.03.04-07.30.45:948][419]LogModuleManager: Shutting down and abandoning module MagicLeapSharedWorld (530)
[2026.03.04-07.30.45:948][419]LogModuleManager: Shutting down and abandoning module MagicLeapLightEstimation (528)
[2026.03.04-07.30.45:948][419]LogModuleManager: Shutting down and abandoning module MediaCompositing (526)
[2026.03.04-07.30.45:948][419]LogModuleManager: Shutting down and abandoning module MagicLeapHelperVulkan (524)
[2026.03.04-07.30.45:948][419]LogModuleManager: Shutting down and abandoning module MagicLeapHelperOpenGL (522)
[2026.03.04-07.30.45:948][419]LogModuleManager: Shutting down and abandoning module MagicLeapAudio (520)
[2026.03.04-07.30.45:948][419]LogModuleManager: Shutting down and abandoning module ImgMedia (518)
[2026.03.04-07.30.45:948][419]LogModuleManager: Shutting down and abandoning module NiagaraEditorWidgets (516)
[2026.03.04-07.30.45:948][419]LogModuleManager: Shutting down and abandoning module MotoSynthEditor (514)
[2026.03.04-07.30.45:948][419]LogModuleManager: Shutting down and abandoning module MotoSynth (512)
[2026.03.04-07.30.45:948][419]LogModuleManager: Shutting down and abandoning module OpenImageDenoise (510)
[2026.03.04-07.30.45:948][419]LogOpenImageDenoise: OIDN shutting down
[2026.03.04-07.30.45:948][419]LogModuleManager: Shutting down and abandoning module MeshConversion (508)
[2026.03.04-07.30.45:948][419]LogModuleManager: Shutting down and abandoning module DynamicMesh (506)
[2026.03.04-07.30.45:948][419]LogModuleManager: Shutting down and abandoning module GeometryAlgorithms (504)
[2026.03.04-07.30.45:948][419]LogModuleManager: Shutting down and abandoning module GeometricObjects (502)
[2026.03.04-07.30.45:948][419]LogModuleManager: Shutting down and abandoning module GeometryCollectionTracks (500)
[2026.03.04-07.30.45:948][419]LogModuleManager: Shutting down and abandoning module GeometryCollectionSequencer (499)
[2026.03.04-07.30.45:948][419]LogModuleManager: Shutting down and abandoning module GeometryCollectionEditor (496)
[2026.03.04-07.30.45:948][419]LogModuleManager: Shutting down and abandoning module GeometryCacheTracks (494)
[2026.03.04-07.30.45:948][419]LogModuleManager: Shutting down and abandoning module GeometryCacheStreamer (492)
[2026.03.04-07.30.45:948][419]LogModuleManager: Shutting down and abandoning module GeometryCacheSequencer (490)
[2026.03.04-07.30.45:948][419]LogModuleManager: Shutting down and abandoning module VariantManagerContentEditor (488)
[2026.03.04-07.30.45:948][419]LogModuleManager: Shutting down and abandoning module ChaosSolverEditor (486)
[2026.03.04-07.30.45:948][419]LogModuleManager: Shutting down and abandoning module ChaosNiagara (484)
[2026.03.04-07.30.45:948][419]LogModuleManager: Shutting down and abandoning module FractureEditor (482)
[2026.03.04-07.30.45:948][419]LogModuleManager: Shutting down and abandoning module FieldSystemEngine (481)
[2026.03.04-07.30.45:948][419]LogModuleManager: Shutting down and abandoning module ChaosClothEditor (478)
[2026.03.04-07.30.45:948][419]LogModuleManager: Shutting down and abandoning module DatasmithContentEditor (476)
[2026.03.04-07.30.45:948][419]LogModuleManager: Shutting down and abandoning module BackChannel (474)
[2026.03.04-07.30.45:948][419]LogModuleManager: Shutting down and abandoning module AutomationUtilsEditor (472)
[2026.03.04-07.30.45:948][419]LogModuleManager: Shutting down and abandoning module AutomationUtils (470)
[2026.03.04-07.30.45:948][419]LogModuleManager: Shutting down and abandoning module AlembicImporter (468)
[2026.03.04-07.30.45:948][419]LogModuleManager: Shutting down and abandoning module AlembicLibrary (467)
[2026.03.04-07.30.45:949][419]LogModuleManager: Shutting down and abandoning module GeometryCache (466)
[2026.03.04-07.30.45:949][419]LogModuleManager: Shutting down and abandoning module GeometryCacheEd (465)
[2026.03.04-07.30.45:949][419]LogModuleManager: Shutting down and abandoning module VisualStudioCodeSourceCodeAccess (460)
[2026.03.04-07.30.45:949][419]LogModuleManager: Shutting down and abandoning module VisualStudioSourceCodeAccess (458)
[2026.03.04-07.30.45:949][419]LogModuleManager: Shutting down and abandoning module UObjectPlugin (456)
[2026.03.04-07.30.45:949][419]LogModuleManager: Shutting down and abandoning module SubversionSourceControl (454)
[2026.03.04-07.30.45:949][419]LogModuleManager: Shutting down and abandoning module RiderSourceCodeAccess (452)
[2026.03.04-07.30.45:949][419]LogModuleManager: Shutting down and abandoning module PlasticSourceControl (450)
[2026.03.04-07.30.45:949][419]LogModuleManager: Shutting down and abandoning module PerforceSourceControl (448)
[2026.03.04-07.30.45:949][419]LogModuleManager: Shutting down and abandoning module PluginUtils (446)
[2026.03.04-07.30.45:949][419]LogModuleManager: Shutting down and abandoning module GitSourceControl (444)
[2026.03.04-07.30.45:949][419]LogModuleManager: Shutting down and abandoning module SourceControl (443)
[2026.03.04-07.30.45:949][419]LogModuleManager: Shutting down and abandoning module CLionSourceCodeAccess (440)
[2026.03.04-07.30.45:949][419]LogModuleManager: Shutting down and abandoning module AnimationSharingEd (438)
[2026.03.04-07.30.45:949][419]LogModuleManager: Shutting down and abandoning module OodleNetworkHandlerComponent (436)
[2026.03.04-07.30.45:949][419]LogModuleManager: Shutting down and abandoning module LiveLinkSequencer (434)
[2026.03.04-07.30.45:949][419]LogModuleManager: Shutting down and abandoning module LiveLinkMovieScene (432)
[2026.03.04-07.30.45:949][419]LogModuleManager: Shutting down and abandoning module LiveLinkGraphNode (430)
[2026.03.04-07.30.45:949][419]LogModuleManager: Shutting down and abandoning module LiveLinkEditor (428)
[2026.03.04-07.30.45:949][419]LogModuleManager: Shutting down and abandoning module LiveLinkComponents (426)
[2026.03.04-07.30.45:949][419]LogModuleManager: Shutting down and abandoning module LiveLink (424)
[2026.03.04-07.30.46:758][419]LogModuleManager: Shutting down and abandoning module LightPropagationVolumeEditor (422)
[2026.03.04-07.30.46:758][419]LogModuleManager: Shutting down and abandoning module PaperTiledImporter (420)
[2026.03.04-07.30.46:758][419]LogModuleManager: Shutting down and abandoning module PaperSpriteSheetImporter (418)
[2026.03.04-07.30.46:758][419]LogModuleManager: Shutting down and abandoning module Paper2DEditor (416)
[2026.03.04-07.30.46:758][419]LogModuleManager: Shutting down and abandoning module MeshPaintingToolset (414)
[2026.03.04-07.30.46:758][419]LogModuleManager: Shutting down and abandoning module MeshPaintEditorMode (412)
[2026.03.04-07.30.46:758][419]LogModuleManager: Shutting down and abandoning module FacialAnimationEditor (410)
[2026.03.04-07.30.46:758][419]LogModuleManager: Shutting down and abandoning module FacialAnimation (408)
[2026.03.04-07.30.46:758][419]LogModuleManager: Shutting down and abandoning module GameplayTagsEditor (406)
[2026.03.04-07.30.46:758][419]LogModuleManager: Shutting down and abandoning module DataValidation (404)
[2026.03.04-07.30.46:758][419]LogModuleManager: Shutting down and abandoning module AssetManagerEditor (402)
[2026.03.04-07.30.46:758][419]LogModuleManager: Shutting down and abandoning module LevelEditor (401)
[2026.03.04-07.30.46:759][419]LogModuleManager: Shutting down and abandoning module PixelInspectorModule (400)
[2026.03.04-07.30.46:759][419]LogModuleManager: Shutting down and abandoning module CommonMenuExtensions (398)
[2026.03.04-07.30.46:759][419]LogModuleManager: Shutting down and abandoning module MainFrame (396)
[2026.03.04-07.30.46:759][419]LogModuleManager: Shutting down and abandoning module HotReload (395)
[2026.03.04-07.30.46:760][419]LogModuleManager: Shutting down and abandoning module ToolMenus (391)
[2026.03.04-07.30.46:760][419]LogModuleManager: Shutting down and abandoning module TreeMap (389)
[2026.03.04-07.30.46:760][419]LogModuleManager: Shutting down and abandoning module SoundFields (386)
[2026.03.04-07.30.46:760][419]LogModuleManager: Shutting down and abandoning module SignificanceManager (384)
[2026.03.04-07.30.46:760][419]LogModuleManager: Shutting down and abandoning module RuntimePhysXCooking (382)
[2026.03.04-07.30.46:760][419]LogModuleManager: Shutting down and abandoning module PropertyAccessEditor (380)
[2026.03.04-07.30.46:760][419]LogModuleManager: Shutting down and abandoning module PhysXVehiclesEditor (378)
[2026.03.04-07.30.46:760][419]LogModuleManager: Shutting down and abandoning module LocationServicesBPLibrary (374)
[2026.03.04-07.30.46:760][419]LogModuleManager: Shutting down and abandoning module AudioSynesthesia (372)
[2026.03.04-07.30.46:760][419]LogModuleManager: Shutting down and abandoning module AudioSynesthesiaCore (370)
[2026.03.04-07.30.46:760][419]LogModuleManager: Shutting down and abandoning module TcpMessaging (368)
[2026.03.04-07.30.46:860][419]LogModuleManager: Shutting down and abandoning module UdpMessaging (366)
[2026.03.04-07.30.46:961][419]LogModuleManager: Shutting down and abandoning module MagicLeapARPin (364)
[2026.03.04-07.30.46:961][419]LogModuleManager: Shutting down and abandoning module ActorSequence (362)
[2026.03.04-07.30.46:961][419]LogModuleManager: Shutting down and abandoning module MagicLeapHandMeshing (360)
[2026.03.04-07.30.46:961][419]LogModuleManager: Shutting down and abandoning module MagicLeapSecureStorage (358)
[2026.03.04-07.30.46:961][419]LogModuleManager: Shutting down and abandoning module MagicLeapPrivileges (356)
[2026.03.04-07.30.46:961][419]LogModuleManager: Shutting down and abandoning module MagicLeapPlanes (354)
[2026.03.04-07.30.46:961][419]LogMagicLeapPlanes: Planes tracker already destroyed.
[2026.03.04-07.30.46:961][419]LogModuleManager: Shutting down and abandoning module MagicLeapImageTracker (352)
[2026.03.04-07.30.46:961][419]LogModuleManager: Shutting down and abandoning module MagicLeapIdentity (350)
[2026.03.04-07.30.46:961][419]LogModuleManager: Shutting down and abandoning module MagicLeapHandTracking (348)
[2026.03.04-07.30.46:961][419]LogModuleManager: Shutting down and abandoning module MagicLeapEyeTracker (346)
[2026.03.04-07.30.46:961][419]LogModuleManager: Shutting down and abandoning module MagicLeapController (344)
[2026.03.04-07.30.46:961][419]LogModuleManager: Shutting down and abandoning module MagicLeapARPinImpl (342)
[2026.03.04-07.30.46:961][419]LogModuleManager: Shutting down and abandoning module MagicLeapAR (340)
[2026.03.04-07.30.46:961][419]LogModuleManager: Shutting down and abandoning module ImgMediaEngine (338)
[2026.03.04-07.30.46:961][419]LogModuleManager: Shutting down and abandoning module PythonScriptPlugin (336)
[2026.03.04-07.30.46:961][419]LogModuleManager: Shutting down and abandoning module NiagaraAnimNotifies (334)
[2026.03.04-07.30.46:961][419]LogModuleManager: Shutting down and abandoning module Niagara (332)
[2026.03.04-07.30.46:961][419]LogModuleManager: Shutting down and abandoning module SignalProcessing (331)
[2026.03.04-07.30.46:961][419]LogModuleManager: Shutting down and abandoning module NiagaraEditor (329)
[2026.03.04-07.30.46:961][419]LogModuleManager: Shutting down and abandoning module ContentBrowser (328)
[2026.03.04-07.30.46:961][419]LogModuleManager: Shutting down and abandoning module ContentBrowserData (327)
[2026.03.04-07.30.46:961][419]LogModuleManager: Shutting down and abandoning module NiagaraCore (322)
[2026.03.04-07.30.46:961][419]LogModuleManager: Shutting down and abandoning module PropertyAccessNode (320)
[2026.03.04-07.30.46:961][419]LogModuleManager: Shutting down and abandoning module AnimationSharing (318)
[2026.03.04-07.30.46:961][419]LogModuleManager: Shutting down and abandoning module EnvironmentQueryEditor (316)
[2026.03.04-07.30.46:961][419]LogModuleManager: Shutting down and abandoning module GameplayCameras (314)
[2026.03.04-07.30.46:961][419]LogModuleManager: Shutting down and abandoning module LightPropagationVolumeRuntime (312)
[2026.03.04-07.30.46:961][419]LogModuleManager: Shutting down and abandoning module Paper2D (310)
[2026.03.04-07.30.46:961][419]LogModuleManager: Shutting down and abandoning module WindowsMoviePlayer (308)
[2026.03.04-07.30.46:965][419]LogModuleManager: Shutting down and abandoning module WebMMoviePlayer (306)
[2026.03.04-07.30.46:965][419]LogModuleManager: Shutting down and abandoning module NetworkReplayStreaming (304)
[2026.03.04-07.30.46:965][419]LogModuleManager: Shutting down and abandoning module PacketHandler (302)
[2026.03.04-07.30.46:965][419]LogModuleManager: Shutting down and abandoning module ClothingSystemEditor (300)
[2026.03.04-07.30.46:965][419]LogModuleManager: Shutting down and abandoning module ClothingSystemRuntimeNv (298)
[2026.03.04-07.30.46:965][419]LogModuleManager: Shutting down and abandoning module MediaAssets (296)
[2026.03.04-07.30.46:965][419]LogModuleManager: Shutting down and abandoning module Overlay (294)
[2026.03.04-07.30.46:965][419]LogModuleManager: Shutting down and abandoning module OverlayEditor (293)
[2026.03.04-07.30.46:965][419]LogModuleManager: Shutting down and abandoning module VREditor (290)
[2026.03.04-07.30.46:965][419]LogModuleManager: Shutting down and abandoning module StringTableEditor (288)
[2026.03.04-07.30.46:965][419]LogModuleManager: Shutting down and abandoning module GameplayTasksEditor (286)
[2026.03.04-07.30.46:965][419]LogModuleManager: Shutting down and abandoning module BehaviorTreeEditor (284)
[2026.03.04-07.30.46:965][419]LogModuleManager: Shutting down and abandoning module FunctionalTesting (282)
[2026.03.04-07.30.46:965][419]LogModuleManager: Shutting down and abandoning module CollisionAnalyzer (280)
[2026.03.04-07.30.46:966][419]LogModuleManager: Shutting down and abandoning module WorkspaceMenuStructure (279)
[2026.03.04-07.30.46:966][419]LogModuleManager: Shutting down and abandoning module UMG (276)
[2026.03.04-07.30.46:966][419]LogModuleManager: Shutting down and abandoning module UMGEditor (275)
[2026.03.04-07.30.46:966][419]LogModuleManager: Shutting down and abandoning module MessageLog (273)
[2026.03.04-07.30.46:966][419]LogModuleManager: Shutting down and abandoning module SlateReflector (268)
[2026.03.04-07.30.46:966][419]LogModuleManager: Shutting down and abandoning module Slate (266)
[2026.03.04-07.30.46:966][419]LogModuleManager: Shutting down and abandoning module SlateCore (264)
[2026.03.04-07.30.46:966][419]LogModuleManager: Shutting down and abandoning module LandscapeEditorUtilities (262)
[2026.03.04-07.30.46:967][419]LogModuleManager: Shutting down and abandoning module UnrealEd (260)
[2026.03.04-07.30.46:967][419]LogModuleManager: Shutting down and abandoning module MRMesh (258)
[2026.03.04-07.30.46:967][419]LogModuleManager: Shutting down and abandoning module SourceCodeAccess (256)
[2026.03.04-07.30.46:967][419]LogModuleManager: Shutting down and abandoning module HeadMountedDisplay (254)
[2026.03.04-07.30.46:967][419]LogModuleManager: Shutting down and abandoning module XAudio2 (252)
[2026.03.04-07.30.46:967][419]LogModuleManager: Shutting down and abandoning module Networking (250)
[2026.03.04-07.30.46:967][419]LogModuleManager: Shutting down and abandoning module Core (248)
[2026.03.04-07.30.46:967][419]LogModuleManager: Shutting down and abandoning module MaterialEditor (246)
[2026.03.04-07.30.46:967][419]LogModuleManager: Shutting down and abandoning module MovieSceneTools (244)
[2026.03.04-07.30.46:967][419]LogModuleManager: Shutting down and abandoning module CurveEditor (243)
[2026.03.04-07.30.46:967][419]LogModuleManager: Shutting down and abandoning module Sequencer (241)
[2026.03.04-07.30.46:967][419]LogModuleManager: Shutting down and abandoning module EditorStyle (240)
[2026.03.04-07.30.46:968][419]LogModuleManager: Shutting down and abandoning module KismetCompiler (236)
[2026.03.04-07.30.46:968][419]LogModuleManager: Shutting down and abandoning module MeshBuilder (234)
[2026.03.04-07.30.46:968][419]LogModuleManager: Shutting down and abandoning module MeshUtilities (232)
[2026.03.04-07.30.46:968][419]LogModuleManager: Shutting down and abandoning module MeshMergeUtilities (231)
[2026.03.04-07.30.46:968][419]LogModuleManager: Shutting down and abandoning module MeshReductionInterface (230)
[2026.03.04-07.30.46:968][419]LogModuleManager: Shutting down and abandoning module MeshBoneReduction (229)
[2026.03.04-07.30.46:968][419]LogModuleManager: Shutting down and abandoning module SkeletalMeshReduction (227)
[2026.03.04-07.30.46:968][419]LogModuleManager: Shutting down and abandoning module ProxyLODMeshReduction (225)
[2026.03.04-07.30.46:968][419]LogModuleManager: Shutting down and abandoning module QuadricMeshReduction (223)
[2026.03.04-07.30.46:968][419]LogModuleManager: Shutting down and abandoning module MaterialBaking (219)
[2026.03.04-07.30.46:968][419]LogModuleManager: Shutting down and abandoning module NullInstallBundleManager (214)
[2026.03.04-07.30.46:968][419]LogModuleManager: Shutting down and abandoning module DerivedDataCache (212)
[2026.03.04-07.30.46:968][419]LogModuleManager: Shutting down and abandoning module TargetPlatform (210)
[2026.03.04-07.30.46:968][419]LogModuleManager: Shutting down and abandoning module VulkanShaderFormat (209)
[2026.03.04-07.30.46:968][419]LogModuleManager: Shutting down and abandoning module ShaderFormatVectorVM (207)
[2026.03.04-07.30.46:968][419]LogModuleManager: Shutting down and abandoning module ShaderFormatOpenGL (205)
[2026.03.04-07.30.46:968][419]LogModuleManager: Shutting down and abandoning module ShaderFormatD3D (203)
[2026.03.04-07.30.46:968][419]LogModuleManager: Shutting down and abandoning module MetalShaderFormat (201)
[2026.03.04-07.30.46:968][419]LogModuleManager: Shutting down and abandoning module TextureFormatOodle (199)
[2026.03.04-07.30.46:968][419]LogModuleManager: Shutting down and abandoning module TextureFormatUncompressed (197)
[2026.03.04-07.30.46:968][419]LogModuleManager: Shutting down and abandoning module TextureFormatPVR (195)
[2026.03.04-07.30.46:968][419]LogModuleManager: Shutting down and abandoning module TextureFormatETC2 (193)
[2026.03.04-07.30.46:968][419]LogModuleManager: Shutting down and abandoning module TextureFormatDXT (191)
[2026.03.04-07.30.46:968][419]LogModuleManager: Shutting down and abandoning module TextureFormatIntelISPCTexComp (189)
[2026.03.04-07.30.46:968][419]LogModuleManager: Shutting down and abandoning module TextureFormatASTC (187)
[2026.03.04-07.30.46:968][419]LogModuleManager: Shutting down and abandoning module ImageWrapper (186)
[2026.03.04-07.30.46:968][419]LogModuleManager: Shutting down and abandoning module AudioFormatOpus (183)
[2026.03.04-07.30.46:968][419]LogModuleManager: Shutting down and abandoning module AudioFormatOgg (181)
[2026.03.04-07.30.46:968][419]LogModuleManager: Shutting down and abandoning module AudioFormatADPCM (179)
[2026.03.04-07.30.46:968][419]LogModuleManager: Shutting down and abandoning module WindowsServerTargetPlatform (177)
[2026.03.04-07.30.46:968][419]LogModuleManager: Shutting down and abandoning module WindowsClientTargetPlatform (175)
[2026.03.04-07.30.46:968][419]LogModuleManager: Shutting down and abandoning module WindowsTargetPlatform (173)
[2026.03.04-07.30.46:968][419]LogModuleManager: Shutting down and abandoning module WindowsNoEditorTargetPlatform (171)
[2026.03.04-07.30.46:968][419]LogModuleManager: Shutting down and abandoning module TVOSTargetPlatform (169)
[2026.03.04-07.30.46:970][419]LogModuleManager: Shutting down and abandoning module MacServerTargetPlatform (167)
[2026.03.04-07.30.46:970][419]LogModuleManager: Shutting down and abandoning module MacClientTargetPlatform (165)
[2026.03.04-07.30.46:970][419]LogModuleManager: Shutting down and abandoning module MacTargetPlatform (163)
[2026.03.04-07.30.46:970][419]LogModuleManager: Shutting down and abandoning module MacNoEditorTargetPlatform (161)
[2026.03.04-07.30.46:970][419]LogModuleManager: Shutting down and abandoning module LuminTargetPlatform (159)
[2026.03.04-07.30.46:971][419]LogModuleManager: Shutting down and abandoning module LinuxAArch64ServerTargetPlatform (157)
[2026.03.04-07.30.46:971][419]LogModuleManager: Shutting down and abandoning module LinuxAArch64ClientTargetPlatform (155)
[2026.03.04-07.30.46:971][419]LogModuleManager: Shutting down and abandoning module LinuxAArch64NoEditorTargetPlatform (153)
[2026.03.04-07.30.46:971][419]LogModuleManager: Shutting down and abandoning module LinuxServerTargetPlatform (151)
[2026.03.04-07.30.46:971][419]LogModuleManager: Shutting down and abandoning module LinuxClientTargetPlatform (149)
[2026.03.04-07.30.46:971][419]LogModuleManager: Shutting down and abandoning module LinuxNoEditorTargetPlatform (147)
[2026.03.04-07.30.46:971][419]LogModuleManager: Shutting down and abandoning module LinuxTargetPlatform (145)
[2026.03.04-07.30.46:971][419]LogModuleManager: Shutting down and abandoning module Messaging (143)
[2026.03.04-07.30.46:971][419]LogModuleManager: Shutting down and abandoning module IOSTargetPlatform (141)
[2026.03.04-07.30.46:972][419]LogModuleManager: Shutting down and abandoning module AndroidTargetPlatform (139)
[2026.03.04-07.30.46:976][419]LogModuleManager: Shutting down and abandoning module AllDesktopTargetPlatform (137)
[2026.03.04-07.30.46:976][419]LogModuleManager: Shutting down and abandoning module D3D11RHI (134)
[2026.03.04-07.30.46:976][419]LogModuleManager: Shutting down and abandoning module InputCore (132)
[2026.03.04-07.30.46:976][419]LogModuleManager: Shutting down and abandoning module Settings (130)
[2026.03.04-07.30.46:976][419]LogModuleManager: Shutting down and abandoning module DirectoryWatcher (128)
[2026.03.04-07.30.46:976][419]LogModuleManager: Shutting down and abandoning module PhysXCooking (126)
[2026.03.04-07.30.46:976][419]LogModuleManager: Shutting down and abandoning module Chaos (124)
[2026.03.04-07.30.46:976][419]LogModuleManager: Shutting down and abandoning module WindowsPlatformFeatures (122)
[2026.03.04-07.30.46:976][419]LogModuleManager: Shutting down and abandoning module GameplayMediaEncoder (121)
[2026.03.04-07.30.46:976][419]LogModuleManager: Shutting down and abandoning module AVEncoder (120)
[2026.03.04-07.30.46:976][419]LogModuleManager: Shutting down and abandoning module SteamVRInputDevice (116)
[2026.03.04-07.30.46:976][419]LogModuleManager: Shutting down and abandoning module SteamVRInput (114)
[2026.03.04-07.30.46:977][419]LogModuleManager: Shutting down and abandoning module SteamVR (112)
[2026.03.04-07.30.46:977][419]LogHMD: Freeing OpenVRDLLHandle.
[2026.03.04-07.30.46:977][419]LogModuleManager: Shutting down and abandoning module OculusHMD (110)
[2026.03.04-07.30.46:977][419]LogModuleManager: Shutting down and abandoning module LauncherChunkInstaller (108)
[2026.03.04-07.30.46:977][419]LogModuleManager: Shutting down and abandoning module OpenXRHandTracking (106)
[2026.03.04-07.30.46:977][419]LogSlate: Slate User Destroyed.  User Index 0, Is Virtual User: 0
[2026.03.04-07.30.46:977][419]LogModuleManager: Shutting down and abandoning module OpenXREyeTracker (104)
[2026.03.04-07.30.46:977][419]LogModuleManager: Shutting down and abandoning module OpenXRAR (102)
[2026.03.04-07.30.46:977][419]LogModuleManager: Shutting down and abandoning module AugmentedReality (101)
[2026.03.04-07.30.46:977][419]LogModuleManager: Shutting down and abandoning module OpenXRHMD (98)
[2026.03.04-07.30.46:977][419]LogModuleManager: Shutting down and abandoning module ExampleDeviceProfileSelector (96)
[2026.03.04-07.30.46:977][419]LogModuleManager: Shutting down and abandoning module ChunkDownloader (94)
[2026.03.04-07.30.46:977][419]LogModuleManager: Shutting down and abandoning module OnlineBlueprintSupport (92)
[2026.03.04-07.30.46:977][419]LogModuleManager: Shutting down and abandoning module OnlineSubsystem (88)
[2026.03.04-07.30.46:978][419]LogModuleManager: Shutting down and abandoning module XMPP (83)
[2026.03.04-07.30.46:978][419]LogModuleManager: Shutting down and abandoning module WebSockets (82)
[2026.03.04-07.30.47:010][419]LogModuleManager: Shutting down and abandoning module HTTP (79)
[2026.03.04-07.30.47:010][419]LogHttp: Display: Http module shutting down, but needs to wait on 1 outstanding Http requests:
[2026.03.04-07.30.47:010][419]LogHttp: Display: 	verb=[POST] url=[https://datarouter.ol.epicgames.com/datarouter/api/v1/public/data?SessionID=%7B15E030E7-4D44-F3C9-EB08-AE9BCD505783%7D&AppID=UEEditor.Rocket.Release&AppVersion=4.27.2-18319896%2B%2B%2BUE4%2BRelease-4.27&UserID=504006f14ff8eea1c5ef6a844afcb810%7Ce54e35c6cf81428ab071018d8aa2cafb%7Ce89cadd4-c3bb-4e27-b5a1-93be281c4197&AppEnvironment=datacollector-binary&UploadType=eteventstream] refs=[1] status=Processing
[2026.03.04-07.30.47:010][419]LogHttp: Display: cleaning up 1 outstanding Http requests.
[2026.03.04-07.30.47:017][419]LogModuleManager: Shutting down and abandoning module SSL (78)
[2026.03.04-07.30.47:018][419]LogModuleManager: Shutting down and abandoning module MLSDK (74)
[2026.03.04-07.30.47:018][419]LogModuleManager: Shutting down and abandoning module WmfMedia (72)
[2026.03.04-07.30.47:019][419]LogModuleManager: Shutting down and abandoning module Media (71)
[2026.03.04-07.30.47:019][419]LogModuleManager: Shutting down and abandoning module MediaInfo (70)
[2026.03.04-07.30.47:019][419]LogModuleManager: Shutting down and abandoning module MagicLeap (66)
[2026.03.04-07.30.47:019][419]LogModuleManager: Shutting down and abandoning module ExrReaderGpu (64)
[2026.03.04-07.30.47:019][419]LogModuleManager: Shutting down and abandoning module NiagaraVertexFactories (62)
[2026.03.04-07.30.47:019][419]LogModuleManager: Shutting down and abandoning module NiagaraShader (60)
[2026.03.04-07.30.47:019][419]LogModuleManager: Shutting down and abandoning module VariantManagerContent (58)
[2026.03.04-07.30.47:019][419]LogModuleManager: Shutting down and abandoning module ChaosCloth (56)
[2026.03.04-07.30.47:019][419]LogModuleManager: Shutting down and abandoning module DatasmithContent (54)
[2026.03.04-07.30.47:019][419]LogModuleManager: Shutting down and abandoning module PixWinPlugin (52)
[2026.03.04-07.30.47:019][419]LogModuleManager: Shutting down and abandoning module AISupportModule (50)
[2026.03.04-07.30.47:019][419]LogModuleManager: Shutting down and abandoning module DesktopPlatform (48)
[2026.03.04-07.30.47:019][419]LogModuleManager: Shutting down and abandoning module PythonScriptPluginPreload (46)
[2026.03.04-07.30.47:019][419]LogModuleManager: Shutting down and abandoning module PlatformCryptoOpenSSL (44)
[2026.03.04-07.30.47:019][419]LogModuleManager: Shutting down and abandoning module PlatformCryptoTypes (42)
[2026.03.04-07.30.47:019][419]LogModuleManager: Shutting down and abandoning module PlatformCrypto (40)
[2026.03.04-07.30.47:019][419]LogModuleManager: Shutting down and abandoning module OodleDataCompressionFormat (38)
[2026.03.04-07.30.47:019][419]LogModuleManager: Shutting down and abandoning module XGEController (36)
[2026.03.04-07.30.47:019][419]LogModuleManager: Shutting down and abandoning module AnimationModifiers (34)
[2026.03.04-07.30.47:019][419]LogModuleManager: Shutting down and abandoning module AudioEditor (32)
[2026.03.04-07.30.47:020][419]LogModuleManager: Shutting down and abandoning module PropertyEditor (31)
[2026.03.04-07.30.47:020][419]LogModuleManager: Shutting down and abandoning module TextureCompressor (28)
[2026.03.04-07.30.47:020][419]LogModuleManager: Shutting down and abandoning module RenderCore (26)
[2026.03.04-07.30.47:020][419]LogModuleManager: Shutting down and abandoning module Landscape (24)
[2026.03.04-07.30.47:020][419]LogModuleManager: Shutting down and abandoning module SlateRHIRenderer (22)
[2026.03.04-07.30.47:021][419]LogModuleManager: Shutting down and abandoning module AnimGraphRuntime (20)
[2026.03.04-07.30.47:021][419]LogModuleManager: Shutting down and abandoning module Renderer (18)
[2026.03.04-07.30.47:021][419]LogModuleManager: Shutting down and abandoning module Engine (16)
[2026.03.04-07.30.47:021][419]LogModuleManager: Shutting down and abandoning module CoreUObject (14)
[2026.03.04-07.30.47:021][419]LogModuleManager: Shutting down and abandoning module NetworkFile (12)
[2026.03.04-07.30.47:021][419]LogModuleManager: Shutting down and abandoning module CookedIterativeFile (10)
[2026.03.04-07.30.47:021][419]LogModuleManager: Shutting down and abandoning module StreamingFile (8)
[2026.03.04-07.30.47:021][419]LogModuleManager: Shutting down and abandoning module SandboxFile (6)
[2026.03.04-07.30.47:021][419]LogModuleManager: Shutting down and abandoning module PakFile (4)
[2026.03.04-07.30.47:021][419]LogModuleManager: Shutting down and abandoning module RSA (3)
[2026.03.04-07.30.47:021][419]LogContentStreaming: Display: There are 1 unreleased StreamingManagers
[2026.03.04-07.30.47:043][419]LogD3D11RHI: Shutdown
[2026.03.04-07.30.47:043][419]LogD3D11RHI: CleanupD3DDevice
[2026.03.04-07.30.47:052][419]LogExit: Exiting.
[2026.03.04-07.30.47:064][419]Log file closed, 03/04/26 00:30:47
