Log file open, 03/15/26 15:25:50
LogWindows: Failed to load 'aqProf.dll' (GetLastError=126)
LogWindows: File 'aqProf.dll' does not exist
LogWindows: Failed to load 'VtuneApi.dll' (GetLastError=126)
LogWindows: File 'VtuneApi.dll' does not exist
LogWindows: Failed to load 'VtuneApi32e.dll' (GetLastError=126)
LogWindows: File 'VtuneApi32e.dll' does not exist
LogConsoleResponse: Display: Failed to find resolution value strings in scalability ini. Falling back to default.
LogConsoleResponse: Display: Failed to find resolution value strings in scalability ini. Falling back to default.
LogInit: Display: Running engine for game: RoadHopper
LogPlatformFile: Not using cached read wrapper
LogTaskGraph: Started task graph with 5 named threads and 47 total threads with 3 sets of task threads.
LogStats: Stats thread started at 0.663461
LogICUInternationalization: ICU TimeZone Detection - Raw Offset: -7:00, Platform Override: ''
LogInit: Display: Loading text-based GConfig....
LogPluginManager: Mounting plugin MeshPainting
LogPluginManager: Mounting plugin XGEController
LogPluginManager: Mounting plugin AISupport
LogPluginManager: Mounting plugin Paper2D
LogPluginManager: Mounting plugin LightPropagationVolume
LogPluginManager: Mounting plugin AnimationSharing
LogPluginManager: Mounting plugin LiveLink
LogPluginManager: Mounting plugin EnvironmentQueryEditor
LogPluginManager: Mounting plugin OodleData
LogPluginManager: Mounting plugin CLionSourceCodeAccess
LogPluginManager: Mounting plugin CodeLiteSourceCodeAccess
LogPluginManager: Mounting plugin GitSourceControl
LogPluginManager: Mounting plugin NullSourceCodeAccess
LogPluginManager: Mounting plugin KDevelopSourceCodeAccess
LogPluginManager: Mounting plugin PlasticSourceControl
LogPluginManager: Mounting plugin OodleNetwork
LogPluginManager: Mounting plugin AssetManagerEditor
LogPluginManager: Mounting plugin PerforceSourceControl
LogPluginManager: Mounting plugin PixWinPlugin
LogPluginManager: Mounting plugin RiderSourceCodeAccess
LogPluginManager: Mounting plugin PluginUtils
LogPluginManager: Mounting plugin PropertyAccessNode
LogPluginManager: Mounting plugin CryptoKeys
LogPluginManager: Mounting plugin SubversionSourceControl
LogPluginManager: Mounting plugin TextureFormatOodle
LogPluginManager: Mounting plugin CurveEditorTools
LogPluginManager: Mounting plugin UObjectPlugin
LogPluginManager: Mounting plugin DataValidation
LogPluginManager: Mounting plugin FacialAnimation
LogPluginManager: Mounting plugin VisualStudioSourceCodeAccess
LogPluginManager: Mounting plugin VisualStudioCodeSourceCodeAccess
LogPluginManager: Mounting plugin XCodeSourceCodeAccess
LogPluginManager: Mounting plugin GeometryMode
LogPluginManager: Mounting plugin GameplayTagsEditor
LogPluginManager: Mounting plugin MacGraphicsSwitching
LogPluginManager: Mounting plugin DatasmithContent
LogPluginManager: Mounting plugin MaterialAnalyzer
LogPluginManager: Mounting plugin MobileLauncherProfileWizard
LogPluginManager: Mounting plugin PluginBrowser
LogPluginManager: Mounting plugin SpeedTreeImporter
LogPluginManager: Mounting plugin Niagara
LogPluginManager: Mounting plugin VariantManagerContent
LogPluginManager: Mounting plugin AlembicImporter
LogPluginManager: Mounting plugin AutomationUtils
LogPluginManager: Mounting plugin BackChannel
LogPluginManager: Mounting plugin ChaosClothEditor
LogPluginManager: Mounting plugin ChaosCloth
LogPluginManager: Mounting plugin ChaosEditor
LogPluginManager: Mounting plugin ChaosNiagara
LogPluginManager: Mounting plugin ChaosSolverPlugin
LogPluginManager: Mounting plugin CharacterAI
LogPluginManager: Mounting plugin GeometryCache
LogPluginManager: Mounting plugin GeometryCollectionPlugin
LogPluginManager: Mounting plugin GeometryProcessing
LogPluginManager: Mounting plugin MotoSynth
LogPluginManager: Mounting plugin OpenImageDenoise
LogPluginManager: Mounting plugin PlatformCrypto
LogPluginManager: Mounting plugin PlanarCut
LogPluginManager: Mounting plugin ProxyLODPlugin
LogPluginManager: Mounting plugin PythonScriptPlugin
LogPluginManager: Mounting plugin LuminPlatformFeatures
LogPluginManager: Mounting plugin SkeletalReduction
LogPluginManager: Mounting plugin MagicLeap
LogPluginManager: Mounting plugin MagicLeapLightEstimation
LogPluginManager: Mounting plugin MagicLeapMedia
LogPluginManager: Mounting plugin AndroidMedia
LogPluginManager: Mounting plugin MagicLeapPassableWorld
LogPluginManager: Mounting plugin MLSDK
LogPluginManager: Mounting plugin AvfMedia
LogPluginManager: Mounting plugin ImgMedia
LogPluginManager: Mounting plugin MediaCompositing
LogPluginManager: Mounting plugin TcpMessaging
LogPluginManager: Mounting plugin UdpMessaging
LogPluginManager: Mounting plugin ActorSequence
LogPluginManager: Mounting plugin MediaPlayerEditor
LogPluginManager: Mounting plugin LevelSequenceEditor
LogPluginManager: Mounting plugin LauncherChunkInstaller
LogPluginManager: Mounting plugin TemplateSequence
LogPluginManager: Mounting plugin WebMMedia
LogPluginManager: Mounting plugin WmfMedia
LogPluginManager: Mounting plugin MatineeToLevelSequence
LogPluginManager: Mounting plugin OnlineSubsystem
LogPluginManager: Mounting plugin ActorLayerUtilities
LogPluginManager: Mounting plugin OnlineSubsystemNull
LogPluginManager: Mounting plugin AndroidDeviceProfileSelector
LogPluginManager: Mounting plugin AndroidMoviePlayer
LogPluginManager: Mounting plugin AndroidPermission
LogPluginManager: Mounting plugin OnlineSubsystemUtils
LogPluginManager: Mounting plugin AppleMoviePlayer
LogPluginManager: Mounting plugin AppleImageUtils
LogPluginManager: Mounting plugin ArchVisCharacter
LogPluginManager: Mounting plugin AssetTags
LogPluginManager: Mounting plugin AudioCapture
LogPluginManager: Mounting plugin AudioSynesthesia
LogPluginManager: Mounting plugin CableComponent
LogPluginManager: Mounting plugin ChunkDownloader
LogPluginManager: Mounting plugin CustomMeshComponent
LogPluginManager: Mounting plugin EditableMesh
LogPluginManager: Mounting plugin ScreenshotTools
LogPluginManager: Mounting plugin ExampleDeviceProfileSelector
LogPluginManager: Mounting plugin GoogleCloudMessaging
LogPluginManager: Mounting plugin GooglePAD
LogPluginManager: Mounting plugin IOSDeviceProfileSelector
LogPluginManager: Mounting plugin LinuxDeviceProfileSelector
LogPluginManager: Mounting plugin LocationServicesBPLibrary
LogPluginManager: Mounting plugin Takes
LogPluginManager: Mounting plugin MobilePatchingUtils
LogPluginManager: Mounting plugin OpenXR
LogPluginManager: Mounting plugin OpenXREyeTracker
LogPluginManager: Mounting plugin OpenXRHandTracking
LogPluginManager: Mounting plugin PhysXVehicles
LogPluginManager: Mounting plugin PostSplashScreen
LogPluginManager: Mounting plugin ProceduralMeshComponent
LogPluginManager: Mounting plugin PropertyAccessEditor
LogPluginManager: Mounting plugin RuntimePhysXCooking
LogPluginManager: Mounting plugin SignificanceManager
LogPluginManager: Mounting plugin SoundFields
LogPluginManager: Mounting plugin CameraShakePreviewer
LogPluginManager: Mounting plugin GameplayCameras
LogPluginManager: Mounting plugin Synthesis
LogPluginManager: Mounting plugin WebMMoviePlayer
LogPluginManager: Mounting plugin WindowsMoviePlayer
LogPluginManager: Mounting plugin ContentBrowserAssetDataSource
LogPluginManager: Mounting plugin ContentBrowserClassDataSource
LogPluginManager: Mounting plugin ContentBrowserFileDataSource
LogPluginManager: Mounting plugin OnlineSubsystemGooglePlay
LogPluginManager: Mounting plugin OnlineSubsystemIOS
LogPluginManager: Mounting plugin OculusVR
LogPluginManager: Mounting plugin SteamVR
PixWinPlugin: PIX capture plugin failed to initialize! Check that the process is launched from PIX.
LogInit: Using libcurl 7.55.1-DEV
LogInit:  - built for x86_64-pc-win32
LogInit:  - supports SSL with OpenSSL/1.1.1
LogInit:  - supports HTTP deflate (compression) using libz 1.2.8
LogInit:  - other features:
LogInit:      CURL_VERSION_SSL
LogInit:      CURL_VERSION_LIBZ
LogInit:      CURL_VERSION_IPV6
LogInit:      CURL_VERSION_ASYNCHDNS
LogInit:      CURL_VERSION_LARGEFILE
LogInit:      CURL_VERSION_IDN
LogInit:  CurlRequestOptions (configurable via config and command line):
LogInit:  - bVerifyPeer = true  - Libcurl will verify peer certificate
LogInit:  - bUseHttpProxy = false  - Libcurl will NOT use HTTP proxy
LogInit:  - bDontReuseConnections = false  - Libcurl will reuse connections
LogInit:  - MaxHostConnections = 16  - Libcurl will limit the number of connections to a host
LogInit:  - LocalHostAddr = Default
LogInit:  - BufferSize = 65536
LogOnline: OSS: Creating online subsystem instance for: NULL
LogInit: WinSock: version 1.1 (2.2), MaxSocks=32767, MaxUdp=65467
LogOnline: OSS: TryLoadSubsystemAndSetDefault: Loaded subsystem for module [NULL]
LogOculusPluginWrapper: OculusPlugin initialized successfully
LogHMD: Failed initializing OVRPlugin 1.59.0
LogInit: Build: ++UE4+Release-4.27-CL-18319896
LogInit: Engine Version: 4.27.2-18319896+++UE4+Release-4.27
LogInit: Compatible Engine Version: 4.27.0-17155196+++UE4+Release-4.27
LogInit: Net CL: 17155196
LogInit: OS: Windows 10 (Release 2009) (), CPU: 12th Gen Intel(R) Core(TM) i5-12600K, GPU: NVIDIA GeForce RTX 3080
LogInit: Compiled (64-bit): Nov 30 2021 07:12:08
LogInit: Compiled with Visual C++: 19.24.28315.00
LogInit: Build Configuration: Development
LogInit: Branch Name: ++UE4+Release-4.27
LogInit: Command Line: 
LogInit: Base Directory: D:/Epic Games/UE_4.27/Engine/Binaries/Win64/
LogInit: Allocator: TBB
LogInit: Installed Engine Build: 1
LogDevObjectVersion: Number of dev versions registered: 29
LogDevObjectVersion:   Dev-Blueprints (B0D832E4-1F89-4F0D-ACCF-7EB736FD4AA2): 10
LogDevObjectVersion:   Dev-Build (E1C64328-A22C-4D53-A36C-8E866417BD8C): 0
LogDevObjectVersion:   Dev-Core (375EC13C-06E4-48FB-B500-84F0262A717E): 4
LogDevObjectVersion:   Dev-Editor (E4B068ED-F494-42E9-A231-DA0B2E46BB41): 40
LogDevObjectVersion:   Dev-Framework (CFFC743F-43B0-4480-9391-14DF171D2073): 37
LogDevObjectVersion:   Dev-Mobile (B02B49B5-BB20-44E9-A304-32B752E40360): 3
LogDevObjectVersion:   Dev-Networking (A4E4105C-59A1-49B5-A7C5-40C4547EDFEE): 0
LogDevObjectVersion:   Dev-Online (39C831C9-5AE6-47DC-9A44-9C173E1C8E7C): 0
LogDevObjectVersion:   Dev-Physics (78F01B33-EBEA-4F98-B9B4-84EACCB95AA2): 14
LogDevObjectVersion:   Dev-Platform (6631380F-2D4D-43E0-8009-CF276956A95A): 0
LogDevObjectVersion:   Dev-Rendering (12F88B9F-8875-4AFC-A67C-D90C383ABD29): 45
LogDevObjectVersion:   Dev-Sequencer (7B5AE74C-D270-4C10-A958-57980B212A5A): 13
LogDevObjectVersion:   Dev-VR (D7296918-1DD6-4BDD-9DE2-64A83CC13884): 3
LogDevObjectVersion:   Dev-LoadTimes (C2A15278-BFE7-4AFE-6C17-90FF531DF755): 1
LogDevObjectVersion:   Private-Geometry (6EACA3D4-40EC-4CC1-B786-8BED09428FC5): 3
LogDevObjectVersion:   Dev-AnimPhys (29E575DD-E0A3-4627-9D10-D276232CDCEA): 17
LogDevObjectVersion:   Dev-Anim (AF43A65D-7FD3-4947-9873-3E8ED9C1BB05): 15
LogDevObjectVersion:   Dev-ReflectionCapture (6B266CEC-1EC7-4B8F-A30B-E4D90942FC07): 1
LogDevObjectVersion:   Dev-Automation (0DF73D61-A23F-47EA-B727-89E90C41499A): 1
LogDevObjectVersion:   FortniteMain (601D1886-AC64-4F84-AA16-D3DE0DEAC7D6): 47
LogDevObjectVersion:   FortniteRelease (E7086368-6B23-4C58-8439-1B7016265E91): 1
LogDevObjectVersion:   Dev-Enterprise (9DFFBCD6-494F-0158-E221-12823C92A888): 10
LogDevObjectVersion:   Dev-Niagara (F2AED0AC-9AFE-416F-8664-AA7FFA26D6FC): 1
LogDevObjectVersion:   Dev-Destruction (174F1F0B-B4C6-45A5-B13F-2EE8D0FB917D): 10
LogDevObjectVersion:   Dev-Physics-Ext (35F94A83-E258-406C-A318-09F59610247C): 41
LogDevObjectVersion:   Dev-PhysicsMaterial-Chaos (B68FC16E-8B1B-42E2-B453-215C058844FE): 1
LogDevObjectVersion:   Dev-CineCamera (B2E18506-4273-CFC2-A54E-F4BB758BBA07): 1
LogDevObjectVersion:   Dev-VirtualProduction (64F58936-FD1B-42BA-BA96-7289D5D0FA4E): 1
LogDevObjectVersion:   Dev-MediaFramework (6F0ED827-A609-4895-9C91-998D90180EA4): 2
LogInit: Presizing for max 25165824 objects, including 0 objects not considered by GC, pre-allocating 0 bytes for permanent pool.
LogConfig: Applying CVar settings from Section [/Script/Engine.StreamingSettings] File [C:/Users/titan/Desktop/Titan_RoadHopper/RoadHopper4.27/Saved/Config/Windows/Engine.ini]
LogConfig: Setting CVar [[s.MinBulkDataSizeForAsyncLoading:131072]]
LogConfig: Setting CVar [[s.AsyncLoadingThreadEnabled:0]]
LogConfig: Setting CVar [[s.EventDrivenLoaderEnabled:1]]
LogConfig: Setting CVar [[s.WarnIfTimeLimitExceeded:0]]
LogConfig: Setting CVar [[s.TimeLimitExceededMultiplier:1.5]]
LogConfig: Setting CVar [[s.TimeLimitExceededMinTime:0.005]]
LogConfig: Setting CVar [[s.UseBackgroundLevelStreaming:1]]
LogConfig: Setting CVar [[s.PriorityAsyncLoadingExtraTime:15.0]]
LogConfig: Setting CVar [[s.LevelStreamingActorsUpdateTimeLimit:5.0]]
LogConfig: Setting CVar [[s.PriorityLevelStreamingActorsUpdateExtraTime:5.0]]
LogConfig: Setting CVar [[s.LevelStreamingComponentsRegistrationGranularity:10]]
LogConfig: Setting CVar [[s.UnregisterComponentsTimeLimit:1.0]]
LogConfig: Setting CVar [[s.LevelStreamingComponentsUnregistrationGranularity:5]]
LogConfig: Setting CVar [[s.FlushStreamingOnExit:1]]
LogInit: Object subsystem initialized
LogConfig: Setting CVar [[con.DebugEarlyDefault:1]]
LogConfig: Setting CVar [[r.setres:1280x720]]
[2026.03.15-21.25.52:790][  0]LogConfig: Setting CVar [[r.VSync:0]]
[2026.03.15-21.25.52:790][  0]LogConfig: Setting CVar [[r.RHICmdBypass:0]]
[2026.03.15-21.25.52:790][  0]LogConfig: Applying CVar settings from Section [/Script/Engine.RendererSettings] File [C:/Users/titan/Desktop/Titan_RoadHopper/RoadHopper4.27/Saved/Config/Windows/Engine.ini]
[2026.03.15-21.25.52:790][  0]LogConfig: Setting CVar [[r.GPUCrashDebugging:0]]
[2026.03.15-21.25.52:790][  0]LogConfig: Setting CVar [[r.Mobile.DisableVertexFog:1]]
[2026.03.15-21.25.52:790][  0]LogConfig: Setting CVar [[r.Shadow.CSM.MaxMobileCascades:2]]
[2026.03.15-21.25.52:790][  0]LogConfig: Setting CVar [[r.MobileMSAA:1]]
[2026.03.15-21.25.52:790][  0]LogConfig: Setting CVar [[r.Mobile.AllowDitheredLODTransition:0]]
[2026.03.15-21.25.52:790][  0]LogConfig: Setting CVar [[r.Mobile.AllowSoftwareOcclusion:0]]
[2026.03.15-21.25.52:790][  0]LogConfig: Setting CVar [[r.Mobile.VirtualTextures:0]]
[2026.03.15-21.25.52:790][  0]LogConfig: Setting CVar [[r.DiscardUnusedQuality:0]]
[2026.03.15-21.25.52:790][  0]LogConfig: Setting CVar [[r.AllowOcclusionQueries:1]]
[2026.03.15-21.25.52:790][  0]LogConfig: Setting CVar [[r.MinScreenRadiusForLights:0.030000]]
[2026.03.15-21.25.52:790][  0]LogConfig: Setting CVar [[r.MinScreenRadiusForDepthPrepass:0.030000]]
[2026.03.15-21.25.52:790][  0]LogConfig: Setting CVar [[r.MinScreenRadiusForCSMDepth:0.010000]]
[2026.03.15-21.25.52:790][  0]LogConfig: Setting CVar [[r.PrecomputedVisibilityWarning:0]]
[2026.03.15-21.25.52:790][  0]LogConfig: Setting CVar [[r.TextureStreaming:1]]
[2026.03.15-21.25.52:790][  0]LogConfig: Setting CVar [[Compat.UseDXT5NormalMaps:0]]
[2026.03.15-21.25.52:790][  0]LogConfig: Setting CVar [[r.VirtualTextures:0]]
[2026.03.15-21.25.52:790][  0]LogConfig: Setting CVar [[r.VT.EnableAutoImport:1]]
[2026.03.15-21.25.52:790][  0]LogConfig: Setting CVar [[r.VirtualTexturedLightmaps:0]]
[2026.03.15-21.25.52:790][  0]LogConfig: Setting CVar [[r.VT.TileSize:128]]
[2026.03.15-21.25.52:790][  0]LogConfig: Setting CVar [[r.VT.TileBorderSize:4]]
[2026.03.15-21.25.52:790][  0]LogConfig: Setting CVar [[r.vt.FeedbackFactor:16]]
[2026.03.15-21.25.52:790][  0]LogConfig: Setting CVar [[r.VT.EnableCompressZlib:1]]
[2026.03.15-21.25.52:790][  0]LogConfig: Setting CVar [[r.VT.EnableCompressCrunch:0]]
[2026.03.15-21.25.52:790][  0]LogConfig: Setting CVar [[r.ClearCoatNormal:0]]
[2026.03.15-21.25.52:790][  0]LogConfig: Setting CVar [[r.ReflectionCaptureResolution:128]]
[2026.03.15-21.25.52:790][  0]LogConfig: Setting CVar [[r.Mobile.ReflectionCaptureCompression:0]]
[2026.03.15-21.25.52:790][  0]LogConfig: Setting CVar [[r.ReflectionEnvironmentLightmapMixBasedOnRoughness:1]]
[2026.03.15-21.25.52:790][  0]LogConfig: Setting CVar [[r.ForwardShading:0]]
[2026.03.15-21.25.52:790][  0]LogConfig: Setting CVar [[r.VertexFoggingForOpaque:1]]
[2026.03.15-21.25.52:790][  0]LogConfig: Setting CVar [[r.AllowStaticLighting:1]]
[2026.03.15-21.25.52:790][  0]LogConfig: Setting CVar [[r.NormalMapsForStaticLighting:0]]
[2026.03.15-21.25.52:790][  0]LogConfig: Setting CVar [[r.GenerateMeshDistanceFields:0]]
[2026.03.15-21.25.52:790][  0]LogConfig: Setting CVar [[r.DistanceFieldBuild.EightBit:0]]
[2026.03.15-21.25.52:790][  0]LogConfig: Setting CVar [[r.GenerateLandscapeGIData:0]]
[2026.03.15-21.25.52:790][  0]LogConfig: Setting CVar [[r.DistanceFieldBuild.Compress:0]]
[2026.03.15-21.25.52:790][  0]LogConfig: Setting CVar [[r.TessellationAdaptivePixelsPerTriangle:48.000000]]
[2026.03.15-21.25.52:790][  0]LogConfig: Setting CVar [[r.SeparateTranslucency:1]]
[2026.03.15-21.25.52:790][  0]LogConfig: Setting CVar [[r.TranslucentSortPolicy:0]]
[2026.03.15-21.25.52:790][  0]LogConfig: Setting CVar [[vr.VRS.HMDFixedFoveationLevel:0]]
[2026.03.15-21.25.52:790][  0]LogConfig: Setting CVar [[r.CustomDepth:1]]
[2026.03.15-21.25.52:790][  0]LogConfig: Setting CVar [[r.CustomDepthTemporalAAJitter:1]]
[2026.03.15-21.25.52:790][  0]LogConfig: Setting CVar [[r.PostProcessing.PropagateAlpha:0]]
[2026.03.15-21.25.52:790][  0]LogConfig: Setting CVar [[r.DefaultFeature.Bloom:1]]
[2026.03.15-21.25.52:790][  0]LogConfig: Setting CVar [[r.DefaultFeature.AmbientOcclusion:1]]
[2026.03.15-21.25.52:790][  0]LogConfig: Setting CVar [[r.DefaultFeature.AmbientOcclusionStaticFraction:1]]
[2026.03.15-21.25.52:790][  0]LogConfig: Setting CVar [[r.DefaultFeature.AutoExposure:0]]
[2026.03.15-21.25.52:790][  0]LogConfig: Setting CVar [[r.DefaultFeature.AutoExposure.Method:0]]
[2026.03.15-21.25.52:790][  0]LogConfig: Setting CVar [[r.DefaultFeature.AutoExposure.Bias:1.000000]]
[2026.03.15-21.25.52:790][  0]LogConfig: Setting CVar [[r.DefaultFeature.AutoExposure.ExtendDefaultLuminanceRange:0]]
[2026.03.15-21.25.52:790][  0]LogConfig: Setting CVar [[r.UsePreExposure:1]]
[2026.03.15-21.25.52:790][  0]LogConfig: Setting CVar [[r.EyeAdaptation.EditorOnly:0]]
[2026.03.15-21.25.52:790][  0]LogConfig: Setting CVar [[r.DefaultFeature.MotionBlur:0]]
[2026.03.15-21.25.52:790][  0]LogConfig: Setting CVar [[r.DefaultFeature.LensFlare:0]]
[2026.03.15-21.25.52:790][  0]LogConfig: Setting CVar [[r.TemporalAA.Upsampling:0]]
[2026.03.15-21.25.52:790][  0]LogConfig: Setting CVar [[r.SSGI.Enable:0]]
[2026.03.15-21.25.52:790][  0]LogConfig: Setting CVar [[r.DefaultFeature.AntiAliasing:0]]
[2026.03.15-21.25.52:790][  0]LogConfig: Setting CVar [[r.DefaultFeature.LightUnits:1]]
[2026.03.15-21.25.52:790][  0]LogConfig: Setting CVar [[r.DefaultBackBufferPixelFormat:4]]
[2026.03.15-21.25.52:790][  0]LogConfig: Setting CVar [[r.Shadow.UnbuiltPreviewInGame:1]]
[2026.03.15-21.25.52:790][  0]LogConfig: Setting CVar [[r.StencilForLODDither:0]]
[2026.03.15-21.25.52:790][  0]LogConfig: Setting CVar [[r.EarlyZPass:3]]
[2026.03.15-21.25.52:791][  0]LogConfig: Setting CVar [[r.EarlyZPassOnlyMaterialMasking:0]]
[2026.03.15-21.25.52:791][  0]LogConfig: Setting CVar [[r.DBuffer:1]]
[2026.03.15-21.25.52:791][  0]LogConfig: Setting CVar [[r.ClearSceneMethod:1]]
[2026.03.15-21.25.52:791][  0]LogConfig: Setting CVar [[r.BasePassOutputsVelocity:0]]
[2026.03.15-21.25.52:791][  0]LogConfig: Setting CVar [[r.VertexDeformationOutputsVelocity:0]]
[2026.03.15-21.25.52:791][  0]LogConfig: Setting CVar [[r.SelectiveBasePassOutputs:0]]
[2026.03.15-21.25.52:791][  0]LogConfig: Setting CVar [[fx.GPUSimulationTextureSizeX:1024]]
[2026.03.15-21.25.52:791][  0]LogConfig: Setting CVar [[fx.GPUSimulationTextureSizeY:1024]]
[2026.03.15-21.25.52:791][  0]LogConfig: Setting CVar [[r.AllowGlobalClipPlane:0]]
[2026.03.15-21.25.52:791][  0]LogConfig: Setting CVar [[r.GBufferFormat:1]]
[2026.03.15-21.25.52:791][  0]LogConfig: Setting CVar [[r.MorphTarget.Mode:1]]
[2026.03.15-21.25.52:791][  0]LogConfig: Setting CVar [[vr.InstancedStereo:0]]
[2026.03.15-21.25.52:791][  0]LogConfig: Setting CVar [[r.MobileHDR:1]]
[2026.03.15-21.25.52:791][  0]LogConfig: Setting CVar [[vr.MobileMultiView:0]]
[2026.03.15-21.25.52:791][  0]LogConfig: Setting CVar [[r.Mobile.UseHWsRGBEncoding:0]]
[2026.03.15-21.25.52:791][  0]LogConfig: Setting CVar [[vr.RoundRobinOcclusion:0]]
[2026.03.15-21.25.52:791][  0]LogConfig: Setting CVar [[vr.ODSCapture:0]]
[2026.03.15-21.25.52:791][  0]LogConfig: Setting CVar [[r.MeshStreaming:0]]
[2026.03.15-21.25.52:791][  0]LogConfig: Setting CVar [[r.WireframeCullThreshold:5.000000]]
[2026.03.15-21.25.52:791][  0]LogConfig: Setting CVar [[r.RayTracing:0]]
[2026.03.15-21.25.52:791][  0]LogConfig: Setting CVar [[r.RayTracing.UseTextureLod:0]]
[2026.03.15-21.25.52:791][  0]LogConfig: Setting CVar [[r.SupportStationarySkylight:1]]
[2026.03.15-21.25.52:791][  0]LogConfig: Setting CVar [[r.SupportLowQualityLightmaps:1]]
[2026.03.15-21.25.52:791][  0]LogConfig: Setting CVar [[r.SupportPointLightWholeSceneShadows:1]]
[2026.03.15-21.25.52:791][  0]LogConfig: Setting CVar [[r.SupportAtmosphericFog:1]]
[2026.03.15-21.25.52:791][  0]LogConfig: Setting CVar [[r.SupportSkyAtmosphere:1]]
[2026.03.15-21.25.52:791][  0]LogConfig: Setting CVar [[r.SupportSkyAtmosphereAffectsHeightFog:0]]
[2026.03.15-21.25.52:791][  0]LogConfig: Setting CVar [[r.SkinCache.CompileShaders:0]]
[2026.03.15-21.25.52:791][  0]LogConfig: Setting CVar [[r.SkinCache.DefaultBehavior:1]]
[2026.03.15-21.25.52:791][  0]LogConfig: Setting CVar [[r.SkinCache.SceneMemoryLimitInMB:128.000000]]
[2026.03.15-21.25.52:791][  0]LogConfig: Setting CVar [[r.Mobile.EnableStaticAndCSMShadowReceivers:1]]
[2026.03.15-21.25.52:791][  0]LogConfig: Setting CVar [[r.Mobile.EnableMovableLightCSMShaderCulling:1]]
[2026.03.15-21.25.52:791][  0]LogConfig: Setting CVar [[r.Mobile.AllowDistanceFieldShadows:1]]
[2026.03.15-21.25.52:791][  0]LogConfig: Setting CVar [[r.Mobile.AllowMovableDirectionalLights:1]]
[2026.03.15-21.25.52:791][  0]LogConfig: Setting CVar [[r.MobileNumDynamicPointLights:4]]
[2026.03.15-21.25.52:791][  0]LogConfig: Setting CVar [[r.MobileDynamicPointLightsUseStaticBranch:1]]
[2026.03.15-21.25.52:791][  0]LogConfig: Setting CVar [[r.Mobile.EnableMovableSpotlights:0]]
[2026.03.15-21.25.52:791][  0]LogConfig: Setting CVar [[r.Mobile.EnableMovableSpotlightsShadow:0]]
[2026.03.15-21.25.52:791][  0]LogConfig: Setting CVar [[r.GPUSkin.Support16BitBoneIndex:0]]
[2026.03.15-21.25.52:791][  0]LogConfig: Setting CVar [[r.GPUSkin.Limit2BoneInfluences:0]]
[2026.03.15-21.25.52:791][  0]LogConfig: Setting CVar [[r.SupportDepthOnlyIndexBuffers:1]]
[2026.03.15-21.25.52:791][  0]LogConfig: Setting CVar [[r.SupportReversedIndexBuffers:1]]
[2026.03.15-21.25.52:791][  0]LogConfig: Setting CVar [[r.LightPropagationVolume:0]]
[2026.03.15-21.25.52:791][  0]LogConfig: Setting CVar [[r.Mobile.AmbientOcclusion:0]]
[2026.03.15-21.25.52:791][  0]LogConfig: Setting CVar [[r.GPUSkin.UnlimitedBoneInfluences:0]]
[2026.03.15-21.25.52:791][  0]LogConfig: Setting CVar [[r.GPUSkin.UnlimitedBoneInfluencesThreshold:8]]
[2026.03.15-21.25.52:791][  0]LogConfig: Setting CVar [[r.Mobile.PlanarReflectionMode:0]]
[2026.03.15-21.25.52:791][  0]LogConfig: Setting CVar [[r.Mobile.SupportsGen4TAA:0]]
[2026.03.15-21.25.52:791][  0]LogConfig: Applying CVar settings from Section [/Script/Engine.RendererOverrideSettings] File [C:/Users/titan/Desktop/Titan_RoadHopper/RoadHopper4.27/Saved/Config/Windows/Engine.ini]
[2026.03.15-21.25.52:791][  0]LogConfig: Applying CVar settings from Section [/Script/Engine.StreamingSettings] File [C:/Users/titan/Desktop/Titan_RoadHopper/RoadHopper4.27/Saved/Config/Windows/Engine.ini]
[2026.03.15-21.25.52:791][  0]LogConfig: Setting CVar [[s.MinBulkDataSizeForAsyncLoading:131072]]
[2026.03.15-21.25.52:791][  0]LogConfig: Setting CVar [[s.AsyncLoadingThreadEnabled:0]]
[2026.03.15-21.25.52:791][  0]LogConfig: Setting CVar [[s.EventDrivenLoaderEnabled:1]]
[2026.03.15-21.25.52:791][  0]LogConfig: Setting CVar [[s.WarnIfTimeLimitExceeded:0]]
[2026.03.15-21.25.52:791][  0]LogConfig: Setting CVar [[s.TimeLimitExceededMultiplier:1.5]]
[2026.03.15-21.25.52:791][  0]LogConfig: Setting CVar [[s.TimeLimitExceededMinTime:0.005]]
[2026.03.15-21.25.52:791][  0]LogConfig: Setting CVar [[s.UseBackgroundLevelStreaming:1]]
[2026.03.15-21.25.52:791][  0]LogConfig: Setting CVar [[s.PriorityAsyncLoadingExtraTime:15.0]]
[2026.03.15-21.25.52:791][  0]LogConfig: Setting CVar [[s.LevelStreamingActorsUpdateTimeLimit:5.0]]
[2026.03.15-21.25.52:791][  0]LogConfig: Setting CVar [[s.PriorityLevelStreamingActorsUpdateExtraTime:5.0]]
[2026.03.15-21.25.52:791][  0]LogConfig: Setting CVar [[s.LevelStreamingComponentsRegistrationGranularity:10]]
[2026.03.15-21.25.52:791][  0]LogConfig: Setting CVar [[s.UnregisterComponentsTimeLimit:1.0]]
[2026.03.15-21.25.52:791][  0]LogConfig: Setting CVar [[s.LevelStreamingComponentsUnregistrationGranularity:5]]
[2026.03.15-21.25.52:791][  0]LogConfig: Setting CVar [[s.FlushStreamingOnExit:1]]
[2026.03.15-21.25.52:791][  0]LogConfig: Applying CVar settings from Section [/Script/Engine.GarbageCollectionSettings] File [C:/Users/titan/Desktop/Titan_RoadHopper/RoadHopper4.27/Saved/Config/Windows/Engine.ini]
[2026.03.15-21.25.52:791][  0]LogConfig: Setting CVar [[gc.MaxObjectsNotConsideredByGC:1]]
[2026.03.15-21.25.52:791][  0]LogConfig: Setting CVar [[gc.SizeOfPermanentObjectPool:0]]
[2026.03.15-21.25.52:791][  0]LogConfig: Setting CVar [[gc.FlushStreamingOnGC:0]]
[2026.03.15-21.25.52:791][  0]LogConfig: Setting CVar [[gc.NumRetriesBeforeForcingGC:10]]
[2026.03.15-21.25.52:791][  0]LogConfig: Setting CVar [[gc.AllowParallelGC:1]]
[2026.03.15-21.25.52:791][  0]LogConfig: Setting CVar [[gc.TimeBetweenPurgingPendingKillObjects:61.1]]
[2026.03.15-21.25.52:791][  0]LogConfig: Setting CVar [[gc.MaxObjectsInEditor:25165824]]
[2026.03.15-21.25.52:791][  0]LogConfig: Setting CVar [[gc.IncrementalBeginDestroyEnabled:1]]
[2026.03.15-21.25.52:791][  0]LogConfig: Setting CVar [[gc.CreateGCClusters:1]]
[2026.03.15-21.25.52:791][  0]LogConfig: Setting CVar [[gc.MinGCClusterSize:5]]
[2026.03.15-21.25.52:791][  0]LogConfig: Setting CVar [[gc.ActorClusteringEnabled:0]]
[2026.03.15-21.25.52:791][  0]LogConfig: Setting CVar [[gc.BlueprintClusteringEnabled:0]]
[2026.03.15-21.25.52:791][  0]LogConfig: Setting CVar [[gc.UseDisregardForGCOnDedicatedServers:0]]
[2026.03.15-21.25.52:791][  0]LogConfig: Setting CVar [[gc.MultithreadedDestructionEnabled:1]]
[2026.03.15-21.25.52:791][  0]LogConfig: Applying CVar settings from Section [/Script/Engine.NetworkSettings] File [C:/Users/titan/Desktop/Titan_RoadHopper/RoadHopper4.27/Saved/Config/Windows/Engine.ini]
[2026.03.15-21.25.52:791][  0]LogConfig: Applying CVar settings from Section [/Script/UnrealEd.CookerSettings] File [C:/Users/titan/Desktop/Titan_RoadHopper/RoadHopper4.27/Saved/Config/Windows/Engine.ini]
[2026.03.15-21.25.52:813][  0]LogConfig: Applying CVar settings from Section [ViewDistanceQuality@3] File [C:/Users/titan/Desktop/Titan_RoadHopper/RoadHopper4.27/Saved/Config/Windows/Scalability.ini]
[2026.03.15-21.25.52:813][  0]LogConfig: Setting CVar [[r.SkeletalMeshLODBias:0]]
[2026.03.15-21.25.52:813][  0]LogConfig: Setting CVar [[r.ViewDistanceScale:1.0]]
[2026.03.15-21.25.52:813][  0]LogConfig: Applying CVar settings from Section [AntiAliasingQuality@3] File [C:/Users/titan/Desktop/Titan_RoadHopper/RoadHopper4.27/Saved/Config/Windows/Scalability.ini]
[2026.03.15-21.25.52:813][  0]LogConfig: Setting CVar [[r.PostProcessAAQuality:4]]
[2026.03.15-21.25.52:813][  0]LogConfig: Applying CVar settings from Section [ShadowQuality@3] File [C:/Users/titan/Desktop/Titan_RoadHopper/RoadHopper4.27/Saved/Config/Windows/Scalability.ini]
[2026.03.15-21.25.52:813][  0]LogConfig: Setting CVar [[r.LightFunctionQuality:1]]
[2026.03.15-21.25.52:813][  0]LogConfig: Setting CVar [[r.ShadowQuality:5]]
[2026.03.15-21.25.52:813][  0]LogConfig: Setting CVar [[r.Shadow.CSM.MaxCascades:10]]
[2026.03.15-21.25.52:813][  0]LogConfig: Setting CVar [[r.Shadow.MaxResolution:2048]]
[2026.03.15-21.25.52:813][  0]LogConfig: Setting CVar [[r.Shadow.MaxCSMResolution:2048]]
[2026.03.15-21.25.52:813][  0]LogConfig: Setting CVar [[r.Shadow.RadiusThreshold:0.01]]
[2026.03.15-21.25.52:813][  0]LogConfig: Setting CVar [[r.Shadow.DistanceScale:1.0]]
[2026.03.15-21.25.52:813][  0]LogConfig: Setting CVar [[r.Shadow.CSM.TransitionScale:1.0]]
[2026.03.15-21.25.52:813][  0]LogConfig: Setting CVar [[r.Shadow.PreShadowResolutionFactor:1.0]]
[2026.03.15-21.25.52:813][  0]LogConfig: Setting CVar [[r.DistanceFieldShadowing:1]]
[2026.03.15-21.25.52:813][  0]LogConfig: Setting CVar [[r.DistanceFieldAO:1]]
[2026.03.15-21.25.52:813][  0]LogConfig: Setting CVar [[r.AOQuality:2]]
[2026.03.15-21.25.52:813][  0]LogConfig: Setting CVar [[r.VolumetricFog:1]]
[2026.03.15-21.25.52:813][  0]LogConfig: Setting CVar [[r.VolumetricFog.GridPixelSize:8]]
[2026.03.15-21.25.52:813][  0]LogConfig: Setting CVar [[r.VolumetricFog.GridSizeZ:128]]
[2026.03.15-21.25.52:813][  0]LogConfig: Setting CVar [[r.VolumetricFog.HistoryMissSupersampleCount:4]]
[2026.03.15-21.25.52:813][  0]LogConfig: Setting CVar [[r.LightMaxDrawDistanceScale:1]]
[2026.03.15-21.25.52:813][  0]LogConfig: Setting CVar [[r.CapsuleShadows:1]]
[2026.03.15-21.25.52:813][  0]LogConfig: Applying CVar settings from Section [PostProcessQuality@3] File [C:/Users/titan/Desktop/Titan_RoadHopper/RoadHopper4.27/Saved/Config/Windows/Scalability.ini]
[2026.03.15-21.25.52:813][  0]LogConfig: Setting CVar [[r.MotionBlurQuality:4]]
[2026.03.15-21.25.52:813][  0]LogConfig: Setting CVar [[r.AmbientOcclusionMipLevelFactor:0.4]]
[2026.03.15-21.25.52:813][  0]LogConfig: Setting CVar [[r.AmbientOcclusionMaxQuality:100]]
[2026.03.15-21.25.52:813][  0]LogConfig: Setting CVar [[r.AmbientOcclusionLevels:-1]]
[2026.03.15-21.25.52:813][  0]LogConfig: Setting CVar [[r.AmbientOcclusionRadiusScale:1.0]]
[2026.03.15-21.25.52:813][  0]LogConfig: Setting CVar [[r.DepthOfFieldQuality:2]]
[2026.03.15-21.25.52:813][  0]LogConfig: Setting CVar [[r.RenderTargetPoolMin:400]]
[2026.03.15-21.25.52:813][  0]LogConfig: Setting CVar [[r.LensFlareQuality:2]]
[2026.03.15-21.25.52:813][  0]LogConfig: Setting CVar [[r.SceneColorFringeQuality:1]]
[2026.03.15-21.25.52:813][  0]LogConfig: Setting CVar [[r.EyeAdaptationQuality:2]]
[2026.03.15-21.25.52:813][  0]LogConfig: Setting CVar [[r.BloomQuality:5]]
[2026.03.15-21.25.52:813][  0]LogConfig: Setting CVar [[r.FastBlurThreshold:100]]
[2026.03.15-21.25.52:813][  0]LogConfig: Setting CVar [[r.Upscale.Quality:3]]
[2026.03.15-21.25.52:813][  0]LogConfig: Setting CVar [[r.Tonemapper.GrainQuantization:1]]
[2026.03.15-21.25.52:813][  0]LogConfig: Setting CVar [[r.LightShaftQuality:1]]
[2026.03.15-21.25.52:813][  0]LogConfig: Setting CVar [[r.Filter.SizeScale:1]]
[2026.03.15-21.25.52:813][  0]LogConfig: Setting CVar [[r.Tonemapper.Quality:5]]
[2026.03.15-21.25.52:813][  0]LogConfig: Setting CVar [[r.DOF.Gather.AccumulatorQuality:1        ; higher gathering accumulator quality]]
[2026.03.15-21.25.52:813][  0]LogConfig: Setting CVar [[r.DOF.Gather.PostfilterMethod:1          ; Median3x3 postfilering method]]
[2026.03.15-21.25.52:813][  0]LogConfig: Setting CVar [[r.DOF.Gather.EnableBokehSettings:0       ; no bokeh simulation when gathering]]
[2026.03.15-21.25.52:813][  0]LogConfig: Setting CVar [[r.DOF.Gather.RingCount:4                 ; medium number of samples when gathering]]
[2026.03.15-21.25.52:813][  0]LogConfig: Setting CVar [[r.DOF.Scatter.ForegroundCompositing:1    ; additive foreground scattering]]
[2026.03.15-21.25.52:813][  0]LogConfig: Setting CVar [[r.DOF.Scatter.BackgroundCompositing:2    ; additive background scattering]]
[2026.03.15-21.25.52:813][  0]LogConfig: Setting CVar [[r.DOF.Scatter.EnableBokehSettings:1      ; bokeh simulation when scattering]]
[2026.03.15-21.25.52:813][  0]LogConfig: Setting CVar [[r.DOF.Scatter.MaxSpriteRatio:0.1         ; only a maximum of 10% of scattered bokeh]]
[2026.03.15-21.25.52:814][  0]LogConfig: Setting CVar [[r.DOF.Recombine.Quality:1                ; cheap slight out of focus]]
[2026.03.15-21.25.52:814][  0]LogConfig: Setting CVar [[r.DOF.Recombine.EnableBokehSettings:0    ; no bokeh simulation on slight out of focus]]
[2026.03.15-21.25.52:814][  0]LogConfig: Setting CVar [[r.DOF.TemporalAAQuality:1                ; more stable temporal accumulation]]
[2026.03.15-21.25.52:814][  0]LogConfig: Setting CVar [[r.DOF.Kernel.MaxForegroundRadius:0.025]]
[2026.03.15-21.25.52:814][  0]LogConfig: Setting CVar [[r.DOF.Kernel.MaxBackgroundRadius:0.025]]
[2026.03.15-21.25.52:814][  0]LogConfig: Applying CVar settings from Section [TextureQuality@3] File [C:/Users/titan/Desktop/Titan_RoadHopper/RoadHopper4.27/Saved/Config/Windows/Scalability.ini]
[2026.03.15-21.25.52:814][  0]LogConfig: Setting CVar [[r.Streaming.MipBias:0]]
[2026.03.15-21.25.52:814][  0]LogConfig: Setting CVar [[r.Streaming.AmortizeCPUToGPUCopy:0]]
[2026.03.15-21.25.52:814][  0]LogConfig: Setting CVar [[r.Streaming.MaxNumTexturesToStreamPerFrame:0]]
[2026.03.15-21.25.52:814][  0]LogConfig: Setting CVar [[r.Streaming.Boost:1]]
[2026.03.15-21.25.52:814][  0]LogConfig: Setting CVar [[r.MaxAnisotropy:8]]
[2026.03.15-21.25.52:814][  0]LogConfig: Setting CVar [[r.VT.MaxAnisotropy:8]]
[2026.03.15-21.25.52:814][  0]LogConfig: Setting CVar [[r.Streaming.LimitPoolSizeToVRAM:0]]
[2026.03.15-21.25.52:814][  0]LogConfig: Setting CVar [[r.Streaming.PoolSize:1000]]
[2026.03.15-21.25.52:814][  0]LogConfig: Setting CVar [[r.Streaming.MaxEffectiveScreenSize:0]]
[2026.03.15-21.25.52:814][  0]LogConfig: Applying CVar settings from Section [EffectsQuality@3] File [C:/Users/titan/Desktop/Titan_RoadHopper/RoadHopper4.27/Saved/Config/Windows/Scalability.ini]
[2026.03.15-21.25.52:814][  0]LogConfig: Setting CVar [[r.TranslucencyLightingVolumeDim:64]]
[2026.03.15-21.25.52:814][  0]LogConfig: Setting CVar [[r.RefractionQuality:2]]
[2026.03.15-21.25.52:814][  0]LogConfig: Setting CVar [[r.SSR.Quality:3]]
[2026.03.15-21.25.52:814][  0]LogConfig: Setting CVar [[r.SSR.HalfResSceneColor:0]]
[2026.03.15-21.25.52:814][  0]LogConfig: Setting CVar [[r.SceneColorFormat:4]]
[2026.03.15-21.25.52:814][  0]LogConfig: Setting CVar [[r.DetailMode:2]]
[2026.03.15-21.25.52:814][  0]LogConfig: Setting CVar [[r.TranslucencyVolumeBlur:1]]
[2026.03.15-21.25.52:814][  0]LogConfig: Setting CVar [[r.MaterialQualityLevel:1 ; High quality]]
[2026.03.15-21.25.52:814][  0]LogConfig: Setting CVar [[r.AnisotropicMaterials:1]]
[2026.03.15-21.25.52:814][  0]LogConfig: Setting CVar [[r.SSS.Scale:1]]
[2026.03.15-21.25.52:814][  0]LogConfig: Setting CVar [[r.SSS.SampleSet:2]]
[2026.03.15-21.25.52:814][  0]LogConfig: Setting CVar [[r.SSS.Quality:1]]
[2026.03.15-21.25.52:814][  0]LogConfig: Setting CVar [[r.SSS.HalfRes:0]]
[2026.03.15-21.25.52:814][  0]LogConfig: Setting CVar [[r.SSGI.Quality:3]]
[2026.03.15-21.25.52:814][  0]LogConfig: Setting CVar [[r.EmitterSpawnRateScale:1.0]]
[2026.03.15-21.25.52:814][  0]LogConfig: Setting CVar [[r.ParticleLightQuality:2]]
[2026.03.15-21.25.52:814][  0]LogConfig: Setting CVar [[r.SkyAtmosphere.AerialPerspectiveLUT.FastApplyOnOpaque:1 ; Always have FastSkyLUT 1 in this case to avoid wrong sky]]
[2026.03.15-21.25.52:814][  0]LogConfig: Setting CVar [[r.SkyAtmosphere.AerialPerspectiveLUT.SampleCountMaxPerSlice:4]]
[2026.03.15-21.25.52:814][  0]LogConfig: Setting CVar [[r.SkyAtmosphere.AerialPerspectiveLUT.DepthResolution:16.0]]
[2026.03.15-21.25.52:814][  0]LogConfig: Setting CVar [[r.SkyAtmosphere.FastSkyLUT:1]]
[2026.03.15-21.25.52:814][  0]LogConfig: Setting CVar [[r.SkyAtmosphere.FastSkyLUT.SampleCountMin:4.0]]
[2026.03.15-21.25.52:814][  0]LogConfig: Setting CVar [[r.SkyAtmosphere.FastSkyLUT.SampleCountMax:128.0]]
[2026.03.15-21.25.52:814][  0]LogConfig: Setting CVar [[r.SkyAtmosphere.SampleCountMin:4.0]]
[2026.03.15-21.25.52:814][  0]LogConfig: Setting CVar [[r.SkyAtmosphere.SampleCountMax:128.0]]
[2026.03.15-21.25.52:814][  0]LogConfig: Setting CVar [[r.SkyAtmosphere.TransmittanceLUT.UseSmallFormat:0]]
[2026.03.15-21.25.52:814][  0]LogConfig: Setting CVar [[r.SkyAtmosphere.TransmittanceLUT.SampleCount:10.0]]
[2026.03.15-21.25.52:814][  0]LogConfig: Setting CVar [[r.SkyAtmosphere.MultiScatteringLUT.SampleCount:15.0]]
[2026.03.15-21.25.52:814][  0]LogConfig: Setting CVar [[r.SkyLight.RealTimeReflectionCapture:1]]
[2026.03.15-21.25.52:814][  0]LogConfig: Applying CVar settings from Section [FoliageQuality@3] File [C:/Users/titan/Desktop/Titan_RoadHopper/RoadHopper4.27/Saved/Config/Windows/Scalability.ini]
[2026.03.15-21.25.52:814][  0]LogConfig: Setting CVar [[foliage.DensityScale:1.0]]
[2026.03.15-21.25.52:814][  0]LogConfig: Setting CVar [[grass.DensityScale:1.0]]
[2026.03.15-21.25.52:814][  0]LogConfig: Applying CVar settings from Section [ShadingQuality@3] File [C:/Users/titan/Desktop/Titan_RoadHopper/RoadHopper4.27/Saved/Config/Windows/Scalability.ini]
[2026.03.15-21.25.52:814][  0]LogConfig: Setting CVar [[r.HairStrands.SkyLighting.IntegrationType:2]]
[2026.03.15-21.25.52:814][  0]LogConfig: Setting CVar [[r.HairStrands.SkyAO.SampleCount:4]]
[2026.03.15-21.25.52:814][  0]LogConfig: Setting CVar [[r.HairStrands.Visibility.MSAA.SamplePerPixel:4]]
[2026.03.15-21.25.52:815][  0]LogInit: Selected Device Profile: [Windows]
[2026.03.15-21.25.52:815][  0]LogInit: Applying CVar settings loaded from the selected device profile: [Windows]
[2026.03.15-21.25.52:815][  0]LogHAL: Display: Platform has ~ 32 GB [34088599552 / 34359738368 / 32], which maps to Largest [LargestMinGB=32, LargerMinGB=12, DefaultMinGB=8, SmallerMinGB=6, SmallestMinGB=0)
[2026.03.15-21.25.52:815][  0]LogInit: Going up to parent DeviceProfile []
[2026.03.15-21.25.52:815][  0]LogConfig: Applying CVar settings from Section [ViewDistanceQuality@3] File [C:/Users/titan/Desktop/Titan_RoadHopper/RoadHopper4.27/Saved/Config/Windows/Scalability.ini]
[2026.03.15-21.25.52:815][  0]LogConfig: Setting CVar [[r.SkeletalMeshLODBias:0]]
[2026.03.15-21.25.52:815][  0]LogConfig: Setting CVar [[r.ViewDistanceScale:1.0]]
[2026.03.15-21.25.52:815][  0]LogConfig: Applying CVar settings from Section [AntiAliasingQuality@3] File [C:/Users/titan/Desktop/Titan_RoadHopper/RoadHopper4.27/Saved/Config/Windows/Scalability.ini]
[2026.03.15-21.25.52:815][  0]LogConfig: Setting CVar [[r.PostProcessAAQuality:4]]
[2026.03.15-21.25.52:815][  0]LogConfig: Applying CVar settings from Section [ShadowQuality@3] File [C:/Users/titan/Desktop/Titan_RoadHopper/RoadHopper4.27/Saved/Config/Windows/Scalability.ini]
[2026.03.15-21.25.52:815][  0]LogConfig: Setting CVar [[r.LightFunctionQuality:1]]
[2026.03.15-21.25.52:815][  0]LogConfig: Setting CVar [[r.ShadowQuality:5]]
[2026.03.15-21.25.52:815][  0]LogConfig: Setting CVar [[r.Shadow.CSM.MaxCascades:10]]
[2026.03.15-21.25.52:815][  0]LogConfig: Setting CVar [[r.Shadow.MaxResolution:2048]]
[2026.03.15-21.25.52:815][  0]LogConfig: Setting CVar [[r.Shadow.MaxCSMResolution:2048]]
[2026.03.15-21.25.52:815][  0]LogConfig: Setting CVar [[r.Shadow.RadiusThreshold:0.01]]
[2026.03.15-21.25.52:815][  0]LogConfig: Setting CVar [[r.Shadow.DistanceScale:1.0]]
[2026.03.15-21.25.52:815][  0]LogConfig: Setting CVar [[r.Shadow.CSM.TransitionScale:1.0]]
[2026.03.15-21.25.52:815][  0]LogConfig: Setting CVar [[r.Shadow.PreShadowResolutionFactor:1.0]]
[2026.03.15-21.25.52:815][  0]LogConfig: Setting CVar [[r.DistanceFieldShadowing:1]]
[2026.03.15-21.25.52:815][  0]LogConfig: Setting CVar [[r.DistanceFieldAO:1]]
[2026.03.15-21.25.52:815][  0]LogConfig: Setting CVar [[r.AOQuality:2]]
[2026.03.15-21.25.52:815][  0]LogConfig: Setting CVar [[r.VolumetricFog:1]]
[2026.03.15-21.25.52:815][  0]LogConfig: Setting CVar [[r.VolumetricFog.GridPixelSize:8]]
[2026.03.15-21.25.52:815][  0]LogConfig: Setting CVar [[r.VolumetricFog.GridSizeZ:128]]
[2026.03.15-21.25.52:815][  0]LogConfig: Setting CVar [[r.VolumetricFog.HistoryMissSupersampleCount:4]]
[2026.03.15-21.25.52:815][  0]LogConfig: Setting CVar [[r.LightMaxDrawDistanceScale:1]]
[2026.03.15-21.25.52:815][  0]LogConfig: Setting CVar [[r.CapsuleShadows:1]]
[2026.03.15-21.25.52:815][  0]LogConfig: Applying CVar settings from Section [PostProcessQuality@3] File [C:/Users/titan/Desktop/Titan_RoadHopper/RoadHopper4.27/Saved/Config/Windows/Scalability.ini]
[2026.03.15-21.25.52:815][  0]LogConfig: Setting CVar [[r.MotionBlurQuality:4]]
[2026.03.15-21.25.52:815][  0]LogConfig: Setting CVar [[r.AmbientOcclusionMipLevelFactor:0.4]]
[2026.03.15-21.25.52:815][  0]LogConfig: Setting CVar [[r.AmbientOcclusionMaxQuality:100]]
[2026.03.15-21.25.52:815][  0]LogConfig: Setting CVar [[r.AmbientOcclusionLevels:-1]]
[2026.03.15-21.25.52:815][  0]LogConfig: Setting CVar [[r.AmbientOcclusionRadiusScale:1.0]]
[2026.03.15-21.25.52:816][  0]LogConfig: Setting CVar [[r.DepthOfFieldQuality:2]]
[2026.03.15-21.25.52:816][  0]LogConfig: Setting CVar [[r.RenderTargetPoolMin:400]]
[2026.03.15-21.25.52:816][  0]LogConfig: Setting CVar [[r.LensFlareQuality:2]]
[2026.03.15-21.25.52:816][  0]LogConfig: Setting CVar [[r.SceneColorFringeQuality:1]]
[2026.03.15-21.25.52:816][  0]LogConfig: Setting CVar [[r.EyeAdaptationQuality:2]]
[2026.03.15-21.25.52:816][  0]LogConfig: Setting CVar [[r.BloomQuality:5]]
[2026.03.15-21.25.52:816][  0]LogConfig: Setting CVar [[r.FastBlurThreshold:100]]
[2026.03.15-21.25.52:816][  0]LogConfig: Setting CVar [[r.Upscale.Quality:3]]
[2026.03.15-21.25.52:816][  0]LogConfig: Setting CVar [[r.Tonemapper.GrainQuantization:1]]
[2026.03.15-21.25.52:816][  0]LogConfig: Setting CVar [[r.LightShaftQuality:1]]
[2026.03.15-21.25.52:816][  0]LogConfig: Setting CVar [[r.Filter.SizeScale:1]]
[2026.03.15-21.25.52:816][  0]LogConfig: Setting CVar [[r.Tonemapper.Quality:5]]
[2026.03.15-21.25.52:816][  0]LogConfig: Setting CVar [[r.DOF.Gather.AccumulatorQuality:1        ; higher gathering accumulator quality]]
[2026.03.15-21.25.52:816][  0]LogConfig: Setting CVar [[r.DOF.Gather.PostfilterMethod:1          ; Median3x3 postfilering method]]
[2026.03.15-21.25.52:816][  0]LogConfig: Setting CVar [[r.DOF.Gather.EnableBokehSettings:0       ; no bokeh simulation when gathering]]
[2026.03.15-21.25.52:816][  0]LogConfig: Setting CVar [[r.DOF.Gather.RingCount:4                 ; medium number of samples when gathering]]
[2026.03.15-21.25.52:816][  0]LogConfig: Setting CVar [[r.DOF.Scatter.ForegroundCompositing:1    ; additive foreground scattering]]
[2026.03.15-21.25.52:816][  0]LogConfig: Setting CVar [[r.DOF.Scatter.BackgroundCompositing:2    ; additive background scattering]]
[2026.03.15-21.25.52:816][  0]LogConfig: Setting CVar [[r.DOF.Scatter.EnableBokehSettings:1      ; bokeh simulation when scattering]]
[2026.03.15-21.25.52:816][  0]LogConfig: Setting CVar [[r.DOF.Scatter.MaxSpriteRatio:0.1         ; only a maximum of 10% of scattered bokeh]]
[2026.03.15-21.25.52:816][  0]LogConfig: Setting CVar [[r.DOF.Recombine.Quality:1                ; cheap slight out of focus]]
[2026.03.15-21.25.52:816][  0]LogConfig: Setting CVar [[r.DOF.Recombine.EnableBokehSettings:0    ; no bokeh simulation on slight out of focus]]
[2026.03.15-21.25.52:816][  0]LogConfig: Setting CVar [[r.DOF.TemporalAAQuality:1                ; more stable temporal accumulation]]
[2026.03.15-21.25.52:816][  0]LogConfig: Setting CVar [[r.DOF.Kernel.MaxForegroundRadius:0.025]]
[2026.03.15-21.25.52:816][  0]LogConfig: Setting CVar [[r.DOF.Kernel.MaxBackgroundRadius:0.025]]
[2026.03.15-21.25.52:816][  0]LogConfig: Applying CVar settings from Section [TextureQuality@3] File [C:/Users/titan/Desktop/Titan_RoadHopper/RoadHopper4.27/Saved/Config/Windows/Scalability.ini]
[2026.03.15-21.25.52:816][  0]LogConfig: Setting CVar [[r.Streaming.MipBias:0]]
[2026.03.15-21.25.52:816][  0]LogConfig: Setting CVar [[r.Streaming.AmortizeCPUToGPUCopy:0]]
[2026.03.15-21.25.52:816][  0]LogConfig: Setting CVar [[r.Streaming.MaxNumTexturesToStreamPerFrame:0]]
[2026.03.15-21.25.52:816][  0]LogConfig: Setting CVar [[r.Streaming.Boost:1]]
[2026.03.15-21.25.52:816][  0]LogConfig: Setting CVar [[r.MaxAnisotropy:8]]
[2026.03.15-21.25.52:816][  0]LogConfig: Setting CVar [[r.VT.MaxAnisotropy:8]]
[2026.03.15-21.25.52:816][  0]LogConfig: Setting CVar [[r.Streaming.LimitPoolSizeToVRAM:0]]
[2026.03.15-21.25.52:816][  0]LogConfig: Setting CVar [[r.Streaming.PoolSize:1000]]
[2026.03.15-21.25.52:816][  0]LogConfig: Setting CVar [[r.Streaming.MaxEffectiveScreenSize:0]]
[2026.03.15-21.25.52:816][  0]LogConfig: Applying CVar settings from Section [EffectsQuality@3] File [C:/Users/titan/Desktop/Titan_RoadHopper/RoadHopper4.27/Saved/Config/Windows/Scalability.ini]
[2026.03.15-21.25.52:816][  0]LogConfig: Setting CVar [[r.TranslucencyLightingVolumeDim:64]]
[2026.03.15-21.25.52:816][  0]LogConfig: Setting CVar [[r.RefractionQuality:2]]
[2026.03.15-21.25.52:816][  0]LogConfig: Setting CVar [[r.SSR.Quality:3]]
[2026.03.15-21.25.52:816][  0]LogConfig: Setting CVar [[r.SSR.HalfResSceneColor:0]]
[2026.03.15-21.25.52:816][  0]LogConfig: Setting CVar [[r.SceneColorFormat:4]]
[2026.03.15-21.25.52:816][  0]LogConfig: Setting CVar [[r.DetailMode:2]]
[2026.03.15-21.25.52:816][  0]LogConfig: Setting CVar [[r.TranslucencyVolumeBlur:1]]
[2026.03.15-21.25.52:816][  0]LogConfig: Setting CVar [[r.MaterialQualityLevel:1 ; High quality]]
[2026.03.15-21.25.52:816][  0]LogConfig: Setting CVar [[r.AnisotropicMaterials:1]]
[2026.03.15-21.25.52:816][  0]LogConfig: Setting CVar [[r.SSS.Scale:1]]
[2026.03.15-21.25.52:816][  0]LogConfig: Setting CVar [[r.SSS.SampleSet:2]]
[2026.03.15-21.25.52:816][  0]LogConfig: Setting CVar [[r.SSS.Quality:1]]
[2026.03.15-21.25.52:816][  0]LogConfig: Setting CVar [[r.SSS.HalfRes:0]]
[2026.03.15-21.25.52:816][  0]LogConfig: Setting CVar [[r.SSGI.Quality:3]]
[2026.03.15-21.25.52:816][  0]LogConfig: Setting CVar [[r.EmitterSpawnRateScale:1.0]]
[2026.03.15-21.25.52:816][  0]LogConfig: Setting CVar [[r.ParticleLightQuality:2]]
[2026.03.15-21.25.52:816][  0]LogConfig: Setting CVar [[r.SkyAtmosphere.AerialPerspectiveLUT.FastApplyOnOpaque:1 ; Always have FastSkyLUT 1 in this case to avoid wrong sky]]
[2026.03.15-21.25.52:816][  0]LogConfig: Setting CVar [[r.SkyAtmosphere.AerialPerspectiveLUT.SampleCountMaxPerSlice:4]]
[2026.03.15-21.25.52:816][  0]LogConfig: Setting CVar [[r.SkyAtmosphere.AerialPerspectiveLUT.DepthResolution:16.0]]
[2026.03.15-21.25.52:816][  0]LogConfig: Setting CVar [[r.SkyAtmosphere.FastSkyLUT:1]]
[2026.03.15-21.25.52:816][  0]LogConfig: Setting CVar [[r.SkyAtmosphere.FastSkyLUT.SampleCountMin:4.0]]
[2026.03.15-21.25.52:816][  0]LogConfig: Setting CVar [[r.SkyAtmosphere.FastSkyLUT.SampleCountMax:128.0]]
[2026.03.15-21.25.52:816][  0]LogConfig: Setting CVar [[r.SkyAtmosphere.SampleCountMin:4.0]]
[2026.03.15-21.25.52:816][  0]LogConfig: Setting CVar [[r.SkyAtmosphere.SampleCountMax:128.0]]
[2026.03.15-21.25.52:816][  0]LogConfig: Setting CVar [[r.SkyAtmosphere.TransmittanceLUT.UseSmallFormat:0]]
[2026.03.15-21.25.52:816][  0]LogConfig: Setting CVar [[r.SkyAtmosphere.TransmittanceLUT.SampleCount:10.0]]
[2026.03.15-21.25.52:816][  0]LogConfig: Setting CVar [[r.SkyAtmosphere.MultiScatteringLUT.SampleCount:15.0]]
[2026.03.15-21.25.52:816][  0]LogConfig: Setting CVar [[r.SkyLight.RealTimeReflectionCapture:1]]
[2026.03.15-21.25.52:816][  0]LogConfig: Applying CVar settings from Section [FoliageQuality@3] File [C:/Users/titan/Desktop/Titan_RoadHopper/RoadHopper4.27/Saved/Config/Windows/Scalability.ini]
[2026.03.15-21.25.52:816][  0]LogConfig: Setting CVar [[foliage.DensityScale:1.0]]
[2026.03.15-21.25.52:816][  0]LogConfig: Setting CVar [[grass.DensityScale:1.0]]
[2026.03.15-21.25.52:816][  0]LogConfig: Applying CVar settings from Section [ShadingQuality@3] File [C:/Users/titan/Desktop/Titan_RoadHopper/RoadHopper4.27/Saved/Config/Windows/Scalability.ini]
[2026.03.15-21.25.52:816][  0]LogConfig: Setting CVar [[r.HairStrands.SkyLighting.IntegrationType:2]]
[2026.03.15-21.25.52:816][  0]LogConfig: Setting CVar [[r.HairStrands.SkyAO.SampleCount:4]]
[2026.03.15-21.25.52:816][  0]LogConfig: Setting CVar [[r.HairStrands.Visibility.MSAA.SamplePerPixel:4]]
[2026.03.15-21.25.52:816][  0]LogConfig: Applying CVar settings from Section [Startup] File [../../../Engine/Config/ConsoleVariables.ini]
[2026.03.15-21.25.52:823][  0]LogConfig: Setting CVar [[net.UseAdaptiveNetUpdateFrequency:0]]
[2026.03.15-21.25.52:823][  0]LogConfig: Setting CVar [[p.chaos.AllowCreatePhysxBodies:1]]
[2026.03.15-21.25.52:823][  0]LogConfig: Setting CVar [[fx.SkipVectorVMBackendOptimizations:1]]
[2026.03.15-21.25.52:823][  0]LogConfig: Applying CVar settings from Section [ConsoleVariables] File [C:/Users/titan/Desktop/Titan_RoadHopper/RoadHopper4.27/Saved/Config/Windows/Engine.ini]
[2026.03.15-21.25.52:823][  0]LogConfig: Applying CVar settings from Section [ConsoleVariables] File [C:/Users/titan/Desktop/Titan_RoadHopper/RoadHopper4.27/Saved/Config/Windows/Editor.ini]
[2026.03.15-21.25.52:824][  0]LogInit: Computer: TITANPC
[2026.03.15-21.25.52:825][  0]LogInit: User: titan
[2026.03.15-21.25.52:825][  0]LogInit: CPU Page size=4096, Cores=10
[2026.03.15-21.25.52:825][  0]LogInit: High frequency timer resolution =10.000000 MHz
[2026.03.15-21.25.52:825][  0]LogMemory: Memory total: Physical=31.7GB (32GB approx)
[2026.03.15-21.25.52:825][  0]LogMemory: Platform Memory Stats for Windows
[2026.03.15-21.25.52:825][  0]LogMemory: Process Physical Memory: 152.93 MB used, 152.93 MB peak
[2026.03.15-21.25.52:825][  0]LogMemory: Process Virtual Memory: 131.48 MB used, 131.48 MB peak
[2026.03.15-21.25.52:825][  0]LogMemory: Physical Memory: 21003.12 MB used,  11506.30 MB free, 32509.42 MB total
[2026.03.15-21.25.52:825][  0]LogMemory: Virtual Memory: 134207000.00 MB used,  10729.98 MB free, 134217728.00 MB total
[2026.03.15-21.25.52:829][  0]LogWindows: WindowsPlatformFeatures enabled
[2026.03.15-21.25.53:155][  0]LogInit: Physics initialised using underlying interface: PhysX
[2026.03.15-21.25.53:156][  0]LogInit: Using OS detected language (en-US).
[2026.03.15-21.25.53:156][  0]LogInit: Using OS detected locale (en-CA).
[2026.03.15-21.25.53:165][  0]LogTextLocalizationManager: No specific localization for 'en-US' exists, so the 'en' localization will be used.
[2026.03.15-21.25.53:413][  0]LogInit: Setting process to per monitor DPI aware
[2026.03.15-21.25.53:449][  0]LogWindowsTextInputMethodSystem: Display: IME system deactivated.
[2026.03.15-21.25.53:547][  0]LogSlate: New Slate User Created.  User Index 0, Is Virtual User: 0
[2026.03.15-21.25.53:547][  0]LogSlate: Slate User Registered.  User Index 0, Is Virtual User: 0
[2026.03.15-21.25.57:126][  0]LogD3D11RHI: Loaded GFSDK_Aftermath_Lib.x64.dll
[2026.03.15-21.25.57:136][  0]LogHMD: Failed to initialize OpenVR with code 110
[2026.03.15-21.25.57:136][  0]LogD3D11RHI: D3D11 min allowed feature level: 11_0
[2026.03.15-21.25.57:136][  0]LogD3D11RHI: D3D11 max allowed feature level: 11_0
[2026.03.15-21.25.57:136][  0]LogD3D11RHI: D3D11 adapters:
[2026.03.15-21.25.57:316][  0]LogD3D11RHI:    0. 'NVIDIA GeForce RTX 3080' (Feature Level 11_0)
[2026.03.15-21.25.57:316][  0]LogD3D11RHI:       12093/0/16254 MB DedicatedVideo/DedicatedSystem/SharedSystem, Outputs:3, VendorId:0x10de
[2026.03.15-21.25.57:319][  0]LogD3D11RHI:    1. 'Microsoft Basic Render Driver' (Feature Level 11_0)
[2026.03.15-21.25.57:319][  0]LogD3D11RHI:       0/0/16254 MB DedicatedVideo/DedicatedSystem/SharedSystem, Outputs:0, VendorId:0x1414
[2026.03.15-21.25.57:319][  0]LogD3D11RHI: Chosen D3D11 Adapter:
[2026.03.15-21.25.57:319][  0]LogD3D11RHI:     Description : NVIDIA GeForce RTX 3080
[2026.03.15-21.25.57:319][  0]LogD3D11RHI:     VendorId    : 10de
[2026.03.15-21.25.57:319][  0]LogD3D11RHI:     DeviceId    : 220a
[2026.03.15-21.25.57:319][  0]LogD3D11RHI:     SubSysId    : 48773842
[2026.03.15-21.25.57:319][  0]LogD3D11RHI:     Revision    : 00a1
[2026.03.15-21.25.57:319][  0]LogD3D11RHI:     DedicatedVideoMemory : 12680429568 bytes
[2026.03.15-21.25.57:319][  0]LogD3D11RHI:     DedicatedSystemMemory : 0 bytes
[2026.03.15-21.25.57:319][  0]LogD3D11RHI:     SharedSystemMemory : 17044299776 bytes
[2026.03.15-21.25.57:319][  0]LogD3D11RHI:     AdapterLuid : 0 54500
[2026.03.15-21.25.57:326][  0]LogD3D11RHI: Creating new Direct3DDevice
[2026.03.15-21.25.57:326][  0]LogD3D11RHI:     GPU DeviceId: 0x220a (for the marketing name, search the web for "GPU Device Id")
[2026.03.15-21.25.57:326][  0]LogWindows: EnumDisplayDevices:
[2026.03.15-21.25.57:327][  0]LogWindows:    0. 'NVIDIA GeForce RTX 3080' (P:1 D:1)
[2026.03.15-21.25.57:327][  0]LogWindows:    1. 'NVIDIA GeForce RTX 3080' (P:0 D:1)
[2026.03.15-21.25.57:327][  0]LogWindows:    2. 'NVIDIA GeForce RTX 3080' (P:0 D:1)
[2026.03.15-21.25.57:327][  0]LogWindows:    3. 'NVIDIA GeForce RTX 3080' (P:0 D:0)
[2026.03.15-21.25.57:327][  0]LogWindows: DebugString: FoundDriverCount:4 
[2026.03.15-21.25.57:327][  0]LogD3D11RHI:     Adapter Name: NVIDIA GeForce RTX 3080
[2026.03.15-21.25.57:327][  0]LogD3D11RHI:   Driver Version: 591.86 (internal:32.0.15.9186, unified:591.86)
[2026.03.15-21.25.57:327][  0]LogD3D11RHI:      Driver Date: 1-20-2026
[2026.03.15-21.25.57:327][  0]LogRHI: Texture pool is 8465 MB (70% of 12093 MB)
[2026.03.15-21.25.57:327][  0]LogD3D11RHI: Creating D3DDevice using adapter:
[2026.03.15-21.25.57:327][  0]LogD3D11RHI:     Description : NVIDIA GeForce RTX 3080
[2026.03.15-21.25.57:327][  0]LogD3D11RHI:     VendorId    : 10de
[2026.03.15-21.25.57:327][  0]LogD3D11RHI:     DeviceId    : 220a
[2026.03.15-21.25.57:327][  0]LogD3D11RHI:     SubSysId    : 48773842
[2026.03.15-21.25.57:327][  0]LogD3D11RHI:     Revision    : 00a1
[2026.03.15-21.25.57:327][  0]LogD3D11RHI:     DedicatedVideoMemory : 12680429568 bytes
[2026.03.15-21.25.57:327][  0]LogD3D11RHI:     DedicatedSystemMemory : 0 bytes
[2026.03.15-21.25.57:327][  0]LogD3D11RHI:     SharedSystemMemory : 17044299776 bytes
[2026.03.15-21.25.57:327][  0]LogD3D11RHI:     AdapterLuid : 0 54500
[2026.03.15-21.25.57:439][  0]LogD3D11RHI: RHI has support for 64 bit atomics
[2026.03.15-21.25.57:439][  0]LogD3D11RHI: Async texture creation enabled
[2026.03.15-21.25.57:439][  0]LogD3D11RHI: Array index from any shader is supported
[2026.03.15-21.25.57:440][  0]LogD3D11RHI: HDR output is supported on display 0 (NvId: 0x80061082).
[2026.03.15-21.25.57:468][  0]LogD3D11RHI: GPU Timing Frequency: 1000.000000 (Debug: 2 2)
[2026.03.15-21.25.57:545][  0]LogRHI: GeForceNow SDK initialized: 1
[2026.03.15-21.25.58:250][  0]LogTargetPlatformManager: Display: Loaded TargetPlatform 'AllDesktop'
[2026.03.15-21.25.58:291][  0]LogTargetPlatformManager: Display: Loaded TargetPlatform 'Android'
[2026.03.15-21.25.58:291][  0]LogTargetPlatformManager: Display: Loaded TargetPlatform 'Android_ASTC'
[2026.03.15-21.25.58:291][  0]LogTargetPlatformManager: Display: Loaded TargetPlatform 'Android_DXT'
[2026.03.15-21.25.58:291][  0]LogTargetPlatformManager: Display: Loaded TargetPlatform 'Android_ETC2'
[2026.03.15-21.25.58:291][  0]LogTargetPlatformManager: Display: Loaded TargetPlatform 'AndroidClient'
[2026.03.15-21.25.58:291][  0]LogTargetPlatformManager: Display: Loaded TargetPlatform 'Android_ASTCClient'
[2026.03.15-21.25.58:291][  0]LogTargetPlatformManager: Display: Loaded TargetPlatform 'Android_DXTClient'
[2026.03.15-21.25.58:291][  0]LogTargetPlatformManager: Display: Loaded TargetPlatform 'Android_ETC2Client'
[2026.03.15-21.25.58:291][  0]LogTargetPlatformManager: Display: Loaded TargetPlatform 'Android_Multi'
[2026.03.15-21.25.58:291][  0]LogTargetPlatformManager: Display: Loaded TargetPlatform 'Android_MultiClient'
[2026.03.15-21.25.58:375][  0]LogTargetPlatformManager: Display: Loaded TargetPlatform 'IOSClient'
[2026.03.15-21.25.58:375][  0]LogTargetPlatformManager: Display: Loaded TargetPlatform 'IOS'
[2026.03.15-21.25.58:417][  0]LogTargetPlatformManager: Display: Loaded TargetPlatform 'Linux'
[2026.03.15-21.25.58:444][  0]LogTargetPlatformManager: Display: Loaded TargetPlatform 'LinuxNoEditor'
[2026.03.15-21.25.58:469][  0]LogTargetPlatformManager: Display: Loaded TargetPlatform 'LinuxClient'
[2026.03.15-21.25.58:494][  0]LogTargetPlatformManager: Display: Loaded TargetPlatform 'LinuxServer'
[2026.03.15-21.25.58:528][  0]LogTargetPlatformManager: Display: Loaded TargetPlatform 'LinuxAArch64NoEditor'
[2026.03.15-21.25.58:553][  0]LogTargetPlatformManager: Display: Loaded TargetPlatform 'LinuxAArch64Client'
[2026.03.15-21.25.58:579][  0]LogTargetPlatformManager: Display: Loaded TargetPlatform 'LinuxAArch64Server'
[2026.03.15-21.25.58:624][  0]LogTargetPlatformManager: Display: Loaded TargetPlatform 'Lumin'
[2026.03.15-21.25.58:624][  0]LogTargetPlatformManager: Display: Loaded TargetPlatform 'LuminClient'
[2026.03.15-21.25.58:665][  0]LogTargetPlatformManager: Display: Loaded TargetPlatform 'MacNoEditor'
[2026.03.15-21.25.58:691][  0]LogTargetPlatformManager: Display: Loaded TargetPlatform 'Mac'
[2026.03.15-21.25.58:718][  0]LogTargetPlatformManager: Display: Loaded TargetPlatform 'MacClient'
[2026.03.15-21.25.58:743][  0]LogTargetPlatformManager: Display: Loaded TargetPlatform 'MacServer'
[2026.03.15-21.25.58:770][  0]LogTargetPlatformManager: Display: Loaded TargetPlatform 'TVOSClient'
[2026.03.15-21.25.58:770][  0]LogTargetPlatformManager: Display: Loaded TargetPlatform 'TVOS'
[2026.03.15-21.25.58:800][  0]LogTargetPlatformManager: Display: Loaded TargetPlatform 'WindowsNoEditor'
[2026.03.15-21.25.58:826][  0]LogTargetPlatformManager: Display: Loaded TargetPlatform 'Windows'
[2026.03.15-21.25.58:852][  0]LogTargetPlatformManager: Display: Loaded TargetPlatform 'WindowsClient'
[2026.03.15-21.25.58:880][  0]LogTargetPlatformManager: Display: Loaded TargetPlatform 'WindowsServer'
[2026.03.15-21.25.58:880][  0]LogTargetPlatformManager: Display: Building Assets For Windows
[2026.03.15-21.25.58:980][  0]LogAudioDebug: Display: Lib vorbis DLL was dynamically loaded.
[2026.03.15-21.25.59:274][  0]LogTextureFormatOodle: Display: Oodle Texture 2.9.0 init RDO Off
[2026.03.15-21.25.59:627][  0]LogRendererCore: Ray tracing is disabled. Reason: r.RayTracing=0.
[2026.03.15-21.25.59:628][  0]LogShaderCompilers: Guid format shader working directory is -9 characters bigger than the processId version (C:/Users/titan/Desktop/Titan_RoadHopper/RoadHopper4.27/Intermediate/Shaders/WorkingDirectory/22024/).
[2026.03.15-21.25.59:629][  0]LogShaderCompilers: Cleaned the shader compiler working directory 'C:/Users/titan/AppData/Local/Temp/UnrealShaderWorkingDir/90FF375E49D9701BD700E9ADD7AC0104/'.
[2026.03.15-21.25.59:629][  0]LogXGEController: Cannot use XGE Controller as Incredibuild is not installed on this machine.
[2026.03.15-21.25.59:629][  0]LogShaderCompilers: Cannot use XGE Shader Compiler as Incredibuild is not installed on this machine.
[2026.03.15-21.25.59:629][  0]LogShaderCompilers: Display: Using Local Shader Compiler.
[2026.03.15-21.26.03:974][  0]LogDerivedDataCache: Display: Max Cache Size: 512 MB
[2026.03.15-21.26.04:095][  0]LogDerivedDataCache: Loaded boot cache 0.12s 94MB C:/Users/titan/AppData/Local/UnrealEngine/4.27/DerivedDataCache/Boot.ddc.
[2026.03.15-21.26.04:095][  0]LogDerivedDataCache: Display: Loaded Boot cache: C:/Users/titan/AppData/Local/UnrealEngine/4.27/DerivedDataCache/Boot.ddc
[2026.03.15-21.26.04:095][  0]LogDerivedDataCache: FDerivedDataBackendGraph:  Pak pak cache file C:/Users/titan/Desktop/Titan_RoadHopper/RoadHopper4.27/DerivedDataCache/DDC.ddp not found, will not use a pak cache.
[2026.03.15-21.26.04:095][  0]LogDerivedDataCache: Unable to find inner node Pak for hierarchical cache Hierarchy.
[2026.03.15-21.26.04:095][  0]LogDerivedDataCache: FDerivedDataBackendGraph:  CompressedPak pak cache file C:/Users/titan/Desktop/Titan_RoadHopper/RoadHopper4.27/DerivedDataCache/Compressed.ddp not found, will not use a pak cache.
[2026.03.15-21.26.04:095][  0]LogDerivedDataCache: Unable to find inner node CompressedPak for hierarchical cache Hierarchy.
[2026.03.15-21.26.04:120][  0]LogDerivedDataCache: Display: Pak cache opened for reading ../../../Engine/DerivedDataCache/Compressed.ddp.
[2026.03.15-21.26.04:120][  0]LogDerivedDataCache: FDerivedDataBackendGraph:  EnterprisePak pak cache file ../../../Enterprise/DerivedDataCache/Compressed.ddp not found, will not use a pak cache.
[2026.03.15-21.26.04:120][  0]LogDerivedDataCache: Unable to find inner node EnterprisePak for hierarchical cache Hierarchy.
[2026.03.15-21.26.04:187][  0]LogDerivedDataCache: Speed tests for C:/Users/titan/AppData/Local/UnrealEngine/Common/DerivedDataCache took 0.07 seconds
[2026.03.15-21.26.04:187][  0]LogDerivedDataCache: Display: Performance to C:/Users/titan/AppData/Local/UnrealEngine/Common/DerivedDataCache: Latency=0.24ms. RandomReadSpeed=16.13MBs, RandomWriteSpeed=127.64MBs. Assigned SpeedClass 'Local'
[2026.03.15-21.26.04:189][  0]LogDerivedDataCache: Using Local data cache path C:/Users/titan/AppData/Local/UnrealEngine/Common/DerivedDataCache: Writable
[2026.03.15-21.26.04:189][  0]LogDerivedDataCache: Shared data cache path not found in *engine.ini, will not use an Shared cache.
[2026.03.15-21.26.04:189][  0]LogDerivedDataCache: Unable to find inner node Shared for hierarchical cache Hierarchy.
[2026.03.15-21.26.04:236][  0]LogSlate: Using FreeType 2.10.0
[2026.03.15-21.26.04:256][  0]LogSlate: SlateFontServices - WITH_FREETYPE: 1, WITH_HARFBUZZ: 1
[2026.03.15-21.26.04:403][  0]LogAssetRegistry: FAssetRegistry took 0.0038 seconds to start up
[2026.03.15-21.26.04:661][  0]LogInit: Selected Device Profile: [Windows]
[2026.03.15-21.26.04:661][  0]LogInit: Active device profile: [0000027455738900][00000274545901C0 49] Windows
[2026.03.15-21.26.04:661][  0]LogInit: Profiles: [0000027455738900][00000274545901C0 49] Windows, [00000274556FB800][0000027452FA4340 49] WindowsNoEditor, [000002745573B500][0000027452FA84C0 49] WindowsServer, [00000274556F8E00][0000027452FAC640 49] WindowsClient, [000002745573B800][0000027454594780 49] IOS, [00000274556FA800][0000027452FB08C0 49] iPadAir, [000002745573A000][0000027452FB4A00 49] iPadAir2, [000002745569CA00][0000027452FC0C80 49] IPadPro, [000002745569CB00][0000027452FB8CC0 49] iPadAir3, [00000274556F9900][0000027452FC4E40 49] iPadAir4, [000002745569F400][0000027452FC8FC0 49] iPadMini2, [00000274556FAA00][0000027452FCD140 49] iPadMini3, [000002745569D700][0000027452FD12C0 49] iPadMini4, [0000027455739100][0000027452FD5440 49] iPadMini5, [00000274556D8300][00000274530A5700 49] iPhone6, [00000274556D8400][0000027452FD9740 49] iPodTouch6, [0000027455697F00][00000274530ADA00 49] iPhone7, [0000027455697E00][00000274530A9A40 49] iPodTouch7, [00000274556FA000][00000274530B1BC0 49] iPhone5S, [0000027455695A00][00000274530B41C0 49] iPhone6Plus, [00000274556D8200][00000274530B8340 49] iPhone6S, [0000027455694600][00000274530BC4C0 49] iPhone6SPlus, [00000274556DA900][00000274530C0640 49] iPhone7Plus, [0000027455697100][00000274530C47C0 49] iPhoneSE, [00000274556DA200][00000274530C8940 49] iPhone8, [0000027455697B00][0000027452FBCA80 49] iPhone8Plus, [00000274556D8A00][00000274530CCBC0 49] iPhoneX, [0000027455695400][00000274530D0D00 49] iPhoneXS, [00000274556DB900][00000274530D8E80 49] iPhoneXSMax, [0000027455694900][00000274530DD000 49] iPhoneXR, [00000274556DAF00][00000274530E1180 49] iPhone11, [0000027455695300][00000274530E5300 49] iPhone11Pro, [00000274556D9000][00000274530E9480 49] iPhone11ProMax, [0000027455696A00][000002744DB1B600 49] iPhoneSE2, [00000274556D9400][000002744DB1F780 49] iPhone12Mini, [0000027455696400][000002744DB23900 49] iPhone12, [00000274556D8D00][000002744DB27A80 49] iPhone12Pro, [0000027455696B00][000002744DB2BC00 49] iPhone12ProMax, [00000274556DB000][000002744DB2E200 49] iPadPro105, [0000027455694700][000002744DB32380 49] iPadPro129, [00000274556DA800][000002744DB36500 49] iPadPro97, [0000027455696600][000002744DB3A680 49] iPadPro2_129, [00000274556DBC00][000002744DB3E800 49] iPad5, [0000027455696200][000002744DB42980 49] iPad6, [00000274556D8F00][000002744DB46B00 49] iPad7, [0000027455696D00][00000274530D4C40 49] iPad8, [00000274556D9100][000002744DB4AD80 49] iPadPro11, [0000027455695600][000002744DB4EEC0 49] iPadPro2_11, [00000274556DB400][000002744DB5B040 49] iPadPro3_129, [0000027455696800][000002744DB631C0 49] iPadPro4_129, [00000274556DBA00][0000027454605340 49] AppleTV, [0000027455696100][00000274546094C0 49] AppleTV4K, [00000274556D9F00][000002745460D640 49] TVOS, [0000027455697400][00000274546117C0 49] Mac, [00000274556DB800][0000027454615940 49] MacClient, [0000027455695E00][0000027454619AC0 49] MacNoEditor, [00000274556DBF00][000002745461C0C0 49] MacServer, [0000027455697500][000002744DBC8240 49] Linux, [00000274556D8C00][000002744DBCC3C0 49] LinuxAArch64, [0000027455696F00][000002744DBD0540 49] LinuxNoEditor, [00000274556D8B00][000002744DBD46C0 49] LinuxAArch64NoEditor, [0000027455697700][000002744DBD8840 49] LinuxClient, [00000274556D9A00][000002744DBDC9C0 49] LinuxAArch64Client, [0000027455695000][000002744DBE0B40 49] LinuxServer, [00000274556DA500][000002744DBE4CC0 49] LinuxAArch64Server, [0000027455695900][000002744DB56E00 49] Android, [00000274556D9300][000002744DBE8F40 49] Android_Low, [0000027455696700][000002744DBED080 49] Android_Mid, [00000274556DAB00][000002744DBF11C0 49] Android_High, [0000027455697800][000002744DBF9340 49] Android_Default, [00000274556D9600][000002744DBFD4C0 49] Android_Adreno4xx, [0000027455695500][000002744DC01640 49] Android_Adreno5xx_Low, [000002745569F600][000002744DC057C0 49] Android_Adreno5xx, [00000274556F9800][000002744DC09940 49] Android_Adreno6xx, [000002745569D200][000002744DC0DAC0 49] Android_Adreno6xx_Vulkan, [00000274556FBC00][000002744DC100C0 49] Android_Mali_T6xx, [000002745569D100][000002744DC14240 49] Android_Mali_T7xx, [00000274556F9600][000002744DC183C0 49] Android_Mali_T8xx, [000002745569DE00][000002744DC1C540 49] Android_Mali_G71, [00000274556F8500][000002744DC206C0 49] Android_Mali_G72, [000002745569C800][000002744DC24840 49] Android_Mali_G72_Vulkan, [00000274556F9300][000002744DC289C0 49] Android_Mali_G76, [000002745569C100][000002744DC2CB40 49] Android_Mali_G76_Vulkan, [00000274556F9F00][000002744A43CCC0 49] Android_Mali_G77, [000002745569D000][000002744A440E40 49] Android_Mali_G77_Vulkan, [00000274556F8A00][000002744DBF4F80 49] Android_Mali_G78, [000002745569EC00][000002744A4450C0 49] Android_Mali_G78_Vulkan, [00000274556FB600][000002744A449200 49] Android_Mali_G710, [000002745569EA00][000002744A44D340 49] Android_Mali_G710_Vulkan, [00000274556FBF00][000002744A4554C0 49] Android_Vulkan_SM5, [000002745569FB00][000002744A459640 49] Android_PowerVR_G6xxx, [00000274556FBB00][000002744A45D7C0 49] Android_PowerVR_GT7xxx, [000002745569F900][000002744A461940 49] Android_PowerVR_GE8xxx, [00000274556F8C00][000002744A465AC0 49] Android_PowerVR_GM9xxx, [000002745569E700][000002744A4680C0 49] Android_PowerVR_GM9xxx_Vulkan, [00000274556FA700][000002744A46C240 49] Android_TegraK1, [000002745569C900][000002744A4703C0 49] Android_Unknown_Vulkan, [00000274556F9D00][000002744A474540 49] Lumin, [000002745569C500][000002744A4786C0 49] Lumin_Desktop, [00000274556FB300][000002744A47C840 49] HoloLens, 
[2026.03.15-21.26.05:255][  0]LogMeshReduction: Using QuadricMeshReduction for automatic static mesh reduction
[2026.03.15-21.26.05:255][  0]LogMeshReduction: Using SimplygonMeshReduction for automatic skeletal mesh reduction
[2026.03.15-21.26.05:255][  0]LogMeshReduction: Using ProxyLODMeshReduction for automatic mesh merging
[2026.03.15-21.26.05:255][  0]LogMeshReduction: No distributed automatic mesh merging module available
[2026.03.15-21.26.05:255][  0]LogMeshMerging: No distributed automatic mesh merging module available
[2026.03.15-21.26.05:353][  0]LogNetVersion: RoadHopper 1.0.0, NetCL: 17155196, EngineNetVer: 17, GameNetVer: 0 (Checksum: 3032267352)
[2026.03.15-21.26.07:443][  0]LogTexture: Default maximum texture size for cubemaps generated from long-lat sources has been changed from 512 to unlimited. In order to preserve old behaiour for '/Engine/MapTemplates/Sky/DaylightAmbientCubemap.DaylightAmbientCubemap', its maximum texture size has been explicitly set to 512.
[2026.03.15-21.26.07:583][  0]LogHMD: PokeAHoleMaterial loaded successfully
[2026.03.15-21.26.07:590][  0]LogUObjectArray: 17178 objects as part of root set at end of initial load.
[2026.03.15-21.26.07:590][  0]LogUObjectAllocator: 4302048 out of 0 bytes used by permanent object pool.
[2026.03.15-21.26.07:590][  0]LogUObjectArray: CloseDisregardForGC: 0/0 objects in disregard for GC pool
[2026.03.15-21.26.09:649][  0]LogNiagaraDebuggerClient: Niagara Debugger Client Initialized | Session: 20A43B85480D3B2530E04B982D2DCD1F | Instance: D77848B84C9DC77891D2C193F5D006AA (TITANPC-22024).
[2026.03.15-21.26.09:884][  0]LogPython: Using Python 3.7.7
[2026.03.15-21.26.11:022][  0]LogTcpMessaging: Initializing TcpMessaging bridge
[2026.03.15-21.26.11:051][  0]LogUdpMessaging: Initializing bridge on interface 0.0.0.0:0 to multicast group 230.0.0.1:6666.
[2026.03.15-21.26.12:081][  0]SourceControl: Source control is disabled
[2026.03.15-21.26.12:081][  0]SourceControl: Source control is disabled
[2026.03.15-21.26.12:109][  0]SourceControl: Source control is disabled
[2026.03.15-21.26.12:181][  0]SourceControl: Source control is disabled
[2026.03.15-21.26.12:323][  0]SourceControl: Source control is disabled
[2026.03.15-21.26.12:400][  0]LogUProjectInfo: Found projects:
[2026.03.15-21.26.12:403][  0]LogVSAccessor: Display: Unable to create Visual Studio setup instance: 80040154
[2026.03.15-21.26.12:404][  0]LogVSAccessor: Display: Unable to create Visual Studio setup instance: 80040154
[2026.03.15-21.26.12:404][  0]LogVSAccessor: Display: Unable to create Visual Studio setup instance: 80040154
[2026.03.15-21.26.13:667][  0]LogOpenImageDenoise: OIDN starting up
[2026.03.15-21.26.13:948][  0]LogAndroidPermission: UAndroidPermissionCallbackProxy::GetInstance
[2026.03.15-21.26.14:106][  0]LogAudioCaptureCore: Display: No Audio Capture implementations found. Audio input will be silent.
[2026.03.15-21.26.14:106][  0]LogAudioCaptureCore: Display: No Audio Capture implementations found. Audio input will be silent.
[2026.03.15-21.26.14:772][  0]LogCollectionManager: Loaded 0 collections in 0.000533 seconds
[2026.03.15-21.26.14:881][  0]LogFileCache: Scanning file cache for directory 'C:/Users/titan/Desktop/Titan_RoadHopper/RoadHopper4.27/Saved/Collections/' took 0.00s
[2026.03.15-21.26.14:881][  0]LogFileCache: Scanning file cache for directory 'C:/Users/titan/Desktop/Titan_RoadHopper/RoadHopper4.27/Content/Developers/titan/Collections/' took 0.00s
[2026.03.15-21.26.14:881][  0]LogFileCache: Scanning file cache for directory 'C:/Users/titan/Desktop/Titan_RoadHopper/RoadHopper4.27/Content/Collections/' took 0.00s
[2026.03.15-21.26.14:893][  0]LogOcInput: OculusInput pre-init called
[2026.03.15-21.26.15:354][  0]LogEngine: Initializing Engine...
[2026.03.15-21.26.15:402][  0]LogHMD: Failed to enumerate extensions. Please check that you have a valid OpenXR runtime installed.
[2026.03.15-21.26.15:402][  0]LogHMD: Failed to initialize OpenVR with code 110
[2026.03.15-21.26.15:402][  0]LogMagicLeap: Warning: VR disabled because ZI is not enabled.  To enable, in the editor, Edit -> Project Settings -> Plugins -> Magic Leap Plugin -> Enable Zero Iteration
[2026.03.15-21.26.15:404][  0]LogStats: UGameplayTagsManager::InitializeManager -  0.001 s
[2026.03.15-21.26.15:710][  0]LogInit: Initializing FReadOnlyCVARCache
[2026.03.15-21.26.15:755][  0]LogAIModule: Creating AISystem for world Untitled
[2026.03.15-21.26.15:759][  0]LogAudio: Display: Initializing Audio Device Manager...
[2026.03.15-21.26.15:785][  0]LogAudio: Display: Loading Default Audio Settings Objects...
[2026.03.15-21.26.15:791][  0]LogAudio: Display: No default SoundConcurrencyObject specified (or failed to load).
[2026.03.15-21.26.15:791][  0]LogAudio: Display: Audio Device Manager Initialized
[2026.03.15-21.26.15:791][  0]LogAudio: Display: Creating Audio Device:                 Id: 1, Scope: Shared, Realtime: True
[2026.03.15-21.26.15:792][  0]LogAudioMixer: Display: Audio Mixer Platform Settings:
[2026.03.15-21.26.15:792][  0]LogAudioMixer: Display: 	Sample Rate:						  48000
[2026.03.15-21.26.15:792][  0]LogAudioMixer: Display: 	Callback Buffer Frame Size Requested: 1024
[2026.03.15-21.26.15:792][  0]LogAudioMixer: Display: 	Callback Buffer Frame Size To Use:	  1024
[2026.03.15-21.26.15:792][  0]LogAudioMixer: Display: 	Number of buffers to queue:			  2
[2026.03.15-21.26.15:792][  0]LogAudioMixer: Display: 	Max Channels (voices):				  32
[2026.03.15-21.26.15:792][  0]LogAudioMixer: Display: 	Number of Async Source Workers:		  0
[2026.03.15-21.26.15:792][  0]LogAudio: Display: AudioDevice MaxSources: 32
[2026.03.15-21.26.15:792][  0]LogAudio: Display: Audio Spatialization Plugin: None (built-in).
[2026.03.15-21.26.15:792][  0]LogAudio: Display: Audio Reverb Plugin: None (built-in).
[2026.03.15-21.26.15:792][  0]LogAudio: Display: Audio Occlusion Plugin: None (built-in).
[2026.03.15-21.26.15:792][  0]LogAudioMixer: Display: Initializing audio mixer.
[2026.03.15-21.26.15:842][  0]LogAudioMixer: Display: 0: FrontLeft
[2026.03.15-21.26.15:842][  0]LogAudioMixer: Display: 1: FrontRight
[2026.03.15-21.26.15:842][  0]LogAudioMixer: Display: 2: FrontCenter
[2026.03.15-21.26.15:842][  0]LogAudioMixer: Display: 3: LowFrequency
[2026.03.15-21.26.15:842][  0]LogAudioMixer: Display: 4: BackLeft
[2026.03.15-21.26.15:842][  0]LogAudioMixer: Display: 5: BackRight
[2026.03.15-21.26.15:842][  0]LogAudioMixer: Display: 6: SideLeft
[2026.03.15-21.26.15:842][  0]LogAudioMixer: Display: 7: SideRight
[2026.03.15-21.26.15:859][  0]LogAudioMixer: Display: Using Audio Device Headset Earphone (CORSAIR VOID PRO Wireless Gaming Headset)
[2026.03.15-21.26.15:861][  0]LogAudioMixer: Display: Initializing Sound Submixes...
[2026.03.15-21.26.15:891][  0]LogAudioMixer: Display: Creating Master Submix 'MasterSubmixDefault'
[2026.03.15-21.26.15:891][  0]LogAudioMixer: Display: Creating Master Submix 'MasterReverbSubmixDefault'
[2026.03.15-21.26.15:892][  0]LogAudioMixer: Display: Creating Master Submix 'MasterEQSubmixDefault'
[2026.03.15-21.26.15:892][  0]LogAudioMixer: FMixerPlatformXAudio2::StartAudioStream() called
[2026.03.15-21.26.15:892][  0]LogAudioMixer: Display: Output buffers initialized: Frames=1024, Channels=8, Samples=8192
[2026.03.15-21.26.15:894][  0]LogAudioMixer: Display: Starting AudioMixerPlatformInterface::RunInternal()
[2026.03.15-21.26.15:894][  0]LogAudioMixer: Display: FMixerPlatformXAudio2::SubmitBuffer() called for the first time
[2026.03.15-21.26.15:894][  0]LogInit: FAudioDevice initialized.
[2026.03.15-21.26.15:894][  0]LogAudio: Display: Audio Device (ID: 1) registered with world 'Untitled'.
[2026.03.15-21.26.15:894][  0]LogNetVersion: Set ProjectVersion to 1.0.0.0. Version Checksum will be recalculated on next use.
[2026.03.15-21.26.15:974][  0]LogDerivedDataCache: Saved boot cache 0.08s 94MB C:/Users/titan/AppData/Local/UnrealEngine/4.27/DerivedDataCache/Boot.ddc.
[2026.03.15-21.26.15:974][  0]LogInit: Texture streaming: Enabled
[2026.03.15-21.26.16:060][  0]LogAnalytics: Display: [UEEditor.Rocket.Release] APIServer = https://datarouter.ol.epicgames.com/. AppVersion = 4.27.2-18319896+++UE4+Release-4.27
[2026.03.15-21.26.16:083][  0]LogEngineSessionManager: EngineSessionManager initialized
[2026.03.15-21.26.16:084][  0]LogEditorSessionSummary: Verbose: Initializing EditorSessionSummaryWriter for editor session tracking
[2026.03.15-21.26.16:085][  0]LogEditorSessionSummary: EditorSessionSummaryWriter initialized
[2026.03.15-21.26.16:171][  0]LogInit: Transaction tracking system initialized
[2026.03.15-21.26.16:347][  0]BlueprintLog: New page: Editor Load
[2026.03.15-21.26.16:852][  0]LocalizationService: Localization service is disabled
[2026.03.15-21.26.17:050][  0]TimingProfiler: Initialize
[2026.03.15-21.26.17:051][  0]TimingProfiler: OnSessionChanged
[2026.03.15-21.26.17:051][  0]LoadingProfiler: Initialize
[2026.03.15-21.26.17:052][  0]LoadingProfiler: OnSessionChanged
[2026.03.15-21.26.17:052][  0]NetworkingProfiler: Initialize
[2026.03.15-21.26.17:052][  0]NetworkingProfiler: OnSessionChanged
[2026.03.15-21.26.17:052][  0]MemoryProfiler: Initialize
[2026.03.15-21.26.17:052][  0]MemoryProfiler: OnSessionChanged
[2026.03.15-21.26.17:462][  0]LogVSAccessor: Display: Unable to create Visual Studio setup instance: 80040154
[2026.03.15-21.26.17:462][  0]LogVSAccessor: Display: Unable to create Visual Studio setup instance: 80040154
[2026.03.15-21.26.17:462][  0]LogVSAccessor: Display: Unable to create Visual Studio setup instance: 80040154
[2026.03.15-21.26.17:840][  0]LogCook: Display: CookSettings for Memory: MemoryMaxUsedVirtual 0MiB, MemoryMaxUsedPhysical 16384MiB, MemoryMinFreeVirtual 0MiB, MemoryMinFreePhysical 1024MiB
[2026.03.15-21.26.17:840][  0]LogCook: Display: Mobile HDR setting 1
[2026.03.15-21.26.18:366][  0]LogFileCache: Scanning file cache for directory 'C:/Users/titan/Desktop/Titan_RoadHopper/RoadHopper4.27/Content/' took 0.01s
[2026.03.15-21.26.19:276][  0]LogInit: Display: Engine is initialized. Leaving FEngineLoop::Init()
[2026.03.15-21.26.19:281][  0]SourceControl: Source control is disabled
[2026.03.15-21.26.19:281][  0]LogUnrealEdMisc: Loading editor; pre map load, took 31.047
[2026.03.15-21.26.19:282][  0]Cmd: MAP LOAD FILE="../../../Engine/Content/Maps/Templates/Template_Default.umap" TEMPLATE=1 SHOWPROGRESS=1 FEATURELEVEL=3
[2026.03.15-21.26.19:288][  0]LightingResults: New page: Lighting Build
[2026.03.15-21.26.19:292][  0]LogWorld: UWorld::CleanupWorld for Untitled, bSessionEnded=true, bCleanupResources=true
[2026.03.15-21.26.19:293][  0]LogSlate: InvalidateAllWidgets triggered.  All widgets were invalidated
[2026.03.15-21.26.19:293][  0]MapCheck: New page: Map Check
[2026.03.15-21.26.19:293][  0]LightingResults: New page: Lighting Build
[2026.03.15-21.26.19:297][  0]LogAudio: Display: Audio Device unregistered from world 'None'.
[2026.03.15-21.26.19:301][  0]LogUObjectHash: Compacting FUObjectHashTables data took   0.49ms
[2026.03.15-21.26.19:400][  0]LogTexture: Display: Building textures: DeprecatedTextureEB9CBE3C423008B5E8E130901E171C89 (BGRA8, 128X128)
[2026.03.15-21.26.19:410][  0]LogAudio: Display: Audio Device (ID: 1) registered with world 'Untitled_1'.
[2026.03.15-21.26.19:411][  0]LogAIModule: Creating AISystem for world Untitled_1
[2026.03.15-21.26.19:425][  0]LogEditorServer: Finished looking for orphan Actors (0.000 secs)
[2026.03.15-21.26.19:432][  0]LogUObjectHash: Compacting FUObjectHashTables data took   0.50ms
[2026.03.15-21.26.19:432][  0]Cmd: MAP CHECKDEP NOCLEARLOG
[2026.03.15-21.26.19:432][  0]MapCheck: Map check complete: 0 Error(s), 0 Warning(s), took 0.264ms to complete.
[2026.03.15-21.26.19:432][  0]LogFileHelpers: Loading map 'Template_Default' took 0.150
[2026.03.15-21.26.19:442][  0]LogUnrealEdMisc: Total Editor Startup Time, took 31.208
[2026.03.15-21.26.19:577][  0]LogSlate: Updating window title bar state: overlay mode, drag disabled, window buttons hidden, title bar hidden
[2026.03.15-21.26.19:582][  0]LogSlate: Updating window title bar state: overlay mode, drag disabled, window buttons hidden, title bar hidden
[2026.03.15-21.26.19:587][  0]LogSlate: Updating window title bar state: overlay mode, drag disabled, window buttons hidden, title bar hidden
[2026.03.15-21.26.19:592][  0]LogSlate: Updating window title bar state: overlay mode, drag disabled, window buttons hidden, title bar hidden
[2026.03.15-21.26.19:621][  0]LogNativeClassHierarchy: Verbose: Native class hierarchy populated in 0.0088 seconds. Added 3822 classes and 928 folders.
[2026.03.15-21.26.19:626][  0]LogNativeClassHierarchy: Verbose: Native class hierarchy updated for 'WidgetCarousel' in 0.0002 seconds. Added 0 classes and 0 folders.
[2026.03.15-21.26.19:645][  0]LogPakFile: PakFile PrimaryIndexSize=187
[2026.03.15-21.26.19:645][  0]LogPakFile: PakFile PathHashIndexSize=101
[2026.03.15-21.26.19:645][  0]LogPakFile: PakFile FullDirectoryIndexSize=148
[2026.03.15-21.26.19:645][  0]LogShaderLibrary: Display: ShaderCodeLibraryPakFileMountedCallback: PakFile 'D:/Epic Games/UE_4.27/FeaturePacks/FP_FirstPerson.upack' (chunk index -1, root 'root:/') mounted
[2026.03.15-21.26.19:645][  0]LogShaderLibrary: Display: ShaderCodeLibraryPakFileMountedCallback: pending pak file info (ChunkID:-1 Root:root:/ File:D:/Epic Games/UE_4.27/FeaturePacks/FP_FirstPerson.upack)
[2026.03.15-21.26.19:645][  0]LogPakFile: OnPakFileMounted2Time == 0.000047
[2026.03.15-21.26.19:657][  0]LogPakFile: PakFile PrimaryIndexSize=189
[2026.03.15-21.26.19:657][  0]LogPakFile: PakFile PathHashIndexSize=101
[2026.03.15-21.26.19:657][  0]LogPakFile: PakFile FullDirectoryIndexSize=152
[2026.03.15-21.26.19:657][  0]LogShaderLibrary: Display: ShaderCodeLibraryPakFileMountedCallback: PakFile 'D:/Epic Games/UE_4.27/FeaturePacks/FP_FirstPersonBP.upack' (chunk index -1, root 'root:/') mounted
[2026.03.15-21.26.19:657][  0]LogShaderLibrary: Display: ShaderCodeLibraryPakFileMountedCallback: pending pak file info (ChunkID:-1 Root:root:/ File:D:/Epic Games/UE_4.27/FeaturePacks/FP_FirstPersonBP.upack)
[2026.03.15-21.26.19:657][  0]LogPakFile: OnPakFileMounted2Time == 0.000037
[2026.03.15-21.26.19:665][  0]LogPakFile: PakFile PrimaryIndexSize=191
[2026.03.15-21.26.19:665][  0]LogPakFile: PakFile PathHashIndexSize=101
[2026.03.15-21.26.19:665][  0]LogPakFile: PakFile FullDirectoryIndexSize=160
[2026.03.15-21.26.19:665][  0]LogShaderLibrary: Display: ShaderCodeLibraryPakFileMountedCallback: PakFile 'D:/Epic Games/UE_4.27/FeaturePacks/MobileStarterContent.upack' (chunk index -1, root 'root:/') mounted
[2026.03.15-21.26.19:665][  0]LogShaderLibrary: Display: ShaderCodeLibraryPakFileMountedCallback: pending pak file info (ChunkID:-1 Root:root:/ File:D:/Epic Games/UE_4.27/FeaturePacks/MobileStarterContent.upack)
[2026.03.15-21.26.19:665][  0]LogPakFile: OnPakFileMounted2Time == 0.000028
[2026.03.15-21.26.19:672][  0]LogPakFile: PakFile PrimaryIndexSize=185
[2026.03.15-21.26.19:672][  0]LogPakFile: PakFile PathHashIndexSize=101
[2026.03.15-21.26.19:672][  0]LogPakFile: PakFile FullDirectoryIndexSize=148
[2026.03.15-21.26.19:672][  0]LogShaderLibrary: Display: ShaderCodeLibraryPakFileMountedCallback: PakFile 'D:/Epic Games/UE_4.27/FeaturePacks/StarterContent.upack' (chunk index -1, root 'root:/') mounted
[2026.03.15-21.26.19:672][  0]LogShaderLibrary: Display: ShaderCodeLibraryPakFileMountedCallback: pending pak file info (ChunkID:-1 Root:root:/ File:D:/Epic Games/UE_4.27/FeaturePacks/StarterContent.upack)
[2026.03.15-21.26.19:672][  0]LogPakFile: OnPakFileMounted2Time == 0.000055
[2026.03.15-21.26.19:679][  0]LogPakFile: PakFile PrimaryIndexSize=190
[2026.03.15-21.26.19:679][  0]LogPakFile: PakFile PathHashIndexSize=101
[2026.03.15-21.26.19:679][  0]LogPakFile: PakFile FullDirectoryIndexSize=154
[2026.03.15-21.26.19:679][  0]LogShaderLibrary: Display: ShaderCodeLibraryPakFileMountedCallback: PakFile 'D:/Epic Games/UE_4.27/FeaturePacks/TP_2DSideScroller.upack' (chunk index -1, root 'root:/') mounted
[2026.03.15-21.26.19:679][  0]LogShaderLibrary: Display: ShaderCodeLibraryPakFileMountedCallback: pending pak file info (ChunkID:-1 Root:root:/ File:D:/Epic Games/UE_4.27/FeaturePacks/TP_2DSideScroller.upack)
[2026.03.15-21.26.19:679][  0]LogPakFile: OnPakFileMounted2Time == 0.000030
[2026.03.15-21.26.19:687][  0]LogPakFile: PakFile PrimaryIndexSize=192
[2026.03.15-21.26.19:687][  0]LogPakFile: PakFile PathHashIndexSize=101
[2026.03.15-21.26.19:687][  0]LogPakFile: PakFile FullDirectoryIndexSize=158
[2026.03.15-21.26.19:687][  0]LogShaderLibrary: Display: ShaderCodeLibraryPakFileMountedCallback: PakFile 'D:/Epic Games/UE_4.27/FeaturePacks/TP_2DSideScrollerBP.upack' (chunk index -1, root 'root:/') mounted
[2026.03.15-21.26.19:687][  0]LogShaderLibrary: Display: ShaderCodeLibraryPakFileMountedCallback: pending pak file info (ChunkID:-1 Root:root:/ File:D:/Epic Games/UE_4.27/FeaturePacks/TP_2DSideScrollerBP.upack)
[2026.03.15-21.26.19:687][  0]LogPakFile: OnPakFileMounted2Time == 0.000039
[2026.03.15-21.26.19:696][  0]LogPakFile: PakFile PrimaryIndexSize=182
[2026.03.15-21.26.19:696][  0]LogPakFile: PakFile PathHashIndexSize=101
[2026.03.15-21.26.19:696][  0]LogPakFile: PakFile FullDirectoryIndexSize=138
[2026.03.15-21.26.19:696][  0]LogShaderLibrary: Display: ShaderCodeLibraryPakFileMountedCallback: PakFile 'D:/Epic Games/UE_4.27/FeaturePacks/TP_Flying.upack' (chunk index -1, root 'root:/') mounted
[2026.03.15-21.26.19:696][  0]LogShaderLibrary: Display: ShaderCodeLibraryPakFileMountedCallback: pending pak file info (ChunkID:-1 Root:root:/ File:D:/Epic Games/UE_4.27/FeaturePacks/TP_Flying.upack)
[2026.03.15-21.26.19:696][  0]LogPakFile: OnPakFileMounted2Time == 0.000130
[2026.03.15-21.26.19:704][  0]LogPakFile: PakFile PrimaryIndexSize=184
[2026.03.15-21.26.19:704][  0]LogPakFile: PakFile PathHashIndexSize=101
[2026.03.15-21.26.19:704][  0]LogPakFile: PakFile FullDirectoryIndexSize=142
[2026.03.15-21.26.19:704][  0]LogShaderLibrary: Display: ShaderCodeLibraryPakFileMountedCallback: PakFile 'D:/Epic Games/UE_4.27/FeaturePacks/TP_FlyingBP.upack' (chunk index -1, root 'root:/') mounted
[2026.03.15-21.26.19:704][  0]LogShaderLibrary: Display: ShaderCodeLibraryPakFileMountedCallback: pending pak file info (ChunkID:-1 Root:root:/ File:D:/Epic Games/UE_4.27/FeaturePacks/TP_FlyingBP.upack)
[2026.03.15-21.26.19:704][  0]LogPakFile: OnPakFileMounted2Time == 0.000072
[2026.03.15-21.26.19:711][  0]LogPakFile: PakFile PrimaryIndexSize=188
[2026.03.15-21.26.19:711][  0]LogPakFile: PakFile PathHashIndexSize=101
[2026.03.15-21.26.19:711][  0]LogPakFile: PakFile FullDirectoryIndexSize=150
[2026.03.15-21.26.19:711][  0]LogShaderLibrary: Display: ShaderCodeLibraryPakFileMountedCallback: PakFile 'D:/Epic Games/UE_4.27/FeaturePacks/TP_HandheldARBP.upack' (chunk index -1, root 'root:/') mounted
[2026.03.15-21.26.19:711][  0]LogShaderLibrary: Display: ShaderCodeLibraryPakFileMountedCallback: pending pak file info (ChunkID:-1 Root:root:/ File:D:/Epic Games/UE_4.27/FeaturePacks/TP_HandheldARBP.upack)
[2026.03.15-21.26.19:711][  0]LogPakFile: OnPakFileMounted2Time == 0.000030
[2026.03.15-21.26.19:719][  0]LogPakFile: PakFile PrimaryIndexSize=182
[2026.03.15-21.26.19:719][  0]LogPakFile: PakFile PathHashIndexSize=101
[2026.03.15-21.26.19:719][  0]LogPakFile: PakFile FullDirectoryIndexSize=138
[2026.03.15-21.26.19:719][  0]LogShaderLibrary: Display: ShaderCodeLibraryPakFileMountedCallback: PakFile 'D:/Epic Games/UE_4.27/FeaturePacks/TP_Puzzle.upack' (chunk index -1, root 'root:/') mounted
[2026.03.15-21.26.19:719][  0]LogShaderLibrary: Display: ShaderCodeLibraryPakFileMountedCallback: pending pak file info (ChunkID:-1 Root:root:/ File:D:/Epic Games/UE_4.27/FeaturePacks/TP_Puzzle.upack)
[2026.03.15-21.26.19:719][  0]LogPakFile: OnPakFileMounted2Time == 0.000031
[2026.03.15-21.26.19:726][  0]LogPakFile: PakFile PrimaryIndexSize=184
[2026.03.15-21.26.19:727][  0]LogPakFile: PakFile PathHashIndexSize=101
[2026.03.15-21.26.19:727][  0]LogPakFile: PakFile FullDirectoryIndexSize=142
[2026.03.15-21.26.19:727][  0]LogShaderLibrary: Display: ShaderCodeLibraryPakFileMountedCallback: PakFile 'D:/Epic Games/UE_4.27/FeaturePacks/TP_PuzzleBP.upack' (chunk index -1, root 'root:/') mounted
[2026.03.15-21.26.19:727][  0]LogShaderLibrary: Display: ShaderCodeLibraryPakFileMountedCallback: pending pak file info (ChunkID:-1 Root:root:/ File:D:/Epic Games/UE_4.27/FeaturePacks/TP_PuzzleBP.upack)
[2026.03.15-21.26.19:727][  0]LogPakFile: OnPakFileMounted2Time == 0.000049
[2026.03.15-21.26.19:734][  0]LogPakFile: PakFile PrimaryIndexSize=183
[2026.03.15-21.26.19:735][  0]LogPakFile: PakFile PathHashIndexSize=101
[2026.03.15-21.26.19:735][  0]LogPakFile: PakFile FullDirectoryIndexSize=140
[2026.03.15-21.26.19:735][  0]LogShaderLibrary: Display: ShaderCodeLibraryPakFileMountedCallback: PakFile 'D:/Epic Games/UE_4.27/FeaturePacks/TP_Rolling.upack' (chunk index -1, root 'root:/') mounted
[2026.03.15-21.26.19:735][  0]LogShaderLibrary: Display: ShaderCodeLibraryPakFileMountedCallback: pending pak file info (ChunkID:-1 Root:root:/ File:D:/Epic Games/UE_4.27/FeaturePacks/TP_Rolling.upack)
[2026.03.15-21.26.19:735][  0]LogPakFile: OnPakFileMounted2Time == 0.000045
[2026.03.15-21.26.19:742][  0]LogPakFile: PakFile PrimaryIndexSize=185
[2026.03.15-21.26.19:742][  0]LogPakFile: PakFile PathHashIndexSize=101
[2026.03.15-21.26.19:742][  0]LogPakFile: PakFile FullDirectoryIndexSize=144
[2026.03.15-21.26.19:742][  0]LogShaderLibrary: Display: ShaderCodeLibraryPakFileMountedCallback: PakFile 'D:/Epic Games/UE_4.27/FeaturePacks/TP_RollingBP.upack' (chunk index -1, root 'root:/') mounted
[2026.03.15-21.26.19:742][  0]LogShaderLibrary: Display: ShaderCodeLibraryPakFileMountedCallback: pending pak file info (ChunkID:-1 Root:root:/ File:D:/Epic Games/UE_4.27/FeaturePacks/TP_RollingBP.upack)
[2026.03.15-21.26.19:742][  0]LogPakFile: OnPakFileMounted2Time == 0.000030
[2026.03.15-21.26.19:750][  0]LogPakFile: PakFile PrimaryIndexSize=188
[2026.03.15-21.26.19:750][  0]LogPakFile: PakFile PathHashIndexSize=101
[2026.03.15-21.26.19:750][  0]LogPakFile: PakFile FullDirectoryIndexSize=150
[2026.03.15-21.26.19:750][  0]LogShaderLibrary: Display: ShaderCodeLibraryPakFileMountedCallback: PakFile 'D:/Epic Games/UE_4.27/FeaturePacks/TP_SideScroller.upack' (chunk index -1, root 'root:/') mounted
[2026.03.15-21.26.19:750][  0]LogShaderLibrary: Display: ShaderCodeLibraryPakFileMountedCallback: pending pak file info (ChunkID:-1 Root:root:/ File:D:/Epic Games/UE_4.27/FeaturePacks/TP_SideScroller.upack)
[2026.03.15-21.26.19:750][  0]LogPakFile: OnPakFileMounted2Time == 0.000157
[2026.03.15-21.26.19:757][  0]LogPakFile: PakFile PrimaryIndexSize=190
[2026.03.15-21.26.19:757][  0]LogPakFile: PakFile PathHashIndexSize=101
[2026.03.15-21.26.19:757][  0]LogPakFile: PakFile FullDirectoryIndexSize=154
[2026.03.15-21.26.19:757][  0]LogShaderLibrary: Display: ShaderCodeLibraryPakFileMountedCallback: PakFile 'D:/Epic Games/UE_4.27/FeaturePacks/TP_SideScrollerBP.upack' (chunk index -1, root 'root:/') mounted
[2026.03.15-21.26.19:757][  0]LogShaderLibrary: Display: ShaderCodeLibraryPakFileMountedCallback: pending pak file info (ChunkID:-1 Root:root:/ File:D:/Epic Games/UE_4.27/FeaturePacks/TP_SideScrollerBP.upack)
[2026.03.15-21.26.19:757][  0]LogPakFile: OnPakFileMounted2Time == 0.000047
[2026.03.15-21.26.19:764][  0]LogPakFile: PakFile PrimaryIndexSize=187
[2026.03.15-21.26.19:764][  0]LogPakFile: PakFile PathHashIndexSize=101
[2026.03.15-21.26.19:764][  0]LogPakFile: PakFile FullDirectoryIndexSize=148
[2026.03.15-21.26.19:764][  0]LogShaderLibrary: Display: ShaderCodeLibraryPakFileMountedCallback: PakFile 'D:/Epic Games/UE_4.27/FeaturePacks/TP_ThirdPerson.upack' (chunk index -1, root 'root:/') mounted
[2026.03.15-21.26.19:764][  0]LogShaderLibrary: Display: ShaderCodeLibraryPakFileMountedCallback: pending pak file info (ChunkID:-1 Root:root:/ File:D:/Epic Games/UE_4.27/FeaturePacks/TP_ThirdPerson.upack)
[2026.03.15-21.26.19:764][  0]LogPakFile: OnPakFileMounted2Time == 0.000037
[2026.03.15-21.26.19:772][  0]LogPakFile: PakFile PrimaryIndexSize=189
[2026.03.15-21.26.19:772][  0]LogPakFile: PakFile PathHashIndexSize=101
[2026.03.15-21.26.19:772][  0]LogPakFile: PakFile FullDirectoryIndexSize=152
[2026.03.15-21.26.19:772][  0]LogShaderLibrary: Display: ShaderCodeLibraryPakFileMountedCallback: PakFile 'D:/Epic Games/UE_4.27/FeaturePacks/TP_ThirdPersonBP.upack' (chunk index -1, root 'root:/') mounted
[2026.03.15-21.26.19:772][  0]LogShaderLibrary: Display: ShaderCodeLibraryPakFileMountedCallback: pending pak file info (ChunkID:-1 Root:root:/ File:D:/Epic Games/UE_4.27/FeaturePacks/TP_ThirdPersonBP.upack)
[2026.03.15-21.26.19:772][  0]LogPakFile: OnPakFileMounted2Time == 0.000058
[2026.03.15-21.26.19:779][  0]LogPakFile: PakFile PrimaryIndexSize=183
[2026.03.15-21.26.19:779][  0]LogPakFile: PakFile PathHashIndexSize=101
[2026.03.15-21.26.19:779][  0]LogPakFile: PakFile FullDirectoryIndexSize=140
[2026.03.15-21.26.19:779][  0]LogShaderLibrary: Display: ShaderCodeLibraryPakFileMountedCallback: PakFile 'D:/Epic Games/UE_4.27/FeaturePacks/TP_TopDown.upack' (chunk index -1, root 'root:/') mounted
[2026.03.15-21.26.19:779][  0]LogShaderLibrary: Display: ShaderCodeLibraryPakFileMountedCallback: pending pak file info (ChunkID:-1 Root:root:/ File:D:/Epic Games/UE_4.27/FeaturePacks/TP_TopDown.upack)
[2026.03.15-21.26.19:779][  0]LogPakFile: OnPakFileMounted2Time == 0.000036
[2026.03.15-21.26.19:786][  0]LogPakFile: PakFile PrimaryIndexSize=185
[2026.03.15-21.26.19:786][  0]LogPakFile: PakFile PathHashIndexSize=101
[2026.03.15-21.26.19:786][  0]LogPakFile: PakFile FullDirectoryIndexSize=144
[2026.03.15-21.26.19:786][  0]LogShaderLibrary: Display: ShaderCodeLibraryPakFileMountedCallback: PakFile 'D:/Epic Games/UE_4.27/FeaturePacks/TP_TopDownBP.upack' (chunk index -1, root 'root:/') mounted
[2026.03.15-21.26.19:786][  0]LogShaderLibrary: Display: ShaderCodeLibraryPakFileMountedCallback: pending pak file info (ChunkID:-1 Root:root:/ File:D:/Epic Games/UE_4.27/FeaturePacks/TP_TopDownBP.upack)
[2026.03.15-21.26.19:786][  0]LogPakFile: OnPakFileMounted2Time == 0.000027
[2026.03.15-21.26.19:795][  0]LogPakFile: PakFile PrimaryIndexSize=185
[2026.03.15-21.26.19:795][  0]LogPakFile: PakFile PathHashIndexSize=101
[2026.03.15-21.26.19:795][  0]LogPakFile: PakFile FullDirectoryIndexSize=144
[2026.03.15-21.26.19:795][  0]LogShaderLibrary: Display: ShaderCodeLibraryPakFileMountedCallback: PakFile 'D:/Epic Games/UE_4.27/FeaturePacks/TP_TwinStick.upack' (chunk index -1, root 'root:/') mounted
[2026.03.15-21.26.19:795][  0]LogShaderLibrary: Display: ShaderCodeLibraryPakFileMountedCallback: pending pak file info (ChunkID:-1 Root:root:/ File:D:/Epic Games/UE_4.27/FeaturePacks/TP_TwinStick.upack)
[2026.03.15-21.26.19:795][  0]LogPakFile: OnPakFileMounted2Time == 0.000044
[2026.03.15-21.26.19:802][  0]LogPakFile: PakFile PrimaryIndexSize=187
[2026.03.15-21.26.19:802][  0]LogPakFile: PakFile PathHashIndexSize=101
[2026.03.15-21.26.19:802][  0]LogPakFile: PakFile FullDirectoryIndexSize=148
[2026.03.15-21.26.19:802][  0]LogShaderLibrary: Display: ShaderCodeLibraryPakFileMountedCallback: PakFile 'D:/Epic Games/UE_4.27/FeaturePacks/TP_TwinStickBP.upack' (chunk index -1, root 'root:/') mounted
[2026.03.15-21.26.19:802][  0]LogShaderLibrary: Display: ShaderCodeLibraryPakFileMountedCallback: pending pak file info (ChunkID:-1 Root:root:/ File:D:/Epic Games/UE_4.27/FeaturePacks/TP_TwinStickBP.upack)
[2026.03.15-21.26.19:802][  0]LogPakFile: OnPakFileMounted2Time == 0.000027
[2026.03.15-21.26.19:808][  0]LogPakFile: PakFile PrimaryIndexSize=183
[2026.03.15-21.26.19:808][  0]LogPakFile: PakFile PathHashIndexSize=101
[2026.03.15-21.26.19:808][  0]LogPakFile: PakFile FullDirectoryIndexSize=140
[2026.03.15-21.26.19:808][  0]LogShaderLibrary: Display: ShaderCodeLibraryPakFileMountedCallback: PakFile 'D:/Epic Games/UE_4.27/FeaturePacks/TP_Vehicle.upack' (chunk index -1, root 'root:/') mounted
[2026.03.15-21.26.19:808][  0]LogShaderLibrary: Display: ShaderCodeLibraryPakFileMountedCallback: pending pak file info (ChunkID:-1 Root:root:/ File:D:/Epic Games/UE_4.27/FeaturePacks/TP_Vehicle.upack)
[2026.03.15-21.26.19:808][  0]LogPakFile: OnPakFileMounted2Time == 0.000038
[2026.03.15-21.26.19:815][  0]LogPakFile: PakFile PrimaryIndexSize=186
[2026.03.15-21.26.19:815][  0]LogPakFile: PakFile PathHashIndexSize=101
[2026.03.15-21.26.19:815][  0]LogPakFile: PakFile FullDirectoryIndexSize=146
[2026.03.15-21.26.19:815][  0]LogShaderLibrary: Display: ShaderCodeLibraryPakFileMountedCallback: PakFile 'D:/Epic Games/UE_4.27/FeaturePacks/TP_VehicleAdv.upack' (chunk index -1, root 'root:/') mounted
[2026.03.15-21.26.19:815][  0]LogShaderLibrary: Display: ShaderCodeLibraryPakFileMountedCallback: pending pak file info (ChunkID:-1 Root:root:/ File:D:/Epic Games/UE_4.27/FeaturePacks/TP_VehicleAdv.upack)
[2026.03.15-21.26.19:815][  0]LogPakFile: OnPakFileMounted2Time == 0.000028
[2026.03.15-21.26.19:822][  0]LogPakFile: PakFile PrimaryIndexSize=188
[2026.03.15-21.26.19:822][  0]LogPakFile: PakFile PathHashIndexSize=101
[2026.03.15-21.26.19:822][  0]LogPakFile: PakFile FullDirectoryIndexSize=150
[2026.03.15-21.26.19:822][  0]LogShaderLibrary: Display: ShaderCodeLibraryPakFileMountedCallback: PakFile 'D:/Epic Games/UE_4.27/FeaturePacks/TP_VehicleAdvBP.upack' (chunk index -1, root 'root:/') mounted
[2026.03.15-21.26.19:822][  0]LogShaderLibrary: Display: ShaderCodeLibraryPakFileMountedCallback: pending pak file info (ChunkID:-1 Root:root:/ File:D:/Epic Games/UE_4.27/FeaturePacks/TP_VehicleAdvBP.upack)
[2026.03.15-21.26.19:822][  0]LogPakFile: OnPakFileMounted2Time == 0.000031
[2026.03.15-21.26.19:829][  0]LogPakFile: PakFile PrimaryIndexSize=185
[2026.03.15-21.26.19:829][  0]LogPakFile: PakFile PathHashIndexSize=101
[2026.03.15-21.26.19:829][  0]LogPakFile: PakFile FullDirectoryIndexSize=144
[2026.03.15-21.26.19:829][  0]LogShaderLibrary: Display: ShaderCodeLibraryPakFileMountedCallback: PakFile 'D:/Epic Games/UE_4.27/FeaturePacks/TP_VehicleBP.upack' (chunk index -1, root 'root:/') mounted
[2026.03.15-21.26.19:829][  0]LogShaderLibrary: Display: ShaderCodeLibraryPakFileMountedCallback: pending pak file info (ChunkID:-1 Root:root:/ File:D:/Epic Games/UE_4.27/FeaturePacks/TP_VehicleBP.upack)
[2026.03.15-21.26.19:829][  0]LogPakFile: OnPakFileMounted2Time == 0.000031
[2026.03.15-21.26.19:836][  0]LogPakFile: PakFile PrimaryIndexSize=192
[2026.03.15-21.26.19:836][  0]LogPakFile: PakFile PathHashIndexSize=101
[2026.03.15-21.26.19:837][  0]LogPakFile: PakFile FullDirectoryIndexSize=158
[2026.03.15-21.26.19:837][  0]LogShaderLibrary: Display: ShaderCodeLibraryPakFileMountedCallback: PakFile 'D:/Epic Games/UE_4.27/FeaturePacks/TP_VirtualRealityBP.upack' (chunk index -1, root 'root:/') mounted
[2026.03.15-21.26.19:837][  0]LogShaderLibrary: Display: ShaderCodeLibraryPakFileMountedCallback: pending pak file info (ChunkID:-1 Root:root:/ File:D:/Epic Games/UE_4.27/FeaturePacks/TP_VirtualRealityBP.upack)
[2026.03.15-21.26.19:837][  0]LogPakFile: OnPakFileMounted2Time == 0.000029
[2026.03.15-21.26.20:312][  0]LogNativeClassHierarchy: Verbose: Native class hierarchy updated for 'AddContentDialog' in 0.0002 seconds. Added 0 classes and 0 folders.
[2026.03.15-21.26.20:315][  0]LogNativeClassHierarchy: Verbose: Native class hierarchy updated for 'SceneOutliner' in 0.0003 seconds. Added 2 classes and 0 folders.
[2026.03.15-21.26.20:363][  0]LogSlate: Took 0.005749 seconds to synchronously load lazily loaded font '../../../Engine/Content/Slate/Fonts/Roboto-Regular.ttf' (155K)
[2026.03.15-21.26.20:370][  0]LogSlate: Took 0.005817 seconds to synchronously load lazily loaded font '../../../Engine/Content/Editor/Slate/Fonts/FontAwesome.ttf' (139K)
[2026.03.15-21.26.20:376][  0]LogSlate: Took 0.005214 seconds to synchronously load lazily loaded font '../../../Engine/Content/Slate/Fonts/Roboto-Bold.ttf' (160K)
[2026.03.15-21.26.20:526][  0]LogRenderer: Reallocating scene render targets to support 1936x992 Format 10 NumSamples 1 (Frame:1).
[2026.03.15-21.26.20:620][  0]LogNativeClassHierarchy: Verbose: Native class hierarchy updated for 'HierarchicalLODOutliner' in 0.0002 seconds. Added 0 classes and 0 folders.
[2026.03.15-21.26.20:620][  0]LogLoad: (Engine Initialization) Total time: 32.39 seconds
[2026.03.15-21.26.20:620][  0]LogLoad: (Engine Initialization) Total Blueprint compile time: 0.00 seconds
[2026.03.15-21.26.20:660][  0]LogAssetRegistry: Asset discovery search completed in 16.2591 seconds
[2026.03.15-21.26.20:691][  0]LogCollectionManager: Fixed up redirectors for 0 collections in 0.000010 seconds (updated 0 objects)
[2026.03.15-21.26.20:693][  0]LogContentStreaming: Texture pool size now 1000 MB
[2026.03.15-21.26.21:315][  2]LogSlate: Took 0.006120 seconds to synchronously load lazily loaded font '../../../Engine/Content/Slate/Fonts/Roboto-Light.ttf' (167K)
[2026.03.15-21.48.31:368][157]LogUObjectHash: Compacting FUObjectHashTables data took   0.58ms
[2026.03.15-21.48.31:402][157]LogSlate: Window 'RoadHopper - Unreal Editor' being destroyed
[2026.03.15-21.48.31:490][158]Cmd: QUIT_EDITOR
[2026.03.15-21.48.31:490][158]LogCore: Engine exit requested (reason: UUnrealEdEngine::CloseEditor())
[2026.03.15-21.48.31:494][158]LogCore: Engine exit requested (reason: EngineExit() was called; note: exit was already requested)
[2026.03.15-21.48.31:496][158]LogAudio: Display: Beginning Audio Device Manager Shutdown (Module: AudioMixerXAudio2)...
[2026.03.15-21.48.31:496][158]LogAudio: Display: Destroying 1 Remaining Audio Device(s)...
[2026.03.15-21.48.31:496][158]LogAudio: Display: Audio Device unregistered from world 'Untitled_1'.
[2026.03.15-21.48.31:496][158]LogAudioMixer: FMixerPlatformXAudio2::StopAudioStream() called
[2026.03.15-21.48.31:497][158]LogAudioMixer: FMixerPlatformXAudio2::StopAudioStream() called
[2026.03.15-21.48.31:500][158]LogAudio: Display: Audio Device Manager Shutdown
[2026.03.15-21.48.31:505][158]LogExit: Preparing to exit.
[2026.03.15-21.48.31:539][158]LogUObjectHash: Compacting FUObjectHashTables data took   0.74ms
[2026.03.15-21.48.31:678][158]LogDemo: Cleaned up 0 splitscreen connections with owner deletion
[2026.03.15-21.48.31:686][158]LogWorld: UWorld::CleanupWorld for None, bSessionEnded=true, bCleanupResources=true
[2026.03.15-21.48.31:686][158]LogExit: Editor shut down
[2026.03.15-21.48.31:688][158]LogExit: Transaction tracking system shut down
[2026.03.15-21.48.31:840][158]LogExit: Object subsystem successfully closed.
[2026.03.15-21.48.31:880][158]LogShaderCompilers: Display: === FShaderJobCache stats ===
[2026.03.15-21.48.31:880][158]LogShaderCompilers: Display: Total job queries 0, among them cache hits 0 (0.00%)
[2026.03.15-21.48.31:880][158]LogShaderCompilers: Display: Tracking 0 distinct input hashes that result in 0 distinct outputs (0.00%)
[2026.03.15-21.48.31:880][158]LogShaderCompilers: Display: RAM used: 0.00 MB (0.00 GB) of 1638.40 MB (1.60 GB) budget. Usage: 0.00%
[2026.03.15-21.48.31:880][158]LogShaderCompilers: Display: ================================================
[2026.03.15-21.48.31:895][158]LogShaderCompilers: Display: Shaders left to compile 0
[2026.03.15-21.48.31:915][158]LogModuleManager: Shutting down and abandoning module HierarchicalLODOutliner (870)
[2026.03.15-21.48.31:916][158]LogModuleManager: Shutting down and abandoning module SceneOutliner (868)
[2026.03.15-21.48.31:916][158]LogModuleManager: Shutting down and abandoning module AddContentDialog (866)
[2026.03.15-21.48.31:916][158]LogModuleManager: Shutting down and abandoning module WidgetCarousel (865)
[2026.03.15-21.48.31:916][158]LogModuleManager: Shutting down and abandoning module EditorWidgets (862)
[2026.03.15-21.48.31:916][158]LogModuleManager: Shutting down and abandoning module StatsViewer (860)
[2026.03.15-21.48.31:916][158]LogModuleManager: Shutting down and abandoning module PIEPreviewDeviceProfileSelector (858)
[2026.03.15-21.48.31:916][158]LogModuleManager: Shutting down and abandoning module SequenceRecorderSections (856)
[2026.03.15-21.48.31:917][158]LogModuleManager: Shutting down and abandoning module AutomationWorker (854)
[2026.03.15-21.48.31:917][158]LogModuleManager: Shutting down and abandoning module SteamVREditor (852)
[2026.03.15-21.48.31:917][158]LogModuleManager: Shutting down and abandoning module OculusMR (850)
[2026.03.15-21.48.31:917][158]LogModuleManager: Shutting down and abandoning module CameraShakePreviewer (848)
[2026.03.15-21.48.31:917][158]LogModuleManager: Shutting down and abandoning module OpenXRInput (846)
[2026.03.15-21.48.31:917][158]LogModuleManager: Shutting down and abandoning module TakeRecorderSources (844)
[2026.03.15-21.48.31:917][158]LogModuleManager: Shutting down and abandoning module TakeRecorder (843)
[2026.03.15-21.48.31:917][158]LogModuleManager: Shutting down and abandoning module TakeTrackRecorders (840)
[2026.03.15-21.48.31:918][158]LogModuleManager: Shutting down and abandoning module TakesCore (838)
[2026.03.15-21.48.31:918][158]LogModuleManager: Shutting down and abandoning module GooglePADEditor (836)
[2026.03.15-21.48.31:918][158]LogModuleManager: Shutting down and abandoning module AudioCaptureEditor (834)
[2026.03.15-21.48.31:918][158]LogModuleManager: Shutting down and abandoning module MatineeToLevelSequence (832)
[2026.03.15-21.48.31:918][158]LogModuleManager: Shutting down and abandoning module WmfMediaFactory (830)
[2026.03.15-21.48.31:918][158]LogModuleManager: Shutting down and abandoning module WmfMediaEditor (828)
[2026.03.15-21.48.31:918][158]LogModuleManager: Shutting down and abandoning module WebMMediaFactory (826)
[2026.03.15-21.48.31:918][158]LogModuleManager: Shutting down and abandoning module WebMMediaEditor (824)
[2026.03.15-21.48.31:918][158]LogModuleManager: Shutting down and abandoning module WebMMedia (822)
[2026.03.15-21.48.31:918][158]LogModuleManager: Shutting down and abandoning module TemplateSequenceEditor (820)
[2026.03.15-21.48.31:918][158]LogModuleManager: Shutting down and abandoning module LevelSequenceEditor (818)
[2026.03.15-21.48.31:918][158]LogModuleManager: Shutting down and abandoning module MediaPlayerEditor (816)
[2026.03.15-21.48.31:918][158]LogModuleManager: Shutting down and abandoning module ActorSequenceEditor (814)
[2026.03.15-21.48.31:919][158]LogModuleManager: Shutting down and abandoning module MediaCompositingEditor (812)
[2026.03.15-21.48.31:919][158]LogModuleManager: Shutting down and abandoning module SequenceRecorder (811)
[2026.03.15-21.48.31:919][158]LogModuleManager: Shutting down and abandoning module OpenExrWrapper (808)
[2026.03.15-21.48.31:919][158]LogModuleManager: Shutting down and abandoning module ImgMediaFactory (806)
[2026.03.15-21.48.31:919][158]LogModuleManager: Shutting down and abandoning module ImgMediaEditor (804)
[2026.03.15-21.48.31:919][158]LogModuleManager: Shutting down and abandoning module AvfMediaFactory (802)
[2026.03.15-21.48.31:919][158]LogModuleManager: Shutting down and abandoning module AvfMediaEditor (800)
[2026.03.15-21.48.31:919][158]LogModuleManager: Shutting down and abandoning module AndroidMediaFactory (798)
[2026.03.15-21.48.31:919][158]LogModuleManager: Shutting down and abandoning module AndroidMediaEditor (796)
[2026.03.15-21.48.31:919][158]LogModuleManager: Shutting down and abandoning module MagicLeapMediaCodecFactory (794)
[2026.03.15-21.48.31:919][158]LogModuleManager: Shutting down and abandoning module MagicLeapMediaFactory (792)
[2026.03.15-21.48.31:919][158]LogModuleManager: Shutting down and abandoning module MagicLeapMediaEditor (790)
[2026.03.15-21.48.31:919][158]LogModuleManager: Shutting down and abandoning module PlanarCut (788)
[2026.03.15-21.48.31:919][158]LogModuleManager: Shutting down and abandoning module CharacterAI (786)
[2026.03.15-21.48.31:919][158]LogModuleManager: Shutting down and abandoning module TextureAlignMode (784)
[2026.03.15-21.48.31:919][158]LogModuleManager: Shutting down and abandoning module BspMode (782)
[2026.03.15-21.48.31:919][158]LogModuleManager: Shutting down and abandoning module GeometryMode (780)
[2026.03.15-21.48.31:919][158]LogModuleManager: Shutting down and abandoning module SmartSnapping (778)
[2026.03.15-21.48.31:919][158]LogModuleManager: Shutting down and abandoning module SessionServices (776)
[2026.03.15-21.48.31:919][158]LogModuleManager: Shutting down and abandoning module MeshPaint (774)
[2026.03.15-21.48.31:919][158]LogModuleManager: Shutting down and abandoning module VirtualTexturingEditor (772)
[2026.03.15-21.48.31:919][158]LogModuleManager: Shutting down and abandoning module FoliageEdit (770)
[2026.03.15-21.48.31:919][158]LogModuleManager: Shutting down and abandoning module LandscapeEditor (768)
[2026.03.15-21.48.31:920][158]LogModuleManager: Shutting down and abandoning module MeshPaintMode (766)
[2026.03.15-21.48.31:920][158]LogModuleManager: Shutting down and abandoning module SceneDepthPickerMode (764)
[2026.03.15-21.48.31:920][158]LogModuleManager: Shutting down and abandoning module ActorPickerMode (762)
[2026.03.15-21.48.31:920][158]LogModuleManager: Shutting down and abandoning module PlacementMode (760)
[2026.03.15-21.48.31:920][158]LogModuleManager: Shutting down and abandoning module ViewportSnapping (758)
[2026.03.15-21.48.31:920][158]LogModuleManager: Shutting down and abandoning module ViewportInteraction (756)
[2026.03.15-21.48.31:920][158]LogModuleManager: Shutting down and abandoning module ClothPainter (754)
[2026.03.15-21.48.31:920][158]LogModuleManager: Shutting down and abandoning module SkeletalMeshEditor (753)
[2026.03.15-21.48.31:921][158]LogModuleManager: Shutting down and abandoning module LogVisualizer (750)
[2026.03.15-21.48.31:921][158]LogModuleManager: Shutting down and abandoning module IntroTutorials (748)
[2026.03.15-21.48.31:921][158]LogModuleManager: Shutting down and abandoning module GameProjectGeneration (747)
[2026.03.15-21.48.31:921][158]LogModuleManager: Shutting down and abandoning module LuminPlatformEditor (744)
[2026.03.15-21.48.31:921][158]LogModuleManager: Shutting down and abandoning module IOSPlatformEditor (742)
[2026.03.15-21.48.31:921][158]LogModuleManager: Shutting down and abandoning module AndroidPlatformEditor (740)
[2026.03.15-21.48.31:921][158]LogModuleManager: Shutting down and abandoning module AndroidDeviceDetection (739)
[2026.03.15-21.48.32:747][158]LogModuleManager: Shutting down and abandoning module WindowsPlatformEditor (736)
[2026.03.15-21.48.32:747][158]LogModuleManager: Shutting down and abandoning module LuminRuntimeSettings (734)
[2026.03.15-21.48.32:747][158]LogModuleManager: Shutting down and abandoning module IOSRuntimeSettings (732)
[2026.03.15-21.48.32:747][158]LogModuleManager: Shutting down and abandoning module AndroidRuntimeSettings (730)
[2026.03.15-21.48.32:747][158]LogModuleManager: Shutting down and abandoning module TraceInsights (728)
[2026.03.15-21.48.32:749][158]MemoryProfiler: Shutdown
[2026.03.15-21.48.32:749][158]NetworkingProfiler: Shutdown
[2026.03.15-21.48.32:749][158]LoadingProfiler: Shutdown
[2026.03.15-21.48.32:749][158]TimingProfiler: Shutdown
[2026.03.15-21.48.32:750][158]LogModuleManager: Shutting down and abandoning module TraceServices (727)
[2026.03.15-21.48.32:750][158]LogModuleManager: Shutting down and abandoning module EditorInteractiveToolsFramework (724)
[2026.03.15-21.48.32:750][158]LogModuleManager: Shutting down and abandoning module TimeManagementEditor (722)
[2026.03.15-21.48.32:750][158]LogModuleManager: Shutting down and abandoning module InputBindingEditor (720)
[2026.03.15-21.48.32:750][158]LogModuleManager: Shutting down and abandoning module MergeActors (718)
[2026.03.15-21.48.32:750][158]LogModuleManager: Shutting down and abandoning module LocalizationDashboard (716)
[2026.03.15-21.48.32:750][158]LogModuleManager: Shutting down and abandoning module LocalizationService (715)
[2026.03.15-21.48.32:750][158]LogModuleManager: Shutting down and abandoning module HardwareTargeting (712)
[2026.03.15-21.48.32:750][158]LogModuleManager: Shutting down and abandoning module DeviceProfileEditor (710)
[2026.03.15-21.48.32:751][158]LogModuleManager: Shutting down and abandoning module UndoHistory (708)
[2026.03.15-21.48.32:751][158]LogModuleManager: Shutting down and abandoning module XmlParser (706)
[2026.03.15-21.48.32:751][158]LogModuleManager: Shutting down and abandoning module Blutility (704)
[2026.03.15-21.48.32:751][158]LogModuleManager: Shutting down and abandoning module ProjectSettingsViewer (702)
[2026.03.15-21.48.32:751][158]LogModuleManager: Shutting down and abandoning module ProjectTargetPlatformEditor (701)
[2026.03.15-21.48.32:751][158]LogModuleManager: Shutting down and abandoning module EditorSettingsViewer (698)
[2026.03.15-21.48.32:751][158]LogModuleManager: Shutting down and abandoning module InternationalizationSettings (697)
[2026.03.15-21.48.32:751][158]LogModuleManager: Shutting down and abandoning module SettingsEditor (694)
[2026.03.15-21.48.32:751][158]LogModuleManager: Shutting down and abandoning module ProjectLauncher (692)
[2026.03.15-21.48.32:751][158]LogModuleManager: Shutting down and abandoning module SessionFrontend (690)
[2026.03.15-21.48.32:751][158]LogModuleManager: Shutting down and abandoning module ProfilerClient (688)
[2026.03.15-21.48.32:751][158]LogModuleManager: Shutting down and abandoning module DeviceManager (686)
[2026.03.15-21.48.32:751][158]LogModuleManager: Shutting down and abandoning module TargetDeviceServices (685)
[2026.03.15-21.48.32:783][158]LogModuleManager: Shutting down and abandoning module AutomationController (682)
[2026.03.15-21.48.32:783][158]LogModuleManager: Shutting down and abandoning module AutomationWindow (680)
[2026.03.15-21.48.32:783][158]LogModuleManager: Shutting down and abandoning module Layers (678)
[2026.03.15-21.48.32:784][158]LogModuleManager: Shutting down and abandoning module ComponentVisualizers (676)
[2026.03.15-21.48.32:784][158]LogModuleManager: Shutting down and abandoning module DetailCustomizations (674)
[2026.03.15-21.48.32:784][158]LogModuleManager: Shutting down and abandoning module PackagesDialog (672)
[2026.03.15-21.48.32:784][158]LogModuleManager: Shutting down and abandoning module AnimationBlueprintEditor (670)
[2026.03.15-21.48.32:784][158]LogModuleManager: Shutting down and abandoning module Persona (668)
[2026.03.15-21.48.32:784][158]LogModuleManager: Shutting down and abandoning module AdvancedPreviewScene (667)
[2026.03.15-21.48.32:784][158]LogModuleManager: Shutting down and abandoning module AnimGraph (665)
[2026.03.15-21.48.32:784][158]LogModuleManager: Shutting down and abandoning module Kismet (662)
[2026.03.15-21.48.32:784][158]LogModuleManager: Shutting down and abandoning module KismetWidgets (661)
[2026.03.15-21.48.32:784][158]LogModuleManager: Shutting down and abandoning module GraphEditor (658)
[2026.03.15-21.48.32:784][158]LogModuleManager: Shutting down and abandoning module StructViewer (656)
[2026.03.15-21.48.32:784][158]LogModuleManager: Shutting down and abandoning module ClassViewer (654)
[2026.03.15-21.48.32:784][158]LogModuleManager: Shutting down and abandoning module Toolbox (652)
[2026.03.15-21.48.32:784][158]LogModuleManager: Shutting down and abandoning module ModuleUI (650)
[2026.03.15-21.48.32:784][158]LogModuleManager: Shutting down and abandoning module OutputLog (648)
[2026.03.15-21.48.32:784][158]LogModuleManager: Shutting down and abandoning module GammaUI (646)
[2026.03.15-21.48.32:784][158]LogModuleManager: Shutting down and abandoning module Documentation (644)
[2026.03.15-21.48.32:784][158]LogModuleManager: Shutting down and abandoning module LiveCoding (642)
[2026.03.15-21.48.32:784][158]LogModuleManager: Shutting down and abandoning module LevelSequence (640)
[2026.03.15-21.48.32:784][158]LogModuleManager: Shutting down and abandoning module MovieSceneTracks (638)
[2026.03.15-21.48.32:784][158]LogModuleManager: Shutting down and abandoning module MovieScene (636)
[2026.03.15-21.48.32:785][158]LogModuleManager: Shutting down and abandoning module StreamingPauseRendering (634)
[2026.03.15-21.48.32:785][158]LogModuleManager: Shutting down and abandoning module LauncherPlatform (632)
[2026.03.15-21.48.32:785][158]LogModuleManager: Shutting down and abandoning module AnalyticsET (630)
[2026.03.15-21.48.32:785][158]LogModuleManager: Shutting down and abandoning module PortalServices (628)
[2026.03.15-21.48.32:785][158]LogModuleManager: Shutting down and abandoning module PortalRpc (626)
[2026.03.15-21.48.32:785][158]LogModuleManager: Shutting down and abandoning module MessagingRpc (624)
[2026.03.15-21.48.32:785][158]LogModuleManager: Shutting down and abandoning module AudioMixerXAudio2 (622)
[2026.03.15-21.48.32:785][158]LogModuleManager: Shutting down and abandoning module AudioMixerCore (621)
[2026.03.15-21.48.32:785][158]LogModuleManager: Shutting down and abandoning module AIModule (618)
[2026.03.15-21.48.32:785][158]LogModuleManager: Shutting down and abandoning module GameplayDebugger (617)
[2026.03.15-21.48.32:785][158]LogModuleManager: Shutting down and abandoning module AITestSuite (615)
[2026.03.15-21.48.32:785][158]LogModuleManager: Shutting down and abandoning module NavigationSystem (613)
[2026.03.15-21.48.32:785][158]LogModuleManager: Shutting down and abandoning module ImageWriteQueue (610)
[2026.03.15-21.48.32:791][158]LogModuleManager: Shutting down and abandoning module ProfilerService (608)
[2026.03.15-21.48.32:922][158]LogModuleManager: Shutting down and abandoning module TaskGraph (606)
[2026.03.15-21.48.32:922][158]LogModuleManager: Shutting down and abandoning module AudioSynesthesiaEditor (604)
[2026.03.15-21.48.32:922][158]LogModuleManager: Shutting down and abandoning module OculusEditor (602)
[2026.03.15-21.48.32:923][158]LogModuleManager: Shutting down and abandoning module OculusInput (600)
[2026.03.15-21.48.32:923][158]LogModuleManager: Shutting down and abandoning module ContentBrowserFileDataSource (598)
[2026.03.15-21.48.32:923][158]LogModuleManager: Shutting down and abandoning module ContentBrowserClassDataSource (596)
[2026.03.15-21.48.32:923][158]LogModuleManager: Shutting down and abandoning module ContentBrowserAssetDataSource (594)
[2026.03.15-21.48.32:923][158]LogModuleManager: Shutting down and abandoning module CollectionManager (593)
[2026.03.15-21.48.32:923][158]LogModuleManager: Shutting down and abandoning module SynthesisEditor (590)
[2026.03.15-21.48.32:923][158]LogModuleManager: Shutting down and abandoning module Synthesis (588)
[2026.03.15-21.48.32:924][158]LogModuleManager: Shutting down and abandoning module ProceduralMeshComponentEditor (586)
[2026.03.15-21.48.32:924][158]LogModuleManager: Shutting down and abandoning module ProceduralMeshComponent (584)
[2026.03.15-21.48.32:924][158]LogModuleManager: Shutting down and abandoning module OpenXREditor (582)
[2026.03.15-21.48.32:924][158]LogModuleManager: Shutting down and abandoning module MobilePatchingUtils (580)
[2026.03.15-21.48.32:924][158]LogModuleManager: Shutting down and abandoning module TakeSequencer (578)
[2026.03.15-21.48.32:924][158]LogModuleManager: Shutting down and abandoning module TakeMovieScene (576)
[2026.03.15-21.48.32:924][158]LogModuleManager: Shutting down and abandoning module GooglePAD (574)
[2026.03.15-21.48.32:924][158]LogModuleManager: Shutting down and abandoning module ScreenshotTools (572)
[2026.03.15-21.48.32:924][158]LogModuleManager: Shutting down and abandoning module EditableMesh (570)
[2026.03.15-21.48.32:924][158]LogModuleManager: Shutting down and abandoning module CustomMeshComponent (568)
[2026.03.15-21.48.32:924][158]LogModuleManager: Shutting down and abandoning module CableComponent (566)
[2026.03.15-21.48.32:924][158]LogModuleManager: Shutting down and abandoning module AudioCapture (564)
[2026.03.15-21.48.32:924][158]LogModuleManager: Shutting down and abandoning module AudioCaptureRtAudio (563)
[2026.03.15-21.48.32:924][158]LogModuleManager: Shutting down and abandoning module AssetTags (560)
[2026.03.15-21.48.32:924][158]LogModuleManager: Shutting down and abandoning module ArchVisCharacter (558)
[2026.03.15-21.48.32:924][158]LogModuleManager: Shutting down and abandoning module AppleImageUtilsBlueprintSupport (556)
[2026.03.15-21.48.32:924][158]LogModuleManager: Shutting down and abandoning module AppleImageUtils (554)
[2026.03.15-21.48.32:924][158]LogModuleManager: Shutting down and abandoning module AndroidPermission (552)
[2026.03.15-21.48.32:924][158]LogModuleManager: Shutting down and abandoning module ActorLayerUtilitiesEditor (550)
[2026.03.15-21.48.32:924][158]LogModuleManager: Shutting down and abandoning module ActorLayerUtilities (548)
[2026.03.15-21.48.32:924][158]LogModuleManager: Shutting down and abandoning module TemplateSequence (546)
[2026.03.15-21.48.32:924][158]LogModuleManager: Shutting down and abandoning module MediaCompositing (544)
[2026.03.15-21.48.32:924][158]LogModuleManager: Shutting down and abandoning module ImgMedia (542)
[2026.03.15-21.48.32:924][158]LogModuleManager: Shutting down and abandoning module MagicLeapSharedWorld (540)
[2026.03.15-21.48.32:924][158]LogModuleManager: Shutting down and abandoning module MagicLeapLightEstimation (538)
[2026.03.15-21.48.32:924][158]LogModuleManager: Shutting down and abandoning module MagicLeapHelperVulkan (536)
[2026.03.15-21.48.32:924][158]LogModuleManager: Shutting down and abandoning module MagicLeapHelperOpenGL (534)
[2026.03.15-21.48.32:924][158]LogModuleManager: Shutting down and abandoning module MagicLeapAudio (532)
[2026.03.15-21.48.32:924][158]LogModuleManager: Shutting down and abandoning module OpenImageDenoise (530)
[2026.03.15-21.48.32:924][158]LogOpenImageDenoise: OIDN shutting down
[2026.03.15-21.48.32:924][158]LogModuleManager: Shutting down and abandoning module MotoSynthEditor (528)
[2026.03.15-21.48.32:924][158]LogModuleManager: Shutting down and abandoning module MotoSynth (526)
[2026.03.15-21.48.32:924][158]LogModuleManager: Shutting down and abandoning module MeshConversion (524)
[2026.03.15-21.48.32:924][158]LogModuleManager: Shutting down and abandoning module DynamicMesh (522)
[2026.03.15-21.48.32:924][158]LogModuleManager: Shutting down and abandoning module GeometryAlgorithms (520)
[2026.03.15-21.48.32:925][158]LogModuleManager: Shutting down and abandoning module GeometricObjects (518)
[2026.03.15-21.48.32:925][158]LogModuleManager: Shutting down and abandoning module GeometryCollectionTracks (516)
[2026.03.15-21.48.32:925][158]LogModuleManager: Shutting down and abandoning module GeometryCollectionSequencer (515)
[2026.03.15-21.48.32:925][158]LogModuleManager: Shutting down and abandoning module GeometryCollectionEditor (512)
[2026.03.15-21.48.32:925][158]LogModuleManager: Shutting down and abandoning module GeometryCacheTracks (510)
[2026.03.15-21.48.32:925][158]LogModuleManager: Shutting down and abandoning module GeometryCacheStreamer (508)
[2026.03.15-21.48.32:925][158]LogModuleManager: Shutting down and abandoning module GeometryCacheSequencer (506)
[2026.03.15-21.48.32:925][158]LogModuleManager: Shutting down and abandoning module ChaosSolverEditor (504)
[2026.03.15-21.48.32:925][158]LogModuleManager: Shutting down and abandoning module ChaosNiagara (502)
[2026.03.15-21.48.32:925][158]LogModuleManager: Shutting down and abandoning module FractureEditor (500)
[2026.03.15-21.48.32:926][158]LogModuleManager: Shutting down and abandoning module FieldSystemEngine (499)
[2026.03.15-21.48.32:926][158]LogModuleManager: Shutting down and abandoning module ChaosClothEditor (496)
[2026.03.15-21.48.32:926][158]LogModuleManager: Shutting down and abandoning module BackChannel (494)
[2026.03.15-21.48.32:926][158]LogModuleManager: Shutting down and abandoning module AutomationUtilsEditor (492)
[2026.03.15-21.48.32:926][158]LogModuleManager: Shutting down and abandoning module AutomationUtils (490)
[2026.03.15-21.48.32:926][158]LogModuleManager: Shutting down and abandoning module AlembicImporter (488)
[2026.03.15-21.48.32:926][158]LogModuleManager: Shutting down and abandoning module AlembicLibrary (487)
[2026.03.15-21.48.32:926][158]LogModuleManager: Shutting down and abandoning module GeometryCache (486)
[2026.03.15-21.48.32:926][158]LogModuleManager: Shutting down and abandoning module GeometryCacheEd (485)
[2026.03.15-21.48.32:926][158]LogModuleManager: Shutting down and abandoning module VariantManagerContentEditor (480)
[2026.03.15-21.48.32:926][158]LogModuleManager: Shutting down and abandoning module NiagaraEditorWidgets (478)
[2026.03.15-21.48.32:926][158]LogModuleManager: Shutting down and abandoning module SpeedTreeImporter (476)
[2026.03.15-21.48.32:926][158]LogModuleManager: Shutting down and abandoning module PluginBrowser (474)
[2026.03.15-21.48.32:927][158]LogModuleManager: Shutting down and abandoning module MobileLauncherProfileWizard (472)
[2026.03.15-21.48.32:927][158]LogModuleManager: Shutting down and abandoning module MaterialAnalyzer (470)
[2026.03.15-21.48.32:927][158]LogModuleManager: Shutting down and abandoning module DatasmithContentEditor (468)
[2026.03.15-21.48.32:927][158]LogModuleManager: Shutting down and abandoning module VisualStudioCodeSourceCodeAccess (466)
[2026.03.15-21.48.32:927][158]LogModuleManager: Shutting down and abandoning module VisualStudioSourceCodeAccess (464)
[2026.03.15-21.48.32:927][158]LogModuleManager: Shutting down and abandoning module UObjectPlugin (462)
[2026.03.15-21.48.32:927][158]LogModuleManager: Shutting down and abandoning module CurveEditorTools (460)
[2026.03.15-21.48.32:928][158]LogModuleManager: Shutting down and abandoning module SubversionSourceControl (458)
[2026.03.15-21.48.32:928][158]LogModuleManager: Shutting down and abandoning module CryptoKeysOpenSSL (456)
[2026.03.15-21.48.32:928][158]LogModuleManager: Shutting down and abandoning module CryptoKeys (454)
[2026.03.15-21.48.32:928][158]LogModuleManager: Shutting down and abandoning module PluginUtils (452)
[2026.03.15-21.48.32:928][158]LogModuleManager: Shutting down and abandoning module RiderSourceCodeAccess (450)
[2026.03.15-21.48.32:928][158]LogModuleManager: Shutting down and abandoning module PerforceSourceControl (448)
[2026.03.15-21.48.32:928][158]LogModuleManager: Shutting down and abandoning module OodleNetworkHandlerComponent (446)
[2026.03.15-21.48.32:928][158]LogModuleManager: Shutting down and abandoning module PlasticSourceControl (444)
[2026.03.15-21.48.32:928][158]LogModuleManager: Shutting down and abandoning module GitSourceControl (442)
[2026.03.15-21.48.32:928][158]LogModuleManager: Shutting down and abandoning module SourceControl (441)
[2026.03.15-21.48.32:928][158]LogModuleManager: Shutting down and abandoning module CLionSourceCodeAccess (438)
[2026.03.15-21.48.32:928][158]LogModuleManager: Shutting down and abandoning module LiveLinkSequencer (436)
[2026.03.15-21.48.32:928][158]LogModuleManager: Shutting down and abandoning module LiveLinkMovieScene (434)
[2026.03.15-21.48.32:928][158]LogModuleManager: Shutting down and abandoning module LiveLinkGraphNode (432)
[2026.03.15-21.48.32:928][158]LogModuleManager: Shutting down and abandoning module LiveLinkEditor (430)
[2026.03.15-21.48.32:928][158]LogModuleManager: Shutting down and abandoning module LiveLinkComponents (428)
[2026.03.15-21.48.32:928][158]LogModuleManager: Shutting down and abandoning module LiveLink (426)
[2026.03.15-21.48.33:110][158]LogModuleManager: Shutting down and abandoning module AnimationSharingEd (424)
[2026.03.15-21.48.33:110][158]LogModuleManager: Shutting down and abandoning module LightPropagationVolumeEditor (422)
[2026.03.15-21.48.33:110][158]LogModuleManager: Shutting down and abandoning module PaperTiledImporter (420)
[2026.03.15-21.48.33:110][158]LogModuleManager: Shutting down and abandoning module PaperSpriteSheetImporter (418)
[2026.03.15-21.48.33:110][158]LogModuleManager: Shutting down and abandoning module Paper2DEditor (416)
[2026.03.15-21.48.33:110][158]LogModuleManager: Shutting down and abandoning module MeshPaintingToolset (414)
[2026.03.15-21.48.33:110][158]LogModuleManager: Shutting down and abandoning module MeshPaintEditorMode (412)
[2026.03.15-21.48.33:110][158]LogModuleManager: Shutting down and abandoning module GameplayCameras (410)
[2026.03.15-21.48.33:110][158]LogModuleManager: Shutting down and abandoning module SoundFields (408)
[2026.03.15-21.48.33:110][158]LogModuleManager: Shutting down and abandoning module SignificanceManager (406)
[2026.03.15-21.48.33:110][158]LogModuleManager: Shutting down and abandoning module RuntimePhysXCooking (404)
[2026.03.15-21.48.33:110][158]LogModuleManager: Shutting down and abandoning module PropertyAccessEditor (402)
[2026.03.15-21.48.33:110][158]LogModuleManager: Shutting down and abandoning module PhysXVehiclesEditor (400)
[2026.03.15-21.48.33:110][158]LogModuleManager: Shutting down and abandoning module LocationServicesBPLibrary (396)
[2026.03.15-21.48.33:110][158]LogModuleManager: Shutting down and abandoning module AudioSynesthesia (394)
[2026.03.15-21.48.33:110][158]LogModuleManager: Shutting down and abandoning module AudioSynesthesiaCore (392)
[2026.03.15-21.48.33:110][158]LogModuleManager: Shutting down and abandoning module ActorSequence (390)
[2026.03.15-21.48.33:110][158]LogModuleManager: Shutting down and abandoning module UdpMessaging (388)
[2026.03.15-21.48.33:211][158]LogModuleManager: Shutting down and abandoning module TcpMessaging (386)
[2026.03.15-21.48.33:312][158]LogModuleManager: Shutting down and abandoning module ImgMediaEngine (384)
[2026.03.15-21.48.33:312][158]LogModuleManager: Shutting down and abandoning module MagicLeapARPin (382)
[2026.03.15-21.48.33:312][158]LogModuleManager: Shutting down and abandoning module MagicLeapHandMeshing (380)
[2026.03.15-21.48.33:312][158]LogModuleManager: Shutting down and abandoning module MagicLeapSecureStorage (378)
[2026.03.15-21.48.33:312][158]LogModuleManager: Shutting down and abandoning module MagicLeapPrivileges (376)
[2026.03.15-21.48.33:312][158]LogModuleManager: Shutting down and abandoning module MagicLeapPlanes (374)
[2026.03.15-21.48.33:312][158]LogMagicLeapPlanes: Planes tracker already destroyed.
[2026.03.15-21.48.33:312][158]LogModuleManager: Shutting down and abandoning module MagicLeapImageTracker (372)
[2026.03.15-21.48.33:312][158]LogModuleManager: Shutting down and abandoning module MagicLeapIdentity (370)
[2026.03.15-21.48.33:312][158]LogModuleManager: Shutting down and abandoning module MagicLeapHandTracking (368)
[2026.03.15-21.48.33:312][158]LogModuleManager: Shutting down and abandoning module MagicLeapEyeTracker (366)
[2026.03.15-21.48.33:312][158]LogModuleManager: Shutting down and abandoning module MagicLeapController (364)
[2026.03.15-21.48.33:312][158]LogModuleManager: Shutting down and abandoning module MagicLeapARPinImpl (362)
[2026.03.15-21.48.33:312][158]LogModuleManager: Shutting down and abandoning module MagicLeapAR (360)
[2026.03.15-21.48.33:312][158]LogModuleManager: Shutting down and abandoning module PythonScriptPlugin (358)
[2026.03.15-21.48.33:312][158]LogModuleManager: Shutting down and abandoning module NiagaraAnimNotifies (356)
[2026.03.15-21.48.33:312][158]LogModuleManager: Shutting down and abandoning module Niagara (354)
[2026.03.15-21.48.33:313][158]LogModuleManager: Shutting down and abandoning module SignalProcessing (353)
[2026.03.15-21.48.33:313][158]LogModuleManager: Shutting down and abandoning module NiagaraEditor (351)
[2026.03.15-21.48.33:313][158]LogModuleManager: Shutting down and abandoning module NiagaraCore (348)
[2026.03.15-21.48.33:313][158]LogModuleManager: Shutting down and abandoning module GameplayTagsEditor (346)
[2026.03.15-21.48.33:313][158]LogModuleManager: Shutting down and abandoning module FacialAnimationEditor (344)
[2026.03.15-21.48.33:313][158]LogModuleManager: Shutting down and abandoning module FacialAnimation (342)
[2026.03.15-21.48.33:313][158]LogModuleManager: Shutting down and abandoning module DataValidation (340)
[2026.03.15-21.48.33:313][158]LogModuleManager: Shutting down and abandoning module PropertyAccessNode (338)
[2026.03.15-21.48.33:313][158]LogModuleManager: Shutting down and abandoning module AssetManagerEditor (336)
[2026.03.15-21.48.33:313][158]LogModuleManager: Shutting down and abandoning module LevelEditor (335)
[2026.03.15-21.48.33:314][158]LogModuleManager: Shutting down and abandoning module PixelInspectorModule (334)
[2026.03.15-21.48.33:314][158]LogModuleManager: Shutting down and abandoning module CommonMenuExtensions (332)
[2026.03.15-21.48.33:314][158]LogModuleManager: Shutting down and abandoning module MainFrame (330)
[2026.03.15-21.48.33:314][158]LogModuleManager: Shutting down and abandoning module HotReload (329)
[2026.03.15-21.48.33:314][158]LogModuleManager: Shutting down and abandoning module ToolMenus (325)
[2026.03.15-21.48.33:314][158]LogModuleManager: Shutting down and abandoning module ContentBrowser (323)
[2026.03.15-21.48.33:314][158]LogModuleManager: Shutting down and abandoning module ContentBrowserData (322)
[2026.03.15-21.48.33:314][158]LogModuleManager: Shutting down and abandoning module TreeMap (319)
[2026.03.15-21.48.33:314][158]LogModuleManager: Shutting down and abandoning module EnvironmentQueryEditor (316)
[2026.03.15-21.48.33:314][158]LogModuleManager: Shutting down and abandoning module AnimationSharing (314)
[2026.03.15-21.48.33:314][158]LogModuleManager: Shutting down and abandoning module LightPropagationVolumeRuntime (312)
[2026.03.15-21.48.33:314][158]LogModuleManager: Shutting down and abandoning module Paper2D (310)
[2026.03.15-21.48.33:314][158]LogModuleManager: Shutting down and abandoning module WindowsMoviePlayer (308)
[2026.03.15-21.48.33:315][158]LogModuleManager: Shutting down and abandoning module WebMMoviePlayer (306)
[2026.03.15-21.48.33:315][158]LogModuleManager: Shutting down and abandoning module NetworkReplayStreaming (304)
[2026.03.15-21.48.33:315][158]LogModuleManager: Shutting down and abandoning module PacketHandler (302)
[2026.03.15-21.48.33:315][158]LogModuleManager: Shutting down and abandoning module ClothingSystemEditor (300)
[2026.03.15-21.48.33:315][158]LogModuleManager: Shutting down and abandoning module ClothingSystemRuntimeNv (298)
[2026.03.15-21.48.33:315][158]LogModuleManager: Shutting down and abandoning module MediaAssets (296)
[2026.03.15-21.48.33:315][158]LogModuleManager: Shutting down and abandoning module Overlay (294)
[2026.03.15-21.48.33:315][158]LogModuleManager: Shutting down and abandoning module OverlayEditor (293)
[2026.03.15-21.48.33:315][158]LogModuleManager: Shutting down and abandoning module VREditor (290)
[2026.03.15-21.48.33:315][158]LogModuleManager: Shutting down and abandoning module StringTableEditor (288)
[2026.03.15-21.48.33:316][158]LogModuleManager: Shutting down and abandoning module GameplayTasksEditor (286)
[2026.03.15-21.48.33:316][158]LogModuleManager: Shutting down and abandoning module BehaviorTreeEditor (284)
[2026.03.15-21.48.33:317][158]LogModuleManager: Shutting down and abandoning module FunctionalTesting (282)
[2026.03.15-21.48.33:317][158]LogModuleManager: Shutting down and abandoning module CollisionAnalyzer (280)
[2026.03.15-21.48.33:317][158]LogModuleManager: Shutting down and abandoning module WorkspaceMenuStructure (279)
[2026.03.15-21.48.33:317][158]LogModuleManager: Shutting down and abandoning module UMG (276)
[2026.03.15-21.48.33:317][158]LogModuleManager: Shutting down and abandoning module UMGEditor (275)
[2026.03.15-21.48.33:317][158]LogModuleManager: Shutting down and abandoning module MessageLog (273)
[2026.03.15-21.48.33:317][158]LogModuleManager: Shutting down and abandoning module SlateReflector (268)
[2026.03.15-21.48.33:318][158]LogModuleManager: Shutting down and abandoning module Slate (266)
[2026.03.15-21.48.33:318][158]LogModuleManager: Shutting down and abandoning module SlateCore (264)
[2026.03.15-21.48.33:319][158]LogModuleManager: Shutting down and abandoning module LandscapeEditorUtilities (262)
[2026.03.15-21.48.33:319][158]LogModuleManager: Shutting down and abandoning module UnrealEd (260)
[2026.03.15-21.48.33:319][158]LogModuleManager: Shutting down and abandoning module MRMesh (258)
[2026.03.15-21.48.33:319][158]LogModuleManager: Shutting down and abandoning module SourceCodeAccess (256)
[2026.03.15-21.48.33:319][158]LogModuleManager: Shutting down and abandoning module HeadMountedDisplay (254)
[2026.03.15-21.48.33:319][158]LogModuleManager: Shutting down and abandoning module XAudio2 (252)
[2026.03.15-21.48.33:319][158]LogModuleManager: Shutting down and abandoning module Networking (250)
[2026.03.15-21.48.33:319][158]LogModuleManager: Shutting down and abandoning module Core (248)
[2026.03.15-21.48.33:319][158]LogModuleManager: Shutting down and abandoning module MaterialEditor (246)
[2026.03.15-21.48.33:319][158]LogModuleManager: Shutting down and abandoning module MovieSceneTools (244)
[2026.03.15-21.48.33:319][158]LogModuleManager: Shutting down and abandoning module CurveEditor (243)
[2026.03.15-21.48.33:320][158]LogModuleManager: Shutting down and abandoning module Sequencer (241)
[2026.03.15-21.48.33:320][158]LogModuleManager: Shutting down and abandoning module EditorStyle (240)
[2026.03.15-21.48.33:321][158]LogModuleManager: Shutting down and abandoning module KismetCompiler (236)
[2026.03.15-21.48.33:321][158]LogModuleManager: Shutting down and abandoning module MeshBuilder (234)
[2026.03.15-21.48.33:321][158]LogModuleManager: Shutting down and abandoning module MeshUtilities (232)
[2026.03.15-21.48.33:321][158]LogModuleManager: Shutting down and abandoning module MeshMergeUtilities (231)
[2026.03.15-21.48.33:321][158]LogModuleManager: Shutting down and abandoning module MeshReductionInterface (230)
[2026.03.15-21.48.33:321][158]LogModuleManager: Shutting down and abandoning module MeshBoneReduction (229)
[2026.03.15-21.48.33:321][158]LogModuleManager: Shutting down and abandoning module SkeletalMeshReduction (227)
[2026.03.15-21.48.33:321][158]LogModuleManager: Shutting down and abandoning module ProxyLODMeshReduction (225)
[2026.03.15-21.48.33:321][158]LogModuleManager: Shutting down and abandoning module QuadricMeshReduction (223)
[2026.03.15-21.48.33:322][158]LogModuleManager: Shutting down and abandoning module MaterialBaking (219)
[2026.03.15-21.48.33:322][158]LogModuleManager: Shutting down and abandoning module NullInstallBundleManager (214)
[2026.03.15-21.48.33:322][158]LogModuleManager: Shutting down and abandoning module DerivedDataCache (212)
[2026.03.15-21.48.33:322][158]LogModuleManager: Shutting down and abandoning module TargetPlatform (210)
[2026.03.15-21.48.33:322][158]LogModuleManager: Shutting down and abandoning module VulkanShaderFormat (209)
[2026.03.15-21.48.33:322][158]LogModuleManager: Shutting down and abandoning module ShaderFormatVectorVM (207)
[2026.03.15-21.48.33:322][158]LogModuleManager: Shutting down and abandoning module ShaderFormatOpenGL (205)
[2026.03.15-21.48.33:322][158]LogModuleManager: Shutting down and abandoning module ShaderFormatD3D (203)
[2026.03.15-21.48.33:322][158]LogModuleManager: Shutting down and abandoning module MetalShaderFormat (201)
[2026.03.15-21.48.33:322][158]LogModuleManager: Shutting down and abandoning module TextureFormatOodle (199)
[2026.03.15-21.48.33:322][158]LogModuleManager: Shutting down and abandoning module TextureFormatUncompressed (197)
[2026.03.15-21.48.33:322][158]LogModuleManager: Shutting down and abandoning module TextureFormatPVR (195)
[2026.03.15-21.48.33:322][158]LogModuleManager: Shutting down and abandoning module TextureFormatETC2 (193)
[2026.03.15-21.48.33:322][158]LogModuleManager: Shutting down and abandoning module TextureFormatDXT (191)
[2026.03.15-21.48.33:322][158]LogModuleManager: Shutting down and abandoning module TextureFormatIntelISPCTexComp (189)
[2026.03.15-21.48.33:322][158]LogModuleManager: Shutting down and abandoning module TextureFormatASTC (187)
[2026.03.15-21.48.33:322][158]LogModuleManager: Shutting down and abandoning module ImageWrapper (186)
[2026.03.15-21.48.33:322][158]LogModuleManager: Shutting down and abandoning module AudioFormatOpus (183)
[2026.03.15-21.48.33:322][158]LogModuleManager: Shutting down and abandoning module AudioFormatOgg (181)
[2026.03.15-21.48.33:322][158]LogModuleManager: Shutting down and abandoning module AudioFormatADPCM (179)
[2026.03.15-21.48.33:322][158]LogModuleManager: Shutting down and abandoning module WindowsServerTargetPlatform (177)
[2026.03.15-21.48.33:322][158]LogModuleManager: Shutting down and abandoning module WindowsClientTargetPlatform (175)
[2026.03.15-21.48.33:322][158]LogModuleManager: Shutting down and abandoning module WindowsTargetPlatform (173)
[2026.03.15-21.48.33:322][158]LogModuleManager: Shutting down and abandoning module WindowsNoEditorTargetPlatform (171)
[2026.03.15-21.48.33:322][158]LogModuleManager: Shutting down and abandoning module TVOSTargetPlatform (169)
[2026.03.15-21.48.33:323][158]LogModuleManager: Shutting down and abandoning module MacServerTargetPlatform (167)
[2026.03.15-21.48.33:323][158]LogModuleManager: Shutting down and abandoning module MacClientTargetPlatform (165)
[2026.03.15-21.48.33:323][158]LogModuleManager: Shutting down and abandoning module MacTargetPlatform (163)
[2026.03.15-21.48.33:323][158]LogModuleManager: Shutting down and abandoning module MacNoEditorTargetPlatform (161)
[2026.03.15-21.48.33:323][158]LogModuleManager: Shutting down and abandoning module LuminTargetPlatform (159)
[2026.03.15-21.48.33:324][158]LogModuleManager: Shutting down and abandoning module LinuxAArch64ServerTargetPlatform (157)
[2026.03.15-21.48.33:324][158]LogModuleManager: Shutting down and abandoning module LinuxAArch64ClientTargetPlatform (155)
[2026.03.15-21.48.33:324][158]LogModuleManager: Shutting down and abandoning module LinuxAArch64NoEditorTargetPlatform (153)
[2026.03.15-21.48.33:324][158]LogModuleManager: Shutting down and abandoning module LinuxServerTargetPlatform (151)
[2026.03.15-21.48.33:324][158]LogModuleManager: Shutting down and abandoning module LinuxClientTargetPlatform (149)
[2026.03.15-21.48.33:324][158]LogModuleManager: Shutting down and abandoning module LinuxNoEditorTargetPlatform (147)
[2026.03.15-21.48.33:324][158]LogModuleManager: Shutting down and abandoning module LinuxTargetPlatform (145)
[2026.03.15-21.48.33:324][158]LogModuleManager: Shutting down and abandoning module Messaging (143)
[2026.03.15-21.48.33:324][158]LogModuleManager: Shutting down and abandoning module IOSTargetPlatform (141)
[2026.03.15-21.48.33:324][158]LogModuleManager: Shutting down and abandoning module AndroidTargetPlatform (139)
[2026.03.15-21.48.33:326][158]LogModuleManager: Shutting down and abandoning module AllDesktopTargetPlatform (137)
[2026.03.15-21.48.33:326][158]LogModuleManager: Shutting down and abandoning module D3D11RHI (134)
[2026.03.15-21.48.33:326][158]LogModuleManager: Shutting down and abandoning module InputCore (132)
[2026.03.15-21.48.33:326][158]LogModuleManager: Shutting down and abandoning module Settings (130)
[2026.03.15-21.48.33:326][158]LogModuleManager: Shutting down and abandoning module DirectoryWatcher (128)
[2026.03.15-21.48.33:327][158]LogModuleManager: Shutting down and abandoning module PhysXCooking (126)
[2026.03.15-21.48.33:327][158]LogModuleManager: Shutting down and abandoning module Chaos (124)
[2026.03.15-21.48.33:327][158]LogModuleManager: Shutting down and abandoning module WindowsPlatformFeatures (122)
[2026.03.15-21.48.33:327][158]LogModuleManager: Shutting down and abandoning module GameplayMediaEncoder (121)
[2026.03.15-21.48.33:327][158]LogModuleManager: Shutting down and abandoning module AVEncoder (120)
[2026.03.15-21.48.33:327][158]LogModuleManager: Shutting down and abandoning module SteamVRInputDevice (116)
[2026.03.15-21.48.33:327][158]LogModuleManager: Shutting down and abandoning module SteamVRInput (114)
[2026.03.15-21.48.33:327][158]LogModuleManager: Shutting down and abandoning module SteamVR (112)
[2026.03.15-21.48.33:327][158]LogHMD: Freeing OpenVRDLLHandle.
[2026.03.15-21.48.33:327][158]LogModuleManager: Shutting down and abandoning module OculusHMD (110)
[2026.03.15-21.48.33:327][158]LogModuleManager: Shutting down and abandoning module OpenXRHandTracking (108)
[2026.03.15-21.48.33:327][158]LogSlate: Slate User Destroyed.  User Index 0, Is Virtual User: 0
[2026.03.15-21.48.33:327][158]LogModuleManager: Shutting down and abandoning module OpenXREyeTracker (106)
[2026.03.15-21.48.33:327][158]LogModuleManager: Shutting down and abandoning module OpenXRAR (104)
[2026.03.15-21.48.33:327][158]LogModuleManager: Shutting down and abandoning module AugmentedReality (103)
[2026.03.15-21.48.33:327][158]LogModuleManager: Shutting down and abandoning module OpenXRHMD (100)
[2026.03.15-21.48.33:328][158]LogModuleManager: Shutting down and abandoning module ExampleDeviceProfileSelector (98)
[2026.03.15-21.48.33:328][158]LogModuleManager: Shutting down and abandoning module ChunkDownloader (96)
[2026.03.15-21.48.33:328][158]LogModuleManager: Shutting down and abandoning module OnlineBlueprintSupport (94)
[2026.03.15-21.48.33:328][158]LogModuleManager: Shutting down and abandoning module OnlineSubsystem (90)
[2026.03.15-21.48.33:329][158]LogModuleManager: Shutting down and abandoning module XMPP (85)
[2026.03.15-21.48.33:329][158]LogModuleManager: Shutting down and abandoning module WebSockets (84)
[2026.03.15-21.48.33:346][158]LogModuleManager: Shutting down and abandoning module HTTP (81)
[2026.03.15-21.48.33:346][158]LogHttp: Display: Http module shutting down, but needs to wait on 1 outstanding Http requests:
[2026.03.15-21.48.33:346][158]LogHttp: Display: 	verb=[POST] url=[https://datarouter.ol.epicgames.com/datarouter/api/v1/public/data?SessionID=%7B844C335E-40B3-B5E7-EA60-3292CE94A686%7D&AppID=UEEditor.Rocket.Release&AppVersion=4.27.2-18319896%2B%2B%2BUE4%2BRelease-4.27&UserID=504006f14ff8eea1c5ef6a844afcb810%7Ce54e35c6cf81428ab071018d8aa2cafb%7Ce89cadd4-c3bb-4e27-b5a1-93be281c4197&AppEnvironment=datacollector-binary&UploadType=eteventstream] refs=[1] status=Processing
[2026.03.15-21.48.33:346][158]LogHttp: Display: cleaning up 1 outstanding Http requests.
[2026.03.15-21.48.33:363][158]LogModuleManager: Shutting down and abandoning module SSL (80)
[2026.03.15-21.48.33:364][158]LogModuleManager: Shutting down and abandoning module WmfMedia (76)
[2026.03.15-21.48.33:366][158]LogModuleManager: Shutting down and abandoning module Media (75)
[2026.03.15-21.48.33:367][158]LogModuleManager: Shutting down and abandoning module MediaInfo (74)
[2026.03.15-21.48.33:367][158]LogModuleManager: Shutting down and abandoning module LauncherChunkInstaller (70)
[2026.03.15-21.48.33:367][158]LogModuleManager: Shutting down and abandoning module ExrReaderGpu (68)
[2026.03.15-21.48.33:367][158]LogModuleManager: Shutting down and abandoning module MLSDK (66)
[2026.03.15-21.48.33:367][158]LogModuleManager: Shutting down and abandoning module MagicLeap (64)
[2026.03.15-21.48.33:367][158]LogModuleManager: Shutting down and abandoning module ChaosCloth (62)
[2026.03.15-21.48.33:367][158]LogModuleManager: Shutting down and abandoning module VariantManagerContent (60)
[2026.03.15-21.48.33:367][158]LogModuleManager: Shutting down and abandoning module NiagaraVertexFactories (58)
[2026.03.15-21.48.33:367][158]LogModuleManager: Shutting down and abandoning module NiagaraShader (56)
[2026.03.15-21.48.33:367][158]LogModuleManager: Shutting down and abandoning module DatasmithContent (54)
[2026.03.15-21.48.33:368][158]LogModuleManager: Shutting down and abandoning module PixWinPlugin (52)
[2026.03.15-21.48.33:368][158]LogModuleManager: Shutting down and abandoning module AISupportModule (50)
[2026.03.15-21.48.33:368][158]LogModuleManager: Shutting down and abandoning module DesktopPlatform (48)
[2026.03.15-21.48.33:368][158]LogModuleManager: Shutting down and abandoning module PythonScriptPluginPreload (46)
[2026.03.15-21.48.33:368][158]LogModuleManager: Shutting down and abandoning module PlatformCryptoOpenSSL (44)
[2026.03.15-21.48.33:368][158]LogModuleManager: Shutting down and abandoning module PlatformCryptoTypes (42)
[2026.03.15-21.48.33:368][158]LogModuleManager: Shutting down and abandoning module PlatformCrypto (40)
[2026.03.15-21.48.33:368][158]LogModuleManager: Shutting down and abandoning module OodleDataCompressionFormat (38)
[2026.03.15-21.48.33:368][158]LogModuleManager: Shutting down and abandoning module XGEController (36)
[2026.03.15-21.48.33:368][158]LogModuleManager: Shutting down and abandoning module AnimationModifiers (34)
[2026.03.15-21.48.33:368][158]LogModuleManager: Shutting down and abandoning module AudioEditor (32)
[2026.03.15-21.48.33:368][158]LogModuleManager: Shutting down and abandoning module PropertyEditor (31)
[2026.03.15-21.48.33:368][158]LogModuleManager: Shutting down and abandoning module TextureCompressor (28)
[2026.03.15-21.48.33:368][158]LogModuleManager: Shutting down and abandoning module RenderCore (26)
[2026.03.15-21.48.33:368][158]LogModuleManager: Shutting down and abandoning module Landscape (24)
[2026.03.15-21.48.33:368][158]LogModuleManager: Shutting down and abandoning module SlateRHIRenderer (22)
[2026.03.15-21.48.33:369][158]LogModuleManager: Shutting down and abandoning module AnimGraphRuntime (20)
[2026.03.15-21.48.33:369][158]LogModuleManager: Shutting down and abandoning module Renderer (18)
[2026.03.15-21.48.33:369][158]LogModuleManager: Shutting down and abandoning module Engine (16)
[2026.03.15-21.48.33:369][158]LogModuleManager: Shutting down and abandoning module CoreUObject (14)
[2026.03.15-21.48.33:369][158]LogModuleManager: Shutting down and abandoning module NetworkFile (12)
[2026.03.15-21.48.33:369][158]LogModuleManager: Shutting down and abandoning module CookedIterativeFile (10)
[2026.03.15-21.48.33:369][158]LogModuleManager: Shutting down and abandoning module StreamingFile (8)
[2026.03.15-21.48.33:369][158]LogModuleManager: Shutting down and abandoning module SandboxFile (6)
[2026.03.15-21.48.33:369][158]LogModuleManager: Shutting down and abandoning module PakFile (4)
[2026.03.15-21.48.33:369][158]LogModuleManager: Shutting down and abandoning module RSA (3)
[2026.03.15-21.48.33:369][158]LogContentStreaming: Display: There are 1 unreleased StreamingManagers
[2026.03.15-21.48.33:407][158]LogD3D11RHI: Shutdown
[2026.03.15-21.48.33:407][158]LogD3D11RHI: CleanupD3DDevice
[2026.03.15-21.48.33:409][158]LogExit: Exiting.
[2026.03.15-21.48.33:412][158]Log file closed, 03/15/26 15:48:33
