Log file open, 03/14/26 11:09:55
LogWindows: Failed to load 'aqProf.dll' (GetLastError=126)
LogWindows: File 'aqProf.dll' does not exist
LogWindows: Failed to load 'VtuneApi.dll' (GetLastError=126)
LogWindows: File 'VtuneApi.dll' does not exist
LogWindows: Failed to load 'VtuneApi32e.dll' (GetLastError=126)
LogWindows: File 'VtuneApi32e.dll' does not exist
LogConsoleResponse: Display: Failed to find resolution value strings in scalability ini. Falling back to default.
LogConsoleResponse: Display: Failed to find resolution value strings in scalability ini. Falling back to default.
LogInit: Display: Running engine for game: RoadHopper
LogPlatformFile: Not using cached read wrapper
LogTaskGraph: Started task graph with 5 named threads and 47 total threads with 3 sets of task threads.
LogStats: Stats thread started at 0.642012
LogICUInternationalization: ICU TimeZone Detection - Raw Offset: -7:00, Platform Override: ''
LogInit: Display: Loading text-based GConfig....
LogPluginManager: Mounting plugin MeshPainting
LogPluginManager: Mounting plugin XGEController
LogPluginManager: Mounting plugin LightPropagationVolume
LogPluginManager: Mounting plugin Paper2D
LogPluginManager: Mounting plugin GameplayCameras
LogPluginManager: Mounting plugin CameraShakePreviewer
LogPluginManager: Mounting plugin AnimationSharing
LogPluginManager: Mounting plugin EnvironmentQueryEditor
LogPluginManager: Mounting plugin LiveLink
LogPluginManager: Mounting plugin AISupport
LogPluginManager: Mounting plugin CLionSourceCodeAccess
LogPluginManager: Mounting plugin CodeLiteSourceCodeAccess
LogPluginManager: Mounting plugin GitSourceControl
LogPluginManager: Mounting plugin NullSourceCodeAccess
LogPluginManager: Mounting plugin KDevelopSourceCodeAccess
LogPluginManager: Mounting plugin PluginUtils
LogPluginManager: Mounting plugin PixWinPlugin
LogPluginManager: Mounting plugin PropertyAccessNode
LogPluginManager: Mounting plugin OodleData
LogPluginManager: Mounting plugin PerforceSourceControl
LogPluginManager: Mounting plugin OodleNetwork
LogPluginManager: Mounting plugin PlasticSourceControl
LogPluginManager: Mounting plugin AssetManagerEditor
LogPluginManager: Mounting plugin RiderSourceCodeAccess
LogPluginManager: Mounting plugin SubversionSourceControl
LogPluginManager: Mounting plugin TextureFormatOodle
LogPluginManager: Mounting plugin UObjectPlugin
LogPluginManager: Mounting plugin VisualStudioSourceCodeAccess
LogPluginManager: Mounting plugin CryptoKeys
LogPluginManager: Mounting plugin VisualStudioCodeSourceCodeAccess
LogPluginManager: Mounting plugin XCodeSourceCodeAccess
LogPluginManager: Mounting plugin CurveEditorTools
LogPluginManager: Mounting plugin DataValidation
LogPluginManager: Mounting plugin FacialAnimation
LogPluginManager: Mounting plugin Niagara
LogPluginManager: Mounting plugin GameplayTagsEditor
LogPluginManager: Mounting plugin AlembicImporter
LogPluginManager: Mounting plugin GeometryMode
LogPluginManager: Mounting plugin MacGraphicsSwitching
LogPluginManager: Mounting plugin PluginBrowser
LogPluginManager: Mounting plugin MobileLauncherProfileWizard
LogPluginManager: Mounting plugin AutomationUtils
LogPluginManager: Mounting plugin MaterialAnalyzer
LogPluginManager: Mounting plugin BackChannel
LogPluginManager: Mounting plugin SpeedTreeImporter
LogPluginManager: Mounting plugin ChaosClothEditor
LogPluginManager: Mounting plugin ChaosCloth
LogPluginManager: Mounting plugin ChaosEditor
LogPluginManager: Mounting plugin ChaosSolverPlugin
LogPluginManager: Mounting plugin ChaosNiagara
LogPluginManager: Mounting plugin CharacterAI
LogPluginManager: Mounting plugin GeometryCache
LogPluginManager: Mounting plugin GeometryCollectionPlugin
LogPluginManager: Mounting plugin GeometryProcessing
LogPluginManager: Mounting plugin OpenImageDenoise
LogPluginManager: Mounting plugin PlanarCut
LogPluginManager: Mounting plugin MotoSynth
LogPluginManager: Mounting plugin PlatformCrypto
LogPluginManager: Mounting plugin ProxyLODPlugin
LogPluginManager: Mounting plugin SkeletalReduction
LogPluginManager: Mounting plugin MagicLeap
LogPluginManager: Mounting plugin LuminPlatformFeatures
LogPluginManager: Mounting plugin PythonScriptPlugin
LogPluginManager: Mounting plugin MagicLeapLightEstimation
LogPluginManager: Mounting plugin MagicLeapMedia
LogPluginManager: Mounting plugin DatasmithContent
LogPluginManager: Mounting plugin MLSDK
LogPluginManager: Mounting plugin MagicLeapPassableWorld
LogPluginManager: Mounting plugin AndroidMedia
LogPluginManager: Mounting plugin VariantManagerContent
LogPluginManager: Mounting plugin AvfMedia
LogPluginManager: Mounting plugin ImgMedia
LogPluginManager: Mounting plugin TcpMessaging
LogPluginManager: Mounting plugin UdpMessaging
LogPluginManager: Mounting plugin MediaCompositing
LogPluginManager: Mounting plugin ActorSequence
LogPluginManager: Mounting plugin WebMMedia
LogPluginManager: Mounting plugin MediaPlayerEditor
LogPluginManager: Mounting plugin WmfMedia
LogPluginManager: Mounting plugin LevelSequenceEditor
LogPluginManager: Mounting plugin MatineeToLevelSequence
LogPluginManager: Mounting plugin TemplateSequence
LogPluginManager: Mounting plugin OnlineSubsystem
LogPluginManager: Mounting plugin ActorLayerUtilities
LogPluginManager: Mounting plugin AndroidDeviceProfileSelector
LogPluginManager: Mounting plugin AndroidMoviePlayer
LogPluginManager: Mounting plugin AndroidPermission
LogPluginManager: Mounting plugin OnlineSubsystemNull
LogPluginManager: Mounting plugin OnlineSubsystemUtils
LogPluginManager: Mounting plugin AppleImageUtils
LogPluginManager: Mounting plugin AppleMoviePlayer
LogPluginManager: Mounting plugin ArchVisCharacter
LogPluginManager: Mounting plugin AssetTags
LogPluginManager: Mounting plugin AudioCapture
LogPluginManager: Mounting plugin ChunkDownloader
LogPluginManager: Mounting plugin AudioSynesthesia
LogPluginManager: Mounting plugin CustomMeshComponent
LogPluginManager: Mounting plugin LauncherChunkInstaller
LogPluginManager: Mounting plugin CableComponent
LogPluginManager: Mounting plugin ExampleDeviceProfileSelector
LogPluginManager: Mounting plugin EditableMesh
LogPluginManager: Mounting plugin GooglePAD
LogPluginManager: Mounting plugin GoogleCloudMessaging
LogPluginManager: Mounting plugin IOSDeviceProfileSelector
LogPluginManager: Mounting plugin LinuxDeviceProfileSelector
LogPluginManager: Mounting plugin LocationServicesBPLibrary
LogPluginManager: Mounting plugin MobilePatchingUtils
LogPluginManager: Mounting plugin OpenXREyeTracker
LogPluginManager: Mounting plugin OpenXR
LogPluginManager: Mounting plugin OpenXRHandTracking
LogPluginManager: Mounting plugin PhysXVehicles
LogPluginManager: Mounting plugin PostSplashScreen
LogPluginManager: Mounting plugin ProceduralMeshComponent
LogPluginManager: Mounting plugin PropertyAccessEditor
LogPluginManager: Mounting plugin RuntimePhysXCooking
LogPluginManager: Mounting plugin SignificanceManager
LogPluginManager: Mounting plugin SoundFields
LogPluginManager: Mounting plugin Synthesis
LogPluginManager: Mounting plugin WebMMoviePlayer
LogPluginManager: Mounting plugin WindowsMoviePlayer
LogPluginManager: Mounting plugin Takes
LogPluginManager: Mounting plugin ScreenshotTools
LogPluginManager: Mounting plugin ContentBrowserAssetDataSource
LogPluginManager: Mounting plugin ContentBrowserClassDataSource
LogPluginManager: Mounting plugin ContentBrowserFileDataSource
LogPluginManager: Mounting plugin OnlineSubsystemGooglePlay
LogPluginManager: Mounting plugin OnlineSubsystemIOS
LogPluginManager: Mounting plugin OculusVR
LogPluginManager: Mounting plugin SteamVR
PixWinPlugin: PIX capture plugin failed to initialize! Check that the process is launched from PIX.
LogInit: Using libcurl 7.55.1-DEV
LogInit:  - built for x86_64-pc-win32
LogInit:  - supports SSL with OpenSSL/1.1.1
LogInit:  - supports HTTP deflate (compression) using libz 1.2.8
LogInit:  - other features:
LogInit:      CURL_VERSION_SSL
LogInit:      CURL_VERSION_LIBZ
LogInit:      CURL_VERSION_IPV6
LogInit:      CURL_VERSION_ASYNCHDNS
LogInit:      CURL_VERSION_LARGEFILE
LogInit:      CURL_VERSION_IDN
LogInit:  CurlRequestOptions (configurable via config and command line):
LogInit:  - bVerifyPeer = true  - Libcurl will verify peer certificate
LogInit:  - bUseHttpProxy = false  - Libcurl will NOT use HTTP proxy
LogInit:  - bDontReuseConnections = false  - Libcurl will reuse connections
LogInit:  - MaxHostConnections = 16  - Libcurl will limit the number of connections to a host
LogInit:  - LocalHostAddr = Default
LogInit:  - BufferSize = 65536
LogOnline: OSS: Creating online subsystem instance for: NULL
LogInit: WinSock: version 1.1 (2.2), MaxSocks=32767, MaxUdp=65467
LogOnline: OSS: TryLoadSubsystemAndSetDefault: Loaded subsystem for module [NULL]
LogOculusPluginWrapper: OculusPlugin initialized successfully
LogHMD: Failed initializing OVRPlugin 1.59.0
LogInit: Build: ++UE4+Release-4.27-CL-18319896
LogInit: Engine Version: 4.27.2-18319896+++UE4+Release-4.27
LogInit: Compatible Engine Version: 4.27.0-17155196+++UE4+Release-4.27
LogInit: Net CL: 17155196
LogInit: OS: Windows 10 (Release 2009) (), CPU: 12th Gen Intel(R) Core(TM) i5-12600K, GPU: NVIDIA GeForce RTX 3080
LogInit: Compiled (64-bit): Nov 30 2021 07:12:08
LogInit: Compiled with Visual C++: 19.24.28315.00
LogInit: Build Configuration: Development
LogInit: Branch Name: ++UE4+Release-4.27
LogInit: Command Line: 
LogInit: Base Directory: D:/Epic Games/UE_4.27/Engine/Binaries/Win64/
LogInit: Allocator: TBB
LogInit: Installed Engine Build: 1
LogDevObjectVersion: Number of dev versions registered: 29
LogDevObjectVersion:   Dev-Blueprints (B0D832E4-1F89-4F0D-ACCF-7EB736FD4AA2): 10
LogDevObjectVersion:   Dev-Build (E1C64328-A22C-4D53-A36C-8E866417BD8C): 0
LogDevObjectVersion:   Dev-Core (375EC13C-06E4-48FB-B500-84F0262A717E): 4
LogDevObjectVersion:   Dev-Editor (E4B068ED-F494-42E9-A231-DA0B2E46BB41): 40
LogDevObjectVersion:   Dev-Framework (CFFC743F-43B0-4480-9391-14DF171D2073): 37
LogDevObjectVersion:   Dev-Mobile (B02B49B5-BB20-44E9-A304-32B752E40360): 3
LogDevObjectVersion:   Dev-Networking (A4E4105C-59A1-49B5-A7C5-40C4547EDFEE): 0
LogDevObjectVersion:   Dev-Online (39C831C9-5AE6-47DC-9A44-9C173E1C8E7C): 0
LogDevObjectVersion:   Dev-Physics (78F01B33-EBEA-4F98-B9B4-84EACCB95AA2): 14
LogDevObjectVersion:   Dev-Platform (6631380F-2D4D-43E0-8009-CF276956A95A): 0
LogDevObjectVersion:   Dev-Rendering (12F88B9F-8875-4AFC-A67C-D90C383ABD29): 45
LogDevObjectVersion:   Dev-Sequencer (7B5AE74C-D270-4C10-A958-57980B212A5A): 13
LogDevObjectVersion:   Dev-VR (D7296918-1DD6-4BDD-9DE2-64A83CC13884): 3
LogDevObjectVersion:   Dev-LoadTimes (C2A15278-BFE7-4AFE-6C17-90FF531DF755): 1
LogDevObjectVersion:   Private-Geometry (6EACA3D4-40EC-4CC1-B786-8BED09428FC5): 3
LogDevObjectVersion:   Dev-AnimPhys (29E575DD-E0A3-4627-9D10-D276232CDCEA): 17
LogDevObjectVersion:   Dev-Anim (AF43A65D-7FD3-4947-9873-3E8ED9C1BB05): 15
LogDevObjectVersion:   Dev-ReflectionCapture (6B266CEC-1EC7-4B8F-A30B-E4D90942FC07): 1
LogDevObjectVersion:   Dev-Automation (0DF73D61-A23F-47EA-B727-89E90C41499A): 1
LogDevObjectVersion:   FortniteMain (601D1886-AC64-4F84-AA16-D3DE0DEAC7D6): 47
LogDevObjectVersion:   FortniteRelease (E7086368-6B23-4C58-8439-1B7016265E91): 1
LogDevObjectVersion:   Dev-Enterprise (9DFFBCD6-494F-0158-E221-12823C92A888): 10
LogDevObjectVersion:   Dev-Niagara (F2AED0AC-9AFE-416F-8664-AA7FFA26D6FC): 1
LogDevObjectVersion:   Dev-Destruction (174F1F0B-B4C6-45A5-B13F-2EE8D0FB917D): 10
LogDevObjectVersion:   Dev-Physics-Ext (35F94A83-E258-406C-A318-09F59610247C): 41
LogDevObjectVersion:   Dev-PhysicsMaterial-Chaos (B68FC16E-8B1B-42E2-B453-215C058844FE): 1
LogDevObjectVersion:   Dev-CineCamera (B2E18506-4273-CFC2-A54E-F4BB758BBA07): 1
LogDevObjectVersion:   Dev-VirtualProduction (64F58936-FD1B-42BA-BA96-7289D5D0FA4E): 1
LogDevObjectVersion:   Dev-MediaFramework (6F0ED827-A609-4895-9C91-998D90180EA4): 2
LogInit: Presizing for max 25165824 objects, including 0 objects not considered by GC, pre-allocating 0 bytes for permanent pool.
LogConfig: Applying CVar settings from Section [/Script/Engine.StreamingSettings] File [C:/Users/titan/Desktop/Titan_RoadHopper/RoadHopper4.27/Saved/Config/Windows/Engine.ini]
LogConfig: Setting CVar [[s.MinBulkDataSizeForAsyncLoading:131072]]
LogConfig: Setting CVar [[s.AsyncLoadingThreadEnabled:0]]
LogConfig: Setting CVar [[s.EventDrivenLoaderEnabled:1]]
LogConfig: Setting CVar [[s.WarnIfTimeLimitExceeded:0]]
LogConfig: Setting CVar [[s.TimeLimitExceededMultiplier:1.5]]
LogConfig: Setting CVar [[s.TimeLimitExceededMinTime:0.005]]
LogConfig: Setting CVar [[s.UseBackgroundLevelStreaming:1]]
LogConfig: Setting CVar [[s.PriorityAsyncLoadingExtraTime:15.0]]
LogConfig: Setting CVar [[s.LevelStreamingActorsUpdateTimeLimit:5.0]]
LogConfig: Setting CVar [[s.PriorityLevelStreamingActorsUpdateExtraTime:5.0]]
LogConfig: Setting CVar [[s.LevelStreamingComponentsRegistrationGranularity:10]]
LogConfig: Setting CVar [[s.UnregisterComponentsTimeLimit:1.0]]
LogConfig: Setting CVar [[s.LevelStreamingComponentsUnregistrationGranularity:5]]
LogConfig: Setting CVar [[s.FlushStreamingOnExit:1]]
LogInit: Object subsystem initialized
LogConfig: Setting CVar [[con.DebugEarlyDefault:1]]
LogConfig: Setting CVar [[r.setres:1280x720]]
[2026.03.14-17.09.58:312][  0]LogConfig: Setting CVar [[r.VSync:0]]
[2026.03.14-17.09.58:312][  0]LogConfig: Setting CVar [[r.RHICmdBypass:0]]
[2026.03.14-17.09.58:312][  0]LogConfig: Applying CVar settings from Section [/Script/Engine.RendererSettings] File [C:/Users/titan/Desktop/Titan_RoadHopper/RoadHopper4.27/Saved/Config/Windows/Engine.ini]
[2026.03.14-17.09.58:312][  0]LogConfig: Setting CVar [[r.GPUCrashDebugging:0]]
[2026.03.14-17.09.58:312][  0]LogConfig: Setting CVar [[r.Mobile.DisableVertexFog:1]]
[2026.03.14-17.09.58:312][  0]LogConfig: Setting CVar [[r.Shadow.CSM.MaxMobileCascades:2]]
[2026.03.14-17.09.58:312][  0]LogConfig: Setting CVar [[r.MobileMSAA:1]]
[2026.03.14-17.09.58:312][  0]LogConfig: Setting CVar [[r.Mobile.AllowDitheredLODTransition:0]]
[2026.03.14-17.09.58:312][  0]LogConfig: Setting CVar [[r.Mobile.AllowSoftwareOcclusion:0]]
[2026.03.14-17.09.58:312][  0]LogConfig: Setting CVar [[r.Mobile.VirtualTextures:0]]
[2026.03.14-17.09.58:312][  0]LogConfig: Setting CVar [[r.DiscardUnusedQuality:0]]
[2026.03.14-17.09.58:312][  0]LogConfig: Setting CVar [[r.AllowOcclusionQueries:1]]
[2026.03.14-17.09.58:312][  0]LogConfig: Setting CVar [[r.MinScreenRadiusForLights:0.030000]]
[2026.03.14-17.09.58:312][  0]LogConfig: Setting CVar [[r.MinScreenRadiusForDepthPrepass:0.030000]]
[2026.03.14-17.09.58:312][  0]LogConfig: Setting CVar [[r.MinScreenRadiusForCSMDepth:0.010000]]
[2026.03.14-17.09.58:312][  0]LogConfig: Setting CVar [[r.PrecomputedVisibilityWarning:0]]
[2026.03.14-17.09.58:312][  0]LogConfig: Setting CVar [[r.TextureStreaming:1]]
[2026.03.14-17.09.58:312][  0]LogConfig: Setting CVar [[Compat.UseDXT5NormalMaps:0]]
[2026.03.14-17.09.58:312][  0]LogConfig: Setting CVar [[r.VirtualTextures:0]]
[2026.03.14-17.09.58:312][  0]LogConfig: Setting CVar [[r.VT.EnableAutoImport:1]]
[2026.03.14-17.09.58:312][  0]LogConfig: Setting CVar [[r.VirtualTexturedLightmaps:0]]
[2026.03.14-17.09.58:312][  0]LogConfig: Setting CVar [[r.VT.TileSize:128]]
[2026.03.14-17.09.58:312][  0]LogConfig: Setting CVar [[r.VT.TileBorderSize:4]]
[2026.03.14-17.09.58:312][  0]LogConfig: Setting CVar [[r.vt.FeedbackFactor:16]]
[2026.03.14-17.09.58:312][  0]LogConfig: Setting CVar [[r.VT.EnableCompressZlib:1]]
[2026.03.14-17.09.58:312][  0]LogConfig: Setting CVar [[r.VT.EnableCompressCrunch:0]]
[2026.03.14-17.09.58:312][  0]LogConfig: Setting CVar [[r.ClearCoatNormal:0]]
[2026.03.14-17.09.58:312][  0]LogConfig: Setting CVar [[r.ReflectionCaptureResolution:128]]
[2026.03.14-17.09.58:312][  0]LogConfig: Setting CVar [[r.Mobile.ReflectionCaptureCompression:0]]
[2026.03.14-17.09.58:312][  0]LogConfig: Setting CVar [[r.ReflectionEnvironmentLightmapMixBasedOnRoughness:1]]
[2026.03.14-17.09.58:312][  0]LogConfig: Setting CVar [[r.ForwardShading:0]]
[2026.03.14-17.09.58:312][  0]LogConfig: Setting CVar [[r.VertexFoggingForOpaque:1]]
[2026.03.14-17.09.58:312][  0]LogConfig: Setting CVar [[r.AllowStaticLighting:1]]
[2026.03.14-17.09.58:312][  0]LogConfig: Setting CVar [[r.NormalMapsForStaticLighting:0]]
[2026.03.14-17.09.58:312][  0]LogConfig: Setting CVar [[r.GenerateMeshDistanceFields:0]]
[2026.03.14-17.09.58:312][  0]LogConfig: Setting CVar [[r.DistanceFieldBuild.EightBit:0]]
[2026.03.14-17.09.58:312][  0]LogConfig: Setting CVar [[r.GenerateLandscapeGIData:0]]
[2026.03.14-17.09.58:312][  0]LogConfig: Setting CVar [[r.DistanceFieldBuild.Compress:0]]
[2026.03.14-17.09.58:312][  0]LogConfig: Setting CVar [[r.TessellationAdaptivePixelsPerTriangle:48.000000]]
[2026.03.14-17.09.58:312][  0]LogConfig: Setting CVar [[r.SeparateTranslucency:1]]
[2026.03.14-17.09.58:312][  0]LogConfig: Setting CVar [[r.TranslucentSortPolicy:0]]
[2026.03.14-17.09.58:312][  0]LogConfig: Setting CVar [[vr.VRS.HMDFixedFoveationLevel:0]]
[2026.03.14-17.09.58:312][  0]LogConfig: Setting CVar [[r.CustomDepth:1]]
[2026.03.14-17.09.58:312][  0]LogConfig: Setting CVar [[r.CustomDepthTemporalAAJitter:1]]
[2026.03.14-17.09.58:312][  0]LogConfig: Setting CVar [[r.PostProcessing.PropagateAlpha:0]]
[2026.03.14-17.09.58:312][  0]LogConfig: Setting CVar [[r.DefaultFeature.Bloom:1]]
[2026.03.14-17.09.58:312][  0]LogConfig: Setting CVar [[r.DefaultFeature.AmbientOcclusion:1]]
[2026.03.14-17.09.58:312][  0]LogConfig: Setting CVar [[r.DefaultFeature.AmbientOcclusionStaticFraction:1]]
[2026.03.14-17.09.58:312][  0]LogConfig: Setting CVar [[r.DefaultFeature.AutoExposure:0]]
[2026.03.14-17.09.58:312][  0]LogConfig: Setting CVar [[r.DefaultFeature.AutoExposure.Method:0]]
[2026.03.14-17.09.58:312][  0]LogConfig: Setting CVar [[r.DefaultFeature.AutoExposure.Bias:1.000000]]
[2026.03.14-17.09.58:312][  0]LogConfig: Setting CVar [[r.DefaultFeature.AutoExposure.ExtendDefaultLuminanceRange:0]]
[2026.03.14-17.09.58:312][  0]LogConfig: Setting CVar [[r.UsePreExposure:1]]
[2026.03.14-17.09.58:312][  0]LogConfig: Setting CVar [[r.EyeAdaptation.EditorOnly:0]]
[2026.03.14-17.09.58:312][  0]LogConfig: Setting CVar [[r.DefaultFeature.MotionBlur:0]]
[2026.03.14-17.09.58:312][  0]LogConfig: Setting CVar [[r.DefaultFeature.LensFlare:0]]
[2026.03.14-17.09.58:312][  0]LogConfig: Setting CVar [[r.TemporalAA.Upsampling:0]]
[2026.03.14-17.09.58:312][  0]LogConfig: Setting CVar [[r.SSGI.Enable:0]]
[2026.03.14-17.09.58:312][  0]LogConfig: Setting CVar [[r.DefaultFeature.AntiAliasing:0]]
[2026.03.14-17.09.58:312][  0]LogConfig: Setting CVar [[r.DefaultFeature.LightUnits:1]]
[2026.03.14-17.09.58:312][  0]LogConfig: Setting CVar [[r.DefaultBackBufferPixelFormat:4]]
[2026.03.14-17.09.58:312][  0]LogConfig: Setting CVar [[r.Shadow.UnbuiltPreviewInGame:1]]
[2026.03.14-17.09.58:312][  0]LogConfig: Setting CVar [[r.StencilForLODDither:0]]
[2026.03.14-17.09.58:312][  0]LogConfig: Setting CVar [[r.EarlyZPass:3]]
[2026.03.14-17.09.58:313][  0]LogConfig: Setting CVar [[r.EarlyZPassOnlyMaterialMasking:0]]
[2026.03.14-17.09.58:313][  0]LogConfig: Setting CVar [[r.DBuffer:1]]
[2026.03.14-17.09.58:313][  0]LogConfig: Setting CVar [[r.ClearSceneMethod:1]]
[2026.03.14-17.09.58:313][  0]LogConfig: Setting CVar [[r.BasePassOutputsVelocity:0]]
[2026.03.14-17.09.58:313][  0]LogConfig: Setting CVar [[r.VertexDeformationOutputsVelocity:0]]
[2026.03.14-17.09.58:313][  0]LogConfig: Setting CVar [[r.SelectiveBasePassOutputs:0]]
[2026.03.14-17.09.58:313][  0]LogConfig: Setting CVar [[fx.GPUSimulationTextureSizeX:1024]]
[2026.03.14-17.09.58:313][  0]LogConfig: Setting CVar [[fx.GPUSimulationTextureSizeY:1024]]
[2026.03.14-17.09.58:313][  0]LogConfig: Setting CVar [[r.AllowGlobalClipPlane:0]]
[2026.03.14-17.09.58:313][  0]LogConfig: Setting CVar [[r.GBufferFormat:1]]
[2026.03.14-17.09.58:313][  0]LogConfig: Setting CVar [[r.MorphTarget.Mode:1]]
[2026.03.14-17.09.58:313][  0]LogConfig: Setting CVar [[vr.InstancedStereo:0]]
[2026.03.14-17.09.58:313][  0]LogConfig: Setting CVar [[r.MobileHDR:1]]
[2026.03.14-17.09.58:313][  0]LogConfig: Setting CVar [[vr.MobileMultiView:0]]
[2026.03.14-17.09.58:313][  0]LogConfig: Setting CVar [[r.Mobile.UseHWsRGBEncoding:0]]
[2026.03.14-17.09.58:313][  0]LogConfig: Setting CVar [[vr.RoundRobinOcclusion:0]]
[2026.03.14-17.09.58:313][  0]LogConfig: Setting CVar [[vr.ODSCapture:0]]
[2026.03.14-17.09.58:313][  0]LogConfig: Setting CVar [[r.MeshStreaming:0]]
[2026.03.14-17.09.58:313][  0]LogConfig: Setting CVar [[r.WireframeCullThreshold:5.000000]]
[2026.03.14-17.09.58:313][  0]LogConfig: Setting CVar [[r.RayTracing:0]]
[2026.03.14-17.09.58:313][  0]LogConfig: Setting CVar [[r.RayTracing.UseTextureLod:0]]
[2026.03.14-17.09.58:313][  0]LogConfig: Setting CVar [[r.SupportStationarySkylight:1]]
[2026.03.14-17.09.58:313][  0]LogConfig: Setting CVar [[r.SupportLowQualityLightmaps:1]]
[2026.03.14-17.09.58:313][  0]LogConfig: Setting CVar [[r.SupportPointLightWholeSceneShadows:1]]
[2026.03.14-17.09.58:313][  0]LogConfig: Setting CVar [[r.SupportAtmosphericFog:1]]
[2026.03.14-17.09.58:313][  0]LogConfig: Setting CVar [[r.SupportSkyAtmosphere:1]]
[2026.03.14-17.09.58:313][  0]LogConfig: Setting CVar [[r.SupportSkyAtmosphereAffectsHeightFog:0]]
[2026.03.14-17.09.58:313][  0]LogConfig: Setting CVar [[r.SkinCache.CompileShaders:0]]
[2026.03.14-17.09.58:313][  0]LogConfig: Setting CVar [[r.SkinCache.DefaultBehavior:1]]
[2026.03.14-17.09.58:313][  0]LogConfig: Setting CVar [[r.SkinCache.SceneMemoryLimitInMB:128.000000]]
[2026.03.14-17.09.58:313][  0]LogConfig: Setting CVar [[r.Mobile.EnableStaticAndCSMShadowReceivers:1]]
[2026.03.14-17.09.58:313][  0]LogConfig: Setting CVar [[r.Mobile.EnableMovableLightCSMShaderCulling:1]]
[2026.03.14-17.09.58:313][  0]LogConfig: Setting CVar [[r.Mobile.AllowDistanceFieldShadows:1]]
[2026.03.14-17.09.58:313][  0]LogConfig: Setting CVar [[r.Mobile.AllowMovableDirectionalLights:1]]
[2026.03.14-17.09.58:313][  0]LogConfig: Setting CVar [[r.MobileNumDynamicPointLights:4]]
[2026.03.14-17.09.58:313][  0]LogConfig: Setting CVar [[r.MobileDynamicPointLightsUseStaticBranch:1]]
[2026.03.14-17.09.58:313][  0]LogConfig: Setting CVar [[r.Mobile.EnableMovableSpotlights:0]]
[2026.03.14-17.09.58:313][  0]LogConfig: Setting CVar [[r.Mobile.EnableMovableSpotlightsShadow:0]]
[2026.03.14-17.09.58:313][  0]LogConfig: Setting CVar [[r.GPUSkin.Support16BitBoneIndex:0]]
[2026.03.14-17.09.58:313][  0]LogConfig: Setting CVar [[r.GPUSkin.Limit2BoneInfluences:0]]
[2026.03.14-17.09.58:313][  0]LogConfig: Setting CVar [[r.SupportDepthOnlyIndexBuffers:1]]
[2026.03.14-17.09.58:313][  0]LogConfig: Setting CVar [[r.SupportReversedIndexBuffers:1]]
[2026.03.14-17.09.58:313][  0]LogConfig: Setting CVar [[r.LightPropagationVolume:0]]
[2026.03.14-17.09.58:313][  0]LogConfig: Setting CVar [[r.Mobile.AmbientOcclusion:0]]
[2026.03.14-17.09.58:313][  0]LogConfig: Setting CVar [[r.GPUSkin.UnlimitedBoneInfluences:0]]
[2026.03.14-17.09.58:313][  0]LogConfig: Setting CVar [[r.GPUSkin.UnlimitedBoneInfluencesThreshold:8]]
[2026.03.14-17.09.58:313][  0]LogConfig: Setting CVar [[r.Mobile.PlanarReflectionMode:0]]
[2026.03.14-17.09.58:313][  0]LogConfig: Setting CVar [[r.Mobile.SupportsGen4TAA:0]]
[2026.03.14-17.09.58:313][  0]LogConfig: Applying CVar settings from Section [/Script/Engine.RendererOverrideSettings] File [C:/Users/titan/Desktop/Titan_RoadHopper/RoadHopper4.27/Saved/Config/Windows/Engine.ini]
[2026.03.14-17.09.58:313][  0]LogConfig: Applying CVar settings from Section [/Script/Engine.StreamingSettings] File [C:/Users/titan/Desktop/Titan_RoadHopper/RoadHopper4.27/Saved/Config/Windows/Engine.ini]
[2026.03.14-17.09.58:313][  0]LogConfig: Setting CVar [[s.MinBulkDataSizeForAsyncLoading:131072]]
[2026.03.14-17.09.58:313][  0]LogConfig: Setting CVar [[s.AsyncLoadingThreadEnabled:0]]
[2026.03.14-17.09.58:313][  0]LogConfig: Setting CVar [[s.EventDrivenLoaderEnabled:1]]
[2026.03.14-17.09.58:313][  0]LogConfig: Setting CVar [[s.WarnIfTimeLimitExceeded:0]]
[2026.03.14-17.09.58:313][  0]LogConfig: Setting CVar [[s.TimeLimitExceededMultiplier:1.5]]
[2026.03.14-17.09.58:313][  0]LogConfig: Setting CVar [[s.TimeLimitExceededMinTime:0.005]]
[2026.03.14-17.09.58:313][  0]LogConfig: Setting CVar [[s.UseBackgroundLevelStreaming:1]]
[2026.03.14-17.09.58:313][  0]LogConfig: Setting CVar [[s.PriorityAsyncLoadingExtraTime:15.0]]
[2026.03.14-17.09.58:313][  0]LogConfig: Setting CVar [[s.LevelStreamingActorsUpdateTimeLimit:5.0]]
[2026.03.14-17.09.58:313][  0]LogConfig: Setting CVar [[s.PriorityLevelStreamingActorsUpdateExtraTime:5.0]]
[2026.03.14-17.09.58:313][  0]LogConfig: Setting CVar [[s.LevelStreamingComponentsRegistrationGranularity:10]]
[2026.03.14-17.09.58:313][  0]LogConfig: Setting CVar [[s.UnregisterComponentsTimeLimit:1.0]]
[2026.03.14-17.09.58:313][  0]LogConfig: Setting CVar [[s.LevelStreamingComponentsUnregistrationGranularity:5]]
[2026.03.14-17.09.58:313][  0]LogConfig: Setting CVar [[s.FlushStreamingOnExit:1]]
[2026.03.14-17.09.58:313][  0]LogConfig: Applying CVar settings from Section [/Script/Engine.GarbageCollectionSettings] File [C:/Users/titan/Desktop/Titan_RoadHopper/RoadHopper4.27/Saved/Config/Windows/Engine.ini]
[2026.03.14-17.09.58:313][  0]LogConfig: Setting CVar [[gc.MaxObjectsNotConsideredByGC:1]]
[2026.03.14-17.09.58:313][  0]LogConfig: Setting CVar [[gc.SizeOfPermanentObjectPool:0]]
[2026.03.14-17.09.58:313][  0]LogConfig: Setting CVar [[gc.FlushStreamingOnGC:0]]
[2026.03.14-17.09.58:313][  0]LogConfig: Setting CVar [[gc.NumRetriesBeforeForcingGC:10]]
[2026.03.14-17.09.58:313][  0]LogConfig: Setting CVar [[gc.AllowParallelGC:1]]
[2026.03.14-17.09.58:313][  0]LogConfig: Setting CVar [[gc.TimeBetweenPurgingPendingKillObjects:61.1]]
[2026.03.14-17.09.58:313][  0]LogConfig: Setting CVar [[gc.MaxObjectsInEditor:25165824]]
[2026.03.14-17.09.58:313][  0]LogConfig: Setting CVar [[gc.IncrementalBeginDestroyEnabled:1]]
[2026.03.14-17.09.58:313][  0]LogConfig: Setting CVar [[gc.CreateGCClusters:1]]
[2026.03.14-17.09.58:313][  0]LogConfig: Setting CVar [[gc.MinGCClusterSize:5]]
[2026.03.14-17.09.58:313][  0]LogConfig: Setting CVar [[gc.ActorClusteringEnabled:0]]
[2026.03.14-17.09.58:313][  0]LogConfig: Setting CVar [[gc.BlueprintClusteringEnabled:0]]
[2026.03.14-17.09.58:313][  0]LogConfig: Setting CVar [[gc.UseDisregardForGCOnDedicatedServers:0]]
[2026.03.14-17.09.58:313][  0]LogConfig: Setting CVar [[gc.MultithreadedDestructionEnabled:1]]
[2026.03.14-17.09.58:313][  0]LogConfig: Applying CVar settings from Section [/Script/Engine.NetworkSettings] File [C:/Users/titan/Desktop/Titan_RoadHopper/RoadHopper4.27/Saved/Config/Windows/Engine.ini]
[2026.03.14-17.09.58:313][  0]LogConfig: Applying CVar settings from Section [/Script/UnrealEd.CookerSettings] File [C:/Users/titan/Desktop/Titan_RoadHopper/RoadHopper4.27/Saved/Config/Windows/Engine.ini]
[2026.03.14-17.09.58:334][  0]LogConfig: Applying CVar settings from Section [ViewDistanceQuality@3] File [C:/Users/titan/Desktop/Titan_RoadHopper/RoadHopper4.27/Saved/Config/Windows/Scalability.ini]
[2026.03.14-17.09.58:334][  0]LogConfig: Setting CVar [[r.SkeletalMeshLODBias:0]]
[2026.03.14-17.09.58:334][  0]LogConfig: Setting CVar [[r.ViewDistanceScale:1.0]]
[2026.03.14-17.09.58:334][  0]LogConfig: Applying CVar settings from Section [AntiAliasingQuality@3] File [C:/Users/titan/Desktop/Titan_RoadHopper/RoadHopper4.27/Saved/Config/Windows/Scalability.ini]
[2026.03.14-17.09.58:334][  0]LogConfig: Setting CVar [[r.PostProcessAAQuality:4]]
[2026.03.14-17.09.58:334][  0]LogConfig: Applying CVar settings from Section [ShadowQuality@3] File [C:/Users/titan/Desktop/Titan_RoadHopper/RoadHopper4.27/Saved/Config/Windows/Scalability.ini]
[2026.03.14-17.09.58:334][  0]LogConfig: Setting CVar [[r.LightFunctionQuality:1]]
[2026.03.14-17.09.58:334][  0]LogConfig: Setting CVar [[r.ShadowQuality:5]]
[2026.03.14-17.09.58:334][  0]LogConfig: Setting CVar [[r.Shadow.CSM.MaxCascades:10]]
[2026.03.14-17.09.58:334][  0]LogConfig: Setting CVar [[r.Shadow.MaxResolution:2048]]
[2026.03.14-17.09.58:334][  0]LogConfig: Setting CVar [[r.Shadow.MaxCSMResolution:2048]]
[2026.03.14-17.09.58:334][  0]LogConfig: Setting CVar [[r.Shadow.RadiusThreshold:0.01]]
[2026.03.14-17.09.58:334][  0]LogConfig: Setting CVar [[r.Shadow.DistanceScale:1.0]]
[2026.03.14-17.09.58:334][  0]LogConfig: Setting CVar [[r.Shadow.CSM.TransitionScale:1.0]]
[2026.03.14-17.09.58:334][  0]LogConfig: Setting CVar [[r.Shadow.PreShadowResolutionFactor:1.0]]
[2026.03.14-17.09.58:334][  0]LogConfig: Setting CVar [[r.DistanceFieldShadowing:1]]
[2026.03.14-17.09.58:334][  0]LogConfig: Setting CVar [[r.DistanceFieldAO:1]]
[2026.03.14-17.09.58:334][  0]LogConfig: Setting CVar [[r.AOQuality:2]]
[2026.03.14-17.09.58:334][  0]LogConfig: Setting CVar [[r.VolumetricFog:1]]
[2026.03.14-17.09.58:334][  0]LogConfig: Setting CVar [[r.VolumetricFog.GridPixelSize:8]]
[2026.03.14-17.09.58:334][  0]LogConfig: Setting CVar [[r.VolumetricFog.GridSizeZ:128]]
[2026.03.14-17.09.58:334][  0]LogConfig: Setting CVar [[r.VolumetricFog.HistoryMissSupersampleCount:4]]
[2026.03.14-17.09.58:334][  0]LogConfig: Setting CVar [[r.LightMaxDrawDistanceScale:1]]
[2026.03.14-17.09.58:334][  0]LogConfig: Setting CVar [[r.CapsuleShadows:1]]
[2026.03.14-17.09.58:334][  0]LogConfig: Applying CVar settings from Section [PostProcessQuality@3] File [C:/Users/titan/Desktop/Titan_RoadHopper/RoadHopper4.27/Saved/Config/Windows/Scalability.ini]
[2026.03.14-17.09.58:334][  0]LogConfig: Setting CVar [[r.MotionBlurQuality:4]]
[2026.03.14-17.09.58:334][  0]LogConfig: Setting CVar [[r.AmbientOcclusionMipLevelFactor:0.4]]
[2026.03.14-17.09.58:334][  0]LogConfig: Setting CVar [[r.AmbientOcclusionMaxQuality:100]]
[2026.03.14-17.09.58:334][  0]LogConfig: Setting CVar [[r.AmbientOcclusionLevels:-1]]
[2026.03.14-17.09.58:334][  0]LogConfig: Setting CVar [[r.AmbientOcclusionRadiusScale:1.0]]
[2026.03.14-17.09.58:334][  0]LogConfig: Setting CVar [[r.DepthOfFieldQuality:2]]
[2026.03.14-17.09.58:334][  0]LogConfig: Setting CVar [[r.RenderTargetPoolMin:400]]
[2026.03.14-17.09.58:334][  0]LogConfig: Setting CVar [[r.LensFlareQuality:2]]
[2026.03.14-17.09.58:334][  0]LogConfig: Setting CVar [[r.SceneColorFringeQuality:1]]
[2026.03.14-17.09.58:334][  0]LogConfig: Setting CVar [[r.EyeAdaptationQuality:2]]
[2026.03.14-17.09.58:334][  0]LogConfig: Setting CVar [[r.BloomQuality:5]]
[2026.03.14-17.09.58:334][  0]LogConfig: Setting CVar [[r.FastBlurThreshold:100]]
[2026.03.14-17.09.58:334][  0]LogConfig: Setting CVar [[r.Upscale.Quality:3]]
[2026.03.14-17.09.58:334][  0]LogConfig: Setting CVar [[r.Tonemapper.GrainQuantization:1]]
[2026.03.14-17.09.58:334][  0]LogConfig: Setting CVar [[r.LightShaftQuality:1]]
[2026.03.14-17.09.58:334][  0]LogConfig: Setting CVar [[r.Filter.SizeScale:1]]
[2026.03.14-17.09.58:334][  0]LogConfig: Setting CVar [[r.Tonemapper.Quality:5]]
[2026.03.14-17.09.58:334][  0]LogConfig: Setting CVar [[r.DOF.Gather.AccumulatorQuality:1        ; higher gathering accumulator quality]]
[2026.03.14-17.09.58:334][  0]LogConfig: Setting CVar [[r.DOF.Gather.PostfilterMethod:1          ; Median3x3 postfilering method]]
[2026.03.14-17.09.58:334][  0]LogConfig: Setting CVar [[r.DOF.Gather.EnableBokehSettings:0       ; no bokeh simulation when gathering]]
[2026.03.14-17.09.58:334][  0]LogConfig: Setting CVar [[r.DOF.Gather.RingCount:4                 ; medium number of samples when gathering]]
[2026.03.14-17.09.58:334][  0]LogConfig: Setting CVar [[r.DOF.Scatter.ForegroundCompositing:1    ; additive foreground scattering]]
[2026.03.14-17.09.58:334][  0]LogConfig: Setting CVar [[r.DOF.Scatter.BackgroundCompositing:2    ; additive background scattering]]
[2026.03.14-17.09.58:334][  0]LogConfig: Setting CVar [[r.DOF.Scatter.EnableBokehSettings:1      ; bokeh simulation when scattering]]
[2026.03.14-17.09.58:334][  0]LogConfig: Setting CVar [[r.DOF.Scatter.MaxSpriteRatio:0.1         ; only a maximum of 10% of scattered bokeh]]
[2026.03.14-17.09.58:334][  0]LogConfig: Setting CVar [[r.DOF.Recombine.Quality:1                ; cheap slight out of focus]]
[2026.03.14-17.09.58:334][  0]LogConfig: Setting CVar [[r.DOF.Recombine.EnableBokehSettings:0    ; no bokeh simulation on slight out of focus]]
[2026.03.14-17.09.58:334][  0]LogConfig: Setting CVar [[r.DOF.TemporalAAQuality:1                ; more stable temporal accumulation]]
[2026.03.14-17.09.58:334][  0]LogConfig: Setting CVar [[r.DOF.Kernel.MaxForegroundRadius:0.025]]
[2026.03.14-17.09.58:334][  0]LogConfig: Setting CVar [[r.DOF.Kernel.MaxBackgroundRadius:0.025]]
[2026.03.14-17.09.58:334][  0]LogConfig: Applying CVar settings from Section [TextureQuality@3] File [C:/Users/titan/Desktop/Titan_RoadHopper/RoadHopper4.27/Saved/Config/Windows/Scalability.ini]
[2026.03.14-17.09.58:334][  0]LogConfig: Setting CVar [[r.Streaming.MipBias:0]]
[2026.03.14-17.09.58:334][  0]LogConfig: Setting CVar [[r.Streaming.AmortizeCPUToGPUCopy:0]]
[2026.03.14-17.09.58:334][  0]LogConfig: Setting CVar [[r.Streaming.MaxNumTexturesToStreamPerFrame:0]]
[2026.03.14-17.09.58:334][  0]LogConfig: Setting CVar [[r.Streaming.Boost:1]]
[2026.03.14-17.09.58:334][  0]LogConfig: Setting CVar [[r.MaxAnisotropy:8]]
[2026.03.14-17.09.58:334][  0]LogConfig: Setting CVar [[r.VT.MaxAnisotropy:8]]
[2026.03.14-17.09.58:334][  0]LogConfig: Setting CVar [[r.Streaming.LimitPoolSizeToVRAM:0]]
[2026.03.14-17.09.58:334][  0]LogConfig: Setting CVar [[r.Streaming.PoolSize:1000]]
[2026.03.14-17.09.58:334][  0]LogConfig: Setting CVar [[r.Streaming.MaxEffectiveScreenSize:0]]
[2026.03.14-17.09.58:334][  0]LogConfig: Applying CVar settings from Section [EffectsQuality@3] File [C:/Users/titan/Desktop/Titan_RoadHopper/RoadHopper4.27/Saved/Config/Windows/Scalability.ini]
[2026.03.14-17.09.58:334][  0]LogConfig: Setting CVar [[r.TranslucencyLightingVolumeDim:64]]
[2026.03.14-17.09.58:334][  0]LogConfig: Setting CVar [[r.RefractionQuality:2]]
[2026.03.14-17.09.58:334][  0]LogConfig: Setting CVar [[r.SSR.Quality:3]]
[2026.03.14-17.09.58:334][  0]LogConfig: Setting CVar [[r.SSR.HalfResSceneColor:0]]
[2026.03.14-17.09.58:334][  0]LogConfig: Setting CVar [[r.SceneColorFormat:4]]
[2026.03.14-17.09.58:334][  0]LogConfig: Setting CVar [[r.DetailMode:2]]
[2026.03.14-17.09.58:334][  0]LogConfig: Setting CVar [[r.TranslucencyVolumeBlur:1]]
[2026.03.14-17.09.58:334][  0]LogConfig: Setting CVar [[r.MaterialQualityLevel:1 ; High quality]]
[2026.03.14-17.09.58:334][  0]LogConfig: Setting CVar [[r.AnisotropicMaterials:1]]
[2026.03.14-17.09.58:334][  0]LogConfig: Setting CVar [[r.SSS.Scale:1]]
[2026.03.14-17.09.58:334][  0]LogConfig: Setting CVar [[r.SSS.SampleSet:2]]
[2026.03.14-17.09.58:334][  0]LogConfig: Setting CVar [[r.SSS.Quality:1]]
[2026.03.14-17.09.58:334][  0]LogConfig: Setting CVar [[r.SSS.HalfRes:0]]
[2026.03.14-17.09.58:334][  0]LogConfig: Setting CVar [[r.SSGI.Quality:3]]
[2026.03.14-17.09.58:334][  0]LogConfig: Setting CVar [[r.EmitterSpawnRateScale:1.0]]
[2026.03.14-17.09.58:334][  0]LogConfig: Setting CVar [[r.ParticleLightQuality:2]]
[2026.03.14-17.09.58:334][  0]LogConfig: Setting CVar [[r.SkyAtmosphere.AerialPerspectiveLUT.FastApplyOnOpaque:1 ; Always have FastSkyLUT 1 in this case to avoid wrong sky]]
[2026.03.14-17.09.58:334][  0]LogConfig: Setting CVar [[r.SkyAtmosphere.AerialPerspectiveLUT.SampleCountMaxPerSlice:4]]
[2026.03.14-17.09.58:334][  0]LogConfig: Setting CVar [[r.SkyAtmosphere.AerialPerspectiveLUT.DepthResolution:16.0]]
[2026.03.14-17.09.58:334][  0]LogConfig: Setting CVar [[r.SkyAtmosphere.FastSkyLUT:1]]
[2026.03.14-17.09.58:334][  0]LogConfig: Setting CVar [[r.SkyAtmosphere.FastSkyLUT.SampleCountMin:4.0]]
[2026.03.14-17.09.58:334][  0]LogConfig: Setting CVar [[r.SkyAtmosphere.FastSkyLUT.SampleCountMax:128.0]]
[2026.03.14-17.09.58:334][  0]LogConfig: Setting CVar [[r.SkyAtmosphere.SampleCountMin:4.0]]
[2026.03.14-17.09.58:334][  0]LogConfig: Setting CVar [[r.SkyAtmosphere.SampleCountMax:128.0]]
[2026.03.14-17.09.58:334][  0]LogConfig: Setting CVar [[r.SkyAtmosphere.TransmittanceLUT.UseSmallFormat:0]]
[2026.03.14-17.09.58:334][  0]LogConfig: Setting CVar [[r.SkyAtmosphere.TransmittanceLUT.SampleCount:10.0]]
[2026.03.14-17.09.58:334][  0]LogConfig: Setting CVar [[r.SkyAtmosphere.MultiScatteringLUT.SampleCount:15.0]]
[2026.03.14-17.09.58:334][  0]LogConfig: Setting CVar [[r.SkyLight.RealTimeReflectionCapture:1]]
[2026.03.14-17.09.58:334][  0]LogConfig: Applying CVar settings from Section [FoliageQuality@3] File [C:/Users/titan/Desktop/Titan_RoadHopper/RoadHopper4.27/Saved/Config/Windows/Scalability.ini]
[2026.03.14-17.09.58:334][  0]LogConfig: Setting CVar [[foliage.DensityScale:1.0]]
[2026.03.14-17.09.58:334][  0]LogConfig: Setting CVar [[grass.DensityScale:1.0]]
[2026.03.14-17.09.58:334][  0]LogConfig: Applying CVar settings from Section [ShadingQuality@3] File [C:/Users/titan/Desktop/Titan_RoadHopper/RoadHopper4.27/Saved/Config/Windows/Scalability.ini]
[2026.03.14-17.09.58:334][  0]LogConfig: Setting CVar [[r.HairStrands.SkyLighting.IntegrationType:2]]
[2026.03.14-17.09.58:334][  0]LogConfig: Setting CVar [[r.HairStrands.SkyAO.SampleCount:4]]
[2026.03.14-17.09.58:334][  0]LogConfig: Setting CVar [[r.HairStrands.Visibility.MSAA.SamplePerPixel:4]]
[2026.03.14-17.09.58:335][  0]LogInit: Selected Device Profile: [Windows]
[2026.03.14-17.09.58:335][  0]LogInit: Applying CVar settings loaded from the selected device profile: [Windows]
[2026.03.14-17.09.58:335][  0]LogHAL: Display: Platform has ~ 32 GB [34088599552 / 34359738368 / 32], which maps to Largest [LargestMinGB=32, LargerMinGB=12, DefaultMinGB=8, SmallerMinGB=6, SmallestMinGB=0)
[2026.03.14-17.09.58:335][  0]LogInit: Going up to parent DeviceProfile []
[2026.03.14-17.09.58:335][  0]LogConfig: Applying CVar settings from Section [ViewDistanceQuality@3] File [C:/Users/titan/Desktop/Titan_RoadHopper/RoadHopper4.27/Saved/Config/Windows/Scalability.ini]
[2026.03.14-17.09.58:335][  0]LogConfig: Setting CVar [[r.SkeletalMeshLODBias:0]]
[2026.03.14-17.09.58:335][  0]LogConfig: Setting CVar [[r.ViewDistanceScale:1.0]]
[2026.03.14-17.09.58:335][  0]LogConfig: Applying CVar settings from Section [AntiAliasingQuality@3] File [C:/Users/titan/Desktop/Titan_RoadHopper/RoadHopper4.27/Saved/Config/Windows/Scalability.ini]
[2026.03.14-17.09.58:335][  0]LogConfig: Setting CVar [[r.PostProcessAAQuality:4]]
[2026.03.14-17.09.58:335][  0]LogConfig: Applying CVar settings from Section [ShadowQuality@3] File [C:/Users/titan/Desktop/Titan_RoadHopper/RoadHopper4.27/Saved/Config/Windows/Scalability.ini]
[2026.03.14-17.09.58:335][  0]LogConfig: Setting CVar [[r.LightFunctionQuality:1]]
[2026.03.14-17.09.58:335][  0]LogConfig: Setting CVar [[r.ShadowQuality:5]]
[2026.03.14-17.09.58:335][  0]LogConfig: Setting CVar [[r.Shadow.CSM.MaxCascades:10]]
[2026.03.14-17.09.58:335][  0]LogConfig: Setting CVar [[r.Shadow.MaxResolution:2048]]
[2026.03.14-17.09.58:335][  0]LogConfig: Setting CVar [[r.Shadow.MaxCSMResolution:2048]]
[2026.03.14-17.09.58:335][  0]LogConfig: Setting CVar [[r.Shadow.RadiusThreshold:0.01]]
[2026.03.14-17.09.58:335][  0]LogConfig: Setting CVar [[r.Shadow.DistanceScale:1.0]]
[2026.03.14-17.09.58:336][  0]LogConfig: Setting CVar [[r.Shadow.CSM.TransitionScale:1.0]]
[2026.03.14-17.09.58:336][  0]LogConfig: Setting CVar [[r.Shadow.PreShadowResolutionFactor:1.0]]
[2026.03.14-17.09.58:336][  0]LogConfig: Setting CVar [[r.DistanceFieldShadowing:1]]
[2026.03.14-17.09.58:336][  0]LogConfig: Setting CVar [[r.DistanceFieldAO:1]]
[2026.03.14-17.09.58:336][  0]LogConfig: Setting CVar [[r.AOQuality:2]]
[2026.03.14-17.09.58:336][  0]LogConfig: Setting CVar [[r.VolumetricFog:1]]
[2026.03.14-17.09.58:336][  0]LogConfig: Setting CVar [[r.VolumetricFog.GridPixelSize:8]]
[2026.03.14-17.09.58:336][  0]LogConfig: Setting CVar [[r.VolumetricFog.GridSizeZ:128]]
[2026.03.14-17.09.58:336][  0]LogConfig: Setting CVar [[r.VolumetricFog.HistoryMissSupersampleCount:4]]
[2026.03.14-17.09.58:336][  0]LogConfig: Setting CVar [[r.LightMaxDrawDistanceScale:1]]
[2026.03.14-17.09.58:336][  0]LogConfig: Setting CVar [[r.CapsuleShadows:1]]
[2026.03.14-17.09.58:336][  0]LogConfig: Applying CVar settings from Section [PostProcessQuality@3] File [C:/Users/titan/Desktop/Titan_RoadHopper/RoadHopper4.27/Saved/Config/Windows/Scalability.ini]
[2026.03.14-17.09.58:336][  0]LogConfig: Setting CVar [[r.MotionBlurQuality:4]]
[2026.03.14-17.09.58:336][  0]LogConfig: Setting CVar [[r.AmbientOcclusionMipLevelFactor:0.4]]
[2026.03.14-17.09.58:336][  0]LogConfig: Setting CVar [[r.AmbientOcclusionMaxQuality:100]]
[2026.03.14-17.09.58:336][  0]LogConfig: Setting CVar [[r.AmbientOcclusionLevels:-1]]
[2026.03.14-17.09.58:336][  0]LogConfig: Setting CVar [[r.AmbientOcclusionRadiusScale:1.0]]
[2026.03.14-17.09.58:336][  0]LogConfig: Setting CVar [[r.DepthOfFieldQuality:2]]
[2026.03.14-17.09.58:336][  0]LogConfig: Setting CVar [[r.RenderTargetPoolMin:400]]
[2026.03.14-17.09.58:336][  0]LogConfig: Setting CVar [[r.LensFlareQuality:2]]
[2026.03.14-17.09.58:336][  0]LogConfig: Setting CVar [[r.SceneColorFringeQuality:1]]
[2026.03.14-17.09.58:336][  0]LogConfig: Setting CVar [[r.EyeAdaptationQuality:2]]
[2026.03.14-17.09.58:336][  0]LogConfig: Setting CVar [[r.BloomQuality:5]]
[2026.03.14-17.09.58:336][  0]LogConfig: Setting CVar [[r.FastBlurThreshold:100]]
[2026.03.14-17.09.58:336][  0]LogConfig: Setting CVar [[r.Upscale.Quality:3]]
[2026.03.14-17.09.58:336][  0]LogConfig: Setting CVar [[r.Tonemapper.GrainQuantization:1]]
[2026.03.14-17.09.58:336][  0]LogConfig: Setting CVar [[r.LightShaftQuality:1]]
[2026.03.14-17.09.58:336][  0]LogConfig: Setting CVar [[r.Filter.SizeScale:1]]
[2026.03.14-17.09.58:336][  0]LogConfig: Setting CVar [[r.Tonemapper.Quality:5]]
[2026.03.14-17.09.58:336][  0]LogConfig: Setting CVar [[r.DOF.Gather.AccumulatorQuality:1        ; higher gathering accumulator quality]]
[2026.03.14-17.09.58:336][  0]LogConfig: Setting CVar [[r.DOF.Gather.PostfilterMethod:1          ; Median3x3 postfilering method]]
[2026.03.14-17.09.58:336][  0]LogConfig: Setting CVar [[r.DOF.Gather.EnableBokehSettings:0       ; no bokeh simulation when gathering]]
[2026.03.14-17.09.58:336][  0]LogConfig: Setting CVar [[r.DOF.Gather.RingCount:4                 ; medium number of samples when gathering]]
[2026.03.14-17.09.58:336][  0]LogConfig: Setting CVar [[r.DOF.Scatter.ForegroundCompositing:1    ; additive foreground scattering]]
[2026.03.14-17.09.58:336][  0]LogConfig: Setting CVar [[r.DOF.Scatter.BackgroundCompositing:2    ; additive background scattering]]
[2026.03.14-17.09.58:336][  0]LogConfig: Setting CVar [[r.DOF.Scatter.EnableBokehSettings:1      ; bokeh simulation when scattering]]
[2026.03.14-17.09.58:336][  0]LogConfig: Setting CVar [[r.DOF.Scatter.MaxSpriteRatio:0.1         ; only a maximum of 10% of scattered bokeh]]
[2026.03.14-17.09.58:336][  0]LogConfig: Setting CVar [[r.DOF.Recombine.Quality:1                ; cheap slight out of focus]]
[2026.03.14-17.09.58:336][  0]LogConfig: Setting CVar [[r.DOF.Recombine.EnableBokehSettings:0    ; no bokeh simulation on slight out of focus]]
[2026.03.14-17.09.58:336][  0]LogConfig: Setting CVar [[r.DOF.TemporalAAQuality:1                ; more stable temporal accumulation]]
[2026.03.14-17.09.58:336][  0]LogConfig: Setting CVar [[r.DOF.Kernel.MaxForegroundRadius:0.025]]
[2026.03.14-17.09.58:336][  0]LogConfig: Setting CVar [[r.DOF.Kernel.MaxBackgroundRadius:0.025]]
[2026.03.14-17.09.58:336][  0]LogConfig: Applying CVar settings from Section [TextureQuality@3] File [C:/Users/titan/Desktop/Titan_RoadHopper/RoadHopper4.27/Saved/Config/Windows/Scalability.ini]
[2026.03.14-17.09.58:336][  0]LogConfig: Setting CVar [[r.Streaming.MipBias:0]]
[2026.03.14-17.09.58:336][  0]LogConfig: Setting CVar [[r.Streaming.AmortizeCPUToGPUCopy:0]]
[2026.03.14-17.09.58:336][  0]LogConfig: Setting CVar [[r.Streaming.MaxNumTexturesToStreamPerFrame:0]]
[2026.03.14-17.09.58:336][  0]LogConfig: Setting CVar [[r.Streaming.Boost:1]]
[2026.03.14-17.09.58:336][  0]LogConfig: Setting CVar [[r.MaxAnisotropy:8]]
[2026.03.14-17.09.58:336][  0]LogConfig: Setting CVar [[r.VT.MaxAnisotropy:8]]
[2026.03.14-17.09.58:336][  0]LogConfig: Setting CVar [[r.Streaming.LimitPoolSizeToVRAM:0]]
[2026.03.14-17.09.58:336][  0]LogConfig: Setting CVar [[r.Streaming.PoolSize:1000]]
[2026.03.14-17.09.58:336][  0]LogConfig: Setting CVar [[r.Streaming.MaxEffectiveScreenSize:0]]
[2026.03.14-17.09.58:336][  0]LogConfig: Applying CVar settings from Section [EffectsQuality@3] File [C:/Users/titan/Desktop/Titan_RoadHopper/RoadHopper4.27/Saved/Config/Windows/Scalability.ini]
[2026.03.14-17.09.58:336][  0]LogConfig: Setting CVar [[r.TranslucencyLightingVolumeDim:64]]
[2026.03.14-17.09.58:336][  0]LogConfig: Setting CVar [[r.RefractionQuality:2]]
[2026.03.14-17.09.58:336][  0]LogConfig: Setting CVar [[r.SSR.Quality:3]]
[2026.03.14-17.09.58:336][  0]LogConfig: Setting CVar [[r.SSR.HalfResSceneColor:0]]
[2026.03.14-17.09.58:336][  0]LogConfig: Setting CVar [[r.SceneColorFormat:4]]
[2026.03.14-17.09.58:336][  0]LogConfig: Setting CVar [[r.DetailMode:2]]
[2026.03.14-17.09.58:336][  0]LogConfig: Setting CVar [[r.TranslucencyVolumeBlur:1]]
[2026.03.14-17.09.58:336][  0]LogConfig: Setting CVar [[r.MaterialQualityLevel:1 ; High quality]]
[2026.03.14-17.09.58:336][  0]LogConfig: Setting CVar [[r.AnisotropicMaterials:1]]
[2026.03.14-17.09.58:336][  0]LogConfig: Setting CVar [[r.SSS.Scale:1]]
[2026.03.14-17.09.58:336][  0]LogConfig: Setting CVar [[r.SSS.SampleSet:2]]
[2026.03.14-17.09.58:336][  0]LogConfig: Setting CVar [[r.SSS.Quality:1]]
[2026.03.14-17.09.58:336][  0]LogConfig: Setting CVar [[r.SSS.HalfRes:0]]
[2026.03.14-17.09.58:336][  0]LogConfig: Setting CVar [[r.SSGI.Quality:3]]
[2026.03.14-17.09.58:336][  0]LogConfig: Setting CVar [[r.EmitterSpawnRateScale:1.0]]
[2026.03.14-17.09.58:336][  0]LogConfig: Setting CVar [[r.ParticleLightQuality:2]]
[2026.03.14-17.09.58:336][  0]LogConfig: Setting CVar [[r.SkyAtmosphere.AerialPerspectiveLUT.FastApplyOnOpaque:1 ; Always have FastSkyLUT 1 in this case to avoid wrong sky]]
[2026.03.14-17.09.58:336][  0]LogConfig: Setting CVar [[r.SkyAtmosphere.AerialPerspectiveLUT.SampleCountMaxPerSlice:4]]
[2026.03.14-17.09.58:336][  0]LogConfig: Setting CVar [[r.SkyAtmosphere.AerialPerspectiveLUT.DepthResolution:16.0]]
[2026.03.14-17.09.58:336][  0]LogConfig: Setting CVar [[r.SkyAtmosphere.FastSkyLUT:1]]
[2026.03.14-17.09.58:336][  0]LogConfig: Setting CVar [[r.SkyAtmosphere.FastSkyLUT.SampleCountMin:4.0]]
[2026.03.14-17.09.58:336][  0]LogConfig: Setting CVar [[r.SkyAtmosphere.FastSkyLUT.SampleCountMax:128.0]]
[2026.03.14-17.09.58:336][  0]LogConfig: Setting CVar [[r.SkyAtmosphere.SampleCountMin:4.0]]
[2026.03.14-17.09.58:336][  0]LogConfig: Setting CVar [[r.SkyAtmosphere.SampleCountMax:128.0]]
[2026.03.14-17.09.58:336][  0]LogConfig: Setting CVar [[r.SkyAtmosphere.TransmittanceLUT.UseSmallFormat:0]]
[2026.03.14-17.09.58:336][  0]LogConfig: Setting CVar [[r.SkyAtmosphere.TransmittanceLUT.SampleCount:10.0]]
[2026.03.14-17.09.58:336][  0]LogConfig: Setting CVar [[r.SkyAtmosphere.MultiScatteringLUT.SampleCount:15.0]]
[2026.03.14-17.09.58:336][  0]LogConfig: Setting CVar [[r.SkyLight.RealTimeReflectionCapture:1]]
[2026.03.14-17.09.58:336][  0]LogConfig: Applying CVar settings from Section [FoliageQuality@3] File [C:/Users/titan/Desktop/Titan_RoadHopper/RoadHopper4.27/Saved/Config/Windows/Scalability.ini]
[2026.03.14-17.09.58:336][  0]LogConfig: Setting CVar [[foliage.DensityScale:1.0]]
[2026.03.14-17.09.58:336][  0]LogConfig: Setting CVar [[grass.DensityScale:1.0]]
[2026.03.14-17.09.58:336][  0]LogConfig: Applying CVar settings from Section [ShadingQuality@3] File [C:/Users/titan/Desktop/Titan_RoadHopper/RoadHopper4.27/Saved/Config/Windows/Scalability.ini]
[2026.03.14-17.09.58:336][  0]LogConfig: Setting CVar [[r.HairStrands.SkyLighting.IntegrationType:2]]
[2026.03.14-17.09.58:336][  0]LogConfig: Setting CVar [[r.HairStrands.SkyAO.SampleCount:4]]
[2026.03.14-17.09.58:336][  0]LogConfig: Setting CVar [[r.HairStrands.Visibility.MSAA.SamplePerPixel:4]]
[2026.03.14-17.09.58:336][  0]LogConfig: Applying CVar settings from Section [Startup] File [../../../Engine/Config/ConsoleVariables.ini]
[2026.03.14-17.09.58:343][  0]LogConfig: Setting CVar [[net.UseAdaptiveNetUpdateFrequency:0]]
[2026.03.14-17.09.58:343][  0]LogConfig: Setting CVar [[p.chaos.AllowCreatePhysxBodies:1]]
[2026.03.14-17.09.58:343][  0]LogConfig: Setting CVar [[fx.SkipVectorVMBackendOptimizations:1]]
[2026.03.14-17.09.58:343][  0]LogConfig: Applying CVar settings from Section [ConsoleVariables] File [C:/Users/titan/Desktop/Titan_RoadHopper/RoadHopper4.27/Saved/Config/Windows/Engine.ini]
[2026.03.14-17.09.58:343][  0]LogConfig: Applying CVar settings from Section [ConsoleVariables] File [C:/Users/titan/Desktop/Titan_RoadHopper/RoadHopper4.27/Saved/Config/Windows/Editor.ini]
[2026.03.14-17.09.58:344][  0]LogInit: Computer: TITANPC
[2026.03.14-17.09.58:344][  0]LogInit: User: titan
[2026.03.14-17.09.58:344][  0]LogInit: CPU Page size=4096, Cores=10
[2026.03.14-17.09.58:344][  0]LogInit: High frequency timer resolution =10.000000 MHz
[2026.03.14-17.09.58:344][  0]LogMemory: Memory total: Physical=31.7GB (32GB approx)
[2026.03.14-17.09.58:344][  0]LogMemory: Platform Memory Stats for Windows
[2026.03.14-17.09.58:344][  0]LogMemory: Process Physical Memory: 151.56 MB used, 151.56 MB peak
[2026.03.14-17.09.58:344][  0]LogMemory: Process Virtual Memory: 129.39 MB used, 129.39 MB peak
[2026.03.14-17.09.58:344][  0]LogMemory: Physical Memory: 12889.35 MB used,  19620.07 MB free, 32509.42 MB total
[2026.03.14-17.09.58:344][  0]LogMemory: Virtual Memory: 134198040.00 MB used,  19686.05 MB free, 134217728.00 MB total
[2026.03.14-17.09.58:348][  0]LogWindows: WindowsPlatformFeatures enabled
[2026.03.14-17.09.58:649][  0]LogInit: Physics initialised using underlying interface: PhysX
[2026.03.14-17.09.58:651][  0]LogInit: Using OS detected language (en-US).
[2026.03.14-17.09.58:651][  0]LogInit: Using OS detected locale (en-CA).
[2026.03.14-17.09.58:657][  0]LogTextLocalizationManager: No specific localization for 'en-US' exists, so the 'en' localization will be used.
[2026.03.14-17.09.58:889][  0]LogInit: Setting process to per monitor DPI aware
[2026.03.14-17.09.58:918][  0]LogWindowsTextInputMethodSystem: Display: IME system deactivated.
[2026.03.14-17.09.59:008][  0]LogSlate: New Slate User Created.  User Index 0, Is Virtual User: 0
[2026.03.14-17.09.59:008][  0]LogSlate: Slate User Registered.  User Index 0, Is Virtual User: 0
[2026.03.14-17.10.01:831][  0]LogD3D11RHI: Loaded GFSDK_Aftermath_Lib.x64.dll
[2026.03.14-17.10.01:844][  0]LogHMD: Failed to initialize OpenVR with code 110
[2026.03.14-17.10.01:844][  0]LogD3D11RHI: D3D11 min allowed feature level: 11_0
[2026.03.14-17.10.01:844][  0]LogD3D11RHI: D3D11 max allowed feature level: 11_0
[2026.03.14-17.10.01:844][  0]LogD3D11RHI: D3D11 adapters:
[2026.03.14-17.10.02:005][  0]LogD3D11RHI:    0. 'NVIDIA GeForce RTX 3080' (Feature Level 11_0)
[2026.03.14-17.10.02:005][  0]LogD3D11RHI:       12093/0/16254 MB DedicatedVideo/DedicatedSystem/SharedSystem, Outputs:3, VendorId:0x10de
[2026.03.14-17.10.02:007][  0]LogD3D11RHI:    1. 'Microsoft Basic Render Driver' (Feature Level 11_0)
[2026.03.14-17.10.02:007][  0]LogD3D11RHI:       0/0/16254 MB DedicatedVideo/DedicatedSystem/SharedSystem, Outputs:0, VendorId:0x1414
[2026.03.14-17.10.02:007][  0]LogD3D11RHI: Chosen D3D11 Adapter:
[2026.03.14-17.10.02:007][  0]LogD3D11RHI:     Description : NVIDIA GeForce RTX 3080
[2026.03.14-17.10.02:007][  0]LogD3D11RHI:     VendorId    : 10de
[2026.03.14-17.10.02:007][  0]LogD3D11RHI:     DeviceId    : 220a
[2026.03.14-17.10.02:007][  0]LogD3D11RHI:     SubSysId    : 48773842
[2026.03.14-17.10.02:007][  0]LogD3D11RHI:     Revision    : 00a1
[2026.03.14-17.10.02:007][  0]LogD3D11RHI:     DedicatedVideoMemory : 12680429568 bytes
[2026.03.14-17.10.02:007][  0]LogD3D11RHI:     DedicatedSystemMemory : 0 bytes
[2026.03.14-17.10.02:007][  0]LogD3D11RHI:     SharedSystemMemory : 17044299776 bytes
[2026.03.14-17.10.02:007][  0]LogD3D11RHI:     AdapterLuid : 0 54500
[2026.03.14-17.10.02:014][  0]LogD3D11RHI: Creating new Direct3DDevice
[2026.03.14-17.10.02:014][  0]LogD3D11RHI:     GPU DeviceId: 0x220a (for the marketing name, search the web for "GPU Device Id")
[2026.03.14-17.10.02:014][  0]LogWindows: EnumDisplayDevices:
[2026.03.14-17.10.02:014][  0]LogWindows:    0. 'NVIDIA GeForce RTX 3080' (P:1 D:1)
[2026.03.14-17.10.02:014][  0]LogWindows:    1. 'NVIDIA GeForce RTX 3080' (P:0 D:1)
[2026.03.14-17.10.02:014][  0]LogWindows:    2. 'NVIDIA GeForce RTX 3080' (P:0 D:1)
[2026.03.14-17.10.02:015][  0]LogWindows:    3. 'NVIDIA GeForce RTX 3080' (P:0 D:0)
[2026.03.14-17.10.02:015][  0]LogWindows: DebugString: FoundDriverCount:4 
[2026.03.14-17.10.02:015][  0]LogD3D11RHI:     Adapter Name: NVIDIA GeForce RTX 3080
[2026.03.14-17.10.02:015][  0]LogD3D11RHI:   Driver Version: 591.86 (internal:32.0.15.9186, unified:591.86)
[2026.03.14-17.10.02:015][  0]LogD3D11RHI:      Driver Date: 1-20-2026
[2026.03.14-17.10.02:015][  0]LogRHI: Texture pool is 8465 MB (70% of 12093 MB)
[2026.03.14-17.10.02:015][  0]LogD3D11RHI: Creating D3DDevice using adapter:
[2026.03.14-17.10.02:015][  0]LogD3D11RHI:     Description : NVIDIA GeForce RTX 3080
[2026.03.14-17.10.02:015][  0]LogD3D11RHI:     VendorId    : 10de
[2026.03.14-17.10.02:015][  0]LogD3D11RHI:     DeviceId    : 220a
[2026.03.14-17.10.02:015][  0]LogD3D11RHI:     SubSysId    : 48773842
[2026.03.14-17.10.02:015][  0]LogD3D11RHI:     Revision    : 00a1
[2026.03.14-17.10.02:015][  0]LogD3D11RHI:     DedicatedVideoMemory : 12680429568 bytes
[2026.03.14-17.10.02:015][  0]LogD3D11RHI:     DedicatedSystemMemory : 0 bytes
[2026.03.14-17.10.02:015][  0]LogD3D11RHI:     SharedSystemMemory : 17044299776 bytes
[2026.03.14-17.10.02:015][  0]LogD3D11RHI:     AdapterLuid : 0 54500
[2026.03.14-17.10.02:120][  0]LogD3D11RHI: RHI has support for 64 bit atomics
[2026.03.14-17.10.02:120][  0]LogD3D11RHI: Async texture creation enabled
[2026.03.14-17.10.02:120][  0]LogD3D11RHI: Array index from any shader is supported
[2026.03.14-17.10.02:121][  0]LogD3D11RHI: HDR output is supported on display 0 (NvId: 0x80061082).
[2026.03.14-17.10.02:145][  0]LogD3D11RHI: GPU Timing Frequency: 1000.000000 (Debug: 2 2)
[2026.03.14-17.10.02:215][  0]LogRHI: GeForceNow SDK initialized: 1
[2026.03.14-17.10.02:876][  0]LogTargetPlatformManager: Display: Loaded TargetPlatform 'AllDesktop'
[2026.03.14-17.10.02:913][  0]LogTargetPlatformManager: Display: Loaded TargetPlatform 'Android'
[2026.03.14-17.10.02:913][  0]LogTargetPlatformManager: Display: Loaded TargetPlatform 'Android_ASTC'
[2026.03.14-17.10.02:913][  0]LogTargetPlatformManager: Display: Loaded TargetPlatform 'Android_DXT'
[2026.03.14-17.10.02:913][  0]LogTargetPlatformManager: Display: Loaded TargetPlatform 'Android_ETC2'
[2026.03.14-17.10.02:913][  0]LogTargetPlatformManager: Display: Loaded TargetPlatform 'AndroidClient'
[2026.03.14-17.10.02:913][  0]LogTargetPlatformManager: Display: Loaded TargetPlatform 'Android_ASTCClient'
[2026.03.14-17.10.02:913][  0]LogTargetPlatformManager: Display: Loaded TargetPlatform 'Android_DXTClient'
[2026.03.14-17.10.02:913][  0]LogTargetPlatformManager: Display: Loaded TargetPlatform 'Android_ETC2Client'
[2026.03.14-17.10.02:913][  0]LogTargetPlatformManager: Display: Loaded TargetPlatform 'Android_Multi'
[2026.03.14-17.10.02:913][  0]LogTargetPlatformManager: Display: Loaded TargetPlatform 'Android_MultiClient'
[2026.03.14-17.10.02:991][  0]LogTargetPlatformManager: Display: Loaded TargetPlatform 'IOSClient'
[2026.03.14-17.10.02:991][  0]LogTargetPlatformManager: Display: Loaded TargetPlatform 'IOS'
[2026.03.14-17.10.03:029][  0]LogTargetPlatformManager: Display: Loaded TargetPlatform 'Linux'
[2026.03.14-17.10.03:053][  0]LogTargetPlatformManager: Display: Loaded TargetPlatform 'LinuxNoEditor'
[2026.03.14-17.10.03:076][  0]LogTargetPlatformManager: Display: Loaded TargetPlatform 'LinuxClient'
[2026.03.14-17.10.03:099][  0]LogTargetPlatformManager: Display: Loaded TargetPlatform 'LinuxServer'
[2026.03.14-17.10.03:130][  0]LogTargetPlatformManager: Display: Loaded TargetPlatform 'LinuxAArch64NoEditor'
[2026.03.14-17.10.03:153][  0]LogTargetPlatformManager: Display: Loaded TargetPlatform 'LinuxAArch64Client'
[2026.03.14-17.10.03:176][  0]LogTargetPlatformManager: Display: Loaded TargetPlatform 'LinuxAArch64Server'
[2026.03.14-17.10.03:216][  0]LogTargetPlatformManager: Display: Loaded TargetPlatform 'Lumin'
[2026.03.14-17.10.03:216][  0]LogTargetPlatformManager: Display: Loaded TargetPlatform 'LuminClient'
[2026.03.14-17.10.03:252][  0]LogTargetPlatformManager: Display: Loaded TargetPlatform 'MacNoEditor'
[2026.03.14-17.10.03:276][  0]LogTargetPlatformManager: Display: Loaded TargetPlatform 'Mac'
[2026.03.14-17.10.03:299][  0]LogTargetPlatformManager: Display: Loaded TargetPlatform 'MacClient'
[2026.03.14-17.10.03:321][  0]LogTargetPlatformManager: Display: Loaded TargetPlatform 'MacServer'
[2026.03.14-17.10.03:347][  0]LogTargetPlatformManager: Display: Loaded TargetPlatform 'TVOSClient'
[2026.03.14-17.10.03:347][  0]LogTargetPlatformManager: Display: Loaded TargetPlatform 'TVOS'
[2026.03.14-17.10.03:374][  0]LogTargetPlatformManager: Display: Loaded TargetPlatform 'WindowsNoEditor'
[2026.03.14-17.10.03:399][  0]LogTargetPlatformManager: Display: Loaded TargetPlatform 'Windows'
[2026.03.14-17.10.03:424][  0]LogTargetPlatformManager: Display: Loaded TargetPlatform 'WindowsClient'
[2026.03.14-17.10.03:450][  0]LogTargetPlatformManager: Display: Loaded TargetPlatform 'WindowsServer'
[2026.03.14-17.10.03:450][  0]LogTargetPlatformManager: Display: Building Assets For Windows
[2026.03.14-17.10.03:549][  0]LogAudioDebug: Display: Lib vorbis DLL was dynamically loaded.
[2026.03.14-17.10.03:843][  0]LogTextureFormatOodle: Display: Oodle Texture 2.9.0 init RDO Off
[2026.03.14-17.10.04:183][  0]LogRendererCore: Ray tracing is disabled. Reason: r.RayTracing=0.
[2026.03.14-17.10.04:184][  0]LogShaderCompilers: Guid format shader working directory is -9 characters bigger than the processId version (C:/Users/titan/Desktop/Titan_RoadHopper/RoadHopper4.27/Intermediate/Shaders/WorkingDirectory/28856/).
[2026.03.14-17.10.04:184][  0]LogShaderCompilers: Cleaned the shader compiler working directory 'C:/Users/titan/AppData/Local/Temp/UnrealShaderWorkingDir/089AD4B445D5DCA8693D52A867180558/'.
[2026.03.14-17.10.04:184][  0]LogXGEController: Cannot use XGE Controller as Incredibuild is not installed on this machine.
[2026.03.14-17.10.04:184][  0]LogShaderCompilers: Cannot use XGE Shader Compiler as Incredibuild is not installed on this machine.
[2026.03.14-17.10.04:184][  0]LogShaderCompilers: Display: Using Local Shader Compiler.
[2026.03.14-17.10.07:779][  0]LogDerivedDataCache: Display: Max Cache Size: 512 MB
[2026.03.14-17.10.07:881][  0]LogDerivedDataCache: Loaded boot cache 0.10s 94MB C:/Users/titan/AppData/Local/UnrealEngine/4.27/DerivedDataCache/Boot.ddc.
[2026.03.14-17.10.07:881][  0]LogDerivedDataCache: Display: Loaded Boot cache: C:/Users/titan/AppData/Local/UnrealEngine/4.27/DerivedDataCache/Boot.ddc
[2026.03.14-17.10.07:881][  0]LogDerivedDataCache: FDerivedDataBackendGraph:  Pak pak cache file C:/Users/titan/Desktop/Titan_RoadHopper/RoadHopper4.27/DerivedDataCache/DDC.ddp not found, will not use a pak cache.
[2026.03.14-17.10.07:881][  0]LogDerivedDataCache: Unable to find inner node Pak for hierarchical cache Hierarchy.
[2026.03.14-17.10.07:881][  0]LogDerivedDataCache: FDerivedDataBackendGraph:  CompressedPak pak cache file C:/Users/titan/Desktop/Titan_RoadHopper/RoadHopper4.27/DerivedDataCache/Compressed.ddp not found, will not use a pak cache.
[2026.03.14-17.10.07:881][  0]LogDerivedDataCache: Unable to find inner node CompressedPak for hierarchical cache Hierarchy.
[2026.03.14-17.10.07:911][  0]LogDerivedDataCache: Display: Pak cache opened for reading ../../../Engine/DerivedDataCache/Compressed.ddp.
[2026.03.14-17.10.07:911][  0]LogDerivedDataCache: FDerivedDataBackendGraph:  EnterprisePak pak cache file ../../../Enterprise/DerivedDataCache/Compressed.ddp not found, will not use a pak cache.
[2026.03.14-17.10.07:911][  0]LogDerivedDataCache: Unable to find inner node EnterprisePak for hierarchical cache Hierarchy.
[2026.03.14-17.10.07:968][  0]LogDerivedDataCache: Speed tests for C:/Users/titan/AppData/Local/UnrealEngine/Common/DerivedDataCache took 0.06 seconds
[2026.03.14-17.10.07:968][  0]LogDerivedDataCache: Display: Performance to C:/Users/titan/AppData/Local/UnrealEngine/Common/DerivedDataCache: Latency=0.23ms. RandomReadSpeed=20.34MBs, RandomWriteSpeed=106.62MBs. Assigned SpeedClass 'Local'
[2026.03.14-17.10.07:969][  0]LogDerivedDataCache: Using Local data cache path C:/Users/titan/AppData/Local/UnrealEngine/Common/DerivedDataCache: Writable
[2026.03.14-17.10.07:969][  0]LogDerivedDataCache: Shared data cache path not found in *engine.ini, will not use an Shared cache.
[2026.03.14-17.10.07:969][  0]LogDerivedDataCache: Unable to find inner node Shared for hierarchical cache Hierarchy.
[2026.03.14-17.10.08:001][  0]LogSlate: Using FreeType 2.10.0
[2026.03.14-17.10.08:013][  0]LogSlate: SlateFontServices - WITH_FREETYPE: 1, WITH_HARFBUZZ: 1
[2026.03.14-17.10.08:152][  0]LogAssetRegistry: FAssetRegistry took 0.0033 seconds to start up
[2026.03.14-17.10.08:358][  0]LogInit: Selected Device Profile: [Windows]
[2026.03.14-17.10.08:358][  0]LogInit: Active device profile: [00000172DC198900][00000172D4CE4240 49] Windows
[2026.03.14-17.10.08:358][  0]LogInit: Profiles: [00000172DC198900][00000172D4CE4240 49] Windows, [00000172DC15F800][00000172D4CEC3C0 49] WindowsNoEditor, [00000172DC19B500][00000172D4CF0540 49] WindowsServer, [00000172DC15CE00][00000172DBC3C6C0 49] WindowsClient, [00000172DC19B800][00000172D4CE8800 49] IOS, [00000172DC15E800][00000172DBC40940 49] iPadAir, [00000172DC19A000][00000172DBC44A80 49] iPadAir2, [00000172DC108A00][00000172DBC50D00 49] IPadPro, [00000172DC108B00][00000172DBC48D40 49] iPadAir3, [00000172DC15D900][00000172DBC54EC0 49] iPadAir4, [00000172DC10B400][00000172DBC59040 49] iPadMini2, [00000172DC15EA00][00000172DBC5D1C0 49] iPadMini3, [00000172DC109700][00000172DBC61340 49] iPadMini4, [00000172DC199100][00000172DBC654C0 49] iPadMini5, [00000172DC144300][00000172DBC6D780 49] iPhone6, [00000172DC144400][00000172DBC697C0 49] iPodTouch6, [00000172DC103F00][00000172DBC75A80 49] iPhone7, [00000172DC103E00][00000172DBC71AC0 49] iPodTouch7, [00000172DC15E000][00000172DBC780C0 49] iPhone5S, [00000172DC101A00][00000172DBC7C240 49] iPhone6Plus, [00000172DC144200][00000172DBC803C0 49] iPhone6S, [00000172DC100600][00000172DBC84540 49] iPhone6SPlus, [00000172DC146900][00000172DBC886C0 49] iPhone7Plus, [00000172DC103100][00000172DBC8C840 49] iPhoneSE, [00000172DC146200][00000172DBC4C980 49] iPhone8, [00000172DC103B00][00000172DBC90AC0 49] iPhone8Plus, [00000172DC144A00][00000172DBC94C00 49] iPhoneX, [00000172DC101400][00000172DBC98D40 49] iPhoneXS, [00000172DC147900][00000172DBCA0EC0 49] iPhoneXSMax, [00000172DC100900][00000172DBCA5040 49] iPhoneXR, [00000172DC146F00][00000172DBCA91C0 49] iPhone11, [00000172DC101300][00000172DBCAD340 49] iPhone11Pro, [00000172DC145000][00000172DBCB14C0 49] iPhone11ProMax, [00000172DC102A00][00000172DBCB5640 49] iPhoneSE2, [00000172DC145400][00000172DBCB97C0 49] iPhone12Mini, [00000172DC102400][00000172DBCBD940 49] iPhone12, [00000172DC144D00][00000172DBCC1AC0 49] iPhone12Pro, [00000172DC102B00][00000172DBCC40C0 49] iPhone12ProMax, [00000172DC147000][00000172DBCC8240 49] iPadPro105, [00000172DC100700][00000172DBCCC3C0 49] iPadPro129, [00000172DC146800][00000172DCE9E540 49] iPadPro97, [00000172DC102600][00000172DCEA26C0 49] iPadPro2_129, [00000172DC147C00][00000172DCEA6840 49] iPad5, [00000172DC102200][00000172DCEAA9C0 49] iPad6, [00000172DC144F00][00000172DCEAEB40 49] iPad7, [00000172DC102D00][00000172DBC9CC80 49] iPad8, [00000172DC145100][00000172DCEB2DC0 49] iPadPro11, [00000172DC101600][00000172DCEB6F00 49] iPadPro2_11, [00000172DC147400][00000172DCEBF080 49] iPadPro3_129, [00000172DC102800][00000172DCEC3200 49] iPadPro4_129, [00000172DC147A00][00000172DCEC7380 49] AppleTV, [00000172DC102100][00000172DCECB500 49] AppleTV4K, [00000172DC145F00][00000172DCECF680 49] TVOS, [00000172DC103400][00000172DCED3800 49] Mac, [00000172DC147800][00000172DCED7980 49] MacClient, [00000172DC101E00][00000172DCEDBB00 49] MacNoEditor, [00000172DC147F00][00000172DCEDE100 49] MacServer, [00000172DC103500][00000172DCEE2280 49] Linux, [00000172DC144C00][00000172DCEE6400 49] LinuxAArch64, [00000172DC102F00][00000172DCEEA580 49] LinuxNoEditor, [00000172DC144B00][00000172DCEEE700 49] LinuxAArch64NoEditor, [00000172DC103700][00000172DCEF2880 49] LinuxClient, [00000172DC145A00][00000172DCEF6A00 49] LinuxAArch64Client, [00000172DC101000][00000172DCEFAB80 49] LinuxServer, [00000172DC146500][00000172DCEFED00 49] LinuxAArch64Server, [00000172DC101900][00000172DCEBAE40 49] Android, [00000172DC145300][00000172DCF02F80 49] Android_Low, [00000172DC102700][00000172DCF070C0 49] Android_Mid, [00000172DC146B00][00000172DCF0F240 49] Android_High, [00000172DC103800][00000172DCF133C0 49] Android_Default, [00000172DC145600][00000172DCF17540 49] Android_Adreno4xx, [00000172DC101500][00000172DCF1B6C0 49] Android_Adreno5xx_Low, [00000172DC10B600][00000172DCF1F840 49] Android_Adreno5xx, [00000172DC15D800][00000172DCF239C0 49] Android_Adreno6xx, [00000172DC109200][00000172DCF27B40 49] Android_Adreno6xx_Vulkan, [00000172DC15FC00][00000172DCF2A140 49] Android_Mali_T6xx, [00000172DC109100][00000172DCF2E2C0 49] Android_Mali_T7xx, [00000172DC15D600][00000172DCF32440 49] Android_Mali_T8xx, [00000172DC109E00][00000172DCF365C0 49] Android_Mali_G71, [00000172DC15C500][00000172DCF3A740 49] Android_Mali_G72, [00000172DC108800][00000172DCF3E8C0 49] Android_Mali_G72_Vulkan, [00000172DC15D300][00000172DCF42A40 49] Android_Mali_G76, [00000172DC108100][00000172DCF46BC0 49] Android_Mali_G76_Vulkan, [00000172DC15DF00][00000172DCF4AD40 49] Android_Mali_G77, [00000172DC109000][00000172DCF4EEC0 49] Android_Mali_G77_Vulkan, [00000172DC15CA00][00000172DCF0B000 49] Android_Mali_G78, [00000172DC10AC00][00000172DCF53140 49] Android_Mali_G78_Vulkan, [00000172DC15F600][00000172DCF57280 49] Android_Mali_G710, [00000172DC10AA00][00000172DCF5B3C0 49] Android_Mali_G710_Vulkan, [00000172DC15FF00][00000172DCF63540 49] Android_Vulkan_SM5, [00000172DC10BB00][00000172DCF676C0 49] Android_PowerVR_G6xxx, [00000172DC15FB00][00000172DCF6B840 49] Android_PowerVR_GT7xxx, [00000172DC10B900][00000172DCF6F9C0 49] Android_PowerVR_GE8xxx, [00000172DC15CC00][00000172DCF73B40 49] Android_PowerVR_GM9xxx, [00000172DC10A700][00000172DCF76140 49] Android_PowerVR_GM9xxx_Vulkan, [00000172DC15E700][00000172DCF7A2C0 49] Android_TegraK1, [00000172DC108900][00000172DCF7E440 49] Android_Unknown_Vulkan, [00000172DC15DD00][00000172DCF825C0 49] Lumin, [00000172DC108500][00000172DCF86740 49] Lumin_Desktop, [00000172DC15F300][00000172DCF8A8C0 49] HoloLens, 
[2026.03.14-17.10.08:841][  0]LogMeshReduction: Using QuadricMeshReduction for automatic static mesh reduction
[2026.03.14-17.10.08:841][  0]LogMeshReduction: Using SimplygonMeshReduction for automatic skeletal mesh reduction
[2026.03.14-17.10.08:841][  0]LogMeshReduction: Using ProxyLODMeshReduction for automatic mesh merging
[2026.03.14-17.10.08:841][  0]LogMeshReduction: No distributed automatic mesh merging module available
[2026.03.14-17.10.08:841][  0]LogMeshMerging: No distributed automatic mesh merging module available
[2026.03.14-17.10.08:918][  0]LogNetVersion: RoadHopper 1.0.0, NetCL: 17155196, EngineNetVer: 17, GameNetVer: 0 (Checksum: 3032267352)
[2026.03.14-17.10.10:709][  0]LogTexture: Default maximum texture size for cubemaps generated from long-lat sources has been changed from 512 to unlimited. In order to preserve old behaiour for '/Engine/MapTemplates/Sky/DaylightAmbientCubemap.DaylightAmbientCubemap', its maximum texture size has been explicitly set to 512.
[2026.03.14-17.10.10:819][  0]LogHMD: PokeAHoleMaterial loaded successfully
[2026.03.14-17.10.10:824][  0]LogUObjectArray: 17178 objects as part of root set at end of initial load.
[2026.03.14-17.10.10:824][  0]LogUObjectAllocator: 4302048 out of 0 bytes used by permanent object pool.
[2026.03.14-17.10.10:824][  0]LogUObjectArray: CloseDisregardForGC: 0/0 objects in disregard for GC pool
[2026.03.14-17.10.12:530][  0]LogNiagaraDebuggerClient: Niagara Debugger Client Initialized | Session: CFD9FC7C47AFC7451E552E9FA1DB00F1 | Instance: 9913810648B6681284FFC6BA8FD67F22 (TITANPC-28856).
[2026.03.14-17.10.13:138][  0]LogPython: Using Python 3.7.7
[2026.03.14-17.10.13:743][  0]LogTcpMessaging: Initializing TcpMessaging bridge
[2026.03.14-17.10.13:772][  0]LogUdpMessaging: Initializing bridge on interface 0.0.0.0:0 to multicast group 230.0.0.1:6666.
[2026.03.14-17.10.14:678][  0]SourceControl: Source control is disabled
[2026.03.14-17.10.14:678][  0]SourceControl: Source control is disabled
[2026.03.14-17.10.14:742][  0]SourceControl: Source control is disabled
[2026.03.14-17.10.14:794][  0]SourceControl: Source control is disabled
[2026.03.14-17.10.14:849][  0]SourceControl: Source control is disabled
[2026.03.14-17.10.14:895][  0]LogUProjectInfo: Found projects:
[2026.03.14-17.10.14:899][  0]LogVSAccessor: Display: Unable to create Visual Studio setup instance: 80040154
[2026.03.14-17.10.14:900][  0]LogVSAccessor: Display: Unable to create Visual Studio setup instance: 80040154
[2026.03.14-17.10.14:900][  0]LogVSAccessor: Display: Unable to create Visual Studio setup instance: 80040154
[2026.03.14-17.10.16:041][  0]LogOpenImageDenoise: OIDN starting up
[2026.03.14-17.10.16:429][  0]LogAndroidPermission: UAndroidPermissionCallbackProxy::GetInstance
[2026.03.14-17.10.16:574][  0]LogAudioCaptureCore: Display: No Audio Capture implementations found. Audio input will be silent.
[2026.03.14-17.10.16:575][  0]LogAudioCaptureCore: Display: No Audio Capture implementations found. Audio input will be silent.
[2026.03.14-17.10.17:174][  0]LogCollectionManager: Loaded 0 collections in 0.000636 seconds
[2026.03.14-17.10.17:177][  0]LogFileCache: Scanning file cache for directory 'C:/Users/titan/Desktop/Titan_RoadHopper/RoadHopper4.27/Saved/Collections/' took 0.00s
[2026.03.14-17.10.17:177][  0]LogFileCache: Scanning file cache for directory 'C:/Users/titan/Desktop/Titan_RoadHopper/RoadHopper4.27/Content/Developers/titan/Collections/' took 0.00s
[2026.03.14-17.10.17:177][  0]LogFileCache: Scanning file cache for directory 'C:/Users/titan/Desktop/Titan_RoadHopper/RoadHopper4.27/Content/Collections/' took 0.00s
[2026.03.14-17.10.17:279][  0]LogOcInput: OculusInput pre-init called
[2026.03.14-17.10.17:695][  0]LogEngine: Initializing Engine...
[2026.03.14-17.10.17:740][  0]LogHMD: Failed to enumerate extensions. Please check that you have a valid OpenXR runtime installed.
[2026.03.14-17.10.17:740][  0]LogHMD: Failed to initialize OpenVR with code 110
[2026.03.14-17.10.17:740][  0]LogMagicLeap: Warning: VR disabled because ZI is not enabled.  To enable, in the editor, Edit -> Project Settings -> Plugins -> Magic Leap Plugin -> Enable Zero Iteration
[2026.03.14-17.10.17:742][  0]LogStats: UGameplayTagsManager::InitializeManager -  0.001 s
[2026.03.14-17.10.18:003][  0]LogInit: Initializing FReadOnlyCVARCache
[2026.03.14-17.10.18:043][  0]LogAIModule: Creating AISystem for world Untitled
[2026.03.14-17.10.18:046][  0]LogAudio: Display: Initializing Audio Device Manager...
[2026.03.14-17.10.18:071][  0]LogAudio: Display: Loading Default Audio Settings Objects...
[2026.03.14-17.10.18:076][  0]LogAudio: Display: No default SoundConcurrencyObject specified (or failed to load).
[2026.03.14-17.10.18:077][  0]LogAudio: Display: Audio Device Manager Initialized
[2026.03.14-17.10.18:077][  0]LogAudio: Display: Creating Audio Device:                 Id: 1, Scope: Shared, Realtime: True
[2026.03.14-17.10.18:077][  0]LogAudioMixer: Display: Audio Mixer Platform Settings:
[2026.03.14-17.10.18:078][  0]LogAudioMixer: Display: 	Sample Rate:						  48000
[2026.03.14-17.10.18:078][  0]LogAudioMixer: Display: 	Callback Buffer Frame Size Requested: 1024
[2026.03.14-17.10.18:078][  0]LogAudioMixer: Display: 	Callback Buffer Frame Size To Use:	  1024
[2026.03.14-17.10.18:078][  0]LogAudioMixer: Display: 	Number of buffers to queue:			  2
[2026.03.14-17.10.18:078][  0]LogAudioMixer: Display: 	Max Channels (voices):				  32
[2026.03.14-17.10.18:078][  0]LogAudioMixer: Display: 	Number of Async Source Workers:		  0
[2026.03.14-17.10.18:078][  0]LogAudio: Display: AudioDevice MaxSources: 32
[2026.03.14-17.10.18:078][  0]LogAudio: Display: Audio Spatialization Plugin: None (built-in).
[2026.03.14-17.10.18:078][  0]LogAudio: Display: Audio Reverb Plugin: None (built-in).
[2026.03.14-17.10.18:078][  0]LogAudio: Display: Audio Occlusion Plugin: None (built-in).
[2026.03.14-17.10.18:078][  0]LogAudioMixer: Display: Initializing audio mixer.
[2026.03.14-17.10.18:122][  0]LogAudioMixer: Display: 0: FrontLeft
[2026.03.14-17.10.18:122][  0]LogAudioMixer: Display: 1: FrontRight
[2026.03.14-17.10.18:122][  0]LogAudioMixer: Display: 2: FrontCenter
[2026.03.14-17.10.18:122][  0]LogAudioMixer: Display: 3: LowFrequency
[2026.03.14-17.10.18:122][  0]LogAudioMixer: Display: 4: BackLeft
[2026.03.14-17.10.18:122][  0]LogAudioMixer: Display: 5: BackRight
[2026.03.14-17.10.18:122][  0]LogAudioMixer: Display: 6: SideLeft
[2026.03.14-17.10.18:122][  0]LogAudioMixer: Display: 7: SideRight
[2026.03.14-17.10.18:141][  0]LogAudioMixer: Display: Using Audio Device Headset Earphone (CORSAIR VOID PRO Wireless Gaming Headset)
[2026.03.14-17.10.18:142][  0]LogAudioMixer: Display: Initializing Sound Submixes...
[2026.03.14-17.10.18:167][  0]LogAudioMixer: Display: Creating Master Submix 'MasterSubmixDefault'
[2026.03.14-17.10.18:168][  0]LogAudioMixer: Display: Creating Master Submix 'MasterReverbSubmixDefault'
[2026.03.14-17.10.18:169][  0]LogAudioMixer: Display: Creating Master Submix 'MasterEQSubmixDefault'
[2026.03.14-17.10.18:169][  0]LogAudioMixer: FMixerPlatformXAudio2::StartAudioStream() called
[2026.03.14-17.10.18:169][  0]LogAudioMixer: Display: Output buffers initialized: Frames=1024, Channels=8, Samples=8192
[2026.03.14-17.10.18:170][  0]LogAudioMixer: Display: Starting AudioMixerPlatformInterface::RunInternal()
[2026.03.14-17.10.18:170][  0]LogAudioMixer: Display: FMixerPlatformXAudio2::SubmitBuffer() called for the first time
[2026.03.14-17.10.18:170][  0]LogInit: FAudioDevice initialized.
[2026.03.14-17.10.18:171][  0]LogAudio: Display: Audio Device (ID: 1) registered with world 'Untitled'.
[2026.03.14-17.10.18:171][  0]LogNetVersion: Set ProjectVersion to 1.0.0.0. Version Checksum will be recalculated on next use.
[2026.03.14-17.10.18:288][  0]LogDerivedDataCache: Saved boot cache 0.12s 94MB C:/Users/titan/AppData/Local/UnrealEngine/4.27/DerivedDataCache/Boot.ddc.
[2026.03.14-17.10.18:288][  0]LogInit: Texture streaming: Enabled
[2026.03.14-17.10.18:362][  0]LogAnalytics: Display: [UEEditor.Rocket.Release] APIServer = https://datarouter.ol.epicgames.com/. AppVersion = 4.27.2-18319896+++UE4+Release-4.27
[2026.03.14-17.10.18:383][  0]LogEngineSessionManager: EngineSessionManager initialized
[2026.03.14-17.10.18:383][  0]LogEditorSessionSummary: Verbose: Initializing EditorSessionSummaryWriter for editor session tracking
[2026.03.14-17.10.18:384][  0]LogEditorSessionSummary: EditorSessionSummaryWriter initialized
[2026.03.14-17.10.18:457][  0]LogInit: Transaction tracking system initialized
[2026.03.14-17.10.18:613][  0]BlueprintLog: New page: Editor Load
[2026.03.14-17.10.19:068][  0]LocalizationService: Localization service is disabled
[2026.03.14-17.10.19:258][  0]TimingProfiler: Initialize
[2026.03.14-17.10.19:259][  0]TimingProfiler: OnSessionChanged
[2026.03.14-17.10.19:259][  0]LoadingProfiler: Initialize
[2026.03.14-17.10.19:260][  0]LoadingProfiler: OnSessionChanged
[2026.03.14-17.10.19:260][  0]NetworkingProfiler: Initialize
[2026.03.14-17.10.19:260][  0]NetworkingProfiler: OnSessionChanged
[2026.03.14-17.10.19:260][  0]MemoryProfiler: Initialize
[2026.03.14-17.10.19:260][  0]MemoryProfiler: OnSessionChanged
[2026.03.14-17.10.19:559][  0]LogVSAccessor: Display: Unable to create Visual Studio setup instance: 80040154
[2026.03.14-17.10.19:559][  0]LogVSAccessor: Display: Unable to create Visual Studio setup instance: 80040154
[2026.03.14-17.10.19:560][  0]LogVSAccessor: Display: Unable to create Visual Studio setup instance: 80040154
[2026.03.14-17.10.19:880][  0]LogCook: Display: CookSettings for Memory: MemoryMaxUsedVirtual 0MiB, MemoryMaxUsedPhysical 16384MiB, MemoryMinFreeVirtual 0MiB, MemoryMinFreePhysical 1024MiB
[2026.03.14-17.10.19:880][  0]LogCook: Display: Mobile HDR setting 1
[2026.03.14-17.10.20:814][  0]LogFileCache: Scanning file cache for directory 'C:/Users/titan/Desktop/Titan_RoadHopper/RoadHopper4.27/Content/' took 0.01s
[2026.03.14-17.10.21:161][  0]LogInit: Display: Engine is initialized. Leaving FEngineLoop::Init()
[2026.03.14-17.10.21:165][  0]SourceControl: Source control is disabled
[2026.03.14-17.10.21:166][  0]LogUnrealEdMisc: Loading editor; pre map load, took 26.792
[2026.03.14-17.10.21:166][  0]Cmd: MAP LOAD FILE="../../../Engine/Content/Maps/Templates/Template_Default.umap" TEMPLATE=1 SHOWPROGRESS=1 FEATURELEVEL=3
[2026.03.14-17.10.21:172][  0]LightingResults: New page: Lighting Build
[2026.03.14-17.10.21:174][  0]LogWorld: UWorld::CleanupWorld for Untitled, bSessionEnded=true, bCleanupResources=true
[2026.03.14-17.10.21:175][  0]LogSlate: InvalidateAllWidgets triggered.  All widgets were invalidated
[2026.03.14-17.10.21:176][  0]MapCheck: New page: Map Check
[2026.03.14-17.10.21:176][  0]LightingResults: New page: Lighting Build
[2026.03.14-17.10.21:180][  0]LogAudio: Display: Audio Device unregistered from world 'None'.
[2026.03.14-17.10.21:184][  0]LogUObjectHash: Compacting FUObjectHashTables data took   0.60ms
[2026.03.14-17.10.21:297][  0]LogTexture: Display: Building textures: DeprecatedTextureEB9CBE3C423008B5E8E130901E171C89 (BGRA8, 128X128)
[2026.03.14-17.10.21:301][  0]LogAudio: Display: Audio Device (ID: 1) registered with world 'Untitled_1'.
[2026.03.14-17.10.21:304][  0]LogAIModule: Creating AISystem for world Untitled_1
[2026.03.14-17.10.21:318][  0]LogEditorServer: Finished looking for orphan Actors (0.000 secs)
[2026.03.14-17.10.21:322][  0]LogUObjectHash: Compacting FUObjectHashTables data took   0.48ms
[2026.03.14-17.10.21:323][  0]Cmd: MAP CHECKDEP NOCLEARLOG
[2026.03.14-17.10.21:323][  0]MapCheck: Map check complete: 0 Error(s), 0 Warning(s), took 0.24ms to complete.
[2026.03.14-17.10.21:323][  0]LogFileHelpers: Loading map 'Template_Default' took 0.158
[2026.03.14-17.10.21:332][  0]LogUnrealEdMisc: Total Editor Startup Time, took 26.959
[2026.03.14-17.10.21:457][  0]LogSlate: Updating window title bar state: overlay mode, drag disabled, window buttons hidden, title bar hidden
[2026.03.14-17.10.21:461][  0]LogSlate: Updating window title bar state: overlay mode, drag disabled, window buttons hidden, title bar hidden
[2026.03.14-17.10.21:465][  0]LogSlate: Updating window title bar state: overlay mode, drag disabled, window buttons hidden, title bar hidden
[2026.03.14-17.10.21:468][  0]LogSlate: Updating window title bar state: overlay mode, drag disabled, window buttons hidden, title bar hidden
[2026.03.14-17.10.21:486][  0]LogNativeClassHierarchy: Verbose: Native class hierarchy populated in 0.0063 seconds. Added 3822 classes and 928 folders.
[2026.03.14-17.10.21:489][  0]LogNativeClassHierarchy: Verbose: Native class hierarchy updated for 'WidgetCarousel' in 0.0002 seconds. Added 0 classes and 0 folders.
[2026.03.14-17.10.21:508][  0]LogPakFile: PakFile PrimaryIndexSize=187
[2026.03.14-17.10.21:508][  0]LogPakFile: PakFile PathHashIndexSize=101
[2026.03.14-17.10.21:508][  0]LogPakFile: PakFile FullDirectoryIndexSize=148
[2026.03.14-17.10.21:508][  0]LogShaderLibrary: Display: ShaderCodeLibraryPakFileMountedCallback: PakFile 'D:/Epic Games/UE_4.27/FeaturePacks/FP_FirstPerson.upack' (chunk index -1, root 'root:/') mounted
[2026.03.14-17.10.21:508][  0]LogShaderLibrary: Display: ShaderCodeLibraryPakFileMountedCallback: pending pak file info (ChunkID:-1 Root:root:/ File:D:/Epic Games/UE_4.27/FeaturePacks/FP_FirstPerson.upack)
[2026.03.14-17.10.21:508][  0]LogPakFile: OnPakFileMounted2Time == 0.000043
[2026.03.14-17.10.21:517][  0]LogPakFile: PakFile PrimaryIndexSize=189
[2026.03.14-17.10.21:517][  0]LogPakFile: PakFile PathHashIndexSize=101
[2026.03.14-17.10.21:517][  0]LogPakFile: PakFile FullDirectoryIndexSize=152
[2026.03.14-17.10.21:517][  0]LogShaderLibrary: Display: ShaderCodeLibraryPakFileMountedCallback: PakFile 'D:/Epic Games/UE_4.27/FeaturePacks/FP_FirstPersonBP.upack' (chunk index -1, root 'root:/') mounted
[2026.03.14-17.10.21:517][  0]LogShaderLibrary: Display: ShaderCodeLibraryPakFileMountedCallback: pending pak file info (ChunkID:-1 Root:root:/ File:D:/Epic Games/UE_4.27/FeaturePacks/FP_FirstPersonBP.upack)
[2026.03.14-17.10.21:517][  0]LogPakFile: OnPakFileMounted2Time == 0.000034
[2026.03.14-17.10.21:524][  0]LogPakFile: PakFile PrimaryIndexSize=191
[2026.03.14-17.10.21:524][  0]LogPakFile: PakFile PathHashIndexSize=101
[2026.03.14-17.10.21:524][  0]LogPakFile: PakFile FullDirectoryIndexSize=160
[2026.03.14-17.10.21:524][  0]LogShaderLibrary: Display: ShaderCodeLibraryPakFileMountedCallback: PakFile 'D:/Epic Games/UE_4.27/FeaturePacks/MobileStarterContent.upack' (chunk index -1, root 'root:/') mounted
[2026.03.14-17.10.21:524][  0]LogShaderLibrary: Display: ShaderCodeLibraryPakFileMountedCallback: pending pak file info (ChunkID:-1 Root:root:/ File:D:/Epic Games/UE_4.27/FeaturePacks/MobileStarterContent.upack)
[2026.03.14-17.10.21:524][  0]LogPakFile: OnPakFileMounted2Time == 0.000031
[2026.03.14-17.10.21:530][  0]LogPakFile: PakFile PrimaryIndexSize=185
[2026.03.14-17.10.21:530][  0]LogPakFile: PakFile PathHashIndexSize=101
[2026.03.14-17.10.21:530][  0]LogPakFile: PakFile FullDirectoryIndexSize=148
[2026.03.14-17.10.21:530][  0]LogShaderLibrary: Display: ShaderCodeLibraryPakFileMountedCallback: PakFile 'D:/Epic Games/UE_4.27/FeaturePacks/StarterContent.upack' (chunk index -1, root 'root:/') mounted
[2026.03.14-17.10.21:530][  0]LogShaderLibrary: Display: ShaderCodeLibraryPakFileMountedCallback: pending pak file info (ChunkID:-1 Root:root:/ File:D:/Epic Games/UE_4.27/FeaturePacks/StarterContent.upack)
[2026.03.14-17.10.21:530][  0]LogPakFile: OnPakFileMounted2Time == 0.000028
[2026.03.14-17.10.21:536][  0]LogPakFile: PakFile PrimaryIndexSize=190
[2026.03.14-17.10.21:536][  0]LogPakFile: PakFile PathHashIndexSize=101
[2026.03.14-17.10.21:536][  0]LogPakFile: PakFile FullDirectoryIndexSize=154
[2026.03.14-17.10.21:536][  0]LogShaderLibrary: Display: ShaderCodeLibraryPakFileMountedCallback: PakFile 'D:/Epic Games/UE_4.27/FeaturePacks/TP_2DSideScroller.upack' (chunk index -1, root 'root:/') mounted
[2026.03.14-17.10.21:536][  0]LogShaderLibrary: Display: ShaderCodeLibraryPakFileMountedCallback: pending pak file info (ChunkID:-1 Root:root:/ File:D:/Epic Games/UE_4.27/FeaturePacks/TP_2DSideScroller.upack)
[2026.03.14-17.10.21:536][  0]LogPakFile: OnPakFileMounted2Time == 0.000027
[2026.03.14-17.10.21:542][  0]LogPakFile: PakFile PrimaryIndexSize=192
[2026.03.14-17.10.21:542][  0]LogPakFile: PakFile PathHashIndexSize=101
[2026.03.14-17.10.21:542][  0]LogPakFile: PakFile FullDirectoryIndexSize=158
[2026.03.14-17.10.21:542][  0]LogShaderLibrary: Display: ShaderCodeLibraryPakFileMountedCallback: PakFile 'D:/Epic Games/UE_4.27/FeaturePacks/TP_2DSideScrollerBP.upack' (chunk index -1, root 'root:/') mounted
[2026.03.14-17.10.21:542][  0]LogShaderLibrary: Display: ShaderCodeLibraryPakFileMountedCallback: pending pak file info (ChunkID:-1 Root:root:/ File:D:/Epic Games/UE_4.27/FeaturePacks/TP_2DSideScrollerBP.upack)
[2026.03.14-17.10.21:542][  0]LogPakFile: OnPakFileMounted2Time == 0.000030
[2026.03.14-17.10.21:548][  0]LogPakFile: PakFile PrimaryIndexSize=182
[2026.03.14-17.10.21:548][  0]LogPakFile: PakFile PathHashIndexSize=101
[2026.03.14-17.10.21:548][  0]LogPakFile: PakFile FullDirectoryIndexSize=138
[2026.03.14-17.10.21:548][  0]LogShaderLibrary: Display: ShaderCodeLibraryPakFileMountedCallback: PakFile 'D:/Epic Games/UE_4.27/FeaturePacks/TP_Flying.upack' (chunk index -1, root 'root:/') mounted
[2026.03.14-17.10.21:548][  0]LogShaderLibrary: Display: ShaderCodeLibraryPakFileMountedCallback: pending pak file info (ChunkID:-1 Root:root:/ File:D:/Epic Games/UE_4.27/FeaturePacks/TP_Flying.upack)
[2026.03.14-17.10.21:548][  0]LogPakFile: OnPakFileMounted2Time == 0.000026
[2026.03.14-17.10.21:554][  0]LogPakFile: PakFile PrimaryIndexSize=184
[2026.03.14-17.10.21:554][  0]LogPakFile: PakFile PathHashIndexSize=101
[2026.03.14-17.10.21:554][  0]LogPakFile: PakFile FullDirectoryIndexSize=142
[2026.03.14-17.10.21:554][  0]LogShaderLibrary: Display: ShaderCodeLibraryPakFileMountedCallback: PakFile 'D:/Epic Games/UE_4.27/FeaturePacks/TP_FlyingBP.upack' (chunk index -1, root 'root:/') mounted
[2026.03.14-17.10.21:554][  0]LogShaderLibrary: Display: ShaderCodeLibraryPakFileMountedCallback: pending pak file info (ChunkID:-1 Root:root:/ File:D:/Epic Games/UE_4.27/FeaturePacks/TP_FlyingBP.upack)
[2026.03.14-17.10.21:554][  0]LogPakFile: OnPakFileMounted2Time == 0.000027
[2026.03.14-17.10.21:560][  0]LogPakFile: PakFile PrimaryIndexSize=188
[2026.03.14-17.10.21:560][  0]LogPakFile: PakFile PathHashIndexSize=101
[2026.03.14-17.10.21:560][  0]LogPakFile: PakFile FullDirectoryIndexSize=150
[2026.03.14-17.10.21:560][  0]LogShaderLibrary: Display: ShaderCodeLibraryPakFileMountedCallback: PakFile 'D:/Epic Games/UE_4.27/FeaturePacks/TP_HandheldARBP.upack' (chunk index -1, root 'root:/') mounted
[2026.03.14-17.10.21:560][  0]LogShaderLibrary: Display: ShaderCodeLibraryPakFileMountedCallback: pending pak file info (ChunkID:-1 Root:root:/ File:D:/Epic Games/UE_4.27/FeaturePacks/TP_HandheldARBP.upack)
[2026.03.14-17.10.21:560][  0]LogPakFile: OnPakFileMounted2Time == 0.000027
[2026.03.14-17.10.21:569][  0]LogPakFile: PakFile PrimaryIndexSize=182
[2026.03.14-17.10.21:569][  0]LogPakFile: PakFile PathHashIndexSize=101
[2026.03.14-17.10.21:569][  0]LogPakFile: PakFile FullDirectoryIndexSize=138
[2026.03.14-17.10.21:569][  0]LogShaderLibrary: Display: ShaderCodeLibraryPakFileMountedCallback: PakFile 'D:/Epic Games/UE_4.27/FeaturePacks/TP_Puzzle.upack' (chunk index -1, root 'root:/') mounted
[2026.03.14-17.10.21:569][  0]LogShaderLibrary: Display: ShaderCodeLibraryPakFileMountedCallback: pending pak file info (ChunkID:-1 Root:root:/ File:D:/Epic Games/UE_4.27/FeaturePacks/TP_Puzzle.upack)
[2026.03.14-17.10.21:569][  0]LogPakFile: OnPakFileMounted2Time == 0.000028
[2026.03.14-17.10.21:575][  0]LogPakFile: PakFile PrimaryIndexSize=184
[2026.03.14-17.10.21:575][  0]LogPakFile: PakFile PathHashIndexSize=101
[2026.03.14-17.10.21:575][  0]LogPakFile: PakFile FullDirectoryIndexSize=142
[2026.03.14-17.10.21:575][  0]LogShaderLibrary: Display: ShaderCodeLibraryPakFileMountedCallback: PakFile 'D:/Epic Games/UE_4.27/FeaturePacks/TP_PuzzleBP.upack' (chunk index -1, root 'root:/') mounted
[2026.03.14-17.10.21:575][  0]LogShaderLibrary: Display: ShaderCodeLibraryPakFileMountedCallback: pending pak file info (ChunkID:-1 Root:root:/ File:D:/Epic Games/UE_4.27/FeaturePacks/TP_PuzzleBP.upack)
[2026.03.14-17.10.21:575][  0]LogPakFile: OnPakFileMounted2Time == 0.000035
[2026.03.14-17.10.21:582][  0]LogPakFile: PakFile PrimaryIndexSize=183
[2026.03.14-17.10.21:582][  0]LogPakFile: PakFile PathHashIndexSize=101
[2026.03.14-17.10.21:582][  0]LogPakFile: PakFile FullDirectoryIndexSize=140
[2026.03.14-17.10.21:582][  0]LogShaderLibrary: Display: ShaderCodeLibraryPakFileMountedCallback: PakFile 'D:/Epic Games/UE_4.27/FeaturePacks/TP_Rolling.upack' (chunk index -1, root 'root:/') mounted
[2026.03.14-17.10.21:582][  0]LogShaderLibrary: Display: ShaderCodeLibraryPakFileMountedCallback: pending pak file info (ChunkID:-1 Root:root:/ File:D:/Epic Games/UE_4.27/FeaturePacks/TP_Rolling.upack)
[2026.03.14-17.10.21:582][  0]LogPakFile: OnPakFileMounted2Time == 0.000028
[2026.03.14-17.10.21:588][  0]LogPakFile: PakFile PrimaryIndexSize=185
[2026.03.14-17.10.21:588][  0]LogPakFile: PakFile PathHashIndexSize=101
[2026.03.14-17.10.21:588][  0]LogPakFile: PakFile FullDirectoryIndexSize=144
[2026.03.14-17.10.21:588][  0]LogShaderLibrary: Display: ShaderCodeLibraryPakFileMountedCallback: PakFile 'D:/Epic Games/UE_4.27/FeaturePacks/TP_RollingBP.upack' (chunk index -1, root 'root:/') mounted
[2026.03.14-17.10.21:588][  0]LogShaderLibrary: Display: ShaderCodeLibraryPakFileMountedCallback: pending pak file info (ChunkID:-1 Root:root:/ File:D:/Epic Games/UE_4.27/FeaturePacks/TP_RollingBP.upack)
[2026.03.14-17.10.21:589][  0]LogPakFile: OnPakFileMounted2Time == 0.000028
[2026.03.14-17.10.21:595][  0]LogPakFile: PakFile PrimaryIndexSize=188
[2026.03.14-17.10.21:595][  0]LogPakFile: PakFile PathHashIndexSize=101
[2026.03.14-17.10.21:595][  0]LogPakFile: PakFile FullDirectoryIndexSize=150
[2026.03.14-17.10.21:595][  0]LogShaderLibrary: Display: ShaderCodeLibraryPakFileMountedCallback: PakFile 'D:/Epic Games/UE_4.27/FeaturePacks/TP_SideScroller.upack' (chunk index -1, root 'root:/') mounted
[2026.03.14-17.10.21:595][  0]LogShaderLibrary: Display: ShaderCodeLibraryPakFileMountedCallback: pending pak file info (ChunkID:-1 Root:root:/ File:D:/Epic Games/UE_4.27/FeaturePacks/TP_SideScroller.upack)
[2026.03.14-17.10.21:595][  0]LogPakFile: OnPakFileMounted2Time == 0.000032
[2026.03.14-17.10.21:601][  0]LogPakFile: PakFile PrimaryIndexSize=190
[2026.03.14-17.10.21:601][  0]LogPakFile: PakFile PathHashIndexSize=101
[2026.03.14-17.10.21:601][  0]LogPakFile: PakFile FullDirectoryIndexSize=154
[2026.03.14-17.10.21:601][  0]LogShaderLibrary: Display: ShaderCodeLibraryPakFileMountedCallback: PakFile 'D:/Epic Games/UE_4.27/FeaturePacks/TP_SideScrollerBP.upack' (chunk index -1, root 'root:/') mounted
[2026.03.14-17.10.21:601][  0]LogShaderLibrary: Display: ShaderCodeLibraryPakFileMountedCallback: pending pak file info (ChunkID:-1 Root:root:/ File:D:/Epic Games/UE_4.27/FeaturePacks/TP_SideScrollerBP.upack)
[2026.03.14-17.10.21:601][  0]LogPakFile: OnPakFileMounted2Time == 0.000028
[2026.03.14-17.10.21:607][  0]LogPakFile: PakFile PrimaryIndexSize=187
[2026.03.14-17.10.21:607][  0]LogPakFile: PakFile PathHashIndexSize=101
[2026.03.14-17.10.21:607][  0]LogPakFile: PakFile FullDirectoryIndexSize=148
[2026.03.14-17.10.21:607][  0]LogShaderLibrary: Display: ShaderCodeLibraryPakFileMountedCallback: PakFile 'D:/Epic Games/UE_4.27/FeaturePacks/TP_ThirdPerson.upack' (chunk index -1, root 'root:/') mounted
[2026.03.14-17.10.21:607][  0]LogShaderLibrary: Display: ShaderCodeLibraryPakFileMountedCallback: pending pak file info (ChunkID:-1 Root:root:/ File:D:/Epic Games/UE_4.27/FeaturePacks/TP_ThirdPerson.upack)
[2026.03.14-17.10.21:607][  0]LogPakFile: OnPakFileMounted2Time == 0.000028
[2026.03.14-17.10.21:613][  0]LogPakFile: PakFile PrimaryIndexSize=189
[2026.03.14-17.10.21:613][  0]LogPakFile: PakFile PathHashIndexSize=101
[2026.03.14-17.10.21:613][  0]LogPakFile: PakFile FullDirectoryIndexSize=152
[2026.03.14-17.10.21:613][  0]LogShaderLibrary: Display: ShaderCodeLibraryPakFileMountedCallback: PakFile 'D:/Epic Games/UE_4.27/FeaturePacks/TP_ThirdPersonBP.upack' (chunk index -1, root 'root:/') mounted
[2026.03.14-17.10.21:613][  0]LogShaderLibrary: Display: ShaderCodeLibraryPakFileMountedCallback: pending pak file info (ChunkID:-1 Root:root:/ File:D:/Epic Games/UE_4.27/FeaturePacks/TP_ThirdPersonBP.upack)
[2026.03.14-17.10.21:613][  0]LogPakFile: OnPakFileMounted2Time == 0.000027
[2026.03.14-17.10.21:619][  0]LogPakFile: PakFile PrimaryIndexSize=183
[2026.03.14-17.10.21:619][  0]LogPakFile: PakFile PathHashIndexSize=101
[2026.03.14-17.10.21:619][  0]LogPakFile: PakFile FullDirectoryIndexSize=140
[2026.03.14-17.10.21:619][  0]LogShaderLibrary: Display: ShaderCodeLibraryPakFileMountedCallback: PakFile 'D:/Epic Games/UE_4.27/FeaturePacks/TP_TopDown.upack' (chunk index -1, root 'root:/') mounted
[2026.03.14-17.10.21:619][  0]LogShaderLibrary: Display: ShaderCodeLibraryPakFileMountedCallback: pending pak file info (ChunkID:-1 Root:root:/ File:D:/Epic Games/UE_4.27/FeaturePacks/TP_TopDown.upack)
[2026.03.14-17.10.21:619][  0]LogPakFile: OnPakFileMounted2Time == 0.000035
[2026.03.14-17.10.21:625][  0]LogPakFile: PakFile PrimaryIndexSize=185
[2026.03.14-17.10.21:625][  0]LogPakFile: PakFile PathHashIndexSize=101
[2026.03.14-17.10.21:625][  0]LogPakFile: PakFile FullDirectoryIndexSize=144
[2026.03.14-17.10.21:625][  0]LogShaderLibrary: Display: ShaderCodeLibraryPakFileMountedCallback: PakFile 'D:/Epic Games/UE_4.27/FeaturePacks/TP_TopDownBP.upack' (chunk index -1, root 'root:/') mounted
[2026.03.14-17.10.21:625][  0]LogShaderLibrary: Display: ShaderCodeLibraryPakFileMountedCallback: pending pak file info (ChunkID:-1 Root:root:/ File:D:/Epic Games/UE_4.27/FeaturePacks/TP_TopDownBP.upack)
[2026.03.14-17.10.21:625][  0]LogPakFile: OnPakFileMounted2Time == 0.000031
[2026.03.14-17.10.21:634][  0]LogPakFile: PakFile PrimaryIndexSize=185
[2026.03.14-17.10.21:634][  0]LogPakFile: PakFile PathHashIndexSize=101
[2026.03.14-17.10.21:634][  0]LogPakFile: PakFile FullDirectoryIndexSize=144
[2026.03.14-17.10.21:634][  0]LogShaderLibrary: Display: ShaderCodeLibraryPakFileMountedCallback: PakFile 'D:/Epic Games/UE_4.27/FeaturePacks/TP_TwinStick.upack' (chunk index -1, root 'root:/') mounted
[2026.03.14-17.10.21:634][  0]LogShaderLibrary: Display: ShaderCodeLibraryPakFileMountedCallback: pending pak file info (ChunkID:-1 Root:root:/ File:D:/Epic Games/UE_4.27/FeaturePacks/TP_TwinStick.upack)
[2026.03.14-17.10.21:634][  0]LogPakFile: OnPakFileMounted2Time == 0.000032
[2026.03.14-17.10.21:640][  0]LogPakFile: PakFile PrimaryIndexSize=187
[2026.03.14-17.10.21:640][  0]LogPakFile: PakFile PathHashIndexSize=101
[2026.03.14-17.10.21:640][  0]LogPakFile: PakFile FullDirectoryIndexSize=148
[2026.03.14-17.10.21:640][  0]LogShaderLibrary: Display: ShaderCodeLibraryPakFileMountedCallback: PakFile 'D:/Epic Games/UE_4.27/FeaturePacks/TP_TwinStickBP.upack' (chunk index -1, root 'root:/') mounted
[2026.03.14-17.10.21:640][  0]LogShaderLibrary: Display: ShaderCodeLibraryPakFileMountedCallback: pending pak file info (ChunkID:-1 Root:root:/ File:D:/Epic Games/UE_4.27/FeaturePacks/TP_TwinStickBP.upack)
[2026.03.14-17.10.21:640][  0]LogPakFile: OnPakFileMounted2Time == 0.000026
[2026.03.14-17.10.21:645][  0]LogPakFile: PakFile PrimaryIndexSize=183
[2026.03.14-17.10.21:646][  0]LogPakFile: PakFile PathHashIndexSize=101
[2026.03.14-17.10.21:646][  0]LogPakFile: PakFile FullDirectoryIndexSize=140
[2026.03.14-17.10.21:646][  0]LogShaderLibrary: Display: ShaderCodeLibraryPakFileMountedCallback: PakFile 'D:/Epic Games/UE_4.27/FeaturePacks/TP_Vehicle.upack' (chunk index -1, root 'root:/') mounted
[2026.03.14-17.10.21:646][  0]LogShaderLibrary: Display: ShaderCodeLibraryPakFileMountedCallback: pending pak file info (ChunkID:-1 Root:root:/ File:D:/Epic Games/UE_4.27/FeaturePacks/TP_Vehicle.upack)
[2026.03.14-17.10.21:646][  0]LogPakFile: OnPakFileMounted2Time == 0.000027
[2026.03.14-17.10.21:653][  0]LogPakFile: PakFile PrimaryIndexSize=186
[2026.03.14-17.10.21:653][  0]LogPakFile: PakFile PathHashIndexSize=101
[2026.03.14-17.10.21:653][  0]LogPakFile: PakFile FullDirectoryIndexSize=146
[2026.03.14-17.10.21:653][  0]LogShaderLibrary: Display: ShaderCodeLibraryPakFileMountedCallback: PakFile 'D:/Epic Games/UE_4.27/FeaturePacks/TP_VehicleAdv.upack' (chunk index -1, root 'root:/') mounted
[2026.03.14-17.10.21:653][  0]LogShaderLibrary: Display: ShaderCodeLibraryPakFileMountedCallback: pending pak file info (ChunkID:-1 Root:root:/ File:D:/Epic Games/UE_4.27/FeaturePacks/TP_VehicleAdv.upack)
[2026.03.14-17.10.21:653][  0]LogPakFile: OnPakFileMounted2Time == 0.000029
[2026.03.14-17.10.21:659][  0]LogPakFile: PakFile PrimaryIndexSize=188
[2026.03.14-17.10.21:659][  0]LogPakFile: PakFile PathHashIndexSize=101
[2026.03.14-17.10.21:659][  0]LogPakFile: PakFile FullDirectoryIndexSize=150
[2026.03.14-17.10.21:659][  0]LogShaderLibrary: Display: ShaderCodeLibraryPakFileMountedCallback: PakFile 'D:/Epic Games/UE_4.27/FeaturePacks/TP_VehicleAdvBP.upack' (chunk index -1, root 'root:/') mounted
[2026.03.14-17.10.21:659][  0]LogShaderLibrary: Display: ShaderCodeLibraryPakFileMountedCallback: pending pak file info (ChunkID:-1 Root:root:/ File:D:/Epic Games/UE_4.27/FeaturePacks/TP_VehicleAdvBP.upack)
[2026.03.14-17.10.21:659][  0]LogPakFile: OnPakFileMounted2Time == 0.000028
[2026.03.14-17.10.21:665][  0]LogPakFile: PakFile PrimaryIndexSize=185
[2026.03.14-17.10.21:665][  0]LogPakFile: PakFile PathHashIndexSize=101
[2026.03.14-17.10.21:665][  0]LogPakFile: PakFile FullDirectoryIndexSize=144
[2026.03.14-17.10.21:665][  0]LogShaderLibrary: Display: ShaderCodeLibraryPakFileMountedCallback: PakFile 'D:/Epic Games/UE_4.27/FeaturePacks/TP_VehicleBP.upack' (chunk index -1, root 'root:/') mounted
[2026.03.14-17.10.21:665][  0]LogShaderLibrary: Display: ShaderCodeLibraryPakFileMountedCallback: pending pak file info (ChunkID:-1 Root:root:/ File:D:/Epic Games/UE_4.27/FeaturePacks/TP_VehicleBP.upack)
[2026.03.14-17.10.21:665][  0]LogPakFile: OnPakFileMounted2Time == 0.000032
[2026.03.14-17.10.21:672][  0]LogPakFile: PakFile PrimaryIndexSize=192
[2026.03.14-17.10.21:672][  0]LogPakFile: PakFile PathHashIndexSize=101
[2026.03.14-17.10.21:672][  0]LogPakFile: PakFile FullDirectoryIndexSize=158
[2026.03.14-17.10.21:672][  0]LogShaderLibrary: Display: ShaderCodeLibraryPakFileMountedCallback: PakFile 'D:/Epic Games/UE_4.27/FeaturePacks/TP_VirtualRealityBP.upack' (chunk index -1, root 'root:/') mounted
[2026.03.14-17.10.21:672][  0]LogShaderLibrary: Display: ShaderCodeLibraryPakFileMountedCallback: pending pak file info (ChunkID:-1 Root:root:/ File:D:/Epic Games/UE_4.27/FeaturePacks/TP_VirtualRealityBP.upack)
[2026.03.14-17.10.21:672][  0]LogPakFile: OnPakFileMounted2Time == 0.000029
[2026.03.14-17.10.22:107][  0]LogNativeClassHierarchy: Verbose: Native class hierarchy updated for 'AddContentDialog' in 0.0002 seconds. Added 0 classes and 0 folders.
[2026.03.14-17.10.22:110][  0]LogNativeClassHierarchy: Verbose: Native class hierarchy updated for 'SceneOutliner' in 0.0002 seconds. Added 2 classes and 0 folders.
[2026.03.14-17.10.22:157][  0]LogSlate: Took 0.006556 seconds to synchronously load lazily loaded font '../../../Engine/Content/Slate/Fonts/Roboto-Regular.ttf' (155K)
[2026.03.14-17.10.22:164][  0]LogSlate: Took 0.006425 seconds to synchronously load lazily loaded font '../../../Engine/Content/Editor/Slate/Fonts/FontAwesome.ttf' (139K)
[2026.03.14-17.10.22:171][  0]LogSlate: Took 0.005879 seconds to synchronously load lazily loaded font '../../../Engine/Content/Slate/Fonts/Roboto-Bold.ttf' (160K)
[2026.03.14-17.10.22:314][  0]LogRenderer: Reallocating scene render targets to support 1756x992 Format 10 NumSamples 1 (Frame:1).
[2026.03.14-17.10.22:412][  0]LogNativeClassHierarchy: Verbose: Native class hierarchy updated for 'HierarchicalLODOutliner' in 0.0002 seconds. Added 0 classes and 0 folders.
[2026.03.14-17.10.22:412][  0]LogLoad: (Engine Initialization) Total time: 28.04 seconds
[2026.03.14-17.10.22:412][  0]LogLoad: (Engine Initialization) Total Blueprint compile time: 0.00 seconds
[2026.03.14-17.10.22:446][  0]LogAssetRegistry: Asset discovery search completed in 14.2942 seconds
[2026.03.14-17.10.22:476][  0]LogCollectionManager: Fixed up redirectors for 0 collections in 0.000005 seconds (updated 0 objects)
[2026.03.14-17.10.22:479][  0]LogContentStreaming: Texture pool size now 1000 MB
[2026.03.14-17.10.22:531][  4]LogSlate: Took 0.005757 seconds to synchronously load lazily loaded font '../../../Engine/Content/Slate/Fonts/Roboto-Light.ttf' (167K)
[2026.03.14-17.10.27:724][619]LogUObjectHash: Compacting FUObjectHashTables data took   0.45ms
[2026.03.14-17.10.27:730][619]LogSlate: Took 0.000223 seconds to synchronously load lazily loaded font '../../../Engine/Content/Slate/Fonts/Roboto-Light.ttf' (167K)
[2026.03.14-17.10.27:769][619]LogLinker: Warning: Asset 'C:/Users/titan/Desktop/Titan_RoadHopper/RoadHopper4.27/Content/Blueprints/BP_Grass.uasset' has been saved with empty engine version. The asset will be loaded but may be incompatible.
[2026.03.14-17.10.27:775][619]LogLinker: Warning: Asset 'C:/Users/titan/Desktop/Titan_RoadHopper/RoadHopper4.27/Content/Models/MiniGolf/open.uasset' has been saved with empty engine version. The asset will be loaded but may be incompatible.
[2026.03.14-17.10.27:780][619]LogLinker: Warning: Asset 'C:/Users/titan/Desktop/Titan_RoadHopper/RoadHopper4.27/Content/Models/MiniGolf/colormap.uasset' has been saved with empty engine version. The asset will be loaded but may be incompatible.
[2026.03.14-17.10.27:785][619]LogLinker: Warning: Asset 'C:/Users/titan/Desktop/Titan_RoadHopper/RoadHopper4.27/Content/Models/MiniGolf/colormap_ncl1_1.uasset' has been saved with empty engine version. The asset will be loaded but may be incompatible.
[2026.03.14-17.10.27:798][619]LogLinker: Warning: Asset 'C:/Users/titan/Desktop/Titan_RoadHopper/RoadHopper4.27/Content/Models/MiniCharacters/character-female-d_head-mesh.uasset' has been saved with empty engine version. The asset will be loaded but may be incompatible.
[2026.03.14-17.10.27:804][619]LogLinker: Warning: Asset 'C:/Users/titan/Desktop/Titan_RoadHopper/RoadHopper4.27/Content/Models/MiniCharacters/colormap.uasset' has been saved with empty engine version. The asset will be loaded but may be incompatible.
[2026.03.14-17.10.27:810][619]LogLinker: Warning: Asset 'C:/Users/titan/Desktop/Titan_RoadHopper/RoadHopper4.27/Content/Models/MiniCharacters/colormap_ncl1_1.uasset' has been saved with empty engine version. The asset will be loaded but may be incompatible.
[2026.03.14-17.10.27:816][619]LogLinker: Warning: Asset 'C:/Users/titan/Desktop/Titan_RoadHopper/RoadHopper4.27/Content/Models/MiniCharacters/character-female-e_body-mesh.uasset' has been saved with empty engine version. The asset will be loaded but may be incompatible.
[2026.03.14-17.10.27:825][619]LogLinker: Warning: Asset 'C:/Users/titan/Desktop/Titan_RoadHopper/RoadHopper4.27/Content/Blueprints/BP_Road.uasset' has been saved with empty engine version. The asset will be loaded but may be incompatible.
[2026.03.14-17.10.27:831][619]LogLinker: Warning: Asset 'C:/Users/titan/Desktop/Titan_RoadHopper/RoadHopper4.27/Content/Models/City/driveway-long.uasset' has been saved with empty engine version. The asset will be loaded but may be incompatible.
[2026.03.14-17.10.27:837][619]LogLinker: Warning: Asset 'C:/Users/titan/Desktop/Titan_RoadHopper/RoadHopper4.27/Content/Models/City/colormap.uasset' has been saved with empty engine version. The asset will be loaded but may be incompatible.
[2026.03.14-17.10.27:843][619]LogLinker: Warning: Asset 'C:/Users/titan/Desktop/Titan_RoadHopper/RoadHopper4.27/Content/Models/City/colormap_ncl1_1.uasset' has been saved with empty engine version. The asset will be loaded but may be incompatible.
[2026.03.14-17.10.27:850][619]LogLinker: Warning: Asset 'C:/Users/titan/Desktop/Titan_RoadHopper/RoadHopper4.27/Content/Blueprints/BP_TileRow.uasset' has been saved with empty engine version. The asset will be loaded but may be incompatible.
[2026.03.14-17.10.27:861][619]LogLinker: Warning: Asset 'C:/Users/titan/Desktop/Titan_RoadHopper/RoadHopper4.27/Content/Blueprints/GM_RoadHopper.uasset' has been saved with empty engine version. The asset will be loaded but may be incompatible.
[2026.03.14-17.10.27:870][619]LogLinker: Warning: Asset 'C:/Users/titan/Desktop/Titan_RoadHopper/RoadHopper4.27/Content/Models/MiniCharacters/character-male-b_body-mesh.uasset' has been saved with empty engine version. The asset will be loaded but may be incompatible.
[2026.03.14-17.10.27:875][619]LogLinker: Warning: Asset 'C:/Users/titan/Desktop/Titan_RoadHopper/RoadHopper4.27/Content/Models/MiniCharacters/character-male-e_head-mesh.uasset' has been saved with empty engine version. The asset will be loaded but may be incompatible.
[2026.03.14-17.10.28:427][619]LogAssetEditorSubsystem: Opening Asset editor for World /Game/Levels/MainLevel.MainLevel
[2026.03.14-17.10.28:428][619]Cmd: MAP LOAD FILE="C:/Users/titan/Desktop/Titan_RoadHopper/RoadHopper4.27/Content/Levels/MainLevel.umap" TEMPLATE=0 SHOWPROGRESS=1 FEATURELEVEL=3
[2026.03.14-17.10.28:428][619]LightingResults: New page: Lighting Build
[2026.03.14-17.10.28:428][619]LoadErrors: New page: Loading map: MainLevel.umap
[2026.03.14-17.10.28:429][619]LogWorld: UWorld::CleanupWorld for Untitled_1, bSessionEnded=true, bCleanupResources=true
[2026.03.14-17.10.28:429][619]LogSlate: InvalidateAllWidgets triggered.  All widgets were invalidated
[2026.03.14-17.10.28:429][619]MapCheck: New page: Map Check
[2026.03.14-17.10.28:429][619]LightingResults: New page: Lighting Build
[2026.03.14-17.10.28:437][619]LogAudio: Display: Audio Device unregistered from world 'None'.
[2026.03.14-17.10.28:450][619]LogUObjectHash: Compacting FUObjectHashTables data took   0.90ms
[2026.03.14-17.10.28:452][619]LogAudio: Display: Audio Device (ID: 1) registered with world 'MainLevel'.
[2026.03.14-17.10.29:169][619]LogEditorServer: Finished looking for orphan Actors (0.001 secs)
[2026.03.14-17.10.29:169][619]LogAIModule: Creating AISystem for world MainLevel
[2026.03.14-17.10.29:214][619]LogUObjectHash: Compacting FUObjectHashTables data took   0.81ms
[2026.03.14-17.10.29:216][619]Cmd: MAP CHECKDEP NOCLEARLOG
[2026.03.14-17.10.29:217][619]MapCheck: Map check complete: 0 Error(s), 0 Warning(s), took 0.202ms to complete.
[2026.03.14-17.10.29:217][619]LogFileHelpers: Loading map 'MainLevel' took 0.788
[2026.03.14-17.10.32:379][987]LogEditorViewport: Clicking on Actor (LMB): BP_Sky_Sphere_C (Sky Sphere2)
[2026.03.14-17.10.38:837][720]LogAssetEditorSubsystem: Opening Asset editor for Blueprint /Game/Blueprints/BP_Player.BP_Player
[2026.03.14-17.10.39:586][720]LogNativeClassHierarchy: Verbose: Native class hierarchy updated for 'BlueprintGraph' in 0.0003 seconds. Added 126 classes and 0 folders.
[2026.03.14-17.10.40:154][720]LogSlate: Took 0.005646 seconds to synchronously load lazily loaded font '../../../Engine/Content/Slate/Fonts/Roboto-BoldCondensed.ttf' (158K)
[2026.03.14-17.10.40:235][721]LogSlate: Took 0.005673 seconds to synchronously load lazily loaded font '../../../Engine/Content/Slate/Fonts/Roboto-Italic.ttf' (157K)
[2026.03.14-17.12.35:245][916]BlueprintLog: New page: Compile BP_Player
[2026.03.14-17.12.35:273][916]LogUObjectHash: Compacting FUObjectHashTables data took   1.79ms
[2026.03.14-17.12.35:305][916]LogSlate: Took 0.005134 seconds to synchronously load lazily loaded font '../../../Engine/Content/Slate/Fonts/DroidSansMono.ttf' (77K)
[2026.03.14-17.12.37:964][223]LogTemp: Repeating last play command: Selected Viewport
[2026.03.14-17.12.37:968][223]LogPlayLevel: PlayLevel: No blueprints needed recompiling
[2026.03.14-17.12.37:968][223]PIE: New page: PIE session: MainLevel (Mar. 14, 2026, 5:12:37 a.m.)
[2026.03.14-17.12.37:969][223]LogOnline: OSS: Creating online subsystem instance for: NULL
[2026.03.14-17.12.37:970][223]LogOnline: OSS: TryLoadSubsystemAndSetDefault: Loaded subsystem for module [NULL]
[2026.03.14-17.12.37:971][223]LogPlayLevel: Creating play world package: /Game/Levels/UEDPIE_0_MainLevel
[2026.03.14-17.12.38:060][223]LogPlayLevel: PIE: StaticDuplicateObject took: (0.088995s)
[2026.03.14-17.12.38:061][223]LogAIModule: Creating AISystem for world MainLevel
[2026.03.14-17.12.38:061][223]LogPlayLevel: PIE: World Init took: (0.001258s)
[2026.03.14-17.12.38:061][223]LogPlayLevel: PIE: Created PIE world by copying editor world from /Game/Levels/MainLevel.MainLevel to /Game/Levels/UEDPIE_0_MainLevel.MainLevel (0.090499s)
[2026.03.14-17.12.38:075][223]LogUObjectHash: Compacting FUObjectHashTables data took   1.56ms
[2026.03.14-17.12.38:076][223]LogAudio: Display: Creating Audio Device:                 Id: 2, Scope: Unique, Realtime: True
[2026.03.14-17.12.38:076][223]LogAudioMixer: Display: Audio Mixer Platform Settings:
[2026.03.14-17.12.38:076][223]LogAudioMixer: Display: 	Sample Rate:						  48000
[2026.03.14-17.12.38:076][223]LogAudioMixer: Display: 	Callback Buffer Frame Size Requested: 1024
[2026.03.14-17.12.38:076][223]LogAudioMixer: Display: 	Callback Buffer Frame Size To Use:	  1024
[2026.03.14-17.12.38:076][223]LogAudioMixer: Display: 	Number of buffers to queue:			  2
[2026.03.14-17.12.38:076][223]LogAudioMixer: Display: 	Max Channels (voices):				  32
[2026.03.14-17.12.38:076][223]LogAudioMixer: Display: 	Number of Async Source Workers:		  0
[2026.03.14-17.12.38:076][223]LogAudio: Display: AudioDevice MaxSources: 32
[2026.03.14-17.12.38:077][223]LogAudio: Display: Audio Spatialization Plugin: None (built-in).
[2026.03.14-17.12.38:077][223]LogAudio: Display: Audio Reverb Plugin: None (built-in).
[2026.03.14-17.12.38:077][223]LogAudio: Display: Audio Occlusion Plugin: None (built-in).
[2026.03.14-17.12.38:077][223]LogAudioMixer: Display: Initializing audio mixer.
[2026.03.14-17.12.38:080][223]LogAudioMixer: Display: 0: FrontLeft
[2026.03.14-17.12.38:080][223]LogAudioMixer: Display: 1: FrontRight
[2026.03.14-17.12.38:080][223]LogAudioMixer: Display: 2: FrontCenter
[2026.03.14-17.12.38:080][223]LogAudioMixer: Display: 3: LowFrequency
[2026.03.14-17.12.38:080][223]LogAudioMixer: Display: 4: BackLeft
[2026.03.14-17.12.38:080][223]LogAudioMixer: Display: 5: BackRight
[2026.03.14-17.12.38:080][223]LogAudioMixer: Display: 6: SideLeft
[2026.03.14-17.12.38:080][223]LogAudioMixer: Display: 7: SideRight
[2026.03.14-17.12.38:092][223]LogAudioMixer: Display: Using Audio Device Headset Earphone (CORSAIR VOID PRO Wireless Gaming Headset)
[2026.03.14-17.12.38:092][223]LogAudioMixer: Display: Initializing Sound Submixes...
[2026.03.14-17.12.38:093][223]LogAudioMixer: Display: Creating Master Submix 'MasterSubmixDefault'
[2026.03.14-17.12.38:093][223]LogAudioMixer: Display: Creating Master Submix 'MasterReverbSubmixDefault'
[2026.03.14-17.12.38:093][223]LogAudioMixer: Display: Creating Master Submix 'MasterEQSubmixDefault'
[2026.03.14-17.12.38:093][223]LogAudioMixer: FMixerPlatformXAudio2::StartAudioStream() called
[2026.03.14-17.12.38:093][223]LogAudioMixer: Display: Output buffers initialized: Frames=1024, Channels=8, Samples=8192
[2026.03.14-17.12.38:094][223]LogAudioMixer: Display: Starting AudioMixerPlatformInterface::RunInternal()
[2026.03.14-17.12.38:094][223]LogAudioMixer: Display: FMixerPlatformXAudio2::SubmitBuffer() called for the first time
[2026.03.14-17.12.38:094][223]LogInit: FAudioDevice initialized.
[2026.03.14-17.12.38:094][223]LogAudio: Display: Audio Device (ID: 2) registered with world 'MainLevel'.
[2026.03.14-17.12.38:101][223]LogLoad: Game class is 'GM_RoadHopper_C'
[2026.03.14-17.12.38:137][223]LogWorld: Bringing World /Game/Levels/UEDPIE_0_MainLevel.MainLevel up for play (max tick rate 0) at 2026.03.14-11.12.38
[2026.03.14-17.12.38:138][223]LogWorld: Bringing up level for play took: 0.036638
[2026.03.14-17.12.38:138][223]LogOnline: OSS: Creating online subsystem instance for: :Context_6
[2026.03.14-17.12.38:144][223]LogNativeClassHierarchy: Verbose: Native class hierarchy updated for 'MovieSceneCapture' in 0.0003 seconds. Added 20 classes and 0 folders.
[2026.03.14-17.12.38:151][223]LogBlueprintUserMessages: [GM_RoadHopper_C_0] Hello
[2026.03.14-17.12.38:152][223]PIE: Server logged in
[2026.03.14-17.12.38:152][223]PIE: Play in editor total start time 0.185 seconds.
[2026.03.14-17.12.40:361][460]LogSlate: Window 'BP_Player' being destroyed
[2026.03.14-17.12.52:367][778]LogSlate: Updating window title bar state: overlay mode, drag disabled, window buttons hidden, title bar hidden
[2026.03.14-17.12.52:367][778]LogWorld: BeginTearingDown for /Game/Levels/UEDPIE_0_MainLevel
[2026.03.14-17.12.52:369][778]LogWorld: UWorld::CleanupWorld for MainLevel, bSessionEnded=true, bCleanupResources=true
[2026.03.14-17.12.52:409][778]LogSlate: InvalidateAllWidgets triggered.  All widgets were invalidated
[2026.03.14-17.12.52:420][778]LogPlayLevel: Display: Shutting down PIE online subsystems
[2026.03.14-17.12.52:428][778]LogSlate: InvalidateAllWidgets triggered.  All widgets were invalidated
[2026.03.14-17.12.52:445][778]LogAudio: Display: Audio Device unregistered from world 'None'.
[2026.03.14-17.12.52:448][778]LogAudioMixer: FMixerPlatformXAudio2::StopAudioStream() called
[2026.03.14-17.12.52:449][778]LogAudioMixer: FMixerPlatformXAudio2::StopAudioStream() called
[2026.03.14-17.12.52:450][778]LogSlate: Updating window title bar state: overlay mode, drag disabled, window buttons hidden, title bar hidden
[2026.03.14-17.12.52:471][778]LogUObjectHash: Compacting FUObjectHashTables data took   2.38ms
[2026.03.14-17.12.52:492][779]LogPlayLevel: Display: Destroying online subsystem :Context_6
[2026.03.14-17.13.04:255][178]LogTemp: Repeating last play command: Selected Viewport
[2026.03.14-17.13.04:259][178]BlueprintLog: New page: Pre-Play auto-recompile
[2026.03.14-17.13.04:259][178]LogPlayLevel: [PlayLevel] Compiling BP_Player before play...
[2026.03.14-17.13.04:300][178]LogUObjectHash: Compacting FUObjectHashTables data took   2.29ms
[2026.03.14-17.13.04:302][178]LogPlayLevel: PlayLevel: Blueprint regeneration took 43 ms (1 blueprints)
[2026.03.14-17.13.04:302][178]PIE: New page: PIE session: MainLevel (Mar. 14, 2026, 5:13:04 a.m.)
[2026.03.14-17.13.04:302][178]LogPlayLevel: Creating play world package: /Game/Levels/UEDPIE_0_MainLevel
[2026.03.14-17.13.04:393][178]LogPlayLevel: PIE: StaticDuplicateObject took: (0.090592s)
[2026.03.14-17.13.04:396][178]LogAIModule: Creating AISystem for world MainLevel
[2026.03.14-17.13.04:396][178]LogPlayLevel: PIE: World Init took: (0.002970s)
[2026.03.14-17.13.04:396][178]LogPlayLevel: PIE: Created PIE world by copying editor world from /Game/Levels/MainLevel.MainLevel to /Game/Levels/UEDPIE_0_MainLevel.MainLevel (0.093787s)
[2026.03.14-17.13.04:412][178]LogUObjectHash: Compacting FUObjectHashTables data took   1.55ms
[2026.03.14-17.13.04:412][178]LogAudio: Display: Creating Audio Device:                 Id: 3, Scope: Unique, Realtime: True
[2026.03.14-17.13.04:412][178]LogAudioMixer: Display: Audio Mixer Platform Settings:
[2026.03.14-17.13.04:412][178]LogAudioMixer: Display: 	Sample Rate:						  48000
[2026.03.14-17.13.04:412][178]LogAudioMixer: Display: 	Callback Buffer Frame Size Requested: 1024
[2026.03.14-17.13.04:412][178]LogAudioMixer: Display: 	Callback Buffer Frame Size To Use:	  1024
[2026.03.14-17.13.04:412][178]LogAudioMixer: Display: 	Number of buffers to queue:			  2
[2026.03.14-17.13.04:412][178]LogAudioMixer: Display: 	Max Channels (voices):				  32
[2026.03.14-17.13.04:412][178]LogAudioMixer: Display: 	Number of Async Source Workers:		  0
[2026.03.14-17.13.04:412][178]LogAudio: Display: AudioDevice MaxSources: 32
[2026.03.14-17.13.04:413][178]LogAudio: Display: Audio Spatialization Plugin: None (built-in).
[2026.03.14-17.13.04:413][178]LogAudio: Display: Audio Reverb Plugin: None (built-in).
[2026.03.14-17.13.04:413][178]LogAudio: Display: Audio Occlusion Plugin: None (built-in).
[2026.03.14-17.13.04:413][178]LogAudioMixer: Display: Initializing audio mixer.
[2026.03.14-17.13.04:416][178]LogAudioMixer: Display: 0: FrontLeft
[2026.03.14-17.13.04:416][178]LogAudioMixer: Display: 1: FrontRight
[2026.03.14-17.13.04:416][178]LogAudioMixer: Display: 2: FrontCenter
[2026.03.14-17.13.04:416][178]LogAudioMixer: Display: 3: LowFrequency
[2026.03.14-17.13.04:416][178]LogAudioMixer: Display: 4: BackLeft
[2026.03.14-17.13.04:416][178]LogAudioMixer: Display: 5: BackRight
[2026.03.14-17.13.04:416][178]LogAudioMixer: Display: 6: SideLeft
[2026.03.14-17.13.04:416][178]LogAudioMixer: Display: 7: SideRight
[2026.03.14-17.13.04:430][178]LogAudioMixer: Display: Using Audio Device Headset Earphone (CORSAIR VOID PRO Wireless Gaming Headset)
[2026.03.14-17.13.04:430][178]LogAudioMixer: Display: Initializing Sound Submixes...
[2026.03.14-17.13.04:430][178]LogAudioMixer: Display: Creating Master Submix 'MasterSubmixDefault'
[2026.03.14-17.13.04:430][178]LogAudioMixer: Display: Creating Master Submix 'MasterReverbSubmixDefault'
[2026.03.14-17.13.04:431][178]LogAudioMixer: Display: Creating Master Submix 'MasterEQSubmixDefault'
[2026.03.14-17.13.04:431][178]LogAudioMixer: FMixerPlatformXAudio2::StartAudioStream() called
[2026.03.14-17.13.04:431][178]LogAudioMixer: Display: Output buffers initialized: Frames=1024, Channels=8, Samples=8192
[2026.03.14-17.13.04:431][178]LogAudioMixer: Display: Starting AudioMixerPlatformInterface::RunInternal()
[2026.03.14-17.13.04:431][178]LogAudioMixer: Display: FMixerPlatformXAudio2::SubmitBuffer() called for the first time
[2026.03.14-17.13.04:431][178]LogInit: FAudioDevice initialized.
[2026.03.14-17.13.04:431][178]LogAudio: Display: Audio Device (ID: 3) registered with world 'MainLevel'.
[2026.03.14-17.13.04:451][178]LogSlate: Updating window title bar state: overlay mode, drag disabled, window buttons hidden, title bar hidden
[2026.03.14-17.13.04:451][178]LogLoad: Game class is 'GM_RoadHopper_C'
[2026.03.14-17.13.04:487][178]LogWorld: Bringing World /Game/Levels/UEDPIE_0_MainLevel.MainLevel up for play (max tick rate 0) at 2026.03.14-11.13.04
[2026.03.14-17.13.04:488][178]LogWorld: Bringing up level for play took: 0.036866
[2026.03.14-17.13.04:488][178]LogOnline: OSS: Creating online subsystem instance for: :Context_7
[2026.03.14-17.13.04:490][178]LogGameMode: FindPlayerStart: PATHS NOT DEFINED or NO PLAYERSTART with positive rating
[2026.03.14-17.13.04:498][178]LogBlueprintUserMessages: [GM_RoadHopper_C_0] Hello
[2026.03.14-17.13.04:499][178]PIE: Server logged in
[2026.03.14-17.13.04:499][178]PIE: Play in editor total start time 0.241 seconds.
[2026.03.14-17.13.05:768][322]LogSlate: Window 'RoadHopper Preview [NetMode: Standalone]  (64-bit/Windows) ' being destroyed
[2026.03.14-17.13.05:776][322]LogWorld: BeginTearingDown for /Game/Levels/UEDPIE_0_MainLevel
[2026.03.14-17.13.05:777][322]LogWorld: UWorld::CleanupWorld for MainLevel, bSessionEnded=true, bCleanupResources=true
[2026.03.14-17.13.05:815][322]LogSlate: InvalidateAllWidgets triggered.  All widgets were invalidated
[2026.03.14-17.13.05:824][322]LogPlayLevel: Display: Shutting down PIE online subsystems
[2026.03.14-17.13.05:831][322]LogSlate: InvalidateAllWidgets triggered.  All widgets were invalidated
[2026.03.14-17.13.05:846][322]LogAudioMixer: FMixerPlatformXAudio2::StopAudioStream() called
[2026.03.14-17.13.05:847][322]LogAudioMixer: FMixerPlatformXAudio2::StopAudioStream() called
[2026.03.14-17.13.05:864][322]LogUObjectHash: Compacting FUObjectHashTables data took   1.73ms
[2026.03.14-17.13.05:873][323]LogPlayLevel: Display: Destroying online subsystem :Context_7
[2026.03.14-17.15.34:689][943]BlueprintLog: New page: Compile BP_Player
[2026.03.14-17.15.34:720][943]LogUObjectHash: Compacting FUObjectHashTables data took   1.98ms
[2026.03.14-17.15.35:490][ 29]LogTemp: Repeating last play command: Selected Viewport
[2026.03.14-17.15.35:494][ 29]LogPlayLevel: PlayLevel: No blueprints needed recompiling
[2026.03.14-17.15.35:494][ 29]PIE: New page: PIE session: MainLevel (Mar. 14, 2026, 5:15:35 a.m.)
[2026.03.14-17.15.35:494][ 29]LogPlayLevel: Creating play world package: /Game/Levels/UEDPIE_0_MainLevel
[2026.03.14-17.15.35:583][ 29]LogPlayLevel: PIE: StaticDuplicateObject took: (0.088970s)
[2026.03.14-17.15.35:584][ 29]LogAIModule: Creating AISystem for world MainLevel
[2026.03.14-17.15.35:584][ 29]LogPlayLevel: PIE: World Init took: (0.001163s)
[2026.03.14-17.15.35:584][ 29]LogPlayLevel: PIE: Created PIE world by copying editor world from /Game/Levels/MainLevel.MainLevel to /Game/Levels/UEDPIE_0_MainLevel.MainLevel (0.090319s)
[2026.03.14-17.15.35:601][ 29]LogUObjectHash: Compacting FUObjectHashTables data took   2.21ms
[2026.03.14-17.15.35:602][ 29]LogAudio: Display: Creating Audio Device:                 Id: 4, Scope: Unique, Realtime: True
[2026.03.14-17.15.35:602][ 29]LogAudioMixer: Display: Audio Mixer Platform Settings:
[2026.03.14-17.15.35:602][ 29]LogAudioMixer: Display: 	Sample Rate:						  48000
[2026.03.14-17.15.35:602][ 29]LogAudioMixer: Display: 	Callback Buffer Frame Size Requested: 1024
[2026.03.14-17.15.35:602][ 29]LogAudioMixer: Display: 	Callback Buffer Frame Size To Use:	  1024
[2026.03.14-17.15.35:602][ 29]LogAudioMixer: Display: 	Number of buffers to queue:			  2
[2026.03.14-17.15.35:602][ 29]LogAudioMixer: Display: 	Max Channels (voices):				  32
[2026.03.14-17.15.35:602][ 29]LogAudioMixer: Display: 	Number of Async Source Workers:		  0
[2026.03.14-17.15.35:602][ 29]LogAudio: Display: AudioDevice MaxSources: 32
[2026.03.14-17.15.35:602][ 29]LogAudio: Display: Audio Spatialization Plugin: None (built-in).
[2026.03.14-17.15.35:602][ 29]LogAudio: Display: Audio Reverb Plugin: None (built-in).
[2026.03.14-17.15.35:602][ 29]LogAudio: Display: Audio Occlusion Plugin: None (built-in).
[2026.03.14-17.15.35:602][ 29]LogAudioMixer: Display: Initializing audio mixer.
[2026.03.14-17.15.35:606][ 29]LogAudioMixer: Display: 0: FrontLeft
[2026.03.14-17.15.35:606][ 29]LogAudioMixer: Display: 1: FrontRight
[2026.03.14-17.15.35:606][ 29]LogAudioMixer: Display: 2: FrontCenter
[2026.03.14-17.15.35:606][ 29]LogAudioMixer: Display: 3: LowFrequency
[2026.03.14-17.15.35:606][ 29]LogAudioMixer: Display: 4: BackLeft
[2026.03.14-17.15.35:606][ 29]LogAudioMixer: Display: 5: BackRight
[2026.03.14-17.15.35:606][ 29]LogAudioMixer: Display: 6: SideLeft
[2026.03.14-17.15.35:606][ 29]LogAudioMixer: Display: 7: SideRight
[2026.03.14-17.15.35:620][ 29]LogAudioMixer: Display: Using Audio Device Headset Earphone (CORSAIR VOID PRO Wireless Gaming Headset)
[2026.03.14-17.15.35:620][ 29]LogAudioMixer: Display: Initializing Sound Submixes...
[2026.03.14-17.15.35:620][ 29]LogAudioMixer: Display: Creating Master Submix 'MasterSubmixDefault'
[2026.03.14-17.15.35:620][ 29]LogAudioMixer: Display: Creating Master Submix 'MasterReverbSubmixDefault'
[2026.03.14-17.15.35:620][ 29]LogAudioMixer: Display: Creating Master Submix 'MasterEQSubmixDefault'
[2026.03.14-17.15.35:620][ 29]LogAudioMixer: FMixerPlatformXAudio2::StartAudioStream() called
[2026.03.14-17.15.35:621][ 29]LogAudioMixer: Display: Output buffers initialized: Frames=1024, Channels=8, Samples=8192
[2026.03.14-17.15.35:621][ 29]LogAudioMixer: Display: Starting AudioMixerPlatformInterface::RunInternal()
[2026.03.14-17.15.35:621][ 29]LogAudioMixer: Display: FMixerPlatformXAudio2::SubmitBuffer() called for the first time
[2026.03.14-17.15.35:621][ 29]LogInit: FAudioDevice initialized.
[2026.03.14-17.15.35:621][ 29]LogAudio: Display: Audio Device (ID: 4) registered with world 'MainLevel'.
[2026.03.14-17.15.35:645][ 29]LogSlate: Updating window title bar state: overlay mode, drag disabled, window buttons hidden, title bar hidden
[2026.03.14-17.15.35:645][ 29]LogLoad: Game class is 'GM_RoadHopper_C'
[2026.03.14-17.15.35:682][ 29]LogWorld: Bringing World /Game/Levels/UEDPIE_0_MainLevel.MainLevel up for play (max tick rate 0) at 2026.03.14-11.15.35
[2026.03.14-17.15.35:683][ 29]LogWorld: Bringing up level for play took: 0.036645
[2026.03.14-17.15.35:683][ 29]LogOnline: OSS: Creating online subsystem instance for: :Context_8
[2026.03.14-17.15.35:684][ 29]LogGameMode: FindPlayerStart: PATHS NOT DEFINED or NO PLAYERSTART with positive rating
[2026.03.14-17.15.35:692][ 29]LogBlueprintUserMessages: [GM_RoadHopper_C_0] Hello
[2026.03.14-17.15.35:692][ 29]PIE: Server logged in
[2026.03.14-17.15.35:693][ 29]PIE: Play in editor total start time 0.2 seconds.
[2026.03.14-17.15.42:835][797]LogSlate: Updating window title bar state: overlay mode, drag disabled, window buttons hidden, title bar hidden
[2026.03.14-17.15.42:836][797]LogWorld: BeginTearingDown for /Game/Levels/UEDPIE_0_MainLevel
[2026.03.14-17.15.42:836][797]LogSlate: Window 'RoadHopper Preview [NetMode: Standalone]  (64-bit/Windows) ' being destroyed
[2026.03.14-17.15.42:842][797]LogWorld: UWorld::CleanupWorld for MainLevel, bSessionEnded=true, bCleanupResources=true
[2026.03.14-17.15.42:885][797]LogSlate: InvalidateAllWidgets triggered.  All widgets were invalidated
[2026.03.14-17.15.42:892][797]LogPlayLevel: Display: Shutting down PIE online subsystems
[2026.03.14-17.15.42:900][797]LogSlate: InvalidateAllWidgets triggered.  All widgets were invalidated
[2026.03.14-17.15.42:920][797]LogAudio: Display: Audio Device unregistered from world 'None'.
[2026.03.14-17.15.42:920][797]LogAudioMixer: FMixerPlatformXAudio2::StopAudioStream() called
[2026.03.14-17.15.42:921][797]LogAudioMixer: FMixerPlatformXAudio2::StopAudioStream() called
[2026.03.14-17.15.42:930][797]LogUObjectHash: Compacting FUObjectHashTables data took   1.74ms
[2026.03.14-17.15.42:941][798]LogPlayLevel: Display: Destroying online subsystem :Context_8
[2026.03.14-17.16.01:880][ 32]LogTemp: Repeating last play command: Selected Viewport
[2026.03.14-17.16.01:883][ 32]BlueprintLog: New page: Pre-Play auto-recompile
[2026.03.14-17.16.01:884][ 32]LogPlayLevel: [PlayLevel] Compiling BP_Player before play...
[2026.03.14-17.16.01:923][ 32]LogUObjectHash: Compacting FUObjectHashTables data took   2.21ms
[2026.03.14-17.16.01:923][ 32]LogPlayLevel: PlayLevel: Blueprint regeneration took 39 ms (1 blueprints)
[2026.03.14-17.16.01:923][ 32]PIE: New page: PIE session: MainLevel (Mar. 14, 2026, 5:16:01 a.m.)
[2026.03.14-17.16.01:924][ 32]LogPlayLevel: Creating play world package: /Game/Levels/UEDPIE_0_MainLevel
[2026.03.14-17.16.02:014][ 32]LogPlayLevel: PIE: StaticDuplicateObject took: (0.090702s)
[2026.03.14-17.16.02:015][ 32]LogAIModule: Creating AISystem for world MainLevel
[2026.03.14-17.16.02:016][ 32]LogPlayLevel: PIE: World Init took: (0.001281s)
[2026.03.14-17.16.02:016][ 32]LogPlayLevel: PIE: Created PIE world by copying editor world from /Game/Levels/MainLevel.MainLevel to /Game/Levels/UEDPIE_0_MainLevel.MainLevel (0.092179s)
[2026.03.14-17.16.02:032][ 32]LogUObjectHash: Compacting FUObjectHashTables data took   1.58ms
[2026.03.14-17.16.02:032][ 32]LogAudio: Display: Creating Audio Device:                 Id: 5, Scope: Unique, Realtime: True
[2026.03.14-17.16.02:033][ 32]LogAudioMixer: Display: Audio Mixer Platform Settings:
[2026.03.14-17.16.02:033][ 32]LogAudioMixer: Display: 	Sample Rate:						  48000
[2026.03.14-17.16.02:033][ 32]LogAudioMixer: Display: 	Callback Buffer Frame Size Requested: 1024
[2026.03.14-17.16.02:033][ 32]LogAudioMixer: Display: 	Callback Buffer Frame Size To Use:	  1024
[2026.03.14-17.16.02:033][ 32]LogAudioMixer: Display: 	Number of buffers to queue:			  2
[2026.03.14-17.16.02:033][ 32]LogAudioMixer: Display: 	Max Channels (voices):				  32
[2026.03.14-17.16.02:033][ 32]LogAudioMixer: Display: 	Number of Async Source Workers:		  0
[2026.03.14-17.16.02:033][ 32]LogAudio: Display: AudioDevice MaxSources: 32
[2026.03.14-17.16.02:033][ 32]LogAudio: Display: Audio Spatialization Plugin: None (built-in).
[2026.03.14-17.16.02:033][ 32]LogAudio: Display: Audio Reverb Plugin: None (built-in).
[2026.03.14-17.16.02:033][ 32]LogAudio: Display: Audio Occlusion Plugin: None (built-in).
[2026.03.14-17.16.02:033][ 32]LogAudioMixer: Display: Initializing audio mixer.
[2026.03.14-17.16.02:036][ 32]LogAudioMixer: Display: 0: FrontLeft
[2026.03.14-17.16.02:036][ 32]LogAudioMixer: Display: 1: FrontRight
[2026.03.14-17.16.02:036][ 32]LogAudioMixer: Display: 2: FrontCenter
[2026.03.14-17.16.02:036][ 32]LogAudioMixer: Display: 3: LowFrequency
[2026.03.14-17.16.02:036][ 32]LogAudioMixer: Display: 4: BackLeft
[2026.03.14-17.16.02:036][ 32]LogAudioMixer: Display: 5: BackRight
[2026.03.14-17.16.02:036][ 32]LogAudioMixer: Display: 6: SideLeft
[2026.03.14-17.16.02:036][ 32]LogAudioMixer: Display: 7: SideRight
[2026.03.14-17.16.02:050][ 32]LogAudioMixer: Display: Using Audio Device Headset Earphone (CORSAIR VOID PRO Wireless Gaming Headset)
[2026.03.14-17.16.02:050][ 32]LogAudioMixer: Display: Initializing Sound Submixes...
[2026.03.14-17.16.02:050][ 32]LogAudioMixer: Display: Creating Master Submix 'MasterSubmixDefault'
[2026.03.14-17.16.02:050][ 32]LogAudioMixer: Display: Creating Master Submix 'MasterReverbSubmixDefault'
[2026.03.14-17.16.02:050][ 32]LogAudioMixer: Display: Creating Master Submix 'MasterEQSubmixDefault'
[2026.03.14-17.16.02:050][ 32]LogAudioMixer: FMixerPlatformXAudio2::StartAudioStream() called
[2026.03.14-17.16.02:050][ 32]LogAudioMixer: Display: Output buffers initialized: Frames=1024, Channels=8, Samples=8192
[2026.03.14-17.16.02:051][ 32]LogAudioMixer: Display: Starting AudioMixerPlatformInterface::RunInternal()
[2026.03.14-17.16.02:051][ 32]LogAudioMixer: Display: FMixerPlatformXAudio2::SubmitBuffer() called for the first time
[2026.03.14-17.16.02:051][ 32]LogInit: FAudioDevice initialized.
[2026.03.14-17.16.02:051][ 32]LogAudio: Display: Audio Device (ID: 5) registered with world 'MainLevel'.
[2026.03.14-17.16.02:069][ 32]LogSlate: Updating window title bar state: overlay mode, drag disabled, window buttons hidden, title bar hidden
[2026.03.14-17.16.02:070][ 32]LogLoad: Game class is 'GM_RoadHopper_C'
[2026.03.14-17.16.02:107][ 32]LogWorld: Bringing World /Game/Levels/UEDPIE_0_MainLevel.MainLevel up for play (max tick rate 0) at 2026.03.14-11.16.02
[2026.03.14-17.16.02:108][ 32]LogWorld: Bringing up level for play took: 0.037612
[2026.03.14-17.16.02:108][ 32]LogOnline: OSS: Creating online subsystem instance for: :Context_9
[2026.03.14-17.16.02:109][ 32]LogGameMode: FindPlayerStart: PATHS NOT DEFINED or NO PLAYERSTART with positive rating
[2026.03.14-17.16.02:116][ 32]LogBlueprintUserMessages: [GM_RoadHopper_C_0] Hello
[2026.03.14-17.16.02:117][ 32]PIE: Server logged in
[2026.03.14-17.16.02:117][ 32]PIE: Play in editor total start time 0.234 seconds.
[2026.03.14-17.16.08:796][821]LogSlate: Updating window title bar state: overlay mode, drag disabled, window buttons hidden, title bar hidden
[2026.03.14-17.16.08:796][821]LogWorld: BeginTearingDown for /Game/Levels/UEDPIE_0_MainLevel
[2026.03.14-17.16.08:796][821]LogSlate: Window 'RoadHopper Preview [NetMode: Standalone]  (64-bit/Windows) ' being destroyed
[2026.03.14-17.16.08:804][821]LogWorld: UWorld::CleanupWorld for MainLevel, bSessionEnded=true, bCleanupResources=true
[2026.03.14-17.16.08:842][821]LogSlate: InvalidateAllWidgets triggered.  All widgets were invalidated
[2026.03.14-17.16.08:849][821]LogPlayLevel: Display: Shutting down PIE online subsystems
[2026.03.14-17.16.08:857][821]LogSlate: InvalidateAllWidgets triggered.  All widgets were invalidated
[2026.03.14-17.16.08:878][821]LogAudioMixer: FMixerPlatformXAudio2::StopAudioStream() called
[2026.03.14-17.16.08:879][821]LogAudioMixer: FMixerPlatformXAudio2::StopAudioStream() called
[2026.03.14-17.16.08:890][821]LogUObjectHash: Compacting FUObjectHashTables data took   1.65ms
[2026.03.14-17.16.08:903][822]LogPlayLevel: Display: Destroying online subsystem :Context_9
[2026.03.14-17.17.41:413][684]LogTemp: Repeating last play command: Selected Viewport
[2026.03.14-17.17.41:417][684]BlueprintLog: New page: Pre-Play auto-recompile
[2026.03.14-17.17.41:417][684]LogPlayLevel: [PlayLevel] Compiling BP_Player before play...
[2026.03.14-17.17.41:456][684]LogUObjectHash: Compacting FUObjectHashTables data took   2.60ms
[2026.03.14-17.17.41:457][684]LogPlayLevel: PlayLevel: Blueprint regeneration took 40 ms (1 blueprints)
[2026.03.14-17.17.41:457][684]PIE: New page: PIE session: MainLevel (Mar. 14, 2026, 5:17:41 a.m.)
[2026.03.14-17.17.41:457][684]LogPlayLevel: Creating play world package: /Game/Levels/UEDPIE_0_MainLevel
[2026.03.14-17.17.41:549][684]LogPlayLevel: PIE: StaticDuplicateObject took: (0.091512s)
[2026.03.14-17.17.41:550][684]LogAIModule: Creating AISystem for world MainLevel
[2026.03.14-17.17.41:550][684]LogPlayLevel: PIE: World Init took: (0.001138s)
[2026.03.14-17.17.41:550][684]LogPlayLevel: PIE: Created PIE world by copying editor world from /Game/Levels/MainLevel.MainLevel to /Game/Levels/UEDPIE_0_MainLevel.MainLevel (0.092847s)
[2026.03.14-17.17.41:567][684]LogUObjectHash: Compacting FUObjectHashTables data took   1.71ms
[2026.03.14-17.17.41:567][684]LogAudio: Display: Creating Audio Device:                 Id: 6, Scope: Unique, Realtime: True
[2026.03.14-17.17.41:567][684]LogAudioMixer: Display: Audio Mixer Platform Settings:
[2026.03.14-17.17.41:567][684]LogAudioMixer: Display: 	Sample Rate:						  48000
[2026.03.14-17.17.41:567][684]LogAudioMixer: Display: 	Callback Buffer Frame Size Requested: 1024
[2026.03.14-17.17.41:567][684]LogAudioMixer: Display: 	Callback Buffer Frame Size To Use:	  1024
[2026.03.14-17.17.41:567][684]LogAudioMixer: Display: 	Number of buffers to queue:			  2
[2026.03.14-17.17.41:567][684]LogAudioMixer: Display: 	Max Channels (voices):				  32
[2026.03.14-17.17.41:567][684]LogAudioMixer: Display: 	Number of Async Source Workers:		  0
[2026.03.14-17.17.41:567][684]LogAudio: Display: AudioDevice MaxSources: 32
[2026.03.14-17.17.41:568][684]LogAudio: Display: Audio Spatialization Plugin: None (built-in).
[2026.03.14-17.17.41:568][684]LogAudio: Display: Audio Reverb Plugin: None (built-in).
[2026.03.14-17.17.41:568][684]LogAudio: Display: Audio Occlusion Plugin: None (built-in).
[2026.03.14-17.17.41:568][684]LogAudioMixer: Display: Initializing audio mixer.
[2026.03.14-17.17.41:571][684]LogAudioMixer: Display: 0: FrontLeft
[2026.03.14-17.17.41:571][684]LogAudioMixer: Display: 1: FrontRight
[2026.03.14-17.17.41:571][684]LogAudioMixer: Display: 2: FrontCenter
[2026.03.14-17.17.41:571][684]LogAudioMixer: Display: 3: LowFrequency
[2026.03.14-17.17.41:571][684]LogAudioMixer: Display: 4: BackLeft
[2026.03.14-17.17.41:571][684]LogAudioMixer: Display: 5: BackRight
[2026.03.14-17.17.41:571][684]LogAudioMixer: Display: 6: SideLeft
[2026.03.14-17.17.41:571][684]LogAudioMixer: Display: 7: SideRight
[2026.03.14-17.17.41:583][684]LogAudioMixer: Display: Using Audio Device Headset Earphone (CORSAIR VOID PRO Wireless Gaming Headset)
[2026.03.14-17.17.41:584][684]LogAudioMixer: Display: Initializing Sound Submixes...
[2026.03.14-17.17.41:584][684]LogAudioMixer: Display: Creating Master Submix 'MasterSubmixDefault'
[2026.03.14-17.17.41:584][684]LogAudioMixer: Display: Creating Master Submix 'MasterReverbSubmixDefault'
[2026.03.14-17.17.41:584][684]LogAudioMixer: Display: Creating Master Submix 'MasterEQSubmixDefault'
[2026.03.14-17.17.41:584][684]LogAudioMixer: FMixerPlatformXAudio2::StartAudioStream() called
[2026.03.14-17.17.41:584][684]LogAudioMixer: Display: Output buffers initialized: Frames=1024, Channels=8, Samples=8192
[2026.03.14-17.17.41:585][684]LogAudioMixer: Display: Starting AudioMixerPlatformInterface::RunInternal()
[2026.03.14-17.17.41:585][684]LogAudioMixer: Display: FMixerPlatformXAudio2::SubmitBuffer() called for the first time
[2026.03.14-17.17.41:585][684]LogInit: FAudioDevice initialized.
[2026.03.14-17.17.41:585][684]LogAudio: Display: Audio Device (ID: 6) registered with world 'MainLevel'.
[2026.03.14-17.17.41:603][684]LogSlate: Updating window title bar state: overlay mode, drag disabled, window buttons hidden, title bar hidden
[2026.03.14-17.17.41:604][684]LogLoad: Game class is 'GM_RoadHopper_C'
[2026.03.14-17.17.41:641][684]LogWorld: Bringing World /Game/Levels/UEDPIE_0_MainLevel.MainLevel up for play (max tick rate 0) at 2026.03.14-11.17.41
[2026.03.14-17.17.41:642][684]LogWorld: Bringing up level for play took: 0.037830
[2026.03.14-17.17.41:642][684]LogOnline: OSS: Creating online subsystem instance for: :Context_10
[2026.03.14-17.17.41:644][684]LogGameMode: FindPlayerStart: PATHS NOT DEFINED or NO PLAYERSTART with positive rating
[2026.03.14-17.17.41:651][684]LogBlueprintUserMessages: [GM_RoadHopper_C_0] Hello
[2026.03.14-17.17.41:651][684]PIE: Server logged in
[2026.03.14-17.17.41:652][684]PIE: Play in editor total start time 0.235 seconds.
[2026.03.14-17.17.49:885][661]LogSlate: Updating window title bar state: overlay mode, drag disabled, window buttons hidden, title bar hidden
[2026.03.14-17.17.49:885][661]LogWorld: BeginTearingDown for /Game/Levels/UEDPIE_0_MainLevel
[2026.03.14-17.17.49:886][661]LogSlate: Window 'RoadHopper Preview [NetMode: Standalone]  (64-bit/Windows) ' being destroyed
[2026.03.14-17.17.49:894][661]LogWorld: UWorld::CleanupWorld for MainLevel, bSessionEnded=true, bCleanupResources=true
[2026.03.14-17.17.49:935][661]LogSlate: InvalidateAllWidgets triggered.  All widgets were invalidated
[2026.03.14-17.17.49:943][661]LogPlayLevel: Display: Shutting down PIE online subsystems
[2026.03.14-17.17.49:951][661]LogSlate: InvalidateAllWidgets triggered.  All widgets were invalidated
[2026.03.14-17.17.49:971][661]LogAudioMixer: FMixerPlatformXAudio2::StopAudioStream() called
[2026.03.14-17.17.49:972][661]LogAudioMixer: FMixerPlatformXAudio2::StopAudioStream() called
[2026.03.14-17.17.49:983][661]LogUObjectHash: Compacting FUObjectHashTables data took   1.67ms
[2026.03.14-17.17.49:996][662]LogPlayLevel: Display: Destroying online subsystem :Context_10
[2026.03.14-17.18.41:223][787]LogTemp: Repeating last play command: Selected Viewport
[2026.03.14-17.18.41:227][787]LogPlayLevel: PlayLevel: No blueprints needed recompiling
[2026.03.14-17.18.41:227][787]PIE: New page: PIE session: MainLevel (Mar. 14, 2026, 5:18:41 a.m.)
[2026.03.14-17.18.41:227][787]LogPlayLevel: Creating play world package: /Game/Levels/UEDPIE_0_MainLevel
[2026.03.14-17.18.41:316][787]LogPlayLevel: PIE: StaticDuplicateObject took: (0.089291s)
[2026.03.14-17.18.41:317][787]LogAIModule: Creating AISystem for world MainLevel
[2026.03.14-17.18.41:318][787]LogPlayLevel: PIE: World Init took: (0.001126s)
[2026.03.14-17.18.41:318][787]LogPlayLevel: PIE: Created PIE world by copying editor world from /Game/Levels/MainLevel.MainLevel to /Game/Levels/UEDPIE_0_MainLevel.MainLevel (0.090624s)
[2026.03.14-17.18.41:335][787]LogUObjectHash: Compacting FUObjectHashTables data took   1.50ms
[2026.03.14-17.18.41:336][787]LogAudio: Display: Creating Audio Device:                 Id: 7, Scope: Unique, Realtime: True
[2026.03.14-17.18.41:336][787]LogAudioMixer: Display: Audio Mixer Platform Settings:
[2026.03.14-17.18.41:336][787]LogAudioMixer: Display: 	Sample Rate:						  48000
[2026.03.14-17.18.41:336][787]LogAudioMixer: Display: 	Callback Buffer Frame Size Requested: 1024
[2026.03.14-17.18.41:336][787]LogAudioMixer: Display: 	Callback Buffer Frame Size To Use:	  1024
[2026.03.14-17.18.41:336][787]LogAudioMixer: Display: 	Number of buffers to queue:			  2
[2026.03.14-17.18.41:336][787]LogAudioMixer: Display: 	Max Channels (voices):				  32
[2026.03.14-17.18.41:336][787]LogAudioMixer: Display: 	Number of Async Source Workers:		  0
[2026.03.14-17.18.41:336][787]LogAudio: Display: AudioDevice MaxSources: 32
[2026.03.14-17.18.41:336][787]LogAudio: Display: Audio Spatialization Plugin: None (built-in).
[2026.03.14-17.18.41:336][787]LogAudio: Display: Audio Reverb Plugin: None (built-in).
[2026.03.14-17.18.41:336][787]LogAudio: Display: Audio Occlusion Plugin: None (built-in).
[2026.03.14-17.18.41:337][787]LogAudioMixer: Display: Initializing audio mixer.
[2026.03.14-17.18.41:340][787]LogAudioMixer: Display: 0: FrontLeft
[2026.03.14-17.18.41:340][787]LogAudioMixer: Display: 1: FrontRight
[2026.03.14-17.18.41:340][787]LogAudioMixer: Display: 2: FrontCenter
[2026.03.14-17.18.41:340][787]LogAudioMixer: Display: 3: LowFrequency
[2026.03.14-17.18.41:340][787]LogAudioMixer: Display: 4: BackLeft
[2026.03.14-17.18.41:340][787]LogAudioMixer: Display: 5: BackRight
[2026.03.14-17.18.41:340][787]LogAudioMixer: Display: 6: SideLeft
[2026.03.14-17.18.41:340][787]LogAudioMixer: Display: 7: SideRight
[2026.03.14-17.18.41:354][787]LogAudioMixer: Display: Using Audio Device Headset Earphone (CORSAIR VOID PRO Wireless Gaming Headset)
[2026.03.14-17.18.41:354][787]LogAudioMixer: Display: Initializing Sound Submixes...
[2026.03.14-17.18.41:354][787]LogAudioMixer: Display: Creating Master Submix 'MasterSubmixDefault'
[2026.03.14-17.18.41:354][787]LogAudioMixer: Display: Creating Master Submix 'MasterReverbSubmixDefault'
[2026.03.14-17.18.41:354][787]LogAudioMixer: Display: Creating Master Submix 'MasterEQSubmixDefault'
[2026.03.14-17.18.41:354][787]LogAudioMixer: FMixerPlatformXAudio2::StartAudioStream() called
[2026.03.14-17.18.41:354][787]LogAudioMixer: Display: Output buffers initialized: Frames=1024, Channels=8, Samples=8192
[2026.03.14-17.18.41:355][787]LogAudioMixer: Display: Starting AudioMixerPlatformInterface::RunInternal()
[2026.03.14-17.18.41:355][787]LogAudioMixer: Display: FMixerPlatformXAudio2::SubmitBuffer() called for the first time
[2026.03.14-17.18.41:355][787]LogInit: FAudioDevice initialized.
[2026.03.14-17.18.41:355][787]LogAudio: Display: Audio Device (ID: 7) registered with world 'MainLevel'.
[2026.03.14-17.18.41:380][787]LogSlate: Updating window title bar state: overlay mode, drag disabled, window buttons hidden, title bar hidden
[2026.03.14-17.18.41:380][787]LogLoad: Game class is 'GM_RoadHopper_C'
[2026.03.14-17.18.41:415][787]LogWorld: Bringing World /Game/Levels/UEDPIE_0_MainLevel.MainLevel up for play (max tick rate 0) at 2026.03.14-11.18.41
[2026.03.14-17.18.41:416][787]LogWorld: Bringing up level for play took: 0.035636
[2026.03.14-17.18.41:416][787]LogOnline: OSS: Creating online subsystem instance for: :Context_11
[2026.03.14-17.18.41:418][787]LogGameMode: FindPlayerStart: PATHS NOT DEFINED or NO PLAYERSTART with positive rating
[2026.03.14-17.18.41:425][787]LogBlueprintUserMessages: [GM_RoadHopper_C_0] Hello
[2026.03.14-17.18.41:426][787]PIE: Server logged in
[2026.03.14-17.18.41:426][787]PIE: Play in editor total start time 0.2 seconds.
[2026.03.14-17.18.45:065][199]LogSlate: Updating window title bar state: overlay mode, drag disabled, window buttons hidden, title bar hidden
[2026.03.14-17.18.45:065][199]LogWorld: BeginTearingDown for /Game/Levels/UEDPIE_0_MainLevel
[2026.03.14-17.18.45:066][199]LogSlate: Window 'RoadHopper Preview [NetMode: Standalone]  (64-bit/Windows) ' being destroyed
[2026.03.14-17.18.45:074][199]LogWorld: UWorld::CleanupWorld for MainLevel, bSessionEnded=true, bCleanupResources=true
[2026.03.14-17.18.45:113][199]LogSlate: InvalidateAllWidgets triggered.  All widgets were invalidated
[2026.03.14-17.18.45:118][199]LogPlayLevel: Display: Shutting down PIE online subsystems
[2026.03.14-17.18.45:127][199]LogSlate: InvalidateAllWidgets triggered.  All widgets were invalidated
[2026.03.14-17.18.45:148][199]LogAudioMixer: FMixerPlatformXAudio2::StopAudioStream() called
[2026.03.14-17.18.45:149][199]LogAudioMixer: FMixerPlatformXAudio2::StopAudioStream() called
[2026.03.14-17.18.45:161][199]LogUObjectHash: Compacting FUObjectHashTables data took   1.85ms
[2026.03.14-17.18.45:176][200]LogPlayLevel: Display: Destroying online subsystem :Context_11
[2026.03.14-17.21.23:937][284]LogUObjectHash: Compacting FUObjectHashTables data took   1.85ms
[2026.03.14-17.21.24:354][284]LogSavePackage: Moving 'C:/Users/titan/Desktop/Titan_RoadHopper/RoadHopper4.27/Saved/MainLevel_Auto14A475A4340AF7BD47B4B92B1C2362ECA.tmp' to 'C:/Users/titan/Desktop/Titan_RoadHopper/RoadHopper4.27/Saved/Autosaves/Game/Levels/MainLevel_Auto1.umap'
[2026.03.14-17.21.24:358][284]LogFileHelpers: Editor autosave (incl. external actors) for '/Game/Levels/MainLevel' took 0.440
[2026.03.14-17.21.24:358][284]LogFileHelpers: Editor autosave (incl. sublevels & external actors) for all levels took 0.440
[2026.03.14-17.21.24:359][284]OBJ SavePackage: Generating thumbnails for [2] asset(s) in package [/Game/Blueprints/BP_Player] ([2] browsable assets)...
[2026.03.14-17.21.24:367][284]OBJ SavePackage:     Rendered thumbnail for [Blueprint /Game/Blueprints/BP_Player.BP_Player]
[2026.03.14-17.21.24:367][284]OBJ SavePackage: Finished generating thumbnails for package [/Game/Blueprints/BP_Player]
[2026.03.14-17.21.24:367][284]Cmd: OBJ SAVEPACKAGE PACKAGE="/Game/Blueprints/BP_Player" FILE="C:/Users/titan/Desktop/Titan_RoadHopper/RoadHopper4.27/Saved/Autosaves/Game/Blueprints/BP_Player_Auto1.uasset" SILENT=false AUTOSAVING=true
[2026.03.14-17.21.24:379][284]LogSavePackage: Moving 'C:/Users/titan/Desktop/Titan_RoadHopper/RoadHopper4.27/Saved/BP_Player_Auto1E2532E2A4640182EC8FB9CB958471FC8.tmp' to 'C:/Users/titan/Desktop/Titan_RoadHopper/RoadHopper4.27/Saved/Autosaves/Game/Blueprints/BP_Player_Auto1.uasset'
[2026.03.14-17.21.24:381][284]LogFileHelpers: Auto-saving content packages took 0.022
[2026.03.14-17.24.33:801][716]LogSlate: Took 0.006686 seconds to synchronously load lazily loaded font '../../../Engine/Content/Slate/Fonts/DroidSansFallback.ttf' (3848K)
[2026.03.14-17.25.00:879][897]LogEditorTransaction: Undo Move Node
[2026.03.14-17.25.12:271][211]LogTemp: Repeating last play command: Selected Viewport
[2026.03.14-17.25.12:275][211]BlueprintLog: New page: Pre-Play auto-recompile
[2026.03.14-17.25.12:275][211]LogPlayLevel: [PlayLevel] Compiling BP_Player before play...
[2026.03.14-17.25.12:277][211]LogBlueprint: Warning: [AssetLog] C:\Users\titan\Desktop\Titan_RoadHopper\RoadHopper4.27\Content\Blueprints\BP_Player.uasset: [Compiler] Up  was pruned because its Exec pin is not connected, the connected value is not available and will instead be read as default
[2026.03.14-17.25.12:277][211]LogBlueprint: Warning: [AssetLog] C:\Users\titan\Desktop\Titan_RoadHopper\RoadHopper4.27\Content\Blueprints\BP_Player.uasset: [Compiler] W  was pruned because its Exec pin is not connected, the connected value is not available and will instead be read as default
[2026.03.14-17.25.12:278][211]LogBlueprint: Error: [AssetLog] C:\Users\titan\Desktop\Titan_RoadHopper\RoadHopper4.27\Content\Blueprints\BP_Player.uasset: [Compiler] The current value (None) of the ' Key ' pin is invalid: 'Key' in action 'Get Key Display Name' must have an input wired into it ("by ref" params expect a valid input to operate on).
[2026.03.14-17.25.12:278][211]LogBlueprint: Error: [AssetLog] C:\Users\titan\Desktop\Titan_RoadHopper\RoadHopper4.27\Content\Blueprints\BP_Player.uasset: [Compiler] The current value (None) of the ' Key ' pin is invalid: 'Key' in action 'Get Key Display Name' must have an input wired into it ("by ref" params expect a valid input to operate on).
[2026.03.14-17.25.12:321][211]LogUObjectHash: Compacting FUObjectHashTables data took   2.33ms
[2026.03.14-17.25.12:323][211]LogPlayLevel: PlayLevel: Blueprint regeneration took 48 ms (1 blueprints)
[2026.03.14-17.25.12:323][211]BlueprintLog: Warning: Blueprint failed to compile:  BP_Player
[2026.03.14-17.25.12:324][211]LogCustomDialog: Dialog displayed:
[2026.03.14-17.25.14:919][211]LogSlate: Window 'Blueprint Compilation Errors' being destroyed
[2026.03.14-17.25.16:475][394]LogSlate: Window 'Message Log' being destroyed
[2026.03.14-17.25.16:480][394]LogSlate: Window 'Message Log' being destroyed
[2026.03.14-17.25.17:260][487]BlueprintLog: New page: Compile BP_Player
[2026.03.14-17.25.17:262][487]LogBlueprint: Warning: [AssetLog] C:\Users\titan\Desktop\Titan_RoadHopper\RoadHopper4.27\Content\Blueprints\BP_Player.uasset: [Compiler] Up  was pruned because its Exec pin is not connected, the connected value is not available and will instead be read as default
[2026.03.14-17.25.17:262][487]LogBlueprint: Warning: [AssetLog] C:\Users\titan\Desktop\Titan_RoadHopper\RoadHopper4.27\Content\Blueprints\BP_Player.uasset: [Compiler] W  was pruned because its Exec pin is not connected, the connected value is not available and will instead be read as default
[2026.03.14-17.25.17:263][487]LogBlueprint: Error: [AssetLog] C:\Users\titan\Desktop\Titan_RoadHopper\RoadHopper4.27\Content\Blueprints\BP_Player.uasset: [Compiler] The current value (None) of the ' Key ' pin is invalid: 'Key' in action 'Get Key Display Name' must have an input wired into it ("by ref" params expect a valid input to operate on).
[2026.03.14-17.25.17:263][487]LogBlueprint: Error: [AssetLog] C:\Users\titan\Desktop\Titan_RoadHopper\RoadHopper4.27\Content\Blueprints\BP_Player.uasset: [Compiler] The current value (None) of the ' Key ' pin is invalid: 'Key' in action 'Get Key Display Name' must have an input wired into it ("by ref" params expect a valid input to operate on).
[2026.03.14-17.25.17:290][487]LogUObjectHash: Compacting FUObjectHashTables data took   1.95ms
[2026.03.14-17.25.23:155][180]BlueprintLog: New page: Compile BP_Player
[2026.03.14-17.25.23:157][180]LogBlueprint: Warning: [AssetLog] C:\Users\titan\Desktop\Titan_RoadHopper\RoadHopper4.27\Content\Blueprints\BP_Player.uasset: [Compiler] Up  was pruned because its Exec pin is not connected, the connected value is not available and will instead be read as default
[2026.03.14-17.25.23:157][180]LogBlueprint: Warning: [AssetLog] C:\Users\titan\Desktop\Titan_RoadHopper\RoadHopper4.27\Content\Blueprints\BP_Player.uasset: [Compiler] W  was pruned because its Exec pin is not connected, the connected value is not available and will instead be read as default
[2026.03.14-17.25.23:157][180]LogBlueprint: Error: [AssetLog] C:\Users\titan\Desktop\Titan_RoadHopper\RoadHopper4.27\Content\Blueprints\BP_Player.uasset: [Compiler] The current value (None) of the ' Key ' pin is invalid: 'Key' in action 'Get Key Display Name' must have an input wired into it ("by ref" params expect a valid input to operate on).
[2026.03.14-17.25.23:158][180]LogBlueprint: Error: [AssetLog] C:\Users\titan\Desktop\Titan_RoadHopper\RoadHopper4.27\Content\Blueprints\BP_Player.uasset: [Compiler] The current value (None) of the ' Key ' pin is invalid: 'Key' in action 'Get Key Display Name' must have an input wired into it ("by ref" params expect a valid input to operate on).
[2026.03.14-17.25.23:183][180]LogUObjectHash: Compacting FUObjectHashTables data took   2.31ms
[2026.03.14-17.25.41:403][343]BlueprintLog: New page: Compile BP_Player
[2026.03.14-17.25.41:445][343]LogUObjectHash: Compacting FUObjectHashTables data took   2.37ms
[2026.03.14-17.25.42:685][488]LogTemp: Repeating last play command: Selected Viewport
[2026.03.14-17.25.42:689][488]LogPlayLevel: PlayLevel: No blueprints needed recompiling
[2026.03.14-17.25.42:689][488]PIE: New page: PIE session: MainLevel (Mar. 14, 2026, 5:25:42 a.m.)
[2026.03.14-17.25.42:689][488]LogPlayLevel: Creating play world package: /Game/Levels/UEDPIE_0_MainLevel
[2026.03.14-17.25.42:782][488]LogPlayLevel: PIE: StaticDuplicateObject took: (0.093234s)
[2026.03.14-17.25.42:783][488]LogAIModule: Creating AISystem for world MainLevel
[2026.03.14-17.25.42:783][488]LogPlayLevel: PIE: World Init took: (0.001638s)
[2026.03.14-17.25.42:784][488]LogPlayLevel: PIE: Created PIE world by copying editor world from /Game/Levels/MainLevel.MainLevel to /Game/Levels/UEDPIE_0_MainLevel.MainLevel (0.095136s)
[2026.03.14-17.25.42:802][488]LogUObjectHash: Compacting FUObjectHashTables data took   2.14ms
[2026.03.14-17.25.42:804][488]LogAudio: Display: Creating Audio Device:                 Id: 8, Scope: Unique, Realtime: True
[2026.03.14-17.25.42:804][488]LogAudioMixer: Display: Audio Mixer Platform Settings:
[2026.03.14-17.25.42:804][488]LogAudioMixer: Display: 	Sample Rate:						  48000
[2026.03.14-17.25.42:804][488]LogAudioMixer: Display: 	Callback Buffer Frame Size Requested: 1024
[2026.03.14-17.25.42:804][488]LogAudioMixer: Display: 	Callback Buffer Frame Size To Use:	  1024
[2026.03.14-17.25.42:804][488]LogAudioMixer: Display: 	Number of buffers to queue:			  2
[2026.03.14-17.25.42:804][488]LogAudioMixer: Display: 	Max Channels (voices):				  32
[2026.03.14-17.25.42:804][488]LogAudioMixer: Display: 	Number of Async Source Workers:		  0
[2026.03.14-17.25.42:804][488]LogAudio: Display: AudioDevice MaxSources: 32
[2026.03.14-17.25.42:804][488]LogAudio: Display: Audio Spatialization Plugin: None (built-in).
[2026.03.14-17.25.42:804][488]LogAudio: Display: Audio Reverb Plugin: None (built-in).
[2026.03.14-17.25.42:804][488]LogAudio: Display: Audio Occlusion Plugin: None (built-in).
[2026.03.14-17.25.42:804][488]LogAudioMixer: Display: Initializing audio mixer.
[2026.03.14-17.25.42:842][488]LogAudioMixer: Display: 0: FrontLeft
[2026.03.14-17.25.42:842][488]LogAudioMixer: Display: 1: FrontRight
[2026.03.14-17.25.42:842][488]LogAudioMixer: Display: 2: FrontCenter
[2026.03.14-17.25.42:842][488]LogAudioMixer: Display: 3: LowFrequency
[2026.03.14-17.25.42:842][488]LogAudioMixer: Display: 4: BackLeft
[2026.03.14-17.25.42:842][488]LogAudioMixer: Display: 5: BackRight
[2026.03.14-17.25.42:842][488]LogAudioMixer: Display: 6: SideLeft
[2026.03.14-17.25.42:842][488]LogAudioMixer: Display: 7: SideRight
[2026.03.14-17.25.42:856][488]LogAudioMixer: Display: Using Audio Device Headset Earphone (CORSAIR VOID PRO Wireless Gaming Headset)
[2026.03.14-17.25.42:856][488]LogAudioMixer: Display: Initializing Sound Submixes...
[2026.03.14-17.25.42:856][488]LogAudioMixer: Display: Creating Master Submix 'MasterSubmixDefault'
[2026.03.14-17.25.42:856][488]LogAudioMixer: Display: Creating Master Submix 'MasterReverbSubmixDefault'
[2026.03.14-17.25.42:857][488]LogAudioMixer: Display: Creating Master Submix 'MasterEQSubmixDefault'
[2026.03.14-17.25.42:857][488]LogAudioMixer: FMixerPlatformXAudio2::StartAudioStream() called
[2026.03.14-17.25.42:857][488]LogAudioMixer: Display: Output buffers initialized: Frames=1024, Channels=8, Samples=8192
[2026.03.14-17.25.42:857][488]LogAudioMixer: Display: Starting AudioMixerPlatformInterface::RunInternal()
[2026.03.14-17.25.42:857][488]LogAudioMixer: Display: FMixerPlatformXAudio2::SubmitBuffer() called for the first time
[2026.03.14-17.25.42:857][488]LogInit: FAudioDevice initialized.
[2026.03.14-17.25.42:857][488]LogAudio: Display: Audio Device (ID: 8) registered with world 'MainLevel'.
[2026.03.14-17.25.42:881][488]LogSlate: Updating window title bar state: overlay mode, drag disabled, window buttons hidden, title bar hidden
[2026.03.14-17.25.42:882][488]LogLoad: Game class is 'GM_RoadHopper_C'
[2026.03.14-17.25.42:921][488]LogWorld: Bringing World /Game/Levels/UEDPIE_0_MainLevel.MainLevel up for play (max tick rate 0) at 2026.03.14-11.25.42
[2026.03.14-17.25.42:922][488]LogWorld: Bringing up level for play took: 0.039572
[2026.03.14-17.25.42:922][488]LogOnline: OSS: Creating online subsystem instance for: :Context_12
[2026.03.14-17.25.42:924][488]LogGameMode: FindPlayerStart: PATHS NOT DEFINED or NO PLAYERSTART with positive rating
[2026.03.14-17.25.42:931][488]LogBlueprintUserMessages: [GM_RoadHopper_C_0] Hello
[2026.03.14-17.25.42:932][488]PIE: Server logged in
[2026.03.14-17.25.42:932][488]PIE: Play in editor total start time 0.244 seconds.
[2026.03.14-17.26.07:445][375]LogSlate: Updating window title bar state: overlay mode, drag disabled, window buttons hidden, title bar hidden
[2026.03.14-17.26.07:445][375]LogWorld: BeginTearingDown for /Game/Levels/UEDPIE_0_MainLevel
[2026.03.14-17.26.07:445][375]LogSlate: Window 'RoadHopper Preview [NetMode: Standalone]  (64-bit/Windows) ' being destroyed
[2026.03.14-17.26.07:448][375]LogWorld: UWorld::CleanupWorld for MainLevel, bSessionEnded=true, bCleanupResources=true
[2026.03.14-17.26.07:487][375]LogSlate: InvalidateAllWidgets triggered.  All widgets were invalidated
[2026.03.14-17.26.07:494][375]LogPlayLevel: Display: Shutting down PIE online subsystems
[2026.03.14-17.26.07:502][375]LogSlate: InvalidateAllWidgets triggered.  All widgets were invalidated
[2026.03.14-17.26.07:520][375]LogAudioMixer: FMixerPlatformXAudio2::StopAudioStream() called
[2026.03.14-17.26.07:521][375]LogAudioMixer: FMixerPlatformXAudio2::StopAudioStream() called
[2026.03.14-17.26.07:531][375]LogUObjectHash: Compacting FUObjectHashTables data took   1.71ms
[2026.03.14-17.26.07:540][376]LogPlayLevel: Display: Destroying online subsystem :Context_12
[2026.03.14-17.26.26:728][648]LogEditorTransaction: Undo Delete current selection
[2026.03.14-17.31.59:866][888]LogUObjectHash: Compacting FUObjectHashTables data took   2.64ms
[2026.03.14-17.32.00:251][888]LogSavePackage: Moving 'C:/Users/titan/Desktop/Titan_RoadHopper/RoadHopper4.27/Saved/MainLevel_Auto2DC8D7CB74038CED6C184FEB3E4170E8D.tmp' to 'C:/Users/titan/Desktop/Titan_RoadHopper/RoadHopper4.27/Saved/Autosaves/Game/Levels/MainLevel_Auto2.umap'
[2026.03.14-17.32.00:254][888]LogFileHelpers: Editor autosave (incl. external actors) for '/Game/Levels/MainLevel' took 0.405
[2026.03.14-17.32.00:254][888]LogFileHelpers: Editor autosave (incl. sublevels & external actors) for all levels took 0.405
[2026.03.14-17.32.00:254][888]OBJ SavePackage: Generating thumbnails for [2] asset(s) in package [/Game/Blueprints/BP_Player] ([2] browsable assets)...
[2026.03.14-17.32.00:265][888]OBJ SavePackage:     Rendered thumbnail for [Blueprint /Game/Blueprints/BP_Player.BP_Player]
[2026.03.14-17.32.00:265][888]OBJ SavePackage: Finished generating thumbnails for package [/Game/Blueprints/BP_Player]
[2026.03.14-17.32.00:265][888]Cmd: OBJ SAVEPACKAGE PACKAGE="/Game/Blueprints/BP_Player" FILE="C:/Users/titan/Desktop/Titan_RoadHopper/RoadHopper4.27/Saved/Autosaves/Game/Blueprints/BP_Player_Auto2.uasset" SILENT=false AUTOSAVING=true
[2026.03.14-17.32.00:280][888]LogSavePackage: Moving 'C:/Users/titan/Desktop/Titan_RoadHopper/RoadHopper4.27/Saved/BP_Player_Auto285BFF73B4156B44018923FB1A62EFA6B.tmp' to 'C:/Users/titan/Desktop/Titan_RoadHopper/RoadHopper4.27/Saved/Autosaves/Game/Blueprints/BP_Player_Auto2.uasset'
[2026.03.14-17.32.00:281][888]LogFileHelpers: Auto-saving content packages took 0.027
[2026.03.14-17.33.27:631][358]LogTemp: Repeating last play command: Selected Viewport
[2026.03.14-17.33.27:635][358]BlueprintLog: New page: Pre-Play auto-recompile
[2026.03.14-17.33.27:636][358]LogPlayLevel: [PlayLevel] Compiling BP_Player before play...
[2026.03.14-17.33.27:681][358]LogUObjectHash: Compacting FUObjectHashTables data took   2.07ms
[2026.03.14-17.33.27:683][358]LogPlayLevel: PlayLevel: Blueprint regeneration took 48 ms (1 blueprints)
[2026.03.14-17.33.27:683][358]PIE: New page: PIE session: MainLevel (Mar. 14, 2026, 5:33:27 a.m.)
[2026.03.14-17.33.27:683][358]LogPlayLevel: Creating play world package: /Game/Levels/UEDPIE_0_MainLevel
[2026.03.14-17.33.27:772][358]LogPlayLevel: PIE: StaticDuplicateObject took: (0.088406s)
[2026.03.14-17.33.27:772][358]LogAIModule: Creating AISystem for world MainLevel
[2026.03.14-17.33.27:773][358]LogPlayLevel: PIE: World Init took: (0.001244s)
[2026.03.14-17.33.27:773][358]LogPlayLevel: PIE: Created PIE world by copying editor world from /Game/Levels/MainLevel.MainLevel to /Game/Levels/UEDPIE_0_MainLevel.MainLevel (0.089856s)
[2026.03.14-17.33.27:789][358]LogUObjectHash: Compacting FUObjectHashTables data took   1.63ms
[2026.03.14-17.33.27:790][358]LogAudio: Display: Creating Audio Device:                 Id: 9, Scope: Unique, Realtime: True
[2026.03.14-17.33.27:790][358]LogAudioMixer: Display: Audio Mixer Platform Settings:
[2026.03.14-17.33.27:790][358]LogAudioMixer: Display: 	Sample Rate:						  48000
[2026.03.14-17.33.27:790][358]LogAudioMixer: Display: 	Callback Buffer Frame Size Requested: 1024
[2026.03.14-17.33.27:790][358]LogAudioMixer: Display: 	Callback Buffer Frame Size To Use:	  1024
[2026.03.14-17.33.27:790][358]LogAudioMixer: Display: 	Number of buffers to queue:			  2
[2026.03.14-17.33.27:790][358]LogAudioMixer: Display: 	Max Channels (voices):				  32
[2026.03.14-17.33.27:790][358]LogAudioMixer: Display: 	Number of Async Source Workers:		  0
[2026.03.14-17.33.27:790][358]LogAudio: Display: AudioDevice MaxSources: 32
[2026.03.14-17.33.27:790][358]LogAudio: Display: Audio Spatialization Plugin: None (built-in).
[2026.03.14-17.33.27:790][358]LogAudio: Display: Audio Reverb Plugin: None (built-in).
[2026.03.14-17.33.27:790][358]LogAudio: Display: Audio Occlusion Plugin: None (built-in).
[2026.03.14-17.33.27:790][358]LogAudioMixer: Display: Initializing audio mixer.
[2026.03.14-17.33.27:793][358]LogAudioMixer: Display: 0: FrontLeft
[2026.03.14-17.33.27:793][358]LogAudioMixer: Display: 1: FrontRight
[2026.03.14-17.33.27:793][358]LogAudioMixer: Display: 2: FrontCenter
[2026.03.14-17.33.27:793][358]LogAudioMixer: Display: 3: LowFrequency
[2026.03.14-17.33.27:793][358]LogAudioMixer: Display: 4: BackLeft
[2026.03.14-17.33.27:794][358]LogAudioMixer: Display: 5: BackRight
[2026.03.14-17.33.27:794][358]LogAudioMixer: Display: 6: SideLeft
[2026.03.14-17.33.27:794][358]LogAudioMixer: Display: 7: SideRight
[2026.03.14-17.33.27:807][358]LogAudioMixer: Display: Using Audio Device Headset Earphone (CORSAIR VOID PRO Wireless Gaming Headset)
[2026.03.14-17.33.27:807][358]LogAudioMixer: Display: Initializing Sound Submixes...
[2026.03.14-17.33.27:808][358]LogAudioMixer: Display: Creating Master Submix 'MasterSubmixDefault'
[2026.03.14-17.33.27:808][358]LogAudioMixer: Display: Creating Master Submix 'MasterReverbSubmixDefault'
[2026.03.14-17.33.27:808][358]LogAudioMixer: Display: Creating Master Submix 'MasterEQSubmixDefault'
[2026.03.14-17.33.27:808][358]LogAudioMixer: FMixerPlatformXAudio2::StartAudioStream() called
[2026.03.14-17.33.27:808][358]LogAudioMixer: Display: Output buffers initialized: Frames=1024, Channels=8, Samples=8192
[2026.03.14-17.33.27:809][358]LogAudioMixer: Display: Starting AudioMixerPlatformInterface::RunInternal()
[2026.03.14-17.33.27:809][358]LogAudioMixer: Display: FMixerPlatformXAudio2::SubmitBuffer() called for the first time
[2026.03.14-17.33.27:809][358]LogInit: FAudioDevice initialized.
[2026.03.14-17.33.27:809][358]LogAudio: Display: Audio Device (ID: 9) registered with world 'MainLevel'.
[2026.03.14-17.33.27:832][358]LogSlate: Updating window title bar state: overlay mode, drag disabled, window buttons hidden, title bar hidden
[2026.03.14-17.33.27:832][358]LogLoad: Game class is 'GM_RoadHopper_C'
[2026.03.14-17.33.27:870][358]LogWorld: Bringing World /Game/Levels/UEDPIE_0_MainLevel.MainLevel up for play (max tick rate 0) at 2026.03.14-11.33.27
[2026.03.14-17.33.27:871][358]LogWorld: Bringing up level for play took: 0.038907
[2026.03.14-17.33.27:871][358]LogOnline: OSS: Creating online subsystem instance for: :Context_13
[2026.03.14-17.33.27:873][358]LogGameMode: FindPlayerStart: PATHS NOT DEFINED or NO PLAYERSTART with positive rating
[2026.03.14-17.33.27:880][358]LogBlueprintUserMessages: [GM_RoadHopper_C_0] Hello
[2026.03.14-17.33.27:881][358]PIE: Server logged in
[2026.03.14-17.33.27:881][358]PIE: Play in editor total start time 0.247 seconds.
[2026.03.14-17.33.40:284][737]LogSlate: Updating window title bar state: overlay mode, drag disabled, window buttons hidden, title bar hidden
[2026.03.14-17.33.40:284][737]LogWorld: BeginTearingDown for /Game/Levels/UEDPIE_0_MainLevel
[2026.03.14-17.33.40:285][737]LogSlate: Window 'RoadHopper Preview [NetMode: Standalone]  (64-bit/Windows) ' being destroyed
[2026.03.14-17.33.40:292][737]LogWorld: UWorld::CleanupWorld for MainLevel, bSessionEnded=true, bCleanupResources=true
[2026.03.14-17.33.40:332][737]LogSlate: InvalidateAllWidgets triggered.  All widgets were invalidated
[2026.03.14-17.33.40:339][737]LogPlayLevel: Display: Shutting down PIE online subsystems
[2026.03.14-17.33.40:347][737]LogSlate: InvalidateAllWidgets triggered.  All widgets were invalidated
[2026.03.14-17.33.40:369][737]LogAudioMixer: FMixerPlatformXAudio2::StopAudioStream() called
[2026.03.14-17.33.40:370][737]LogAudioMixer: FMixerPlatformXAudio2::StopAudioStream() called
[2026.03.14-17.33.40:378][737]LogUObjectHash: Compacting FUObjectHashTables data took   1.72ms
[2026.03.14-17.33.40:390][738]LogPlayLevel: Display: Destroying online subsystem :Context_13
[2026.03.14-17.34.31:515][843]LogTemp: Repeating last play command: Selected Viewport
[2026.03.14-17.34.31:519][843]BlueprintLog: New page: Pre-Play auto-recompile
[2026.03.14-17.34.31:519][843]LogPlayLevel: [PlayLevel] Compiling BP_Player before play...
[2026.03.14-17.34.31:565][843]LogUObjectHash: Compacting FUObjectHashTables data took   2.27ms
[2026.03.14-17.34.31:566][843]LogPlayLevel: PlayLevel: Blueprint regeneration took 47 ms (1 blueprints)
[2026.03.14-17.34.31:567][843]PIE: New page: PIE session: MainLevel (Mar. 14, 2026, 5:34:31 a.m.)
[2026.03.14-17.34.31:567][843]LogPlayLevel: Creating play world package: /Game/Levels/UEDPIE_0_MainLevel
[2026.03.14-17.34.31:658][843]LogPlayLevel: PIE: StaticDuplicateObject took: (0.091075s)
[2026.03.14-17.34.31:658][843]LogAIModule: Creating AISystem for world MainLevel
[2026.03.14-17.34.31:659][843]LogPlayLevel: PIE: World Init took: (0.001166s)
[2026.03.14-17.34.31:659][843]LogPlayLevel: PIE: Created PIE world by copying editor world from /Game/Levels/MainLevel.MainLevel to /Game/Levels/UEDPIE_0_MainLevel.MainLevel (0.092438s)
[2026.03.14-17.34.31:674][843]LogUObjectHash: Compacting FUObjectHashTables data took   1.64ms
[2026.03.14-17.34.31:674][843]LogAudio: Display: Creating Audio Device:                 Id: 10, Scope: Unique, Realtime: True
[2026.03.14-17.34.31:674][843]LogAudioMixer: Display: Audio Mixer Platform Settings:
[2026.03.14-17.34.31:674][843]LogAudioMixer: Display: 	Sample Rate:						  48000
[2026.03.14-17.34.31:674][843]LogAudioMixer: Display: 	Callback Buffer Frame Size Requested: 1024
[2026.03.14-17.34.31:674][843]LogAudioMixer: Display: 	Callback Buffer Frame Size To Use:	  1024
[2026.03.14-17.34.31:674][843]LogAudioMixer: Display: 	Number of buffers to queue:			  2
[2026.03.14-17.34.31:674][843]LogAudioMixer: Display: 	Max Channels (voices):				  32
[2026.03.14-17.34.31:674][843]LogAudioMixer: Display: 	Number of Async Source Workers:		  0
[2026.03.14-17.34.31:674][843]LogAudio: Display: AudioDevice MaxSources: 32
[2026.03.14-17.34.31:675][843]LogAudio: Display: Audio Spatialization Plugin: None (built-in).
[2026.03.14-17.34.31:675][843]LogAudio: Display: Audio Reverb Plugin: None (built-in).
[2026.03.14-17.34.31:675][843]LogAudio: Display: Audio Occlusion Plugin: None (built-in).
[2026.03.14-17.34.31:675][843]LogAudioMixer: Display: Initializing audio mixer.
[2026.03.14-17.34.31:678][843]LogAudioMixer: Display: 0: FrontLeft
[2026.03.14-17.34.31:678][843]LogAudioMixer: Display: 1: FrontRight
[2026.03.14-17.34.31:678][843]LogAudioMixer: Display: 2: FrontCenter
[2026.03.14-17.34.31:678][843]LogAudioMixer: Display: 3: LowFrequency
[2026.03.14-17.34.31:678][843]LogAudioMixer: Display: 4: BackLeft
[2026.03.14-17.34.31:678][843]LogAudioMixer: Display: 5: BackRight
[2026.03.14-17.34.31:678][843]LogAudioMixer: Display: 6: SideLeft
[2026.03.14-17.34.31:678][843]LogAudioMixer: Display: 7: SideRight
[2026.03.14-17.34.31:691][843]LogAudioMixer: Display: Using Audio Device Headset Earphone (CORSAIR VOID PRO Wireless Gaming Headset)
[2026.03.14-17.34.31:691][843]LogAudioMixer: Display: Initializing Sound Submixes...
[2026.03.14-17.34.31:691][843]LogAudioMixer: Display: Creating Master Submix 'MasterSubmixDefault'
[2026.03.14-17.34.31:691][843]LogAudioMixer: Display: Creating Master Submix 'MasterReverbSubmixDefault'
[2026.03.14-17.34.31:691][843]LogAudioMixer: Display: Creating Master Submix 'MasterEQSubmixDefault'
[2026.03.14-17.34.31:691][843]LogAudioMixer: FMixerPlatformXAudio2::StartAudioStream() called
[2026.03.14-17.34.31:691][843]LogAudioMixer: Display: Output buffers initialized: Frames=1024, Channels=8, Samples=8192
[2026.03.14-17.34.31:693][843]LogAudioMixer: Display: Starting AudioMixerPlatformInterface::RunInternal()
[2026.03.14-17.34.31:693][843]LogAudioMixer: Display: FMixerPlatformXAudio2::SubmitBuffer() called for the first time
[2026.03.14-17.34.31:693][843]LogInit: FAudioDevice initialized.
[2026.03.14-17.34.31:693][843]LogAudio: Display: Audio Device (ID: 10) registered with world 'MainLevel'.
[2026.03.14-17.34.31:710][843]LogSlate: Updating window title bar state: overlay mode, drag disabled, window buttons hidden, title bar hidden
[2026.03.14-17.34.31:711][843]LogLoad: Game class is 'GM_RoadHopper_C'
[2026.03.14-17.34.31:751][843]LogWorld: Bringing World /Game/Levels/UEDPIE_0_MainLevel.MainLevel up for play (max tick rate 0) at 2026.03.14-11.34.31
[2026.03.14-17.34.31:752][843]LogWorld: Bringing up level for play took: 0.041132
[2026.03.14-17.34.31:752][843]LogOnline: OSS: Creating online subsystem instance for: :Context_14
[2026.03.14-17.34.31:754][843]LogGameMode: FindPlayerStart: PATHS NOT DEFINED or NO PLAYERSTART with positive rating
[2026.03.14-17.34.31:761][843]LogBlueprintUserMessages: [GM_RoadHopper_C_0] Hello
[2026.03.14-17.34.31:763][843]PIE: Server logged in
[2026.03.14-17.34.31:763][843]PIE: Play in editor total start time 0.245 seconds.
[2026.03.14-17.34.35:163][239]LogSlate: Updating window title bar state: overlay mode, drag disabled, window buttons hidden, title bar hidden
[2026.03.14-17.34.35:163][239]LogWorld: BeginTearingDown for /Game/Levels/UEDPIE_0_MainLevel
[2026.03.14-17.34.35:164][239]LogSlate: Window 'RoadHopper Preview [NetMode: Standalone]  (64-bit/Windows) ' being destroyed
[2026.03.14-17.34.35:171][239]LogWorld: UWorld::CleanupWorld for MainLevel, bSessionEnded=true, bCleanupResources=true
[2026.03.14-17.34.35:213][239]LogSlate: InvalidateAllWidgets triggered.  All widgets were invalidated
[2026.03.14-17.34.35:221][239]LogPlayLevel: Display: Shutting down PIE online subsystems
[2026.03.14-17.34.35:230][239]LogSlate: InvalidateAllWidgets triggered.  All widgets were invalidated
[2026.03.14-17.34.35:250][239]LogAudioMixer: FMixerPlatformXAudio2::StopAudioStream() called
[2026.03.14-17.34.35:251][239]LogAudioMixer: FMixerPlatformXAudio2::StopAudioStream() called
[2026.03.14-17.34.35:263][239]LogUObjectHash: Compacting FUObjectHashTables data took   1.71ms
[2026.03.14-17.34.35:279][240]LogPlayLevel: Display: Destroying online subsystem :Context_14
[2026.03.14-17.36.45:147][721]BlueprintLog: New page: Compile BP_Player
[2026.03.14-17.36.45:178][721]LogUObjectHash: Compacting FUObjectHashTables data took   1.80ms
[2026.03.14-17.37.33:033][440]LogEditorViewport: Clicking on Actor (LMB): BP_TileRow_C (BP_TileRow)
[2026.03.14-17.37.42:696][558]LogEditorViewport: Clicking on Actor (LMB): BP_Sky_Sphere_C (Sky Sphere2)
[2026.03.14-17.37.43:180][613]LogEditorViewport: Clicking on Actor (LMB): BP_TileRow_C (BP_TileRow)
[2026.03.14-17.37.50:060][404]LogEditorViewport: Clicking on Actor (LMB): BP_Player_C (BP_Player)
[2026.03.14-17.37.53:387][760]LogEditorViewport: Clicking on Actor (LMB): BP_Sky_Sphere_C (Sky Sphere2)
[2026.03.14-17.37.54:122][844]LogEditorViewport: Clicking on Actor (LMB): BP_TileRow_C (BP_TileRow2)
[2026.03.14-17.37.54:966][942]LogEditorViewport: Clicking on Actor (LMB): BP_TileRow_C (BP_TileRow)
[2026.03.14-17.37.56:183][ 85]LogEditorViewport: Clicking on Actor (LMB): BP_TileRow_C (BP_TileRow2)
[2026.03.14-17.37.57:489][239]LogEditorViewport: Clicking on Actor (LMB): BP_TileRow_C (BP_TileRow)
[2026.03.14-17.38.06:755][348]LogEditorViewport: Clicking on Actor (LMB): BP_Sky_Sphere_C (Sky Sphere2)
[2026.03.14-17.38.11:314][835]Cmd: OBJ SAVEPACKAGE PACKAGE="/Game/Blueprints/BP_Player" FILE="C:/Users/titan/Desktop/Titan_RoadHopper/RoadHopper4.27/Content/Blueprints/BP_Player.uasset" SILENT=true
[2026.03.14-17.38.11:326][835]LogSavePackage: Moving 'C:/Users/titan/Desktop/Titan_RoadHopper/RoadHopper4.27/Saved/BP_Player13C552034CB25EB49969A89F0F9A2206.tmp' to 'C:/Users/titan/Desktop/Titan_RoadHopper/RoadHopper4.27/Content/Blueprints/BP_Player.uasset'
[2026.03.14-17.38.11:339][835]AssetCheck: New page: Asset Save: BP_Player
[2026.03.14-17.38.11:339][835]LogContentValidation: Display: Validating Blueprint /Game/Blueprints/BP_Player.BP_Player
[2026.03.14-17.42.16:286][130]LogUObjectHash: Compacting FUObjectHashTables data took   2.68ms
[2026.03.14-17.42.16:662][130]LogSavePackage: Moving 'C:/Users/titan/Desktop/Titan_RoadHopper/RoadHopper4.27/Saved/MainLevel_Auto3B2889E2A4916C8FF1D2B1DA271462653.tmp' to 'C:/Users/titan/Desktop/Titan_RoadHopper/RoadHopper4.27/Saved/Autosaves/Game/Levels/MainLevel_Auto3.umap'
[2026.03.14-17.42.16:664][130]LogFileHelpers: Editor autosave (incl. external actors) for '/Game/Levels/MainLevel' took 0.398
[2026.03.14-17.42.16:665][130]LogFileHelpers: Editor autosave (incl. sublevels & external actors) for all levels took 0.398
[2026.03.14-17.42.16:666][130]OBJ SavePackage: Generating thumbnails for [1] asset(s) in package [/Game/Blueprints/BP_Player] ([2] browsable assets)...
[2026.03.14-17.42.16:666][130]OBJ SavePackage: Finished generating thumbnails for package [/Game/Blueprints/BP_Player]
[2026.03.14-17.42.16:666][130]Cmd: OBJ SAVEPACKAGE PACKAGE="/Game/Blueprints/BP_Player" FILE="C:/Users/titan/Desktop/Titan_RoadHopper/RoadHopper4.27/Saved/Autosaves/Game/Blueprints/BP_Player_Auto3.uasset" SILENT=false AUTOSAVING=true
[2026.03.14-17.42.16:675][130]LogSavePackage: Moving 'C:/Users/titan/Desktop/Titan_RoadHopper/RoadHopper4.27/Saved/BP_Player_Auto3902F52E945943E81043A139211F128E3.tmp' to 'C:/Users/titan/Desktop/Titan_RoadHopper/RoadHopper4.27/Saved/Autosaves/Game/Blueprints/BP_Player_Auto3.uasset'
[2026.03.14-17.42.16:676][130]LogFileHelpers: Auto-saving content packages took 0.011
[2026.03.14-17.43.23:943][158]LogEditorViewport: Clicking on Actor (LMB): BP_TileRow_C (BP_TileRow)
[2026.03.14-17.43.28:361][662]LogEditorViewport: Clicking on Actor (LMB): BP_TileRow_C (BP_TileRow59)
[2026.03.14-17.47.39:798][531]LogTemp: Repeating last play command: Selected Viewport
[2026.03.14-17.47.39:802][531]BlueprintLog: New page: Pre-Play auto-recompile
[2026.03.14-17.47.39:803][531]LogPlayLevel: [PlayLevel] Compiling BP_Player before play...
[2026.03.14-17.47.39:851][531]LogUObjectHash: Compacting FUObjectHashTables data took   2.35ms
[2026.03.14-17.47.39:853][531]LogPlayLevel: PlayLevel: Blueprint regeneration took 50 ms (1 blueprints)
[2026.03.14-17.47.39:853][531]PIE: New page: PIE session: MainLevel (Mar. 14, 2026, 5:47:39 a.m.)
[2026.03.14-17.47.39:853][531]LogPlayLevel: Creating play world package: /Game/Levels/UEDPIE_0_MainLevel
[2026.03.14-17.47.39:941][531]LogPlayLevel: PIE: StaticDuplicateObject took: (0.088377s)
[2026.03.14-17.47.39:942][531]LogAIModule: Creating AISystem for world MainLevel
[2026.03.14-17.47.39:943][531]LogPlayLevel: PIE: World Init took: (0.001194s)
[2026.03.14-17.47.39:943][531]LogPlayLevel: PIE: Created PIE world by copying editor world from /Game/Levels/MainLevel.MainLevel to /Game/Levels/UEDPIE_0_MainLevel.MainLevel (0.089823s)
[2026.03.14-17.47.39:959][531]LogUObjectHash: Compacting FUObjectHashTables data took   1.87ms
[2026.03.14-17.47.39:959][531]LogAudio: Display: Creating Audio Device:                 Id: 11, Scope: Unique, Realtime: True
[2026.03.14-17.47.39:959][531]LogAudioMixer: Display: Audio Mixer Platform Settings:
[2026.03.14-17.47.39:959][531]LogAudioMixer: Display: 	Sample Rate:						  48000
[2026.03.14-17.47.39:959][531]LogAudioMixer: Display: 	Callback Buffer Frame Size Requested: 1024
[2026.03.14-17.47.39:959][531]LogAudioMixer: Display: 	Callback Buffer Frame Size To Use:	  1024
[2026.03.14-17.47.39:959][531]LogAudioMixer: Display: 	Number of buffers to queue:			  2
[2026.03.14-17.47.39:959][531]LogAudioMixer: Display: 	Max Channels (voices):				  32
[2026.03.14-17.47.39:959][531]LogAudioMixer: Display: 	Number of Async Source Workers:		  0
[2026.03.14-17.47.39:959][531]LogAudio: Display: AudioDevice MaxSources: 32
[2026.03.14-17.47.39:960][531]LogAudio: Display: Audio Spatialization Plugin: None (built-in).
[2026.03.14-17.47.39:960][531]LogAudio: Display: Audio Reverb Plugin: None (built-in).
[2026.03.14-17.47.39:960][531]LogAudio: Display: Audio Occlusion Plugin: None (built-in).
[2026.03.14-17.47.39:960][531]LogAudioMixer: Display: Initializing audio mixer.
[2026.03.14-17.47.39:963][531]LogAudioMixer: Display: 0: FrontLeft
[2026.03.14-17.47.39:963][531]LogAudioMixer: Display: 1: FrontRight
[2026.03.14-17.47.39:963][531]LogAudioMixer: Display: 2: FrontCenter
[2026.03.14-17.47.39:963][531]LogAudioMixer: Display: 3: LowFrequency
[2026.03.14-17.47.39:963][531]LogAudioMixer: Display: 4: BackLeft
[2026.03.14-17.47.39:963][531]LogAudioMixer: Display: 5: BackRight
[2026.03.14-17.47.39:963][531]LogAudioMixer: Display: 6: SideLeft
[2026.03.14-17.47.39:963][531]LogAudioMixer: Display: 7: SideRight
[2026.03.14-17.47.39:977][531]LogAudioMixer: Display: Using Audio Device Headset Earphone (CORSAIR VOID PRO Wireless Gaming Headset)
[2026.03.14-17.47.39:977][531]LogAudioMixer: Display: Initializing Sound Submixes...
[2026.03.14-17.47.39:977][531]LogAudioMixer: Display: Creating Master Submix 'MasterSubmixDefault'
[2026.03.14-17.47.39:977][531]LogAudioMixer: Display: Creating Master Submix 'MasterReverbSubmixDefault'
[2026.03.14-17.47.39:977][531]LogAudioMixer: Display: Creating Master Submix 'MasterEQSubmixDefault'
[2026.03.14-17.47.39:977][531]LogAudioMixer: FMixerPlatformXAudio2::StartAudioStream() called
[2026.03.14-17.47.39:977][531]LogAudioMixer: Display: Output buffers initialized: Frames=1024, Channels=8, Samples=8192
[2026.03.14-17.47.39:978][531]LogAudioMixer: Display: Starting AudioMixerPlatformInterface::RunInternal()
[2026.03.14-17.47.39:978][531]LogAudioMixer: Display: FMixerPlatformXAudio2::SubmitBuffer() called for the first time
[2026.03.14-17.47.39:978][531]LogInit: FAudioDevice initialized.
[2026.03.14-17.47.39:978][531]LogAudio: Display: Audio Device (ID: 11) registered with world 'MainLevel'.
[2026.03.14-17.47.40:004][531]LogSlate: Updating window title bar state: overlay mode, drag disabled, window buttons hidden, title bar hidden
[2026.03.14-17.47.40:004][531]LogLoad: Game class is 'GM_RoadHopper_C'
[2026.03.14-17.47.40:041][531]LogWorld: Bringing World /Game/Levels/UEDPIE_0_MainLevel.MainLevel up for play (max tick rate 0) at 2026.03.14-11.47.40
[2026.03.14-17.47.40:042][531]LogWorld: Bringing up level for play took: 0.037386
[2026.03.14-17.47.40:042][531]LogOnline: OSS: Creating online subsystem instance for: :Context_15
[2026.03.14-17.47.40:043][531]LogGameMode: FindPlayerStart: PATHS NOT DEFINED or NO PLAYERSTART with positive rating
[2026.03.14-17.47.40:050][531]LogBlueprintUserMessages: [GM_RoadHopper_C_0] Hello
[2026.03.14-17.47.40:051][531]PIE: Server logged in
[2026.03.14-17.47.40:051][531]PIE: Play in editor total start time 0.249 seconds.
[2026.03.14-17.47.50:025][717]LogSlate: Updating window title bar state: overlay mode, drag disabled, window buttons hidden, title bar hidden
[2026.03.14-17.47.50:025][717]LogWorld: BeginTearingDown for /Game/Levels/UEDPIE_0_MainLevel
[2026.03.14-17.47.50:027][717]LogSlate: Window 'RoadHopper Preview [NetMode: Standalone]  (64-bit/Windows) ' being destroyed
[2026.03.14-17.47.50:035][717]LogWorld: UWorld::CleanupWorld for MainLevel, bSessionEnded=true, bCleanupResources=true
[2026.03.14-17.47.50:074][717]LogSlate: InvalidateAllWidgets triggered.  All widgets were invalidated
[2026.03.14-17.47.50:085][717]LogPlayLevel: Display: Shutting down PIE online subsystems
[2026.03.14-17.47.50:093][717]LogSlate: InvalidateAllWidgets triggered.  All widgets were invalidated
[2026.03.14-17.47.50:115][717]LogAudioMixer: FMixerPlatformXAudio2::StopAudioStream() called
[2026.03.14-17.47.50:116][717]LogAudioMixer: FMixerPlatformXAudio2::StopAudioStream() called
[2026.03.14-17.47.50:124][717]LogUObjectHash: Compacting FUObjectHashTables data took   1.67ms
[2026.03.14-17.47.50:138][718]LogPlayLevel: Display: Destroying online subsystem :Context_15
[2026.03.14-17.47.51:141][837]LogTemp: Repeating last play command: Selected Viewport
[2026.03.14-17.47.51:145][837]LogPlayLevel: PlayLevel: No blueprints needed recompiling
[2026.03.14-17.47.51:145][837]PIE: New page: PIE session: MainLevel (Mar. 14, 2026, 5:47:51 a.m.)
[2026.03.14-17.47.51:145][837]LogPlayLevel: Creating play world package: /Game/Levels/UEDPIE_0_MainLevel
[2026.03.14-17.47.51:234][837]LogPlayLevel: PIE: StaticDuplicateObject took: (0.089065s)
[2026.03.14-17.47.51:235][837]LogAIModule: Creating AISystem for world MainLevel
[2026.03.14-17.47.51:235][837]LogPlayLevel: PIE: World Init took: (0.001197s)
[2026.03.14-17.47.51:235][837]LogPlayLevel: PIE: Created PIE world by copying editor world from /Game/Levels/MainLevel.MainLevel to /Game/Levels/UEDPIE_0_MainLevel.MainLevel (0.090468s)
[2026.03.14-17.47.51:252][837]LogUObjectHash: Compacting FUObjectHashTables data took   1.50ms
[2026.03.14-17.47.51:252][837]LogAudio: Display: Creating Audio Device:                 Id: 12, Scope: Unique, Realtime: True
[2026.03.14-17.47.51:252][837]LogAudioMixer: Display: Audio Mixer Platform Settings:
[2026.03.14-17.47.51:252][837]LogAudioMixer: Display: 	Sample Rate:						  48000
[2026.03.14-17.47.51:252][837]LogAudioMixer: Display: 	Callback Buffer Frame Size Requested: 1024
[2026.03.14-17.47.51:252][837]LogAudioMixer: Display: 	Callback Buffer Frame Size To Use:	  1024
[2026.03.14-17.47.51:252][837]LogAudioMixer: Display: 	Number of buffers to queue:			  2
[2026.03.14-17.47.51:252][837]LogAudioMixer: Display: 	Max Channels (voices):				  32
[2026.03.14-17.47.51:252][837]LogAudioMixer: Display: 	Number of Async Source Workers:		  0
[2026.03.14-17.47.51:252][837]LogAudio: Display: AudioDevice MaxSources: 32
[2026.03.14-17.47.51:252][837]LogAudio: Display: Audio Spatialization Plugin: None (built-in).
[2026.03.14-17.47.51:252][837]LogAudio: Display: Audio Reverb Plugin: None (built-in).
[2026.03.14-17.47.51:252][837]LogAudio: Display: Audio Occlusion Plugin: None (built-in).
[2026.03.14-17.47.51:252][837]LogAudioMixer: Display: Initializing audio mixer.
[2026.03.14-17.47.51:255][837]LogAudioMixer: Display: 0: FrontLeft
[2026.03.14-17.47.51:255][837]LogAudioMixer: Display: 1: FrontRight
[2026.03.14-17.47.51:255][837]LogAudioMixer: Display: 2: FrontCenter
[2026.03.14-17.47.51:255][837]LogAudioMixer: Display: 3: LowFrequency
[2026.03.14-17.47.51:255][837]LogAudioMixer: Display: 4: BackLeft
[2026.03.14-17.47.51:255][837]LogAudioMixer: Display: 5: BackRight
[2026.03.14-17.47.51:255][837]LogAudioMixer: Display: 6: SideLeft
[2026.03.14-17.47.51:255][837]LogAudioMixer: Display: 7: SideRight
[2026.03.14-17.47.51:268][837]LogAudioMixer: Display: Using Audio Device Headset Earphone (CORSAIR VOID PRO Wireless Gaming Headset)
[2026.03.14-17.47.51:269][837]LogAudioMixer: Display: Initializing Sound Submixes...
[2026.03.14-17.47.51:269][837]LogAudioMixer: Display: Creating Master Submix 'MasterSubmixDefault'
[2026.03.14-17.47.51:269][837]LogAudioMixer: Display: Creating Master Submix 'MasterReverbSubmixDefault'
[2026.03.14-17.47.51:269][837]LogAudioMixer: Display: Creating Master Submix 'MasterEQSubmixDefault'
[2026.03.14-17.47.51:269][837]LogAudioMixer: FMixerPlatformXAudio2::StartAudioStream() called
[2026.03.14-17.47.51:269][837]LogAudioMixer: Display: Output buffers initialized: Frames=1024, Channels=8, Samples=8192
[2026.03.14-17.47.51:270][837]LogAudioMixer: Display: Starting AudioMixerPlatformInterface::RunInternal()
[2026.03.14-17.47.51:270][837]LogAudioMixer: Display: FMixerPlatformXAudio2::SubmitBuffer() called for the first time
[2026.03.14-17.47.51:270][837]LogInit: FAudioDevice initialized.
[2026.03.14-17.47.51:270][837]LogAudio: Display: Audio Device (ID: 12) registered with world 'MainLevel'.
[2026.03.14-17.47.51:292][837]LogSlate: Updating window title bar state: overlay mode, drag disabled, window buttons hidden, title bar hidden
[2026.03.14-17.47.51:292][837]LogLoad: Game class is 'GM_RoadHopper_C'
[2026.03.14-17.47.51:329][837]LogWorld: Bringing World /Game/Levels/UEDPIE_0_MainLevel.MainLevel up for play (max tick rate 0) at 2026.03.14-11.47.51
[2026.03.14-17.47.51:330][837]LogWorld: Bringing up level for play took: 0.037038
[2026.03.14-17.47.51:330][837]LogOnline: OSS: Creating online subsystem instance for: :Context_16
[2026.03.14-17.47.51:331][837]LogGameMode: FindPlayerStart: PATHS NOT DEFINED or NO PLAYERSTART with positive rating
[2026.03.14-17.47.51:339][837]LogBlueprintUserMessages: [GM_RoadHopper_C_0] Hello
[2026.03.14-17.47.51:340][837]PIE: Server logged in
[2026.03.14-17.47.51:340][837]PIE: Play in editor total start time 0.196 seconds.
[2026.03.14-17.48.19:101][160]LogSlate: Updating window title bar state: overlay mode, drag disabled, window buttons hidden, title bar hidden
[2026.03.14-17.48.19:101][160]LogWorld: BeginTearingDown for /Game/Levels/UEDPIE_0_MainLevel
[2026.03.14-17.48.19:102][160]LogSlate: Window 'RoadHopper Preview [NetMode: Standalone]  (64-bit/Windows) ' being destroyed
[2026.03.14-17.48.19:111][160]LogWorld: UWorld::CleanupWorld for MainLevel, bSessionEnded=true, bCleanupResources=true
[2026.03.14-17.48.19:152][160]LogSlate: InvalidateAllWidgets triggered.  All widgets were invalidated
[2026.03.14-17.48.19:159][160]LogPlayLevel: Display: Shutting down PIE online subsystems
[2026.03.14-17.48.19:167][160]LogSlate: InvalidateAllWidgets triggered.  All widgets were invalidated
[2026.03.14-17.48.19:187][160]LogAudioMixer: FMixerPlatformXAudio2::StopAudioStream() called
[2026.03.14-17.48.19:188][160]LogAudioMixer: FMixerPlatformXAudio2::StopAudioStream() called
[2026.03.14-17.48.19:200][160]LogUObjectHash: Compacting FUObjectHashTables data took   1.65ms
[2026.03.14-17.48.19:215][161]LogPlayLevel: Display: Destroying online subsystem :Context_16
[2026.03.14-17.48.50:382][867]LogTemp: Repeating last play command: Selected Viewport
[2026.03.14-17.48.50:387][867]BlueprintLog: New page: Pre-Play auto-recompile
[2026.03.14-17.48.50:387][867]LogPlayLevel: [PlayLevel] Compiling BP_Player before play...
[2026.03.14-17.48.50:430][867]LogUObjectHash: Compacting FUObjectHashTables data took   1.93ms
[2026.03.14-17.48.50:431][867]LogPlayLevel: PlayLevel: Blueprint regeneration took 44 ms (1 blueprints)
[2026.03.14-17.48.50:431][867]PIE: New page: PIE session: MainLevel (Mar. 14, 2026, 5:48:50 a.m.)
[2026.03.14-17.48.50:431][867]LogPlayLevel: Creating play world package: /Game/Levels/UEDPIE_0_MainLevel
[2026.03.14-17.48.50:522][867]LogPlayLevel: PIE: StaticDuplicateObject took: (0.090944s)
[2026.03.14-17.48.50:523][867]LogAIModule: Creating AISystem for world MainLevel
[2026.03.14-17.48.50:523][867]LogPlayLevel: PIE: World Init took: (0.001216s)
[2026.03.14-17.48.50:523][867]LogPlayLevel: PIE: Created PIE world by copying editor world from /Game/Levels/MainLevel.MainLevel to /Game/Levels/UEDPIE_0_MainLevel.MainLevel (0.092357s)
[2026.03.14-17.48.50:539][867]LogUObjectHash: Compacting FUObjectHashTables data took   1.52ms
[2026.03.14-17.48.50:540][867]LogAudio: Display: Creating Audio Device:                 Id: 13, Scope: Unique, Realtime: True
[2026.03.14-17.48.50:540][867]LogAudioMixer: Display: Audio Mixer Platform Settings:
[2026.03.14-17.48.50:540][867]LogAudioMixer: Display: 	Sample Rate:						  48000
[2026.03.14-17.48.50:540][867]LogAudioMixer: Display: 	Callback Buffer Frame Size Requested: 1024
[2026.03.14-17.48.50:540][867]LogAudioMixer: Display: 	Callback Buffer Frame Size To Use:	  1024
[2026.03.14-17.48.50:540][867]LogAudioMixer: Display: 	Number of buffers to queue:			  2
[2026.03.14-17.48.50:540][867]LogAudioMixer: Display: 	Max Channels (voices):				  32
[2026.03.14-17.48.50:540][867]LogAudioMixer: Display: 	Number of Async Source Workers:		  0
[2026.03.14-17.48.50:540][867]LogAudio: Display: AudioDevice MaxSources: 32
[2026.03.14-17.48.50:540][867]LogAudio: Display: Audio Spatialization Plugin: None (built-in).
[2026.03.14-17.48.50:540][867]LogAudio: Display: Audio Reverb Plugin: None (built-in).
[2026.03.14-17.48.50:540][867]LogAudio: Display: Audio Occlusion Plugin: None (built-in).
[2026.03.14-17.48.50:540][867]LogAudioMixer: Display: Initializing audio mixer.
[2026.03.14-17.48.50:543][867]LogAudioMixer: Display: 0: FrontLeft
[2026.03.14-17.48.50:543][867]LogAudioMixer: Display: 1: FrontRight
[2026.03.14-17.48.50:543][867]LogAudioMixer: Display: 2: FrontCenter
[2026.03.14-17.48.50:543][867]LogAudioMixer: Display: 3: LowFrequency
[2026.03.14-17.48.50:543][867]LogAudioMixer: Display: 4: BackLeft
[2026.03.14-17.48.50:543][867]LogAudioMixer: Display: 5: BackRight
[2026.03.14-17.48.50:543][867]LogAudioMixer: Display: 6: SideLeft
[2026.03.14-17.48.50:543][867]LogAudioMixer: Display: 7: SideRight
[2026.03.14-17.48.50:555][867]LogAudioMixer: Display: Using Audio Device Headset Earphone (CORSAIR VOID PRO Wireless Gaming Headset)
[2026.03.14-17.48.50:555][867]LogAudioMixer: Display: Initializing Sound Submixes...
[2026.03.14-17.48.50:556][867]LogAudioMixer: Display: Creating Master Submix 'MasterSubmixDefault'
[2026.03.14-17.48.50:556][867]LogAudioMixer: Display: Creating Master Submix 'MasterReverbSubmixDefault'
[2026.03.14-17.48.50:556][867]LogAudioMixer: Display: Creating Master Submix 'MasterEQSubmixDefault'
[2026.03.14-17.48.50:556][867]LogAudioMixer: FMixerPlatformXAudio2::StartAudioStream() called
[2026.03.14-17.48.50:556][867]LogAudioMixer: Display: Output buffers initialized: Frames=1024, Channels=8, Samples=8192
[2026.03.14-17.48.50:557][867]LogAudioMixer: Display: Starting AudioMixerPlatformInterface::RunInternal()
[2026.03.14-17.48.50:557][867]LogAudioMixer: Display: FMixerPlatformXAudio2::SubmitBuffer() called for the first time
[2026.03.14-17.48.50:557][867]LogInit: FAudioDevice initialized.
[2026.03.14-17.48.50:557][867]LogAudio: Display: Audio Device (ID: 13) registered with world 'MainLevel'.
[2026.03.14-17.48.50:581][867]LogSlate: Updating window title bar state: overlay mode, drag disabled, window buttons hidden, title bar hidden
[2026.03.14-17.48.50:582][867]LogLoad: Game class is 'GM_RoadHopper_C'
[2026.03.14-17.48.50:618][867]LogWorld: Bringing World /Game/Levels/UEDPIE_0_MainLevel.MainLevel up for play (max tick rate 0) at 2026.03.14-11.48.50
[2026.03.14-17.48.50:619][867]LogWorld: Bringing up level for play took: 0.037293
[2026.03.14-17.48.50:619][867]LogOnline: OSS: Creating online subsystem instance for: :Context_17
[2026.03.14-17.48.50:621][867]LogGameMode: FindPlayerStart: PATHS NOT DEFINED or NO PLAYERSTART with positive rating
[2026.03.14-17.48.50:629][867]LogBlueprintUserMessages: [GM_RoadHopper_C_0] Hello
[2026.03.14-17.48.50:630][867]PIE: Server logged in
[2026.03.14-17.48.50:630][867]PIE: Play in editor total start time 0.244 seconds.
[2026.03.14-17.49.10:914][275]LogSlate: Updating window title bar state: overlay mode, drag disabled, window buttons hidden, title bar hidden
[2026.03.14-17.49.10:914][275]LogWorld: BeginTearingDown for /Game/Levels/UEDPIE_0_MainLevel
[2026.03.14-17.49.10:915][275]LogSlate: Window 'RoadHopper Preview [NetMode: Standalone]  (64-bit/Windows) ' being destroyed
[2026.03.14-17.49.10:923][275]LogWorld: UWorld::CleanupWorld for MainLevel, bSessionEnded=true, bCleanupResources=true
[2026.03.14-17.49.10:962][275]LogSlate: InvalidateAllWidgets triggered.  All widgets were invalidated
[2026.03.14-17.49.10:970][275]LogPlayLevel: Display: Shutting down PIE online subsystems
[2026.03.14-17.49.10:978][275]LogSlate: InvalidateAllWidgets triggered.  All widgets were invalidated
[2026.03.14-17.49.10:999][275]LogAudioMixer: FMixerPlatformXAudio2::StopAudioStream() called
[2026.03.14-17.49.11:000][275]LogAudioMixer: FMixerPlatformXAudio2::StopAudioStream() called
[2026.03.14-17.49.11:011][275]LogUObjectHash: Compacting FUObjectHashTables data took   1.79ms
[2026.03.14-17.49.11:027][276]LogPlayLevel: Display: Destroying online subsystem :Context_17
[2026.03.14-17.50.51:310][280]Cmd: OBJ SAVEPACKAGE PACKAGE="/Game/Blueprints/BP_Player" FILE="C:/Users/titan/Desktop/Titan_RoadHopper/RoadHopper4.27/Content/Blueprints/BP_Player.uasset" SILENT=true
[2026.03.14-17.50.51:324][280]LogSavePackage: Moving 'C:/Users/titan/Desktop/Titan_RoadHopper/RoadHopper4.27/Saved/BP_PlayerB9AF246A4F7E6D156D7DBA92DBC86D5F.tmp' to 'C:/Users/titan/Desktop/Titan_RoadHopper/RoadHopper4.27/Content/Blueprints/BP_Player.uasset'
[2026.03.14-17.50.51:338][280]AssetCheck: New page: Asset Save: BP_Player
[2026.03.14-17.50.51:339][280]LogContentValidation: Display: Validating Blueprint /Game/Blueprints/BP_Player.BP_Player
[2026.03.14-17.50.52:747][442]BlueprintLog: New page: Compile BP_Player
[2026.03.14-17.50.52:780][442]LogUObjectHash: Compacting FUObjectHashTables data took   1.90ms
[2026.03.14-17.50.53:829][557]LogTemp: Repeating last play command: Selected Viewport
[2026.03.14-17.50.53:833][557]LogPlayLevel: PlayLevel: No blueprints needed recompiling
[2026.03.14-17.50.53:833][557]PIE: New page: PIE session: MainLevel (Mar. 14, 2026, 5:50:53 a.m.)
[2026.03.14-17.50.53:833][557]LogPlayLevel: Creating play world package: /Game/Levels/UEDPIE_0_MainLevel
[2026.03.14-17.50.53:921][557]LogPlayLevel: PIE: StaticDuplicateObject took: (0.088136s)
[2026.03.14-17.50.53:922][557]LogAIModule: Creating AISystem for world MainLevel
[2026.03.14-17.50.53:922][557]LogPlayLevel: PIE: World Init took: (0.001238s)
[2026.03.14-17.50.53:922][557]LogPlayLevel: PIE: Created PIE world by copying editor world from /Game/Levels/MainLevel.MainLevel to /Game/Levels/UEDPIE_0_MainLevel.MainLevel (0.089567s)
[2026.03.14-17.50.53:941][557]LogUObjectHash: Compacting FUObjectHashTables data took   2.23ms
[2026.03.14-17.50.53:941][557]LogAudio: Display: Creating Audio Device:                 Id: 14, Scope: Unique, Realtime: True
[2026.03.14-17.50.53:941][557]LogAudioMixer: Display: Audio Mixer Platform Settings:
[2026.03.14-17.50.53:941][557]LogAudioMixer: Display: 	Sample Rate:						  48000
[2026.03.14-17.50.53:941][557]LogAudioMixer: Display: 	Callback Buffer Frame Size Requested: 1024
[2026.03.14-17.50.53:941][557]LogAudioMixer: Display: 	Callback Buffer Frame Size To Use:	  1024
[2026.03.14-17.50.53:941][557]LogAudioMixer: Display: 	Number of buffers to queue:			  2
[2026.03.14-17.50.53:941][557]LogAudioMixer: Display: 	Max Channels (voices):				  32
[2026.03.14-17.50.53:941][557]LogAudioMixer: Display: 	Number of Async Source Workers:		  0
[2026.03.14-17.50.53:942][557]LogAudio: Display: AudioDevice MaxSources: 32
[2026.03.14-17.50.53:942][557]LogAudio: Display: Audio Spatialization Plugin: None (built-in).
[2026.03.14-17.50.53:942][557]LogAudio: Display: Audio Reverb Plugin: None (built-in).
[2026.03.14-17.50.53:942][557]LogAudio: Display: Audio Occlusion Plugin: None (built-in).
[2026.03.14-17.50.53:942][557]LogAudioMixer: Display: Initializing audio mixer.
[2026.03.14-17.50.53:945][557]LogAudioMixer: Display: 0: FrontLeft
[2026.03.14-17.50.53:945][557]LogAudioMixer: Display: 1: FrontRight
[2026.03.14-17.50.53:945][557]LogAudioMixer: Display: 2: FrontCenter
[2026.03.14-17.50.53:945][557]LogAudioMixer: Display: 3: LowFrequency
[2026.03.14-17.50.53:945][557]LogAudioMixer: Display: 4: BackLeft
[2026.03.14-17.50.53:945][557]LogAudioMixer: Display: 5: BackRight
[2026.03.14-17.50.53:945][557]LogAudioMixer: Display: 6: SideLeft
[2026.03.14-17.50.53:945][557]LogAudioMixer: Display: 7: SideRight
[2026.03.14-17.50.53:959][557]LogAudioMixer: Display: Using Audio Device Headset Earphone (CORSAIR VOID PRO Wireless Gaming Headset)
[2026.03.14-17.50.53:959][557]LogAudioMixer: Display: Initializing Sound Submixes...
[2026.03.14-17.50.53:959][557]LogAudioMixer: Display: Creating Master Submix 'MasterSubmixDefault'
[2026.03.14-17.50.53:959][557]LogAudioMixer: Display: Creating Master Submix 'MasterReverbSubmixDefault'
[2026.03.14-17.50.53:960][557]LogAudioMixer: Display: Creating Master Submix 'MasterEQSubmixDefault'
[2026.03.14-17.50.53:960][557]LogAudioMixer: FMixerPlatformXAudio2::StartAudioStream() called
[2026.03.14-17.50.53:960][557]LogAudioMixer: Display: Output buffers initialized: Frames=1024, Channels=8, Samples=8192
[2026.03.14-17.50.53:961][557]LogAudioMixer: Display: Starting AudioMixerPlatformInterface::RunInternal()
[2026.03.14-17.50.53:961][557]LogAudioMixer: Display: FMixerPlatformXAudio2::SubmitBuffer() called for the first time
[2026.03.14-17.50.53:961][557]LogInit: FAudioDevice initialized.
[2026.03.14-17.50.53:961][557]LogAudio: Display: Audio Device (ID: 14) registered with world 'MainLevel'.
[2026.03.14-17.50.53:983][557]LogSlate: Updating window title bar state: overlay mode, drag disabled, window buttons hidden, title bar hidden
[2026.03.14-17.50.53:983][557]LogLoad: Game class is 'GM_RoadHopper_C'
[2026.03.14-17.50.54:020][557]LogWorld: Bringing World /Game/Levels/UEDPIE_0_MainLevel.MainLevel up for play (max tick rate 0) at 2026.03.14-11.50.54
[2026.03.14-17.50.54:021][557]LogWorld: Bringing up level for play took: 0.037278
[2026.03.14-17.50.54:021][557]LogOnline: OSS: Creating online subsystem instance for: :Context_18
[2026.03.14-17.50.54:022][557]LogGameMode: FindPlayerStart: PATHS NOT DEFINED or NO PLAYERSTART with positive rating
[2026.03.14-17.50.54:030][557]LogBlueprintUserMessages: [GM_RoadHopper_C_0] Hello
[2026.03.14-17.50.54:031][557]PIE: Server logged in
[2026.03.14-17.50.54:032][557]PIE: Play in editor total start time 0.199 seconds.
[2026.03.14-17.51.03:238][644]LogSlate: Updating window title bar state: overlay mode, drag disabled, window buttons hidden, title bar hidden
[2026.03.14-17.51.03:238][644]LogWorld: BeginTearingDown for /Game/Levels/UEDPIE_0_MainLevel
[2026.03.14-17.51.03:239][644]LogSlate: Window 'RoadHopper Preview [NetMode: Standalone]  (64-bit/Windows) ' being destroyed
[2026.03.14-17.51.03:247][644]LogWorld: UWorld::CleanupWorld for MainLevel, bSessionEnded=true, bCleanupResources=true
[2026.03.14-17.51.03:288][644]LogSlate: InvalidateAllWidgets triggered.  All widgets were invalidated
[2026.03.14-17.51.03:296][644]LogPlayLevel: Display: Shutting down PIE online subsystems
[2026.03.14-17.51.03:305][644]LogSlate: InvalidateAllWidgets triggered.  All widgets were invalidated
[2026.03.14-17.51.03:323][644]LogAudio: Display: Audio Device unregistered from world 'None'.
[2026.03.14-17.51.03:325][644]LogAudioMixer: FMixerPlatformXAudio2::StopAudioStream() called
[2026.03.14-17.51.03:325][644]LogAudioMixer: FMixerPlatformXAudio2::StopAudioStream() called
[2026.03.14-17.51.03:334][644]LogUObjectHash: Compacting FUObjectHashTables data took   1.74ms
[2026.03.14-17.51.03:355][645]LogPlayLevel: Display: Destroying online subsystem :Context_18
[2026.03.14-17.51.12:757][732]LogTemp: Repeating last play command: Selected Viewport
[2026.03.14-17.51.12:760][732]BlueprintLog: New page: Pre-Play auto-recompile
[2026.03.14-17.51.12:761][732]LogPlayLevel: [PlayLevel] Compiling BP_Player before play...
[2026.03.14-17.51.12:804][732]LogUObjectHash: Compacting FUObjectHashTables data took   2.20ms
[2026.03.14-17.51.12:804][732]LogPlayLevel: PlayLevel: Blueprint regeneration took 43 ms (1 blueprints)
[2026.03.14-17.51.12:804][732]PIE: New page: PIE session: MainLevel (Mar. 14, 2026, 5:51:12 a.m.)
[2026.03.14-17.51.12:804][732]LogPlayLevel: Creating play world package: /Game/Levels/UEDPIE_0_MainLevel
[2026.03.14-17.51.12:892][732]LogPlayLevel: PIE: StaticDuplicateObject took: (0.088400s)
[2026.03.14-17.51.12:893][732]LogAIModule: Creating AISystem for world MainLevel
[2026.03.14-17.51.12:894][732]LogPlayLevel: PIE: World Init took: (0.001404s)
[2026.03.14-17.51.12:894][732]LogPlayLevel: PIE: Created PIE world by copying editor world from /Game/Levels/MainLevel.MainLevel to /Game/Levels/UEDPIE_0_MainLevel.MainLevel (0.090013s)
[2026.03.14-17.51.12:910][732]LogUObjectHash: Compacting FUObjectHashTables data took   1.75ms
[2026.03.14-17.51.12:911][732]LogAudio: Display: Creating Audio Device:                 Id: 15, Scope: Unique, Realtime: True
[2026.03.14-17.51.12:911][732]LogAudioMixer: Display: Audio Mixer Platform Settings:
[2026.03.14-17.51.12:911][732]LogAudioMixer: Display: 	Sample Rate:						  48000
[2026.03.14-17.51.12:911][732]LogAudioMixer: Display: 	Callback Buffer Frame Size Requested: 1024
[2026.03.14-17.51.12:911][732]LogAudioMixer: Display: 	Callback Buffer Frame Size To Use:	  1024
[2026.03.14-17.51.12:911][732]LogAudioMixer: Display: 	Number of buffers to queue:			  2
[2026.03.14-17.51.12:911][732]LogAudioMixer: Display: 	Max Channels (voices):				  32
[2026.03.14-17.51.12:911][732]LogAudioMixer: Display: 	Number of Async Source Workers:		  0
[2026.03.14-17.51.12:911][732]LogAudio: Display: AudioDevice MaxSources: 32
[2026.03.14-17.51.12:911][732]LogAudio: Display: Audio Spatialization Plugin: None (built-in).
[2026.03.14-17.51.12:911][732]LogAudio: Display: Audio Reverb Plugin: None (built-in).
[2026.03.14-17.51.12:911][732]LogAudio: Display: Audio Occlusion Plugin: None (built-in).
[2026.03.14-17.51.12:911][732]LogAudioMixer: Display: Initializing audio mixer.
[2026.03.14-17.51.12:914][732]LogAudioMixer: Display: 0: FrontLeft
[2026.03.14-17.51.12:914][732]LogAudioMixer: Display: 1: FrontRight
[2026.03.14-17.51.12:914][732]LogAudioMixer: Display: 2: FrontCenter
[2026.03.14-17.51.12:914][732]LogAudioMixer: Display: 3: LowFrequency
[2026.03.14-17.51.12:914][732]LogAudioMixer: Display: 4: BackLeft
[2026.03.14-17.51.12:914][732]LogAudioMixer: Display: 5: BackRight
[2026.03.14-17.51.12:914][732]LogAudioMixer: Display: 6: SideLeft
[2026.03.14-17.51.12:914][732]LogAudioMixer: Display: 7: SideRight
[2026.03.14-17.51.12:926][732]LogAudioMixer: Display: Using Audio Device Headset Earphone (CORSAIR VOID PRO Wireless Gaming Headset)
[2026.03.14-17.51.12:927][732]LogAudioMixer: Display: Initializing Sound Submixes...
[2026.03.14-17.51.12:927][732]LogAudioMixer: Display: Creating Master Submix 'MasterSubmixDefault'
[2026.03.14-17.51.12:927][732]LogAudioMixer: Display: Creating Master Submix 'MasterReverbSubmixDefault'
[2026.03.14-17.51.12:927][732]LogAudioMixer: Display: Creating Master Submix 'MasterEQSubmixDefault'
[2026.03.14-17.51.12:927][732]LogAudioMixer: FMixerPlatformXAudio2::StartAudioStream() called
[2026.03.14-17.51.12:927][732]LogAudioMixer: Display: Output buffers initialized: Frames=1024, Channels=8, Samples=8192
[2026.03.14-17.51.12:928][732]LogAudioMixer: Display: Starting AudioMixerPlatformInterface::RunInternal()
[2026.03.14-17.51.12:928][732]LogAudioMixer: Display: FMixerPlatformXAudio2::SubmitBuffer() called for the first time
[2026.03.14-17.51.12:928][732]LogInit: FAudioDevice initialized.
[2026.03.14-17.51.12:928][732]LogAudio: Display: Audio Device (ID: 15) registered with world 'MainLevel'.
[2026.03.14-17.51.12:949][732]LogSlate: Updating window title bar state: overlay mode, drag disabled, window buttons hidden, title bar hidden
[2026.03.14-17.51.12:949][732]LogLoad: Game class is 'GM_RoadHopper_C'
[2026.03.14-17.51.12:985][732]LogWorld: Bringing World /Game/Levels/UEDPIE_0_MainLevel.MainLevel up for play (max tick rate 0) at 2026.03.14-11.51.12
[2026.03.14-17.51.12:985][732]LogWorld: Bringing up level for play took: 0.035854
[2026.03.14-17.51.12:986][732]LogOnline: OSS: Creating online subsystem instance for: :Context_19
[2026.03.14-17.51.12:987][732]LogGameMode: FindPlayerStart: PATHS NOT DEFINED or NO PLAYERSTART with positive rating
[2026.03.14-17.51.12:994][732]LogBlueprintUserMessages: [GM_RoadHopper_C_0] Hello
[2026.03.14-17.51.12:995][732]PIE: Server logged in
[2026.03.14-17.51.12:995][732]PIE: Play in editor total start time 0.235 seconds.
[2026.03.14-17.51.37:053][608]LogSlate: Updating window title bar state: overlay mode, drag disabled, window buttons hidden, title bar hidden
[2026.03.14-17.51.37:054][608]LogWorld: BeginTearingDown for /Game/Levels/UEDPIE_0_MainLevel
[2026.03.14-17.51.37:054][608]LogSlate: Window 'RoadHopper Preview [NetMode: Standalone]  (64-bit/Windows) ' being destroyed
[2026.03.14-17.51.37:063][608]LogWorld: UWorld::CleanupWorld for MainLevel, bSessionEnded=true, bCleanupResources=true
[2026.03.14-17.51.37:103][608]LogSlate: InvalidateAllWidgets triggered.  All widgets were invalidated
[2026.03.14-17.51.37:114][608]LogPlayLevel: Display: Shutting down PIE online subsystems
[2026.03.14-17.51.37:124][608]LogSlate: InvalidateAllWidgets triggered.  All widgets were invalidated
[2026.03.14-17.51.37:147][608]LogAudioMixer: FMixerPlatformXAudio2::StopAudioStream() called
[2026.03.14-17.51.37:148][608]LogAudioMixer: FMixerPlatformXAudio2::StopAudioStream() called
[2026.03.14-17.51.37:161][608]LogUObjectHash: Compacting FUObjectHashTables data took   2.11ms
[2026.03.14-17.51.37:179][609]LogPlayLevel: Display: Destroying online subsystem :Context_19
[2026.03.14-17.52.44:860][607]LogTemp: Repeating last play command: Selected Viewport
[2026.03.14-17.52.44:864][607]BlueprintLog: New page: Pre-Play auto-recompile
[2026.03.14-17.52.44:865][607]LogPlayLevel: [PlayLevel] Compiling BP_Player before play...
[2026.03.14-17.52.44:909][607]LogUObjectHash: Compacting FUObjectHashTables data took   2.24ms
[2026.03.14-17.52.44:910][607]LogPlayLevel: PlayLevel: Blueprint regeneration took 46 ms (1 blueprints)
[2026.03.14-17.52.44:910][607]PIE: New page: PIE session: MainLevel (Mar. 14, 2026, 5:52:44 a.m.)
[2026.03.14-17.52.44:910][607]LogPlayLevel: Creating play world package: /Game/Levels/UEDPIE_0_MainLevel
[2026.03.14-17.52.45:000][607]LogPlayLevel: PIE: StaticDuplicateObject took: (0.089135s)
[2026.03.14-17.52.45:001][607]LogAIModule: Creating AISystem for world MainLevel
[2026.03.14-17.52.45:001][607]LogPlayLevel: PIE: World Init took: (0.001150s)
[2026.03.14-17.52.45:001][607]LogPlayLevel: PIE: Created PIE world by copying editor world from /Game/Levels/MainLevel.MainLevel to /Game/Levels/UEDPIE_0_MainLevel.MainLevel (0.090468s)
[2026.03.14-17.52.45:017][607]LogUObjectHash: Compacting FUObjectHashTables data took   1.54ms
[2026.03.14-17.52.45:018][607]LogAudio: Display: Creating Audio Device:                 Id: 16, Scope: Unique, Realtime: True
[2026.03.14-17.52.45:018][607]LogAudioMixer: Display: Audio Mixer Platform Settings:
[2026.03.14-17.52.45:018][607]LogAudioMixer: Display: 	Sample Rate:						  48000
[2026.03.14-17.52.45:018][607]LogAudioMixer: Display: 	Callback Buffer Frame Size Requested: 1024
[2026.03.14-17.52.45:018][607]LogAudioMixer: Display: 	Callback Buffer Frame Size To Use:	  1024
[2026.03.14-17.52.45:018][607]LogAudioMixer: Display: 	Number of buffers to queue:			  2
[2026.03.14-17.52.45:018][607]LogAudioMixer: Display: 	Max Channels (voices):				  32
[2026.03.14-17.52.45:018][607]LogAudioMixer: Display: 	Number of Async Source Workers:		  0
[2026.03.14-17.52.45:018][607]LogAudio: Display: AudioDevice MaxSources: 32
[2026.03.14-17.52.45:018][607]LogAudio: Display: Audio Spatialization Plugin: None (built-in).
[2026.03.14-17.52.45:018][607]LogAudio: Display: Audio Reverb Plugin: None (built-in).
[2026.03.14-17.52.45:018][607]LogAudio: Display: Audio Occlusion Plugin: None (built-in).
[2026.03.14-17.52.45:018][607]LogAudioMixer: Display: Initializing audio mixer.
[2026.03.14-17.52.45:021][607]LogAudioMixer: Display: 0: FrontLeft
[2026.03.14-17.52.45:021][607]LogAudioMixer: Display: 1: FrontRight
[2026.03.14-17.52.45:021][607]LogAudioMixer: Display: 2: FrontCenter
[2026.03.14-17.52.45:021][607]LogAudioMixer: Display: 3: LowFrequency
[2026.03.14-17.52.45:021][607]LogAudioMixer: Display: 4: BackLeft
[2026.03.14-17.52.45:021][607]LogAudioMixer: Display: 5: BackRight
[2026.03.14-17.52.45:021][607]LogAudioMixer: Display: 6: SideLeft
[2026.03.14-17.52.45:021][607]LogAudioMixer: Display: 7: SideRight
[2026.03.14-17.52.45:033][607]LogAudioMixer: Display: Using Audio Device Headset Earphone (CORSAIR VOID PRO Wireless Gaming Headset)
[2026.03.14-17.52.45:034][607]LogAudioMixer: Display: Initializing Sound Submixes...
[2026.03.14-17.52.45:034][607]LogAudioMixer: Display: Creating Master Submix 'MasterSubmixDefault'
[2026.03.14-17.52.45:034][607]LogAudioMixer: Display: Creating Master Submix 'MasterReverbSubmixDefault'
[2026.03.14-17.52.45:034][607]LogAudioMixer: Display: Creating Master Submix 'MasterEQSubmixDefault'
[2026.03.14-17.52.45:034][607]LogAudioMixer: FMixerPlatformXAudio2::StartAudioStream() called
[2026.03.14-17.52.45:034][607]LogAudioMixer: Display: Output buffers initialized: Frames=1024, Channels=8, Samples=8192
[2026.03.14-17.52.45:035][607]LogAudioMixer: Display: Starting AudioMixerPlatformInterface::RunInternal()
[2026.03.14-17.52.45:035][607]LogAudioMixer: Display: FMixerPlatformXAudio2::SubmitBuffer() called for the first time
[2026.03.14-17.52.45:035][607]LogInit: FAudioDevice initialized.
[2026.03.14-17.52.45:035][607]LogAudio: Display: Audio Device (ID: 16) registered with world 'MainLevel'.
[2026.03.14-17.52.45:058][607]LogSlate: Updating window title bar state: overlay mode, drag disabled, window buttons hidden, title bar hidden
[2026.03.14-17.52.45:058][607]LogLoad: Game class is 'GM_RoadHopper_C'
[2026.03.14-17.52.45:094][607]LogWorld: Bringing World /Game/Levels/UEDPIE_0_MainLevel.MainLevel up for play (max tick rate 0) at 2026.03.14-11.52.45
[2026.03.14-17.52.45:095][607]LogWorld: Bringing up level for play took: 0.036634
[2026.03.14-17.52.45:095][607]LogOnline: OSS: Creating online subsystem instance for: :Context_20
[2026.03.14-17.52.45:097][607]LogGameMode: FindPlayerStart: PATHS NOT DEFINED or NO PLAYERSTART with positive rating
[2026.03.14-17.52.45:104][607]LogBlueprintUserMessages: [GM_RoadHopper_C_0] Hello
[2026.03.14-17.52.45:105][607]PIE: Server logged in
[2026.03.14-17.52.45:105][607]PIE: Play in editor total start time 0.241 seconds.
[2026.03.14-17.52.52:392][472]LogSlate: Updating window title bar state: overlay mode, drag disabled, window buttons hidden, title bar hidden
[2026.03.14-17.52.52:393][472]LogWorld: BeginTearingDown for /Game/Levels/UEDPIE_0_MainLevel
[2026.03.14-17.52.52:393][472]LogSlate: Window 'RoadHopper Preview [NetMode: Standalone]  (64-bit/Windows) ' being destroyed
[2026.03.14-17.52.52:402][472]LogWorld: UWorld::CleanupWorld for MainLevel, bSessionEnded=true, bCleanupResources=true
[2026.03.14-17.52.52:441][472]LogSlate: InvalidateAllWidgets triggered.  All widgets were invalidated
[2026.03.14-17.52.52:451][472]LogPlayLevel: Display: Shutting down PIE online subsystems
[2026.03.14-17.52.52:459][472]LogSlate: InvalidateAllWidgets triggered.  All widgets were invalidated
[2026.03.14-17.52.52:478][472]LogAudioMixer: FMixerPlatformXAudio2::StopAudioStream() called
[2026.03.14-17.52.52:479][472]LogAudioMixer: FMixerPlatformXAudio2::StopAudioStream() called
[2026.03.14-17.52.52:493][472]LogUObjectHash: Compacting FUObjectHashTables data took   1.72ms
[2026.03.14-17.52.52:510][473]LogPlayLevel: Display: Destroying online subsystem :Context_20
[2026.03.14-17.52.56:153][907]LogTemp: Repeating last play command: Selected Viewport
[2026.03.14-17.52.56:157][907]BlueprintLog: New page: Pre-Play auto-recompile
[2026.03.14-17.52.56:158][907]LogPlayLevel: [PlayLevel] Compiling BP_Player before play...
[2026.03.14-17.52.56:200][907]LogUObjectHash: Compacting FUObjectHashTables data took   1.99ms
[2026.03.14-17.52.56:200][907]LogPlayLevel: PlayLevel: Blueprint regeneration took 43 ms (1 blueprints)
[2026.03.14-17.52.56:200][907]PIE: New page: PIE session: MainLevel (Mar. 14, 2026, 5:52:56 a.m.)
[2026.03.14-17.52.56:201][907]LogPlayLevel: Creating play world package: /Game/Levels/UEDPIE_0_MainLevel
[2026.03.14-17.52.56:290][907]LogPlayLevel: PIE: StaticDuplicateObject took: (0.089909s)
[2026.03.14-17.52.56:291][907]LogAIModule: Creating AISystem for world MainLevel
[2026.03.14-17.52.56:292][907]LogPlayLevel: PIE: World Init took: (0.001332s)
[2026.03.14-17.52.56:292][907]LogPlayLevel: PIE: Created PIE world by copying editor world from /Game/Levels/MainLevel.MainLevel to /Game/Levels/UEDPIE_0_MainLevel.MainLevel (0.091455s)
[2026.03.14-17.52.56:311][907]LogUObjectHash: Compacting FUObjectHashTables data took   1.76ms
[2026.03.14-17.52.56:312][907]LogAudio: Display: Creating Audio Device:                 Id: 17, Scope: Unique, Realtime: True
[2026.03.14-17.52.56:312][907]LogAudioMixer: Display: Audio Mixer Platform Settings:
[2026.03.14-17.52.56:312][907]LogAudioMixer: Display: 	Sample Rate:						  48000
[2026.03.14-17.52.56:312][907]LogAudioMixer: Display: 	Callback Buffer Frame Size Requested: 1024
[2026.03.14-17.52.56:312][907]LogAudioMixer: Display: 	Callback Buffer Frame Size To Use:	  1024
[2026.03.14-17.52.56:312][907]LogAudioMixer: Display: 	Number of buffers to queue:			  2
[2026.03.14-17.52.56:312][907]LogAudioMixer: Display: 	Max Channels (voices):				  32
[2026.03.14-17.52.56:312][907]LogAudioMixer: Display: 	Number of Async Source Workers:		  0
[2026.03.14-17.52.56:312][907]LogAudio: Display: AudioDevice MaxSources: 32
[2026.03.14-17.52.56:312][907]LogAudio: Display: Audio Spatialization Plugin: None (built-in).
[2026.03.14-17.52.56:312][907]LogAudio: Display: Audio Reverb Plugin: None (built-in).
[2026.03.14-17.52.56:312][907]LogAudio: Display: Audio Occlusion Plugin: None (built-in).
[2026.03.14-17.52.56:312][907]LogAudioMixer: Display: Initializing audio mixer.
[2026.03.14-17.52.56:315][907]LogAudioMixer: Display: 0: FrontLeft
[2026.03.14-17.52.56:316][907]LogAudioMixer: Display: 1: FrontRight
[2026.03.14-17.52.56:316][907]LogAudioMixer: Display: 2: FrontCenter
[2026.03.14-17.52.56:316][907]LogAudioMixer: Display: 3: LowFrequency
[2026.03.14-17.52.56:316][907]LogAudioMixer: Display: 4: BackLeft
[2026.03.14-17.52.56:316][907]LogAudioMixer: Display: 5: BackRight
[2026.03.14-17.52.56:316][907]LogAudioMixer: Display: 6: SideLeft
[2026.03.14-17.52.56:316][907]LogAudioMixer: Display: 7: SideRight
[2026.03.14-17.52.56:329][907]LogAudioMixer: Display: Using Audio Device Headset Earphone (CORSAIR VOID PRO Wireless Gaming Headset)
[2026.03.14-17.52.56:329][907]LogAudioMixer: Display: Initializing Sound Submixes...
[2026.03.14-17.52.56:329][907]LogAudioMixer: Display: Creating Master Submix 'MasterSubmixDefault'
[2026.03.14-17.52.56:329][907]LogAudioMixer: Display: Creating Master Submix 'MasterReverbSubmixDefault'
[2026.03.14-17.52.56:330][907]LogAudioMixer: Display: Creating Master Submix 'MasterEQSubmixDefault'
[2026.03.14-17.52.56:330][907]LogAudioMixer: FMixerPlatformXAudio2::StartAudioStream() called
[2026.03.14-17.52.56:330][907]LogAudioMixer: Display: Output buffers initialized: Frames=1024, Channels=8, Samples=8192
[2026.03.14-17.52.56:331][907]LogAudioMixer: Display: Starting AudioMixerPlatformInterface::RunInternal()
[2026.03.14-17.52.56:331][907]LogAudioMixer: Display: FMixerPlatformXAudio2::SubmitBuffer() called for the first time
[2026.03.14-17.52.56:331][907]LogInit: FAudioDevice initialized.
[2026.03.14-17.52.56:331][907]LogAudio: Display: Audio Device (ID: 17) registered with world 'MainLevel'.
[2026.03.14-17.52.56:354][907]LogSlate: Updating window title bar state: overlay mode, drag disabled, window buttons hidden, title bar hidden
[2026.03.14-17.52.56:354][907]LogLoad: Game class is 'GM_RoadHopper_C'
[2026.03.14-17.52.56:390][907]LogWorld: Bringing World /Game/Levels/UEDPIE_0_MainLevel.MainLevel up for play (max tick rate 0) at 2026.03.14-11.52.56
[2026.03.14-17.52.56:391][907]LogWorld: Bringing up level for play took: 0.036393
[2026.03.14-17.52.56:391][907]LogOnline: OSS: Creating online subsystem instance for: :Context_21
[2026.03.14-17.52.56:393][907]LogGameMode: FindPlayerStart: PATHS NOT DEFINED or NO PLAYERSTART with positive rating
[2026.03.14-17.52.56:401][907]LogBlueprintUserMessages: [GM_RoadHopper_C_0] Hello
[2026.03.14-17.52.56:402][907]PIE: Server logged in
[2026.03.14-17.52.56:402][907]PIE: Play in editor total start time 0.246 seconds.
[2026.03.14-17.53.00:271][357]LogSlate: Updating window title bar state: overlay mode, drag disabled, window buttons hidden, title bar hidden
[2026.03.14-17.53.00:272][357]LogWorld: BeginTearingDown for /Game/Levels/UEDPIE_0_MainLevel
[2026.03.14-17.53.00:273][357]LogSlate: Window 'RoadHopper Preview [NetMode: Standalone]  (64-bit/Windows) ' being destroyed
[2026.03.14-17.53.00:281][357]LogWorld: UWorld::CleanupWorld for MainLevel, bSessionEnded=true, bCleanupResources=true
[2026.03.14-17.53.00:321][357]LogSlate: InvalidateAllWidgets triggered.  All widgets were invalidated
[2026.03.14-17.53.00:326][357]LogPlayLevel: Display: Shutting down PIE online subsystems
[2026.03.14-17.53.00:335][357]LogSlate: InvalidateAllWidgets triggered.  All widgets were invalidated
[2026.03.14-17.53.00:357][357]LogAudioMixer: FMixerPlatformXAudio2::StopAudioStream() called
[2026.03.14-17.53.00:358][357]LogAudioMixer: FMixerPlatformXAudio2::StopAudioStream() called
[2026.03.14-17.53.00:371][357]LogUObjectHash: Compacting FUObjectHashTables data took   1.69ms
[2026.03.14-17.53.00:387][358]LogPlayLevel: Display: Destroying online subsystem :Context_21
[2026.03.14-17.53.48:671][  7]LogTemp: Repeating last play command: Selected Viewport
[2026.03.14-17.53.48:675][  7]BlueprintLog: New page: Pre-Play auto-recompile
[2026.03.14-17.53.48:675][  7]LogPlayLevel: [PlayLevel] Compiling BP_Player before play...
[2026.03.14-17.53.48:719][  7]LogUObjectHash: Compacting FUObjectHashTables data took   1.91ms
[2026.03.14-17.53.48:720][  7]LogPlayLevel: PlayLevel: Blueprint regeneration took 45 ms (1 blueprints)
[2026.03.14-17.53.48:720][  7]PIE: New page: PIE session: MainLevel (Mar. 14, 2026, 5:53:48 a.m.)
[2026.03.14-17.53.48:720][  7]LogPlayLevel: Creating play world package: /Game/Levels/UEDPIE_0_MainLevel
[2026.03.14-17.53.48:810][  7]LogPlayLevel: PIE: StaticDuplicateObject took: (0.089804s)
[2026.03.14-17.53.48:811][  7]LogAIModule: Creating AISystem for world MainLevel
[2026.03.14-17.53.48:811][  7]LogPlayLevel: PIE: World Init took: (0.001253s)
[2026.03.14-17.53.48:812][  7]LogPlayLevel: PIE: Created PIE world by copying editor world from /Game/Levels/MainLevel.MainLevel to /Game/Levels/UEDPIE_0_MainLevel.MainLevel (0.091266s)
[2026.03.14-17.53.48:828][  7]LogUObjectHash: Compacting FUObjectHashTables data took   1.65ms
[2026.03.14-17.53.48:828][  7]LogAudio: Display: Creating Audio Device:                 Id: 18, Scope: Unique, Realtime: True
[2026.03.14-17.53.48:828][  7]LogAudioMixer: Display: Audio Mixer Platform Settings:
[2026.03.14-17.53.48:828][  7]LogAudioMixer: Display: 	Sample Rate:						  48000
[2026.03.14-17.53.48:828][  7]LogAudioMixer: Display: 	Callback Buffer Frame Size Requested: 1024
[2026.03.14-17.53.48:828][  7]LogAudioMixer: Display: 	Callback Buffer Frame Size To Use:	  1024
[2026.03.14-17.53.48:828][  7]LogAudioMixer: Display: 	Number of buffers to queue:			  2
[2026.03.14-17.53.48:828][  7]LogAudioMixer: Display: 	Max Channels (voices):				  32
[2026.03.14-17.53.48:828][  7]LogAudioMixer: Display: 	Number of Async Source Workers:		  0
[2026.03.14-17.53.48:828][  7]LogAudio: Display: AudioDevice MaxSources: 32
[2026.03.14-17.53.48:829][  7]LogAudio: Display: Audio Spatialization Plugin: None (built-in).
[2026.03.14-17.53.48:829][  7]LogAudio: Display: Audio Reverb Plugin: None (built-in).
[2026.03.14-17.53.48:829][  7]LogAudio: Display: Audio Occlusion Plugin: None (built-in).
[2026.03.14-17.53.48:829][  7]LogAudioMixer: Display: Initializing audio mixer.
[2026.03.14-17.53.48:832][  7]LogAudioMixer: Display: 0: FrontLeft
[2026.03.14-17.53.48:832][  7]LogAudioMixer: Display: 1: FrontRight
[2026.03.14-17.53.48:832][  7]LogAudioMixer: Display: 2: FrontCenter
[2026.03.14-17.53.48:832][  7]LogAudioMixer: Display: 3: LowFrequency
[2026.03.14-17.53.48:832][  7]LogAudioMixer: Display: 4: BackLeft
[2026.03.14-17.53.48:832][  7]LogAudioMixer: Display: 5: BackRight
[2026.03.14-17.53.48:832][  7]LogAudioMixer: Display: 6: SideLeft
[2026.03.14-17.53.48:832][  7]LogAudioMixer: Display: 7: SideRight
[2026.03.14-17.53.48:845][  7]LogAudioMixer: Display: Using Audio Device Headset Earphone (CORSAIR VOID PRO Wireless Gaming Headset)
[2026.03.14-17.53.48:845][  7]LogAudioMixer: Display: Initializing Sound Submixes...
[2026.03.14-17.53.48:845][  7]LogAudioMixer: Display: Creating Master Submix 'MasterSubmixDefault'
[2026.03.14-17.53.48:845][  7]LogAudioMixer: Display: Creating Master Submix 'MasterReverbSubmixDefault'
[2026.03.14-17.53.48:846][  7]LogAudioMixer: Display: Creating Master Submix 'MasterEQSubmixDefault'
[2026.03.14-17.53.48:846][  7]LogAudioMixer: FMixerPlatformXAudio2::StartAudioStream() called
[2026.03.14-17.53.48:846][  7]LogAudioMixer: Display: Output buffers initialized: Frames=1024, Channels=8, Samples=8192
[2026.03.14-17.53.48:846][  7]LogAudioMixer: Display: Starting AudioMixerPlatformInterface::RunInternal()
[2026.03.14-17.53.48:847][  7]LogAudioMixer: Display: FMixerPlatformXAudio2::SubmitBuffer() called for the first time
[2026.03.14-17.53.48:847][  7]LogInit: FAudioDevice initialized.
[2026.03.14-17.53.48:847][  7]LogAudio: Display: Audio Device (ID: 18) registered with world 'MainLevel'.
[2026.03.14-17.53.48:867][  7]LogSlate: Updating window title bar state: overlay mode, drag disabled, window buttons hidden, title bar hidden
[2026.03.14-17.53.48:868][  7]LogLoad: Game class is 'GM_RoadHopper_C'
[2026.03.14-17.53.48:904][  7]LogWorld: Bringing World /Game/Levels/UEDPIE_0_MainLevel.MainLevel up for play (max tick rate 0) at 2026.03.14-11.53.48
[2026.03.14-17.53.48:905][  7]LogWorld: Bringing up level for play took: 0.037136
[2026.03.14-17.53.48:905][  7]LogOnline: OSS: Creating online subsystem instance for: :Context_22
[2026.03.14-17.53.48:907][  7]LogGameMode: FindPlayerStart: PATHS NOT DEFINED or NO PLAYERSTART with positive rating
[2026.03.14-17.53.48:914][  7]LogBlueprintUserMessages: [GM_RoadHopper_C_0] Hello
[2026.03.14-17.53.48:914][  7]PIE: Server logged in
[2026.03.14-17.53.48:915][  7]PIE: Play in editor total start time 0.241 seconds.
[2026.03.14-17.53.48:964][  8]LogBlueprintUserMessages: [BP_Player_10] 100.0
[2026.03.14-17.53.50:047][135]LogBlueprintUserMessages: [BP_Player_10] 200.0
[2026.03.14-17.53.50:721][216]LogBlueprintUserMessages: [BP_Player_10] 300.0
[2026.03.14-17.53.51:323][288]LogBlueprintUserMessages: [BP_Player_10] 400.0
[2026.03.14-17.53.51:604][316]LogSlate: Updating window title bar state: overlay mode, drag disabled, window buttons hidden, title bar hidden
[2026.03.14-17.53.51:604][316]LogWorld: BeginTearingDown for /Game/Levels/UEDPIE_0_MainLevel
[2026.03.14-17.53.51:605][316]LogSlate: Window 'RoadHopper Preview [NetMode: Standalone]  (64-bit/Windows) ' being destroyed
[2026.03.14-17.53.51:614][316]LogWorld: UWorld::CleanupWorld for MainLevel, bSessionEnded=true, bCleanupResources=true
[2026.03.14-17.53.51:654][316]LogSlate: InvalidateAllWidgets triggered.  All widgets were invalidated
[2026.03.14-17.53.51:662][316]LogPlayLevel: Display: Shutting down PIE online subsystems
[2026.03.14-17.53.51:671][316]LogSlate: InvalidateAllWidgets triggered.  All widgets were invalidated
[2026.03.14-17.53.51:690][316]LogAudioMixer: FMixerPlatformXAudio2::StopAudioStream() called
[2026.03.14-17.53.51:691][316]LogAudioMixer: FMixerPlatformXAudio2::StopAudioStream() called
[2026.03.14-17.53.51:703][316]LogUObjectHash: Compacting FUObjectHashTables data took   1.63ms
[2026.03.14-17.53.51:718][317]LogPlayLevel: Display: Destroying online subsystem :Context_22
[2026.03.14-17.53.52:880][455]LogTemp: Repeating last play command: Selected Viewport
[2026.03.14-17.53.52:884][455]LogPlayLevel: PlayLevel: No blueprints needed recompiling
[2026.03.14-17.53.52:884][455]PIE: New page: PIE session: MainLevel (Mar. 14, 2026, 5:53:52 a.m.)
[2026.03.14-17.53.52:884][455]LogPlayLevel: Creating play world package: /Game/Levels/UEDPIE_0_MainLevel
[2026.03.14-17.53.52:974][455]LogPlayLevel: PIE: StaticDuplicateObject took: (0.089678s)
[2026.03.14-17.53.52:974][455]LogAIModule: Creating AISystem for world MainLevel
[2026.03.14-17.53.52:975][455]LogPlayLevel: PIE: World Init took: (0.001151s)
[2026.03.14-17.53.52:975][455]LogPlayLevel: PIE: Created PIE world by copying editor world from /Game/Levels/MainLevel.MainLevel to /Game/Levels/UEDPIE_0_MainLevel.MainLevel (0.091014s)
[2026.03.14-17.53.52:991][455]LogUObjectHash: Compacting FUObjectHashTables data took   1.55ms
[2026.03.14-17.53.52:991][455]LogAudio: Display: Creating Audio Device:                 Id: 19, Scope: Unique, Realtime: True
[2026.03.14-17.53.52:991][455]LogAudioMixer: Display: Audio Mixer Platform Settings:
[2026.03.14-17.53.52:991][455]LogAudioMixer: Display: 	Sample Rate:						  48000
[2026.03.14-17.53.52:991][455]LogAudioMixer: Display: 	Callback Buffer Frame Size Requested: 1024
[2026.03.14-17.53.52:991][455]LogAudioMixer: Display: 	Callback Buffer Frame Size To Use:	  1024
[2026.03.14-17.53.52:991][455]LogAudioMixer: Display: 	Number of buffers to queue:			  2
[2026.03.14-17.53.52:991][455]LogAudioMixer: Display: 	Max Channels (voices):				  32
[2026.03.14-17.53.52:991][455]LogAudioMixer: Display: 	Number of Async Source Workers:		  0
[2026.03.14-17.53.52:991][455]LogAudio: Display: AudioDevice MaxSources: 32
[2026.03.14-17.53.52:991][455]LogAudio: Display: Audio Spatialization Plugin: None (built-in).
[2026.03.14-17.53.52:992][455]LogAudio: Display: Audio Reverb Plugin: None (built-in).
[2026.03.14-17.53.52:992][455]LogAudio: Display: Audio Occlusion Plugin: None (built-in).
[2026.03.14-17.53.52:992][455]LogAudioMixer: Display: Initializing audio mixer.
[2026.03.14-17.53.52:995][455]LogAudioMixer: Display: 0: FrontLeft
[2026.03.14-17.53.52:995][455]LogAudioMixer: Display: 1: FrontRight
[2026.03.14-17.53.52:995][455]LogAudioMixer: Display: 2: FrontCenter
[2026.03.14-17.53.52:995][455]LogAudioMixer: Display: 3: LowFrequency
[2026.03.14-17.53.52:995][455]LogAudioMixer: Display: 4: BackLeft
[2026.03.14-17.53.52:995][455]LogAudioMixer: Display: 5: BackRight
[2026.03.14-17.53.52:995][455]LogAudioMixer: Display: 6: SideLeft
[2026.03.14-17.53.52:995][455]LogAudioMixer: Display: 7: SideRight
[2026.03.14-17.53.53:009][455]LogAudioMixer: Display: Using Audio Device Headset Earphone (CORSAIR VOID PRO Wireless Gaming Headset)
[2026.03.14-17.53.53:010][455]LogAudioMixer: Display: Initializing Sound Submixes...
[2026.03.14-17.53.53:010][455]LogAudioMixer: Display: Creating Master Submix 'MasterSubmixDefault'
[2026.03.14-17.53.53:010][455]LogAudioMixer: Display: Creating Master Submix 'MasterReverbSubmixDefault'
[2026.03.14-17.53.53:010][455]LogAudioMixer: Display: Creating Master Submix 'MasterEQSubmixDefault'
[2026.03.14-17.53.53:010][455]LogAudioMixer: FMixerPlatformXAudio2::StartAudioStream() called
[2026.03.14-17.53.53:010][455]LogAudioMixer: Display: Output buffers initialized: Frames=1024, Channels=8, Samples=8192
[2026.03.14-17.53.53:011][455]LogAudioMixer: Display: Starting AudioMixerPlatformInterface::RunInternal()
[2026.03.14-17.53.53:011][455]LogAudioMixer: Display: FMixerPlatformXAudio2::SubmitBuffer() called for the first time
[2026.03.14-17.53.53:011][455]LogInit: FAudioDevice initialized.
[2026.03.14-17.53.53:011][455]LogAudio: Display: Audio Device (ID: 19) registered with world 'MainLevel'.
[2026.03.14-17.53.53:036][455]LogSlate: Updating window title bar state: overlay mode, drag disabled, window buttons hidden, title bar hidden
[2026.03.14-17.53.53:036][455]LogLoad: Game class is 'GM_RoadHopper_C'
[2026.03.14-17.53.53:072][455]LogWorld: Bringing World /Game/Levels/UEDPIE_0_MainLevel.MainLevel up for play (max tick rate 0) at 2026.03.14-11.53.53
[2026.03.14-17.53.53:073][455]LogWorld: Bringing up level for play took: 0.035857
[2026.03.14-17.53.53:073][455]LogOnline: OSS: Creating online subsystem instance for: :Context_23
[2026.03.14-17.53.53:074][455]LogGameMode: FindPlayerStart: PATHS NOT DEFINED or NO PLAYERSTART with positive rating
[2026.03.14-17.53.53:081][455]LogBlueprintUserMessages: [GM_RoadHopper_C_0] Hello
[2026.03.14-17.53.53:082][455]PIE: Server logged in
[2026.03.14-17.53.53:083][455]PIE: Play in editor total start time 0.2 seconds.
[2026.03.14-17.53.53:121][456]LogBlueprintUserMessages: [BP_Player_10] 100.0
[2026.03.14-17.53.53:899][549]LogBlueprintUserMessages: [BP_Player_10] 200.0
[2026.03.14-17.53.54:474][618]LogBlueprintUserMessages: [BP_Player_10] 300.0
[2026.03.14-17.53.55:066][689]LogBlueprintUserMessages: [BP_Player_10] 400.0
[2026.03.14-17.53.55:590][752]LogBlueprintUserMessages: [BP_Player_10] 500.0
[2026.03.14-17.53.56:166][821]LogBlueprintUserMessages: [BP_Player_10] 600.0
[2026.03.14-17.53.56:766][893]LogBlueprintUserMessages: [BP_Player_10] 700.0
[2026.03.14-17.53.57:257][952]LogBlueprintUserMessages: [BP_Player_10] 800.0
[2026.03.14-17.53.57:815][ 19]LogBlueprintUserMessages: [BP_Player_10] 900.0
[2026.03.14-17.53.58:324][ 80]LogBlueprintUserMessages: [BP_Player_10] 1000.0
[2026.03.14-17.53.58:874][146]LogBlueprintUserMessages: [BP_Player_10] 1100.0
[2026.03.14-17.53.59:407][210]LogBlueprintUserMessages: [BP_Player_10] 1200.0
[2026.03.14-17.54.00:032][285]LogBlueprintUserMessages: [BP_Player_10] 1300.0
[2026.03.14-17.54.00:798][377]LogBlueprintUserMessages: [BP_Player_10] 1400.0
[2026.03.14-17.54.01:090][412]LogBlueprintUserMessages: [BP_Player_10] 1500.0
[2026.03.14-17.54.01:374][446]LogBlueprintUserMessages: [BP_Player_10] 1600.0
[2026.03.14-17.54.02:053][523]LogSlate: Updating window title bar state: overlay mode, drag disabled, window buttons hidden, title bar hidden
[2026.03.14-17.54.02:053][523]LogWorld: BeginTearingDown for /Game/Levels/UEDPIE_0_MainLevel
[2026.03.14-17.54.02:054][523]LogSlate: Window 'RoadHopper Preview [NetMode: Standalone]  (64-bit/Windows) ' being destroyed
[2026.03.14-17.54.02:061][523]LogWorld: UWorld::CleanupWorld for MainLevel, bSessionEnded=true, bCleanupResources=true
[2026.03.14-17.54.02:101][523]LogSlate: InvalidateAllWidgets triggered.  All widgets were invalidated
[2026.03.14-17.54.02:109][523]LogPlayLevel: Display: Shutting down PIE online subsystems
[2026.03.14-17.54.02:116][523]LogSlate: InvalidateAllWidgets triggered.  All widgets were invalidated
[2026.03.14-17.54.02:134][523]LogAudioMixer: FMixerPlatformXAudio2::StopAudioStream() called
[2026.03.14-17.54.02:135][523]LogAudioMixer: FMixerPlatformXAudio2::StopAudioStream() called
[2026.03.14-17.54.02:149][523]LogUObjectHash: Compacting FUObjectHashTables data took   1.65ms
[2026.03.14-17.54.02:163][524]LogPlayLevel: Display: Destroying online subsystem :Context_23
[2026.03.14-17.54.27:896][558]LogTemp: Repeating last play command: Selected Viewport
[2026.03.14-17.54.27:899][558]BlueprintLog: New page: Pre-Play auto-recompile
[2026.03.14-17.54.27:900][558]LogPlayLevel: [PlayLevel] Compiling BP_Player before play...
[2026.03.14-17.54.27:945][558]LogUObjectHash: Compacting FUObjectHashTables data took   2.29ms
[2026.03.14-17.54.27:946][558]LogPlayLevel: PlayLevel: Blueprint regeneration took 46 ms (1 blueprints)
[2026.03.14-17.54.27:946][558]PIE: New page: PIE session: MainLevel (Mar. 14, 2026, 5:54:27 a.m.)
[2026.03.14-17.54.27:946][558]LogPlayLevel: Creating play world package: /Game/Levels/UEDPIE_0_MainLevel
[2026.03.14-17.54.28:035][558]LogPlayLevel: PIE: StaticDuplicateObject took: (0.088738s)
[2026.03.14-17.54.28:035][558]LogAIModule: Creating AISystem for world MainLevel
[2026.03.14-17.54.28:036][558]LogPlayLevel: PIE: World Init took: (0.001154s)
[2026.03.14-17.54.28:036][558]LogPlayLevel: PIE: Created PIE world by copying editor world from /Game/Levels/MainLevel.MainLevel to /Game/Levels/UEDPIE_0_MainLevel.MainLevel (0.090081s)
[2026.03.14-17.54.28:053][558]LogUObjectHash: Compacting FUObjectHashTables data took   1.88ms
[2026.03.14-17.54.28:053][558]LogAudio: Display: Creating Audio Device:                 Id: 20, Scope: Unique, Realtime: True
[2026.03.14-17.54.28:053][558]LogAudioMixer: Display: Audio Mixer Platform Settings:
[2026.03.14-17.54.28:053][558]LogAudioMixer: Display: 	Sample Rate:						  48000
[2026.03.14-17.54.28:053][558]LogAudioMixer: Display: 	Callback Buffer Frame Size Requested: 1024
[2026.03.14-17.54.28:053][558]LogAudioMixer: Display: 	Callback Buffer Frame Size To Use:	  1024
[2026.03.14-17.54.28:053][558]LogAudioMixer: Display: 	Number of buffers to queue:			  2
[2026.03.14-17.54.28:053][558]LogAudioMixer: Display: 	Max Channels (voices):				  32
[2026.03.14-17.54.28:053][558]LogAudioMixer: Display: 	Number of Async Source Workers:		  0
[2026.03.14-17.54.28:053][558]LogAudio: Display: AudioDevice MaxSources: 32
[2026.03.14-17.54.28:054][558]LogAudio: Display: Audio Spatialization Plugin: None (built-in).
[2026.03.14-17.54.28:054][558]LogAudio: Display: Audio Reverb Plugin: None (built-in).
[2026.03.14-17.54.28:054][558]LogAudio: Display: Audio Occlusion Plugin: None (built-in).
[2026.03.14-17.54.28:054][558]LogAudioMixer: Display: Initializing audio mixer.
[2026.03.14-17.54.28:056][558]LogAudioMixer: Display: 0: FrontLeft
[2026.03.14-17.54.28:056][558]LogAudioMixer: Display: 1: FrontRight
[2026.03.14-17.54.28:056][558]LogAudioMixer: Display: 2: FrontCenter
[2026.03.14-17.54.28:056][558]LogAudioMixer: Display: 3: LowFrequency
[2026.03.14-17.54.28:056][558]LogAudioMixer: Display: 4: BackLeft
[2026.03.14-17.54.28:056][558]LogAudioMixer: Display: 5: BackRight
[2026.03.14-17.54.28:056][558]LogAudioMixer: Display: 6: SideLeft
[2026.03.14-17.54.28:056][558]LogAudioMixer: Display: 7: SideRight
[2026.03.14-17.54.28:072][558]LogAudioMixer: Display: Using Audio Device Headset Earphone (CORSAIR VOID PRO Wireless Gaming Headset)
[2026.03.14-17.54.28:073][558]LogAudioMixer: Display: Initializing Sound Submixes...
[2026.03.14-17.54.28:073][558]LogAudioMixer: Display: Creating Master Submix 'MasterSubmixDefault'
[2026.03.14-17.54.28:073][558]LogAudioMixer: Display: Creating Master Submix 'MasterReverbSubmixDefault'
[2026.03.14-17.54.28:073][558]LogAudioMixer: Display: Creating Master Submix 'MasterEQSubmixDefault'
[2026.03.14-17.54.28:073][558]LogAudioMixer: FMixerPlatformXAudio2::StartAudioStream() called
[2026.03.14-17.54.28:073][558]LogAudioMixer: Display: Output buffers initialized: Frames=1024, Channels=8, Samples=8192
[2026.03.14-17.54.28:074][558]LogAudioMixer: Display: Starting AudioMixerPlatformInterface::RunInternal()
[2026.03.14-17.54.28:074][558]LogAudioMixer: Display: FMixerPlatformXAudio2::SubmitBuffer() called for the first time
[2026.03.14-17.54.28:074][558]LogInit: FAudioDevice initialized.
[2026.03.14-17.54.28:074][558]LogAudio: Display: Audio Device (ID: 20) registered with world 'MainLevel'.
[2026.03.14-17.54.28:098][558]LogSlate: Updating window title bar state: overlay mode, drag disabled, window buttons hidden, title bar hidden
[2026.03.14-17.54.28:098][558]LogLoad: Game class is 'GM_RoadHopper_C'
[2026.03.14-17.54.28:133][558]LogWorld: Bringing World /Game/Levels/UEDPIE_0_MainLevel.MainLevel up for play (max tick rate 0) at 2026.03.14-11.54.28
[2026.03.14-17.54.28:134][558]LogWorld: Bringing up level for play took: 0.035756
[2026.03.14-17.54.28:134][558]LogOnline: OSS: Creating online subsystem instance for: :Context_24
[2026.03.14-17.54.28:136][558]LogGameMode: FindPlayerStart: PATHS NOT DEFINED or NO PLAYERSTART with positive rating
[2026.03.14-17.54.28:143][558]LogBlueprintUserMessages: [GM_RoadHopper_C_0] Hello
[2026.03.14-17.54.28:144][558]PIE: Server logged in
[2026.03.14-17.54.28:144][558]PIE: Play in editor total start time 0.245 seconds.
[2026.03.14-17.54.28:194][559]LogBlueprintUserMessages: [BP_Player_10] 100.0
[2026.03.14-17.54.29:166][664]LogBlueprintUserMessages: [BP_Player_10] 200.0
[2026.03.14-17.54.30:175][785]LogBlueprintUserMessages: [BP_Player_10] 200.0
[2026.03.14-17.54.30:916][874]LogBlueprintUserMessages: [BP_Player_10] 200.0
[2026.03.14-17.54.31:674][965]LogBlueprintUserMessages: [BP_Player_10] 200.0
[2026.03.14-17.54.32:391][ 51]LogBlueprintUserMessages: [BP_Player_10] 200.0
[2026.03.14-17.54.34:740][333]LogBlueprintUserMessages: [BP_Player_10] 200.0
[2026.03.14-17.54.34:918][350]LogSlate: Updating window title bar state: overlay mode, drag disabled, window buttons hidden, title bar hidden
[2026.03.14-17.54.34:918][350]LogWorld: BeginTearingDown for /Game/Levels/UEDPIE_0_MainLevel
[2026.03.14-17.54.34:919][350]LogSlate: Window 'RoadHopper Preview [NetMode: Standalone]  (64-bit/Windows) ' being destroyed
[2026.03.14-17.54.34:928][350]LogWorld: UWorld::CleanupWorld for MainLevel, bSessionEnded=true, bCleanupResources=true
[2026.03.14-17.54.34:965][350]LogSlate: InvalidateAllWidgets triggered.  All widgets were invalidated
[2026.03.14-17.54.34:975][350]LogPlayLevel: Display: Shutting down PIE online subsystems
[2026.03.14-17.54.34:983][350]LogSlate: InvalidateAllWidgets triggered.  All widgets were invalidated
[2026.03.14-17.54.35:003][350]LogAudioMixer: FMixerPlatformXAudio2::StopAudioStream() called
[2026.03.14-17.54.35:004][350]LogAudioMixer: FMixerPlatformXAudio2::StopAudioStream() called
[2026.03.14-17.54.35:015][350]LogUObjectHash: Compacting FUObjectHashTables data took   1.70ms
[2026.03.14-17.54.35:031][351]LogPlayLevel: Display: Destroying online subsystem :Context_24
[2026.03.14-17.55.01:878][538]LogUObjectHash: Compacting FUObjectHashTables data took   1.53ms
[2026.03.14-17.55.02:253][538]LogSavePackage: Moving 'C:/Users/titan/Desktop/Titan_RoadHopper/RoadHopper4.27/Saved/MainLevel_Auto4FD9A0EFC49725A69193A1C9DC2818129.tmp' to 'C:/Users/titan/Desktop/Titan_RoadHopper/RoadHopper4.27/Saved/Autosaves/Game/Levels/MainLevel_Auto4.umap'
[2026.03.14-17.55.02:255][538]LogFileHelpers: Editor autosave (incl. external actors) for '/Game/Levels/MainLevel' took 0.392
[2026.03.14-17.55.02:255][538]LogFileHelpers: Editor autosave (incl. sublevels & external actors) for all levels took 0.392
[2026.03.14-17.55.02:255][538]OBJ SavePackage: Generating thumbnails for [2] asset(s) in package [/Game/Blueprints/BP_Player] ([2] browsable assets)...
[2026.03.14-17.55.02:278][538]OBJ SavePackage:     Rendered thumbnail for [Blueprint /Game/Blueprints/BP_Player.BP_Player]
[2026.03.14-17.55.02:279][538]OBJ SavePackage: Finished generating thumbnails for package [/Game/Blueprints/BP_Player]
[2026.03.14-17.55.02:279][538]Cmd: OBJ SAVEPACKAGE PACKAGE="/Game/Blueprints/BP_Player" FILE="C:/Users/titan/Desktop/Titan_RoadHopper/RoadHopper4.27/Saved/Autosaves/Game/Blueprints/BP_Player_Auto4.uasset" SILENT=false AUTOSAVING=true
[2026.03.14-17.55.02:294][538]LogSavePackage: Moving 'C:/Users/titan/Desktop/Titan_RoadHopper/RoadHopper4.27/Saved/BP_Player_Auto407EF18F7431E44623468C487253D59B7.tmp' to 'C:/Users/titan/Desktop/Titan_RoadHopper/RoadHopper4.27/Saved/Autosaves/Game/Blueprints/BP_Player_Auto4.uasset'
[2026.03.14-17.55.02:295][538]LogFileHelpers: Auto-saving content packages took 0.039
[2026.03.14-18.00.44:212][349]LogTemp: Repeating last play command: Selected Viewport
[2026.03.14-18.00.44:216][349]BlueprintLog: New page: Pre-Play auto-recompile
[2026.03.14-18.00.44:216][349]LogPlayLevel: [PlayLevel] Compiling BP_Player before play...
[2026.03.14-18.00.44:261][349]LogUObjectHash: Compacting FUObjectHashTables data took   2.45ms
[2026.03.14-18.00.44:263][349]LogPlayLevel: PlayLevel: Blueprint regeneration took 47 ms (1 blueprints)
[2026.03.14-18.00.44:263][349]PIE: New page: PIE session: MainLevel (Mar. 14, 2026, 6:00:44 a.m.)
[2026.03.14-18.00.44:263][349]LogPlayLevel: Creating play world package: /Game/Levels/UEDPIE_0_MainLevel
[2026.03.14-18.00.44:353][349]LogPlayLevel: PIE: StaticDuplicateObject took: (0.089544s)
[2026.03.14-18.00.44:354][349]LogAIModule: Creating AISystem for world MainLevel
[2026.03.14-18.00.44:354][349]LogPlayLevel: PIE: World Init took: (0.001173s)
[2026.03.14-18.00.44:354][349]LogPlayLevel: PIE: Created PIE world by copying editor world from /Game/Levels/MainLevel.MainLevel to /Game/Levels/UEDPIE_0_MainLevel.MainLevel (0.090909s)
[2026.03.14-18.00.44:370][349]LogUObjectHash: Compacting FUObjectHashTables data took   1.79ms
[2026.03.14-18.00.44:370][349]LogAudio: Display: Creating Audio Device:                 Id: 21, Scope: Unique, Realtime: True
[2026.03.14-18.00.44:370][349]LogAudioMixer: Display: Audio Mixer Platform Settings:
[2026.03.14-18.00.44:370][349]LogAudioMixer: Display: 	Sample Rate:						  48000
[2026.03.14-18.00.44:370][349]LogAudioMixer: Display: 	Callback Buffer Frame Size Requested: 1024
[2026.03.14-18.00.44:370][349]LogAudioMixer: Display: 	Callback Buffer Frame Size To Use:	  1024
[2026.03.14-18.00.44:370][349]LogAudioMixer: Display: 	Number of buffers to queue:			  2
[2026.03.14-18.00.44:370][349]LogAudioMixer: Display: 	Max Channels (voices):				  32
[2026.03.14-18.00.44:371][349]LogAudioMixer: Display: 	Number of Async Source Workers:		  0
[2026.03.14-18.00.44:371][349]LogAudio: Display: AudioDevice MaxSources: 32
[2026.03.14-18.00.44:371][349]LogAudio: Display: Audio Spatialization Plugin: None (built-in).
[2026.03.14-18.00.44:371][349]LogAudio: Display: Audio Reverb Plugin: None (built-in).
[2026.03.14-18.00.44:371][349]LogAudio: Display: Audio Occlusion Plugin: None (built-in).
[2026.03.14-18.00.44:371][349]LogAudioMixer: Display: Initializing audio mixer.
[2026.03.14-18.00.44:374][349]LogAudioMixer: Display: 0: FrontLeft
[2026.03.14-18.00.44:374][349]LogAudioMixer: Display: 1: FrontRight
[2026.03.14-18.00.44:374][349]LogAudioMixer: Display: 2: FrontCenter
[2026.03.14-18.00.44:374][349]LogAudioMixer: Display: 3: LowFrequency
[2026.03.14-18.00.44:374][349]LogAudioMixer: Display: 4: BackLeft
[2026.03.14-18.00.44:374][349]LogAudioMixer: Display: 5: BackRight
[2026.03.14-18.00.44:374][349]LogAudioMixer: Display: 6: SideLeft
[2026.03.14-18.00.44:374][349]LogAudioMixer: Display: 7: SideRight
[2026.03.14-18.00.44:387][349]LogAudioMixer: Display: Using Audio Device Headset Earphone (CORSAIR VOID PRO Wireless Gaming Headset)
[2026.03.14-18.00.44:387][349]LogAudioMixer: Display: Initializing Sound Submixes...
[2026.03.14-18.00.44:387][349]LogAudioMixer: Display: Creating Master Submix 'MasterSubmixDefault'
[2026.03.14-18.00.44:387][349]LogAudioMixer: Display: Creating Master Submix 'MasterReverbSubmixDefault'
[2026.03.14-18.00.44:387][349]LogAudioMixer: Display: Creating Master Submix 'MasterEQSubmixDefault'
[2026.03.14-18.00.44:387][349]LogAudioMixer: FMixerPlatformXAudio2::StartAudioStream() called
[2026.03.14-18.00.44:387][349]LogAudioMixer: Display: Output buffers initialized: Frames=1024, Channels=8, Samples=8192
[2026.03.14-18.00.44:388][349]LogAudioMixer: Display: Starting AudioMixerPlatformInterface::RunInternal()
[2026.03.14-18.00.44:388][349]LogAudioMixer: Display: FMixerPlatformXAudio2::SubmitBuffer() called for the first time
[2026.03.14-18.00.44:388][349]LogInit: FAudioDevice initialized.
[2026.03.14-18.00.44:388][349]LogAudio: Display: Audio Device (ID: 21) registered with world 'MainLevel'.
[2026.03.14-18.00.44:409][349]LogSlate: Updating window title bar state: overlay mode, drag disabled, window buttons hidden, title bar hidden
[2026.03.14-18.00.44:409][349]LogLoad: Game class is 'GM_RoadHopper_C'
[2026.03.14-18.00.44:444][349]LogWorld: Bringing World /Game/Levels/UEDPIE_0_MainLevel.MainLevel up for play (max tick rate 0) at 2026.03.14-12.00.44
[2026.03.14-18.00.44:444][349]LogWorld: Bringing up level for play took: 0.035078
[2026.03.14-18.00.44:444][349]LogOnline: OSS: Creating online subsystem instance for: :Context_25
[2026.03.14-18.00.44:446][349]LogGameMode: FindPlayerStart: PATHS NOT DEFINED or NO PLAYERSTART with positive rating
[2026.03.14-18.00.44:454][349]LogBlueprintUserMessages: [GM_RoadHopper_C_0] Hello
[2026.03.14-18.00.44:454][349]PIE: Server logged in
[2026.03.14-18.00.44:454][349]PIE: Play in editor total start time 0.24 seconds.
[2026.03.14-18.00.46:818][627]LogSlate: Window 'RoadHopper Preview [NetMode: Standalone]  (64-bit/Windows) ' being destroyed
[2026.03.14-18.00.46:826][627]LogWorld: BeginTearingDown for /Game/Levels/UEDPIE_0_MainLevel
[2026.03.14-18.00.46:827][627]LogWorld: UWorld::CleanupWorld for MainLevel, bSessionEnded=true, bCleanupResources=true
[2026.03.14-18.00.46:870][627]LogSlate: InvalidateAllWidgets triggered.  All widgets were invalidated
[2026.03.14-18.00.46:879][627]LogPlayLevel: Display: Shutting down PIE online subsystems
[2026.03.14-18.00.46:886][627]LogSlate: InvalidateAllWidgets triggered.  All widgets were invalidated
[2026.03.14-18.00.46:905][627]LogAudioMixer: FMixerPlatformXAudio2::StopAudioStream() called
[2026.03.14-18.00.46:906][627]LogAudioMixer: FMixerPlatformXAudio2::StopAudioStream() called
[2026.03.14-18.00.46:916][627]LogUObjectHash: Compacting FUObjectHashTables data took   1.69ms
[2026.03.14-18.00.46:930][628]LogPlayLevel: Display: Destroying online subsystem :Context_25
[2026.03.14-18.00.54:014][449]LogTemp: Repeating last play command: Selected Viewport
[2026.03.14-18.00.54:018][449]BlueprintLog: New page: Pre-Play auto-recompile
[2026.03.14-18.00.54:019][449]LogPlayLevel: [PlayLevel] Compiling BP_Player before play...
[2026.03.14-18.00.54:062][449]LogUObjectHash: Compacting FUObjectHashTables data took   1.86ms
[2026.03.14-18.00.54:063][449]LogPlayLevel: PlayLevel: Blueprint regeneration took 44 ms (1 blueprints)
[2026.03.14-18.00.54:063][449]PIE: New page: PIE session: MainLevel (Mar. 14, 2026, 6:00:54 a.m.)
[2026.03.14-18.00.54:063][449]LogPlayLevel: Creating play world package: /Game/Levels/UEDPIE_0_MainLevel
[2026.03.14-18.00.54:152][449]LogPlayLevel: PIE: StaticDuplicateObject took: (0.088970s)
[2026.03.14-18.00.54:153][449]LogAIModule: Creating AISystem for world MainLevel
[2026.03.14-18.00.54:153][449]LogPlayLevel: PIE: World Init took: (0.001155s)
[2026.03.14-18.00.54:153][449]LogPlayLevel: PIE: Created PIE world by copying editor world from /Game/Levels/MainLevel.MainLevel to /Game/Levels/UEDPIE_0_MainLevel.MainLevel (0.090313s)
[2026.03.14-18.00.54:170][449]LogUObjectHash: Compacting FUObjectHashTables data took   1.58ms
[2026.03.14-18.00.54:170][449]LogAudio: Display: Creating Audio Device:                 Id: 22, Scope: Unique, Realtime: True
[2026.03.14-18.00.54:171][449]LogAudioMixer: Display: Audio Mixer Platform Settings:
[2026.03.14-18.00.54:171][449]LogAudioMixer: Display: 	Sample Rate:						  48000
[2026.03.14-18.00.54:171][449]LogAudioMixer: Display: 	Callback Buffer Frame Size Requested: 1024
[2026.03.14-18.00.54:171][449]LogAudioMixer: Display: 	Callback Buffer Frame Size To Use:	  1024
[2026.03.14-18.00.54:171][449]LogAudioMixer: Display: 	Number of buffers to queue:			  2
[2026.03.14-18.00.54:171][449]LogAudioMixer: Display: 	Max Channels (voices):				  32
[2026.03.14-18.00.54:171][449]LogAudioMixer: Display: 	Number of Async Source Workers:		  0
[2026.03.14-18.00.54:171][449]LogAudio: Display: AudioDevice MaxSources: 32
[2026.03.14-18.00.54:171][449]LogAudio: Display: Audio Spatialization Plugin: None (built-in).
[2026.03.14-18.00.54:171][449]LogAudio: Display: Audio Reverb Plugin: None (built-in).
[2026.03.14-18.00.54:171][449]LogAudio: Display: Audio Occlusion Plugin: None (built-in).
[2026.03.14-18.00.54:171][449]LogAudioMixer: Display: Initializing audio mixer.
[2026.03.14-18.00.54:173][449]LogAudioMixer: Display: 0: FrontLeft
[2026.03.14-18.00.54:173][449]LogAudioMixer: Display: 1: FrontRight
[2026.03.14-18.00.54:173][449]LogAudioMixer: Display: 2: FrontCenter
[2026.03.14-18.00.54:173][449]LogAudioMixer: Display: 3: LowFrequency
[2026.03.14-18.00.54:173][449]LogAudioMixer: Display: 4: BackLeft
[2026.03.14-18.00.54:173][449]LogAudioMixer: Display: 5: BackRight
[2026.03.14-18.00.54:173][449]LogAudioMixer: Display: 6: SideLeft
[2026.03.14-18.00.54:173][449]LogAudioMixer: Display: 7: SideRight
[2026.03.14-18.00.54:187][449]LogAudioMixer: Display: Using Audio Device Headset Earphone (CORSAIR VOID PRO Wireless Gaming Headset)
[2026.03.14-18.00.54:187][449]LogAudioMixer: Display: Initializing Sound Submixes...
[2026.03.14-18.00.54:187][449]LogAudioMixer: Display: Creating Master Submix 'MasterSubmixDefault'
[2026.03.14-18.00.54:187][449]LogAudioMixer: Display: Creating Master Submix 'MasterReverbSubmixDefault'
[2026.03.14-18.00.54:187][449]LogAudioMixer: Display: Creating Master Submix 'MasterEQSubmixDefault'
[2026.03.14-18.00.54:187][449]LogAudioMixer: FMixerPlatformXAudio2::StartAudioStream() called
[2026.03.14-18.00.54:187][449]LogAudioMixer: Display: Output buffers initialized: Frames=1024, Channels=8, Samples=8192
[2026.03.14-18.00.54:188][449]LogAudioMixer: Display: Starting AudioMixerPlatformInterface::RunInternal()
[2026.03.14-18.00.54:188][449]LogAudioMixer: Display: FMixerPlatformXAudio2::SubmitBuffer() called for the first time
[2026.03.14-18.00.54:188][449]LogInit: FAudioDevice initialized.
[2026.03.14-18.00.54:188][449]LogAudio: Display: Audio Device (ID: 22) registered with world 'MainLevel'.
[2026.03.14-18.00.54:208][449]LogSlate: Updating window title bar state: overlay mode, drag disabled, window buttons hidden, title bar hidden
[2026.03.14-18.00.54:208][449]LogLoad: Game class is 'GM_RoadHopper_C'
[2026.03.14-18.00.54:244][449]LogWorld: Bringing World /Game/Levels/UEDPIE_0_MainLevel.MainLevel up for play (max tick rate 0) at 2026.03.14-12.00.54
[2026.03.14-18.00.54:245][449]LogWorld: Bringing up level for play took: 0.036626
[2026.03.14-18.00.54:245][449]LogOnline: OSS: Creating online subsystem instance for: :Context_26
[2026.03.14-18.00.54:247][449]LogGameMode: FindPlayerStart: PATHS NOT DEFINED or NO PLAYERSTART with positive rating
[2026.03.14-18.00.54:254][449]LogBlueprintUserMessages: [GM_RoadHopper_C_0] Hello
[2026.03.14-18.00.54:254][449]PIE: Server logged in
[2026.03.14-18.00.54:255][449]PIE: Play in editor total start time 0.237 seconds.
[2026.03.14-18.00.54:823][506]LogBlueprintUserMessages: [BP_Player_10] 100.0
[2026.03.14-18.00.55:582][597]LogBlueprintUserMessages: [BP_Player_10] 0.0
[2026.03.14-18.00.55:582][597]LogBlueprintUserMessages: [BP_Player_10] 0.0
[2026.03.14-18.00.56:115][661]LogBlueprintUserMessages: [BP_Player_10] 100.0
[2026.03.14-18.00.56:523][710]LogBlueprintUserMessages: [BP_Player_10] 200.0
[2026.03.14-18.00.57:632][843]LogBlueprintUserMessages: [BP_Player_10] 154.128098
[2026.03.14-18.00.57:632][843]LogBlueprintUserMessages: [BP_Player_10] 154.128098
[2026.03.14-18.00.58:057][894]LogBlueprintUserMessages: [BP_Player_10] 54.128098
[2026.03.14-18.00.58:632][963]LogBlueprintUserMessages: [BP_Player_10] -45.871902
[2026.03.14-18.00.58:632][963]LogBlueprintUserMessages: [BP_Player_10] -45.871902
[2026.03.14-18.00.59:590][ 78]LogBlueprintUserMessages: [BP_Player_10] -491.737091
[2026.03.14-18.00.59:590][ 78]LogBlueprintUserMessages: [BP_Player_10] -491.737091
[2026.03.14-18.01.01:016][245]LogSlate: Updating window title bar state: overlay mode, drag disabled, window buttons hidden, title bar hidden
[2026.03.14-18.01.01:016][245]LogWorld: BeginTearingDown for /Game/Levels/UEDPIE_0_MainLevel
[2026.03.14-18.01.01:017][245]LogSlate: Window 'RoadHopper Preview [NetMode: Standalone]  (64-bit/Windows) ' being destroyed
[2026.03.14-18.01.01:026][245]LogWorld: UWorld::CleanupWorld for MainLevel, bSessionEnded=true, bCleanupResources=true
[2026.03.14-18.01.01:065][245]LogSlate: InvalidateAllWidgets triggered.  All widgets were invalidated
[2026.03.14-18.01.01:074][245]LogPlayLevel: Display: Shutting down PIE online subsystems
[2026.03.14-18.01.01:082][245]LogSlate: InvalidateAllWidgets triggered.  All widgets were invalidated
[2026.03.14-18.01.01:103][245]LogAudioMixer: FMixerPlatformXAudio2::StopAudioStream() called
[2026.03.14-18.01.01:104][245]LogAudioMixer: FMixerPlatformXAudio2::StopAudioStream() called
[2026.03.14-18.01.01:117][245]LogUObjectHash: Compacting FUObjectHashTables data took   1.74ms
[2026.03.14-18.01.01:134][246]LogPlayLevel: Display: Destroying online subsystem :Context_26
[2026.03.14-18.05.12:224][892]LogUObjectHash: Compacting FUObjectHashTables data took   2.17ms
[2026.03.14-18.05.12:609][892]LogSavePackage: Moving 'C:/Users/titan/Desktop/Titan_RoadHopper/RoadHopper4.27/Saved/MainLevel_Auto567E8E5854DC33F4B60EC91A1874299D4.tmp' to 'C:/Users/titan/Desktop/Titan_RoadHopper/RoadHopper4.27/Saved/Autosaves/Game/Levels/MainLevel_Auto5.umap'
[2026.03.14-18.05.12:612][892]LogFileHelpers: Editor autosave (incl. external actors) for '/Game/Levels/MainLevel' took 0.408
[2026.03.14-18.05.12:612][892]LogFileHelpers: Editor autosave (incl. sublevels & external actors) for all levels took 0.408
[2026.03.14-18.05.12:613][892]OBJ SavePackage: Generating thumbnails for [2] asset(s) in package [/Game/Blueprints/BP_Player] ([2] browsable assets)...
[2026.03.14-18.05.12:636][892]OBJ SavePackage:     Rendered thumbnail for [Blueprint /Game/Blueprints/BP_Player.BP_Player]
[2026.03.14-18.05.12:636][892]OBJ SavePackage: Finished generating thumbnails for package [/Game/Blueprints/BP_Player]
[2026.03.14-18.05.12:636][892]Cmd: OBJ SAVEPACKAGE PACKAGE="/Game/Blueprints/BP_Player" FILE="C:/Users/titan/Desktop/Titan_RoadHopper/RoadHopper4.27/Saved/Autosaves/Game/Blueprints/BP_Player_Auto5.uasset" SILENT=false AUTOSAVING=true
[2026.03.14-18.05.12:650][892]LogSavePackage: Moving 'C:/Users/titan/Desktop/Titan_RoadHopper/RoadHopper4.27/Saved/BP_Player_Auto574AB5D5E4D3B68CE83F6828C40272D9C.tmp' to 'C:/Users/titan/Desktop/Titan_RoadHopper/RoadHopper4.27/Saved/Autosaves/Game/Blueprints/BP_Player_Auto5.uasset'
[2026.03.14-18.05.12:651][892]LogFileHelpers: Auto-saving content packages took 0.038
[2026.03.14-18.09.08:980][ 82]LogSlate: Window 'Editor Preferences' being destroyed
[2026.03.14-18.09.08:990][ 82]LogSlate: Window 'Editor Preferences' being destroyed
[2026.03.14-18.09.13:468][491]LogSlate: Only BGRA pngs, bmps or icos are supported in by External Image Picker
[2026.03.14-18.12.02:090][863]LogAudioMixer: Warning: Audio device removed, falling back to other windows default device.
[2026.03.14-18.12.02:090][863]LogAudioMixer: Warning: Audio device removed, falling back to other windows default device.
[2026.03.14-18.12.02:090][863]LogAudioMixer: Warning: Audio device removed, falling back to other windows default device.
[2026.03.14-18.12.02:090][863]LogAudioMixer: Warning: Audio device removed, falling back to other windows default device.
[2026.03.14-18.12.02:090][863]LogAudioMixer: Warning: Audio device removed, falling back to other windows default device.
[2026.03.14-18.12.02:090][863]LogAudioMixer: Warning: Audio device removed, falling back to other windows default device.
[2026.03.14-18.12.02:090][863]LogAudioMixer: Warning: Audio device removed, falling back to other windows default device.
[2026.03.14-18.12.02:090][863]LogAudioMixer: Warning: Audio device removed, falling back to other windows default device.
[2026.03.14-18.12.02:090][863]LogAudioMixer: Warning: Audio device removed, falling back to other windows default device.
[2026.03.14-18.12.02:090][863]LogAudioMixer: Warning: Audio device removed, falling back to other windows default device.
[2026.03.14-18.12.02:090][863]LogAudioMixer: Resetting audio stream to device id 
[2026.03.14-18.12.02:095][863]LogAudioMixer: Display: 0: FrontLeft
[2026.03.14-18.12.02:095][863]LogAudioMixer: Display: 1: FrontRight
[2026.03.14-18.12.02:095][863]LogAudioMixer: Display: 2: FrontCenter
[2026.03.14-18.12.02:095][863]LogAudioMixer: Display: 3: LowFrequency
[2026.03.14-18.12.02:095][863]LogAudioMixer: Display: 4: BackLeft
[2026.03.14-18.12.02:095][863]LogAudioMixer: Display: 5: BackRight
[2026.03.14-18.12.02:095][863]LogAudioMixer: Display: 6: SideLeft
[2026.03.14-18.12.02:095][863]LogAudioMixer: Display: 7: SideRight
[2026.03.14-18.12.02:758][865]LogAudioMixer: Warning: Changing default audio render device to new device: {0.0.0.00000000}.{c4af1258-4911-4233-980b-92a4c93de2c9}.
[2026.03.14-18.12.02:758][865]LogAudioMixer: Resetting audio stream to device id 
[2026.03.14-18.12.02:766][865]LogAudioMixer: Display: 0: FrontLeft
[2026.03.14-18.12.02:766][865]LogAudioMixer: Display: 1: FrontRight
[2026.03.14-18.14.27:945][603]LogSlate: Window 'Project Settings' being destroyed
[2026.03.14-18.14.27:953][603]LogSlate: Window 'Project Settings' being destroyed
[2026.03.14-18.15.42:293][982]BlueprintLog: New page: Compile BP_Player
[2026.03.14-18.15.42:367][982]LogUObjectHash: Compacting FUObjectHashTables data took   3.07ms
[2026.03.14-18.15.43:403][100]LogTemp: Repeating last play command: Selected Viewport
[2026.03.14-18.15.43:407][100]LogPlayLevel: PlayLevel: No blueprints needed recompiling
[2026.03.14-18.15.43:407][100]PIE: New page: PIE session: MainLevel (Mar. 14, 2026, 6:15:43 a.m.)
[2026.03.14-18.15.43:408][100]LogPlayLevel: Creating play world package: /Game/Levels/UEDPIE_0_MainLevel
[2026.03.14-18.15.43:495][100]LogPlayLevel: PIE: StaticDuplicateObject took: (0.087681s)
[2026.03.14-18.15.43:496][100]LogAIModule: Creating AISystem for world MainLevel
[2026.03.14-18.15.43:496][100]LogPlayLevel: PIE: World Init took: (0.001077s)
[2026.03.14-18.15.43:496][100]LogPlayLevel: PIE: Created PIE world by copying editor world from /Game/Levels/MainLevel.MainLevel to /Game/Levels/UEDPIE_0_MainLevel.MainLevel (0.088949s)
[2026.03.14-18.15.43:534][100]LogUObjectHash: Compacting FUObjectHashTables data took   2.53ms
[2026.03.14-18.15.43:535][100]LogAudio: Display: Creating Audio Device:                 Id: 23, Scope: Unique, Realtime: True
[2026.03.14-18.15.43:535][100]LogAudioMixer: Display: Audio Mixer Platform Settings:
[2026.03.14-18.15.43:535][100]LogAudioMixer: Display: 	Sample Rate:						  48000
[2026.03.14-18.15.43:535][100]LogAudioMixer: Display: 	Callback Buffer Frame Size Requested: 1024
[2026.03.14-18.15.43:535][100]LogAudioMixer: Display: 	Callback Buffer Frame Size To Use:	  1024
[2026.03.14-18.15.43:535][100]LogAudioMixer: Display: 	Number of buffers to queue:			  2
[2026.03.14-18.15.43:535][100]LogAudioMixer: Display: 	Max Channels (voices):				  32
[2026.03.14-18.15.43:535][100]LogAudioMixer: Display: 	Number of Async Source Workers:		  0
[2026.03.14-18.15.43:535][100]LogAudio: Display: AudioDevice MaxSources: 32
[2026.03.14-18.15.43:535][100]LogAudio: Display: Audio Spatialization Plugin: None (built-in).
[2026.03.14-18.15.43:535][100]LogAudio: Display: Audio Reverb Plugin: None (built-in).
[2026.03.14-18.15.43:535][100]LogAudio: Display: Audio Occlusion Plugin: None (built-in).
[2026.03.14-18.15.43:535][100]LogAudioMixer: Display: Initializing audio mixer.
[2026.03.14-18.15.43:538][100]LogAudioMixer: Display: 0: FrontLeft
[2026.03.14-18.15.43:538][100]LogAudioMixer: Display: 1: FrontRight
[2026.03.14-18.15.43:544][100]LogAudioMixer: Display: Using Audio Device Speakers (High Definition Audio Device)
[2026.03.14-18.15.43:544][100]LogAudioMixer: Display: Initializing Sound Submixes...
[2026.03.14-18.15.43:544][100]LogAudioMixer: Display: Creating Master Submix 'MasterSubmixDefault'
[2026.03.14-18.15.43:544][100]LogAudioMixer: Display: Creating Master Submix 'MasterReverbSubmixDefault'
[2026.03.14-18.15.43:544][100]LogAudioMixer: Display: Creating Master Submix 'MasterEQSubmixDefault'
[2026.03.14-18.15.43:544][100]LogAudioMixer: FMixerPlatformXAudio2::StartAudioStream() called
[2026.03.14-18.15.43:544][100]LogAudioMixer: Display: Output buffers initialized: Frames=1024, Channels=2, Samples=2048
[2026.03.14-18.15.43:545][100]LogAudioMixer: Display: Starting AudioMixerPlatformInterface::RunInternal()
[2026.03.14-18.15.43:545][100]LogAudioMixer: Display: FMixerPlatformXAudio2::SubmitBuffer() called for the first time
[2026.03.14-18.15.43:545][100]LogInit: FAudioDevice initialized.
[2026.03.14-18.15.43:546][100]LogAudio: Display: Audio Device (ID: 23) registered with world 'MainLevel'.
[2026.03.14-18.15.43:566][100]LogSlate: Updating window title bar state: overlay mode, drag disabled, window buttons hidden, title bar hidden
[2026.03.14-18.15.43:567][100]LogLoad: Game class is 'GM_RoadHopper_C'
[2026.03.14-18.15.43:603][100]LogWorld: Bringing World /Game/Levels/UEDPIE_0_MainLevel.MainLevel up for play (max tick rate 0) at 2026.03.14-12.15.43
[2026.03.14-18.15.43:604][100]LogWorld: Bringing up level for play took: 0.036413
[2026.03.14-18.15.43:604][100]LogOnline: OSS: Creating online subsystem instance for: :Context_28
[2026.03.14-18.15.43:605][100]LogGameMode: FindPlayerStart: PATHS NOT DEFINED or NO PLAYERSTART with positive rating
[2026.03.14-18.15.43:613][100]LogBlueprintUserMessages: [GM_RoadHopper_C_0] Hello
[2026.03.14-18.15.43:614][100]PIE: Server logged in
[2026.03.14-18.15.43:615][100]PIE: Play in editor total start time 0.208 seconds.
[2026.03.14-18.16.18:342][559]LogSlate: Updating window title bar state: overlay mode, drag disabled, window buttons hidden, title bar hidden
[2026.03.14-18.16.18:342][559]LogWorld: BeginTearingDown for /Game/Levels/UEDPIE_0_MainLevel
[2026.03.14-18.16.18:343][559]LogSlate: Window 'RoadHopper Preview [NetMode: Standalone]  (64-bit/Windows) ' being destroyed
[2026.03.14-18.16.18:351][559]LogWorld: UWorld::CleanupWorld for MainLevel, bSessionEnded=true, bCleanupResources=true
[2026.03.14-18.16.18:390][559]LogSlate: InvalidateAllWidgets triggered.  All widgets were invalidated
[2026.03.14-18.16.18:400][559]LogPlayLevel: Display: Shutting down PIE online subsystems
[2026.03.14-18.16.18:407][559]LogSlate: InvalidateAllWidgets triggered.  All widgets were invalidated
[2026.03.14-18.16.18:429][559]LogAudioMixer: FMixerPlatformXAudio2::StopAudioStream() called
[2026.03.14-18.16.18:430][559]LogAudioMixer: FMixerPlatformXAudio2::StopAudioStream() called
[2026.03.14-18.16.18:437][559]LogUObjectHash: Compacting FUObjectHashTables data took   1.80ms
[2026.03.14-18.16.18:451][560]LogPlayLevel: Display: Destroying online subsystem :Context_28
[2026.03.14-18.16.35:130][ 54]LogSlate: Only BGRA pngs, bmps or icos are supported in by External Image Picker
[2026.03.14-18.16.51:848][914]LogSlate: Window 'Project Settings' being destroyed
[2026.03.14-18.16.51:854][914]LogSlate: Window 'Project Settings' being destroyed
[2026.03.14-18.16.52:987][ 44]LogTemp: Repeating last play command: Selected Viewport
[2026.03.14-18.16.52:991][ 44]LogPlayLevel: PlayLevel: No blueprints needed recompiling
[2026.03.14-18.16.52:991][ 44]PIE: New page: PIE session: MainLevel (Mar. 14, 2026, 6:16:52 a.m.)
[2026.03.14-18.16.52:991][ 44]LogPlayLevel: Creating play world package: /Game/Levels/UEDPIE_0_MainLevel
[2026.03.14-18.16.53:079][ 44]LogPlayLevel: PIE: StaticDuplicateObject took: (0.087202s)
[2026.03.14-18.16.53:080][ 44]LogAIModule: Creating AISystem for world MainLevel
[2026.03.14-18.16.53:080][ 44]LogPlayLevel: PIE: World Init took: (0.001036s)
[2026.03.14-18.16.53:080][ 44]LogPlayLevel: PIE: Created PIE world by copying editor world from /Game/Levels/MainLevel.MainLevel to /Game/Levels/UEDPIE_0_MainLevel.MainLevel (0.088440s)
[2026.03.14-18.16.53:098][ 44]LogUObjectHash: Compacting FUObjectHashTables data took   2.01ms
[2026.03.14-18.16.53:099][ 44]LogAudio: Display: Creating Audio Device:                 Id: 24, Scope: Unique, Realtime: True
[2026.03.14-18.16.53:099][ 44]LogAudioMixer: Display: Audio Mixer Platform Settings:
[2026.03.14-18.16.53:099][ 44]LogAudioMixer: Display: 	Sample Rate:						  48000
[2026.03.14-18.16.53:099][ 44]LogAudioMixer: Display: 	Callback Buffer Frame Size Requested: 1024
[2026.03.14-18.16.53:099][ 44]LogAudioMixer: Display: 	Callback Buffer Frame Size To Use:	  1024
[2026.03.14-18.16.53:099][ 44]LogAudioMixer: Display: 	Number of buffers to queue:			  2
[2026.03.14-18.16.53:099][ 44]LogAudioMixer: Display: 	Max Channels (voices):				  32
[2026.03.14-18.16.53:099][ 44]LogAudioMixer: Display: 	Number of Async Source Workers:		  0
[2026.03.14-18.16.53:099][ 44]LogAudio: Display: AudioDevice MaxSources: 32
[2026.03.14-18.16.53:099][ 44]LogAudio: Display: Audio Spatialization Plugin: None (built-in).
[2026.03.14-18.16.53:099][ 44]LogAudio: Display: Audio Reverb Plugin: None (built-in).
[2026.03.14-18.16.53:099][ 44]LogAudio: Display: Audio Occlusion Plugin: None (built-in).
[2026.03.14-18.16.53:099][ 44]LogAudioMixer: Display: Initializing audio mixer.
[2026.03.14-18.16.53:103][ 44]LogAudioMixer: Display: 0: FrontLeft
[2026.03.14-18.16.53:103][ 44]LogAudioMixer: Display: 1: FrontRight
[2026.03.14-18.16.53:107][ 44]LogAudioMixer: Display: Using Audio Device Speakers (High Definition Audio Device)
[2026.03.14-18.16.53:107][ 44]LogAudioMixer: Display: Initializing Sound Submixes...
[2026.03.14-18.16.53:107][ 44]LogAudioMixer: Display: Creating Master Submix 'MasterSubmixDefault'
[2026.03.14-18.16.53:107][ 44]LogAudioMixer: Display: Creating Master Submix 'MasterReverbSubmixDefault'
[2026.03.14-18.16.53:108][ 44]LogAudioMixer: Display: Creating Master Submix 'MasterEQSubmixDefault'
[2026.03.14-18.16.53:108][ 44]LogAudioMixer: FMixerPlatformXAudio2::StartAudioStream() called
[2026.03.14-18.16.53:108][ 44]LogAudioMixer: Display: Output buffers initialized: Frames=1024, Channels=2, Samples=2048
[2026.03.14-18.16.53:108][ 44]LogAudioMixer: Display: Starting AudioMixerPlatformInterface::RunInternal()
[2026.03.14-18.16.53:109][ 44]LogAudioMixer: Display: FMixerPlatformXAudio2::SubmitBuffer() called for the first time
[2026.03.14-18.16.53:109][ 44]LogInit: FAudioDevice initialized.
[2026.03.14-18.16.53:109][ 44]LogAudio: Display: Audio Device (ID: 24) registered with world 'MainLevel'.
[2026.03.14-18.16.53:132][ 44]LogSlate: Updating window title bar state: overlay mode, drag disabled, window buttons hidden, title bar hidden
[2026.03.14-18.16.53:132][ 44]LogLoad: Game class is 'GM_RoadHopper_C'
[2026.03.14-18.16.53:168][ 44]LogWorld: Bringing World /Game/Levels/UEDPIE_0_MainLevel.MainLevel up for play (max tick rate 0) at 2026.03.14-12.16.53
[2026.03.14-18.16.53:169][ 44]LogWorld: Bringing up level for play took: 0.036300
[2026.03.14-18.16.53:169][ 44]LogOnline: OSS: Creating online subsystem instance for: :Context_29
[2026.03.14-18.16.53:170][ 44]LogGameMode: FindPlayerStart: PATHS NOT DEFINED or NO PLAYERSTART with positive rating
[2026.03.14-18.16.53:177][ 44]LogBlueprintUserMessages: [GM_RoadHopper_C_0] Hello
[2026.03.14-18.16.53:179][ 44]PIE: Server logged in
[2026.03.14-18.16.53:180][ 44]PIE: Play in editor total start time 0.189 seconds.
[2026.03.14-18.16.55:926][365]LogSlate: Updating window title bar state: overlay mode, drag disabled, window buttons hidden, title bar hidden
[2026.03.14-18.16.55:926][365]LogWorld: BeginTearingDown for /Game/Levels/UEDPIE_0_MainLevel
[2026.03.14-18.16.55:928][365]LogSlate: Window 'RoadHopper Preview [NetMode: Standalone]  (64-bit/Windows) ' being destroyed
[2026.03.14-18.16.55:936][365]LogWorld: UWorld::CleanupWorld for MainLevel, bSessionEnded=true, bCleanupResources=true
[2026.03.14-18.16.55:976][365]LogSlate: InvalidateAllWidgets triggered.  All widgets were invalidated
[2026.03.14-18.16.55:983][365]LogPlayLevel: Display: Shutting down PIE online subsystems
[2026.03.14-18.16.55:991][365]LogSlate: InvalidateAllWidgets triggered.  All widgets were invalidated
[2026.03.14-18.16.56:012][365]LogAudioMixer: FMixerPlatformXAudio2::StopAudioStream() called
[2026.03.14-18.16.56:013][365]LogAudioMixer: FMixerPlatformXAudio2::StopAudioStream() called
[2026.03.14-18.16.56:024][365]LogUObjectHash: Compacting FUObjectHashTables data took   2.00ms
[2026.03.14-18.16.56:043][366]LogPlayLevel: Display: Destroying online subsystem :Context_29
[2026.03.14-18.17.18:691][ 49]Cmd: OBJ SAVEPACKAGE PACKAGE="/Game/Blueprints/BP_Player" FILE="C:/Users/titan/Desktop/Titan_RoadHopper/RoadHopper4.27/Content/Blueprints/BP_Player.uasset" SILENT=true
[2026.03.14-18.17.18:706][ 49]LogSavePackage: Moving 'C:/Users/titan/Desktop/Titan_RoadHopper/RoadHopper4.27/Saved/BP_Player5169F89847FFD62200A345A4B13F49D3.tmp' to 'C:/Users/titan/Desktop/Titan_RoadHopper/RoadHopper4.27/Content/Blueprints/BP_Player.uasset'
[2026.03.14-18.17.18:718][ 49]AssetCheck: New page: Asset Save: BP_Player
[2026.03.14-18.17.18:718][ 49]LogContentValidation: Display: Validating Blueprint /Game/Blueprints/BP_Player.BP_Player
[2026.03.14-18.17.20:840][183]LogTemp: Repeating last play command: Selected Viewport
[2026.03.14-18.17.20:844][183]BlueprintLog: New page: Pre-Play auto-recompile
[2026.03.14-18.17.20:845][183]LogPlayLevel: [PlayLevel] Compiling BP_Player before play...
[2026.03.14-18.17.20:891][183]LogUObjectHash: Compacting FUObjectHashTables data took   2.17ms
[2026.03.14-18.17.20:892][183]LogPlayLevel: PlayLevel: Blueprint regeneration took 48 ms (1 blueprints)
[2026.03.14-18.17.20:892][183]PIE: New page: PIE session: MainLevel (Mar. 14, 2026, 6:17:20 a.m.)
[2026.03.14-18.17.20:892][183]LogPlayLevel: Creating play world package: /Game/Levels/UEDPIE_0_MainLevel
[2026.03.14-18.17.20:983][183]LogPlayLevel: PIE: StaticDuplicateObject took: (0.090126s)
[2026.03.14-18.17.20:983][183]LogAIModule: Creating AISystem for world MainLevel
[2026.03.14-18.17.20:983][183]LogPlayLevel: PIE: World Init took: (0.001108s)
[2026.03.14-18.17.20:983][183]LogPlayLevel: PIE: Created PIE world by copying editor world from /Game/Levels/MainLevel.MainLevel to /Game/Levels/UEDPIE_0_MainLevel.MainLevel (0.091440s)
[2026.03.14-18.17.21:000][183]LogUObjectHash: Compacting FUObjectHashTables data took   1.91ms
[2026.03.14-18.17.21:000][183]LogAudio: Display: Creating Audio Device:                 Id: 25, Scope: Unique, Realtime: True
[2026.03.14-18.17.21:000][183]LogAudioMixer: Display: Audio Mixer Platform Settings:
[2026.03.14-18.17.21:000][183]LogAudioMixer: Display: 	Sample Rate:						  48000
[2026.03.14-18.17.21:000][183]LogAudioMixer: Display: 	Callback Buffer Frame Size Requested: 1024
[2026.03.14-18.17.21:000][183]LogAudioMixer: Display: 	Callback Buffer Frame Size To Use:	  1024
[2026.03.14-18.17.21:000][183]LogAudioMixer: Display: 	Number of buffers to queue:			  2
[2026.03.14-18.17.21:000][183]LogAudioMixer: Display: 	Max Channels (voices):				  32
[2026.03.14-18.17.21:000][183]LogAudioMixer: Display: 	Number of Async Source Workers:		  0
[2026.03.14-18.17.21:000][183]LogAudio: Display: AudioDevice MaxSources: 32
[2026.03.14-18.17.21:001][183]LogAudio: Display: Audio Spatialization Plugin: None (built-in).
[2026.03.14-18.17.21:001][183]LogAudio: Display: Audio Reverb Plugin: None (built-in).
[2026.03.14-18.17.21:001][183]LogAudio: Display: Audio Occlusion Plugin: None (built-in).
[2026.03.14-18.17.21:001][183]LogAudioMixer: Display: Initializing audio mixer.
[2026.03.14-18.17.21:003][183]LogAudioMixer: Display: 0: FrontLeft
[2026.03.14-18.17.21:004][183]LogAudioMixer: Display: 1: FrontRight
[2026.03.14-18.17.21:008][183]LogAudioMixer: Display: Using Audio Device Speakers (High Definition Audio Device)
[2026.03.14-18.17.21:008][183]LogAudioMixer: Display: Initializing Sound Submixes...
[2026.03.14-18.17.21:008][183]LogAudioMixer: Display: Creating Master Submix 'MasterSubmixDefault'
[2026.03.14-18.17.21:008][183]LogAudioMixer: Display: Creating Master Submix 'MasterReverbSubmixDefault'
[2026.03.14-18.17.21:008][183]LogAudioMixer: Display: Creating Master Submix 'MasterEQSubmixDefault'
[2026.03.14-18.17.21:008][183]LogAudioMixer: FMixerPlatformXAudio2::StartAudioStream() called
[2026.03.14-18.17.21:008][183]LogAudioMixer: Display: Output buffers initialized: Frames=1024, Channels=2, Samples=2048
[2026.03.14-18.17.21:009][183]LogAudioMixer: Display: Starting AudioMixerPlatformInterface::RunInternal()
[2026.03.14-18.17.21:009][183]LogAudioMixer: Display: FMixerPlatformXAudio2::SubmitBuffer() called for the first time
[2026.03.14-18.17.21:009][183]LogInit: FAudioDevice initialized.
[2026.03.14-18.17.21:009][183]LogAudio: Display: Audio Device (ID: 25) registered with world 'MainLevel'.
[2026.03.14-18.17.21:033][183]LogSlate: Updating window title bar state: overlay mode, drag disabled, window buttons hidden, title bar hidden
[2026.03.14-18.17.21:033][183]LogLoad: Game class is 'GM_RoadHopper_C'
[2026.03.14-18.17.21:070][183]LogWorld: Bringing World /Game/Levels/UEDPIE_0_MainLevel.MainLevel up for play (max tick rate 0) at 2026.03.14-12.17.21
[2026.03.14-18.17.21:071][183]LogWorld: Bringing up level for play took: 0.037500
[2026.03.14-18.17.21:071][183]LogOnline: OSS: Creating online subsystem instance for: :Context_30
[2026.03.14-18.17.21:073][183]LogGameMode: FindPlayerStart: PATHS NOT DEFINED or NO PLAYERSTART with positive rating
[2026.03.14-18.17.21:080][183]LogBlueprintUserMessages: [GM_RoadHopper_C_0] Hello
[2026.03.14-18.17.21:080][183]PIE: Server logged in
[2026.03.14-18.17.21:081][183]PIE: Play in editor total start time 0.237 seconds.
[2026.03.14-18.17.23:617][479]LogSlate: Updating window title bar state: overlay mode, drag disabled, window buttons hidden, title bar hidden
[2026.03.14-18.17.23:617][479]LogWorld: BeginTearingDown for /Game/Levels/UEDPIE_0_MainLevel
[2026.03.14-18.17.23:619][479]LogSlate: Window 'RoadHopper Preview [NetMode: Standalone]  (64-bit/Windows) ' being destroyed
[2026.03.14-18.17.23:627][479]LogWorld: UWorld::CleanupWorld for MainLevel, bSessionEnded=true, bCleanupResources=true
[2026.03.14-18.17.23:665][479]LogSlate: InvalidateAllWidgets triggered.  All widgets were invalidated
[2026.03.14-18.17.23:674][479]LogPlayLevel: Display: Shutting down PIE online subsystems
[2026.03.14-18.17.23:681][479]LogSlate: InvalidateAllWidgets triggered.  All widgets were invalidated
[2026.03.14-18.17.23:701][479]LogAudioMixer: FMixerPlatformXAudio2::StopAudioStream() called
[2026.03.14-18.17.23:702][479]LogAudioMixer: FMixerPlatformXAudio2::StopAudioStream() called
[2026.03.14-18.17.23:713][479]LogUObjectHash: Compacting FUObjectHashTables data took   1.78ms
[2026.03.14-18.17.23:728][480]LogPlayLevel: Display: Destroying online subsystem :Context_30
[2026.03.14-18.17.39:103][ 29]LogSlate: Only BGRA pngs, bmps or icos are supported in by External Image Picker
[2026.03.14-18.17.49:873][285]LogSlate: Window 'Project Settings' being destroyed
[2026.03.14-18.17.49:880][285]LogSlate: Window 'Project Settings' being destroyed
[2026.03.14-18.18.10:059][645]LogTemp: Repeating last play command: Selected Viewport
[2026.03.14-18.18.10:064][645]LogPlayLevel: PlayLevel: No blueprints needed recompiling
[2026.03.14-18.18.10:064][645]PIE: New page: PIE session: MainLevel (Mar. 14, 2026, 6:18:10 a.m.)
[2026.03.14-18.18.10:064][645]LogPlayLevel: Creating play world package: /Game/Levels/UEDPIE_0_MainLevel
[2026.03.14-18.18.10:155][645]LogPlayLevel: PIE: StaticDuplicateObject took: (0.090847s)
[2026.03.14-18.18.10:155][645]LogAIModule: Creating AISystem for world MainLevel
[2026.03.14-18.18.10:156][645]LogPlayLevel: PIE: World Init took: (0.001274s)
[2026.03.14-18.18.10:156][645]LogPlayLevel: PIE: Created PIE world by copying editor world from /Game/Levels/MainLevel.MainLevel to /Game/Levels/UEDPIE_0_MainLevel.MainLevel (0.092323s)
[2026.03.14-18.18.10:173][645]LogUObjectHash: Compacting FUObjectHashTables data took   1.65ms
[2026.03.14-18.18.10:175][645]LogAudio: Display: Creating Audio Device:                 Id: 26, Scope: Unique, Realtime: True
[2026.03.14-18.18.10:175][645]LogAudioMixer: Display: Audio Mixer Platform Settings:
[2026.03.14-18.18.10:175][645]LogAudioMixer: Display: 	Sample Rate:						  48000
[2026.03.14-18.18.10:175][645]LogAudioMixer: Display: 	Callback Buffer Frame Size Requested: 1024
[2026.03.14-18.18.10:175][645]LogAudioMixer: Display: 	Callback Buffer Frame Size To Use:	  1024
[2026.03.14-18.18.10:175][645]LogAudioMixer: Display: 	Number of buffers to queue:			  2
[2026.03.14-18.18.10:175][645]LogAudioMixer: Display: 	Max Channels (voices):				  32
[2026.03.14-18.18.10:175][645]LogAudioMixer: Display: 	Number of Async Source Workers:		  0
[2026.03.14-18.18.10:175][645]LogAudio: Display: AudioDevice MaxSources: 32
[2026.03.14-18.18.10:176][645]LogAudio: Display: Audio Spatialization Plugin: None (built-in).
[2026.03.14-18.18.10:176][645]LogAudio: Display: Audio Reverb Plugin: None (built-in).
[2026.03.14-18.18.10:176][645]LogAudio: Display: Audio Occlusion Plugin: None (built-in).
[2026.03.14-18.18.10:176][645]LogAudioMixer: Display: Initializing audio mixer.
[2026.03.14-18.18.10:179][645]LogAudioMixer: Display: 0: FrontLeft
[2026.03.14-18.18.10:179][645]LogAudioMixer: Display: 1: FrontRight
[2026.03.14-18.18.10:183][645]LogAudioMixer: Display: Using Audio Device Speakers (High Definition Audio Device)
[2026.03.14-18.18.10:183][645]LogAudioMixer: Display: Initializing Sound Submixes...
[2026.03.14-18.18.10:183][645]LogAudioMixer: Display: Creating Master Submix 'MasterSubmixDefault'
[2026.03.14-18.18.10:183][645]LogAudioMixer: Display: Creating Master Submix 'MasterReverbSubmixDefault'
[2026.03.14-18.18.10:184][645]LogAudioMixer: Display: Creating Master Submix 'MasterEQSubmixDefault'
[2026.03.14-18.18.10:184][645]LogAudioMixer: FMixerPlatformXAudio2::StartAudioStream() called
[2026.03.14-18.18.10:184][645]LogAudioMixer: Display: Output buffers initialized: Frames=1024, Channels=2, Samples=2048
[2026.03.14-18.18.10:185][645]LogAudioMixer: Display: Starting AudioMixerPlatformInterface::RunInternal()
[2026.03.14-18.18.10:185][645]LogAudioMixer: Display: FMixerPlatformXAudio2::SubmitBuffer() called for the first time
[2026.03.14-18.18.10:185][645]LogInit: FAudioDevice initialized.
[2026.03.14-18.18.10:185][645]LogAudio: Display: Audio Device (ID: 26) registered with world 'MainLevel'.
[2026.03.14-18.18.10:205][645]LogSlate: Updating window title bar state: overlay mode, drag disabled, window buttons hidden, title bar hidden
[2026.03.14-18.18.10:205][645]LogLoad: Game class is 'GM_RoadHopper_C'
[2026.03.14-18.18.10:241][645]LogWorld: Bringing World /Game/Levels/UEDPIE_0_MainLevel.MainLevel up for play (max tick rate 0) at 2026.03.14-12.18.10
[2026.03.14-18.18.10:242][645]LogWorld: Bringing up level for play took: 0.035603
[2026.03.14-18.18.10:242][645]LogOnline: OSS: Creating online subsystem instance for: :Context_31
[2026.03.14-18.18.10:243][645]LogGameMode: FindPlayerStart: PATHS NOT DEFINED or NO PLAYERSTART with positive rating
[2026.03.14-18.18.10:251][645]LogBlueprintUserMessages: [GM_RoadHopper_C_0] Hello
[2026.03.14-18.18.10:252][645]PIE: Server logged in
[2026.03.14-18.18.10:252][645]PIE: Play in editor total start time 0.19 seconds.
[2026.03.14-18.18.11:306][760]LogBlueprintUserMessages: [BP_Player_10] -100.0
[2026.03.14-18.18.11:839][824]LogBlueprintUserMessages: [BP_Player_10] -200.0
[2026.03.14-18.18.12:539][908]LogBlueprintUserMessages: [BP_Player_10] -300.0
[2026.03.14-18.18.12:924][949]LogSlate: Updating window title bar state: overlay mode, drag disabled, window buttons hidden, title bar hidden
[2026.03.14-18.18.12:924][949]LogWorld: BeginTearingDown for /Game/Levels/UEDPIE_0_MainLevel
[2026.03.14-18.18.12:926][949]LogSlate: Window 'RoadHopper Preview [NetMode: Standalone]  (64-bit/Windows) ' being destroyed
[2026.03.14-18.18.12:935][949]LogWorld: UWorld::CleanupWorld for MainLevel, bSessionEnded=true, bCleanupResources=true
[2026.03.14-18.18.12:973][949]LogSlate: InvalidateAllWidgets triggered.  All widgets were invalidated
[2026.03.14-18.18.12:983][949]LogPlayLevel: Display: Shutting down PIE online subsystems
[2026.03.14-18.18.12:991][949]LogSlate: InvalidateAllWidgets triggered.  All widgets were invalidated
[2026.03.14-18.18.13:013][949]LogAudio: Display: Audio Device unregistered from world 'None'.
[2026.03.14-18.18.13:013][949]LogAudioMixer: FMixerPlatformXAudio2::StopAudioStream() called
[2026.03.14-18.18.13:014][949]LogAudioMixer: FMixerPlatformXAudio2::StopAudioStream() called
[2026.03.14-18.18.13:026][949]LogUObjectHash: Compacting FUObjectHashTables data took   2.01ms
[2026.03.14-18.18.13:043][950]LogPlayLevel: Display: Destroying online subsystem :Context_31
[2026.03.14-18.18.14:202][ 84]LogTemp: Repeating last play command: Selected Viewport
[2026.03.14-18.18.14:206][ 84]LogPlayLevel: PlayLevel: No blueprints needed recompiling
[2026.03.14-18.18.14:206][ 84]PIE: New page: PIE session: MainLevel (Mar. 14, 2026, 6:18:14 a.m.)
[2026.03.14-18.18.14:206][ 84]LogPlayLevel: Creating play world package: /Game/Levels/UEDPIE_0_MainLevel
[2026.03.14-18.18.14:293][ 84]LogPlayLevel: PIE: StaticDuplicateObject took: (0.086447s)
[2026.03.14-18.18.14:293][ 84]LogAIModule: Creating AISystem for world MainLevel
[2026.03.14-18.18.14:294][ 84]LogPlayLevel: PIE: World Init took: (0.001166s)
[2026.03.14-18.18.14:295][ 84]LogPlayLevel: PIE: Created PIE world by copying editor world from /Game/Levels/MainLevel.MainLevel to /Game/Levels/UEDPIE_0_MainLevel.MainLevel (0.087851s)
[2026.03.14-18.18.14:312][ 84]LogUObjectHash: Compacting FUObjectHashTables data took   1.61ms
[2026.03.14-18.18.14:312][ 84]LogAudio: Display: Creating Audio Device:                 Id: 27, Scope: Unique, Realtime: True
[2026.03.14-18.18.14:312][ 84]LogAudioMixer: Display: Audio Mixer Platform Settings:
[2026.03.14-18.18.14:312][ 84]LogAudioMixer: Display: 	Sample Rate:						  48000
[2026.03.14-18.18.14:312][ 84]LogAudioMixer: Display: 	Callback Buffer Frame Size Requested: 1024
[2026.03.14-18.18.14:312][ 84]LogAudioMixer: Display: 	Callback Buffer Frame Size To Use:	  1024
[2026.03.14-18.18.14:312][ 84]LogAudioMixer: Display: 	Number of buffers to queue:			  2
[2026.03.14-18.18.14:312][ 84]LogAudioMixer: Display: 	Max Channels (voices):				  32
[2026.03.14-18.18.14:312][ 84]LogAudioMixer: Display: 	Number of Async Source Workers:		  0
[2026.03.14-18.18.14:312][ 84]LogAudio: Display: AudioDevice MaxSources: 32
[2026.03.14-18.18.14:312][ 84]LogAudio: Display: Audio Spatialization Plugin: None (built-in).
[2026.03.14-18.18.14:312][ 84]LogAudio: Display: Audio Reverb Plugin: None (built-in).
[2026.03.14-18.18.14:312][ 84]LogAudio: Display: Audio Occlusion Plugin: None (built-in).
[2026.03.14-18.18.14:312][ 84]LogAudioMixer: Display: Initializing audio mixer.
[2026.03.14-18.18.14:315][ 84]LogAudioMixer: Display: 0: FrontLeft
[2026.03.14-18.18.14:315][ 84]LogAudioMixer: Display: 1: FrontRight
[2026.03.14-18.18.14:320][ 84]LogAudioMixer: Display: Using Audio Device Speakers (High Definition Audio Device)
[2026.03.14-18.18.14:320][ 84]LogAudioMixer: Display: Initializing Sound Submixes...
[2026.03.14-18.18.14:320][ 84]LogAudioMixer: Display: Creating Master Submix 'MasterSubmixDefault'
[2026.03.14-18.18.14:320][ 84]LogAudioMixer: Display: Creating Master Submix 'MasterReverbSubmixDefault'
[2026.03.14-18.18.14:320][ 84]LogAudioMixer: Display: Creating Master Submix 'MasterEQSubmixDefault'
[2026.03.14-18.18.14:320][ 84]LogAudioMixer: FMixerPlatformXAudio2::StartAudioStream() called
[2026.03.14-18.18.14:320][ 84]LogAudioMixer: Display: Output buffers initialized: Frames=1024, Channels=2, Samples=2048
[2026.03.14-18.18.14:321][ 84]LogAudioMixer: Display: Starting AudioMixerPlatformInterface::RunInternal()
[2026.03.14-18.18.14:321][ 84]LogAudioMixer: Display: FMixerPlatformXAudio2::SubmitBuffer() called for the first time
[2026.03.14-18.18.14:321][ 84]LogInit: FAudioDevice initialized.
[2026.03.14-18.18.14:321][ 84]LogAudio: Display: Audio Device (ID: 27) registered with world 'MainLevel'.
[2026.03.14-18.18.14:344][ 84]LogSlate: Updating window title bar state: overlay mode, drag disabled, window buttons hidden, title bar hidden
[2026.03.14-18.18.14:344][ 84]LogLoad: Game class is 'GM_RoadHopper_C'
[2026.03.14-18.18.14:379][ 84]LogWorld: Bringing World /Game/Levels/UEDPIE_0_MainLevel.MainLevel up for play (max tick rate 0) at 2026.03.14-12.18.14
[2026.03.14-18.18.14:380][ 84]LogWorld: Bringing up level for play took: 0.036073
[2026.03.14-18.18.14:380][ 84]LogOnline: OSS: Creating online subsystem instance for: :Context_32
[2026.03.14-18.18.14:382][ 84]LogGameMode: FindPlayerStart: PATHS NOT DEFINED or NO PLAYERSTART with positive rating
[2026.03.14-18.18.14:389][ 84]LogBlueprintUserMessages: [GM_RoadHopper_C_0] Hello
[2026.03.14-18.18.14:390][ 84]PIE: Server logged in
[2026.03.14-18.18.14:391][ 84]PIE: Play in editor total start time 0.185 seconds.
[2026.03.14-18.18.18:891][542]LogBlueprintUserMessages: [BP_Player_10] -100.0
[2026.03.14-18.18.19:250][585]LogBlueprintUserMessages: [BP_Player_10] -200.0
[2026.03.14-18.18.19:633][631]LogBlueprintUserMessages: [BP_Player_10] -300.0
[2026.03.14-18.18.20:824][774]LogBlueprintUserMessages: [BP_Player_10] -400.0
[2026.03.14-18.18.21:766][887]LogBlueprintUserMessages: [BP_Player_10] -500.0
[2026.03.14-18.18.23:844][132]LogSlate: Updating window title bar state: overlay mode, drag disabled, window buttons hidden, title bar hidden
[2026.03.14-18.18.23:844][132]LogWorld: BeginTearingDown for /Game/Levels/UEDPIE_0_MainLevel
[2026.03.14-18.18.23:845][132]LogSlate: Window 'RoadHopper Preview [NetMode: Standalone]  (64-bit/Windows) ' being destroyed
[2026.03.14-18.18.23:854][132]LogWorld: UWorld::CleanupWorld for MainLevel, bSessionEnded=true, bCleanupResources=true
[2026.03.14-18.18.23:892][132]LogSlate: InvalidateAllWidgets triggered.  All widgets were invalidated
[2026.03.14-18.18.23:897][132]LogPlayLevel: Display: Shutting down PIE online subsystems
[2026.03.14-18.18.23:905][132]LogSlate: InvalidateAllWidgets triggered.  All widgets were invalidated
[2026.03.14-18.18.23:928][132]LogAudioMixer: FMixerPlatformXAudio2::StopAudioStream() called
[2026.03.14-18.18.23:929][132]LogAudioMixer: FMixerPlatformXAudio2::StopAudioStream() called
[2026.03.14-18.18.23:940][132]LogUObjectHash: Compacting FUObjectHashTables data took   1.91ms
[2026.03.14-18.18.23:953][133]LogPlayLevel: Display: Destroying online subsystem :Context_32
[2026.03.14-18.18.55:417][365]LogSlate: Only BGRA pngs, bmps or icos are supported in by External Image Picker
[2026.03.14-18.19.01:534][ 48]LogSlate: Window 'Project Settings' being destroyed
[2026.03.14-18.19.01:540][ 48]LogSlate: Window 'Project Settings' being destroyed
[2026.03.14-18.19.47:484][465]LogTemp: Repeating last play command: Selected Viewport
[2026.03.14-18.19.47:488][465]BlueprintLog: New page: Pre-Play auto-recompile
[2026.03.14-18.19.47:489][465]LogPlayLevel: [PlayLevel] Compiling BP_Player before play...
[2026.03.14-18.19.47:536][465]LogUObjectHash: Compacting FUObjectHashTables data took   2.43ms
[2026.03.14-18.19.47:538][465]LogPlayLevel: PlayLevel: Blueprint regeneration took 50 ms (1 blueprints)
[2026.03.14-18.19.47:538][465]PIE: New page: PIE session: MainLevel (Mar. 14, 2026, 6:19:47 a.m.)
[2026.03.14-18.19.47:539][465]LogPlayLevel: Creating play world package: /Game/Levels/UEDPIE_0_MainLevel
[2026.03.14-18.19.47:627][465]LogPlayLevel: PIE: StaticDuplicateObject took: (0.088430s)
[2026.03.14-18.19.47:628][465]LogAIModule: Creating AISystem for world MainLevel
[2026.03.14-18.19.47:628][465]LogPlayLevel: PIE: World Init took: (0.001183s)
[2026.03.14-18.19.47:628][465]LogPlayLevel: PIE: Created PIE world by copying editor world from /Game/Levels/MainLevel.MainLevel to /Game/Levels/UEDPIE_0_MainLevel.MainLevel (0.089887s)
[2026.03.14-18.19.47:645][465]LogUObjectHash: Compacting FUObjectHashTables data took   1.90ms
[2026.03.14-18.19.47:645][465]LogAudio: Display: Creating Audio Device:                 Id: 28, Scope: Unique, Realtime: True
[2026.03.14-18.19.47:645][465]LogAudioMixer: Display: Audio Mixer Platform Settings:
[2026.03.14-18.19.47:645][465]LogAudioMixer: Display: 	Sample Rate:						  48000
[2026.03.14-18.19.47:645][465]LogAudioMixer: Display: 	Callback Buffer Frame Size Requested: 1024
[2026.03.14-18.19.47:645][465]LogAudioMixer: Display: 	Callback Buffer Frame Size To Use:	  1024
[2026.03.14-18.19.47:645][465]LogAudioMixer: Display: 	Number of buffers to queue:			  2
[2026.03.14-18.19.47:645][465]LogAudioMixer: Display: 	Max Channels (voices):				  32
[2026.03.14-18.19.47:645][465]LogAudioMixer: Display: 	Number of Async Source Workers:		  0
[2026.03.14-18.19.47:645][465]LogAudio: Display: AudioDevice MaxSources: 32
[2026.03.14-18.19.47:646][465]LogAudio: Display: Audio Spatialization Plugin: None (built-in).
[2026.03.14-18.19.47:646][465]LogAudio: Display: Audio Reverb Plugin: None (built-in).
[2026.03.14-18.19.47:646][465]LogAudio: Display: Audio Occlusion Plugin: None (built-in).
[2026.03.14-18.19.47:646][465]LogAudioMixer: Display: Initializing audio mixer.
[2026.03.14-18.19.47:649][465]LogAudioMixer: Display: 0: FrontLeft
[2026.03.14-18.19.47:649][465]LogAudioMixer: Display: 1: FrontRight
[2026.03.14-18.19.47:653][465]LogAudioMixer: Display: Using Audio Device Speakers (High Definition Audio Device)
[2026.03.14-18.19.47:654][465]LogAudioMixer: Display: Initializing Sound Submixes...
[2026.03.14-18.19.47:654][465]LogAudioMixer: Display: Creating Master Submix 'MasterSubmixDefault'
[2026.03.14-18.19.47:654][465]LogAudioMixer: Display: Creating Master Submix 'MasterReverbSubmixDefault'
[2026.03.14-18.19.47:654][465]LogAudioMixer: Display: Creating Master Submix 'MasterEQSubmixDefault'
[2026.03.14-18.19.47:654][465]LogAudioMixer: FMixerPlatformXAudio2::StartAudioStream() called
[2026.03.14-18.19.47:654][465]LogAudioMixer: Display: Output buffers initialized: Frames=1024, Channels=2, Samples=2048
[2026.03.14-18.19.47:655][465]LogAudioMixer: Display: Starting AudioMixerPlatformInterface::RunInternal()
[2026.03.14-18.19.47:655][465]LogAudioMixer: Display: FMixerPlatformXAudio2::SubmitBuffer() called for the first time
[2026.03.14-18.19.47:655][465]LogInit: FAudioDevice initialized.
[2026.03.14-18.19.47:655][465]LogAudio: Display: Audio Device (ID: 28) registered with world 'MainLevel'.
[2026.03.14-18.19.47:677][465]LogSlate: Updating window title bar state: overlay mode, drag disabled, window buttons hidden, title bar hidden
[2026.03.14-18.19.47:678][465]LogLoad: Game class is 'GM_RoadHopper_C'
[2026.03.14-18.19.47:715][465]LogWorld: Bringing World /Game/Levels/UEDPIE_0_MainLevel.MainLevel up for play (max tick rate 0) at 2026.03.14-12.19.47
[2026.03.14-18.19.47:716][465]LogWorld: Bringing up level for play took: 0.037806
[2026.03.14-18.19.47:716][465]LogOnline: OSS: Creating online subsystem instance for: :Context_33
[2026.03.14-18.19.47:718][465]LogGameMode: FindPlayerStart: PATHS NOT DEFINED or NO PLAYERSTART with positive rating
[2026.03.14-18.19.47:725][465]LogBlueprintUserMessages: [GM_RoadHopper_C_0] Hello
[2026.03.14-18.19.47:725][465]PIE: Server logged in
[2026.03.14-18.19.47:726][465]PIE: Play in editor total start time 0.238 seconds.
[2026.03.14-18.19.48:737][574]LogBlueprintUserMessages: [BP_Player_10] 100.0
[2026.03.14-18.19.50:287][760]LogBlueprintUserMessages: [BP_Player_10] 200.0
[2026.03.14-18.19.54:097][212]LogSlate: Updating window title bar state: overlay mode, drag disabled, window buttons hidden, title bar hidden
[2026.03.14-18.19.54:098][212]LogWorld: BeginTearingDown for /Game/Levels/UEDPIE_0_MainLevel
[2026.03.14-18.19.54:099][212]LogSlate: Window 'RoadHopper Preview [NetMode: Standalone]  (64-bit/Windows) ' being destroyed
[2026.03.14-18.19.54:107][212]LogWorld: UWorld::CleanupWorld for MainLevel, bSessionEnded=true, bCleanupResources=true
[2026.03.14-18.19.54:147][212]LogSlate: InvalidateAllWidgets triggered.  All widgets were invalidated
[2026.03.14-18.19.54:155][212]LogPlayLevel: Display: Shutting down PIE online subsystems
[2026.03.14-18.19.54:163][212]LogSlate: InvalidateAllWidgets triggered.  All widgets were invalidated
[2026.03.14-18.19.54:183][212]LogAudioMixer: FMixerPlatformXAudio2::StopAudioStream() called
[2026.03.14-18.19.54:184][212]LogAudioMixer: FMixerPlatformXAudio2::StopAudioStream() called
[2026.03.14-18.19.54:192][212]LogUObjectHash: Compacting FUObjectHashTables data took   1.92ms
[2026.03.14-18.19.54:209][213]LogPlayLevel: Display: Destroying online subsystem :Context_33
[2026.03.14-18.20.23:879][ 49]LogUObjectHash: Compacting FUObjectHashTables data took   1.48ms
[2026.03.14-18.20.24:263][ 49]LogSavePackage: Moving 'C:/Users/titan/Desktop/Titan_RoadHopper/RoadHopper4.27/Saved/MainLevel_Auto67B2258FF46564259841AE9A7365CB479.tmp' to 'C:/Users/titan/Desktop/Titan_RoadHopper/RoadHopper4.27/Saved/Autosaves/Game/Levels/MainLevel_Auto6.umap'
[2026.03.14-18.20.24:266][ 49]LogFileHelpers: Editor autosave (incl. external actors) for '/Game/Levels/MainLevel' took 0.403
[2026.03.14-18.20.24:266][ 49]LogFileHelpers: Editor autosave (incl. sublevels & external actors) for all levels took 0.403
[2026.03.14-18.20.24:266][ 49]OBJ SavePackage: Generating thumbnails for [2] asset(s) in package [/Game/Blueprints/BP_Player] ([2] browsable assets)...
[2026.03.14-18.20.24:288][ 49]OBJ SavePackage:     Rendered thumbnail for [Blueprint /Game/Blueprints/BP_Player.BP_Player]
[2026.03.14-18.20.24:288][ 49]OBJ SavePackage: Finished generating thumbnails for package [/Game/Blueprints/BP_Player]
[2026.03.14-18.20.24:288][ 49]Cmd: OBJ SAVEPACKAGE PACKAGE="/Game/Blueprints/BP_Player" FILE="C:/Users/titan/Desktop/Titan_RoadHopper/RoadHopper4.27/Saved/Autosaves/Game/Blueprints/BP_Player_Auto6.uasset" SILENT=false AUTOSAVING=true
[2026.03.14-18.20.24:302][ 49]LogSavePackage: Moving 'C:/Users/titan/Desktop/Titan_RoadHopper/RoadHopper4.27/Saved/BP_Player_Auto69531ABCD4C74440F27729BB74E4B25B6.tmp' to 'C:/Users/titan/Desktop/Titan_RoadHopper/RoadHopper4.27/Saved/Autosaves/Game/Blueprints/BP_Player_Auto6.uasset'
[2026.03.14-18.20.24:303][ 49]LogFileHelpers: Auto-saving content packages took 0.037
[2026.03.14-18.20.52:127][244]LogTemp: Repeating last play command: Selected Viewport
[2026.03.14-18.20.52:131][244]LogPlayLevel: PlayLevel: No blueprints needed recompiling
[2026.03.14-18.20.52:131][244]PIE: New page: PIE session: MainLevel (Mar. 14, 2026, 6:20:52 a.m.)
[2026.03.14-18.20.52:132][244]LogPlayLevel: Creating play world package: /Game/Levels/UEDPIE_0_MainLevel
[2026.03.14-18.20.52:219][244]LogPlayLevel: PIE: StaticDuplicateObject took: (0.087144s)
[2026.03.14-18.20.52:219][244]LogAIModule: Creating AISystem for world MainLevel
[2026.03.14-18.20.52:219][244]LogPlayLevel: PIE: World Init took: (0.001235s)
[2026.03.14-18.20.52:220][244]LogPlayLevel: PIE: Created PIE world by copying editor world from /Game/Levels/MainLevel.MainLevel to /Game/Levels/UEDPIE_0_MainLevel.MainLevel (0.088564s)
[2026.03.14-18.20.52:236][244]LogUObjectHash: Compacting FUObjectHashTables data took   1.66ms
[2026.03.14-18.20.52:236][244]LogAudio: Display: Creating Audio Device:                 Id: 29, Scope: Unique, Realtime: True
[2026.03.14-18.20.52:236][244]LogAudioMixer: Display: Audio Mixer Platform Settings:
[2026.03.14-18.20.52:236][244]LogAudioMixer: Display: 	Sample Rate:						  48000
[2026.03.14-18.20.52:236][244]LogAudioMixer: Display: 	Callback Buffer Frame Size Requested: 1024
[2026.03.14-18.20.52:236][244]LogAudioMixer: Display: 	Callback Buffer Frame Size To Use:	  1024
[2026.03.14-18.20.52:236][244]LogAudioMixer: Display: 	Number of buffers to queue:			  2
[2026.03.14-18.20.52:236][244]LogAudioMixer: Display: 	Max Channels (voices):				  32
[2026.03.14-18.20.52:236][244]LogAudioMixer: Display: 	Number of Async Source Workers:		  0
[2026.03.14-18.20.52:236][244]LogAudio: Display: AudioDevice MaxSources: 32
[2026.03.14-18.20.52:237][244]LogAudio: Display: Audio Spatialization Plugin: None (built-in).
[2026.03.14-18.20.52:237][244]LogAudio: Display: Audio Reverb Plugin: None (built-in).
[2026.03.14-18.20.52:237][244]LogAudio: Display: Audio Occlusion Plugin: None (built-in).
[2026.03.14-18.20.52:237][244]LogAudioMixer: Display: Initializing audio mixer.
[2026.03.14-18.20.52:239][244]LogAudioMixer: Display: 0: FrontLeft
[2026.03.14-18.20.52:239][244]LogAudioMixer: Display: 1: FrontRight
[2026.03.14-18.20.52:245][244]LogAudioMixer: Display: Using Audio Device Speakers (High Definition Audio Device)
[2026.03.14-18.20.52:245][244]LogAudioMixer: Display: Initializing Sound Submixes...
[2026.03.14-18.20.52:245][244]LogAudioMixer: Display: Creating Master Submix 'MasterSubmixDefault'
[2026.03.14-18.20.52:245][244]LogAudioMixer: Display: Creating Master Submix 'MasterReverbSubmixDefault'
[2026.03.14-18.20.52:245][244]LogAudioMixer: Display: Creating Master Submix 'MasterEQSubmixDefault'
[2026.03.14-18.20.52:245][244]LogAudioMixer: FMixerPlatformXAudio2::StartAudioStream() called
[2026.03.14-18.20.52:245][244]LogAudioMixer: Display: Output buffers initialized: Frames=1024, Channels=2, Samples=2048
[2026.03.14-18.20.52:246][244]LogAudioMixer: Display: Starting AudioMixerPlatformInterface::RunInternal()
[2026.03.14-18.20.52:246][244]LogAudioMixer: Display: FMixerPlatformXAudio2::SubmitBuffer() called for the first time
[2026.03.14-18.20.52:246][244]LogInit: FAudioDevice initialized.
[2026.03.14-18.20.52:246][244]LogAudio: Display: Audio Device (ID: 29) registered with world 'MainLevel'.
[2026.03.14-18.20.52:266][244]LogSlate: Updating window title bar state: overlay mode, drag disabled, window buttons hidden, title bar hidden
[2026.03.14-18.20.52:266][244]LogLoad: Game class is 'GM_RoadHopper_C'
[2026.03.14-18.20.52:303][244]LogWorld: Bringing World /Game/Levels/UEDPIE_0_MainLevel.MainLevel up for play (max tick rate 0) at 2026.03.14-12.20.52
[2026.03.14-18.20.52:304][244]LogWorld: Bringing up level for play took: 0.036761
[2026.03.14-18.20.52:304][244]LogOnline: OSS: Creating online subsystem instance for: :Context_34
[2026.03.14-18.20.52:305][244]LogGameMode: FindPlayerStart: PATHS NOT DEFINED or NO PLAYERSTART with positive rating
[2026.03.14-18.20.52:312][244]LogBlueprintUserMessages: [GM_RoadHopper_C_0] Hello
[2026.03.14-18.20.52:313][244]PIE: Server logged in
[2026.03.14-18.20.52:314][244]PIE: Play in editor total start time 0.183 seconds.
[2026.03.14-18.20.53:052][325]LogBlueprintUserMessages: [BP_Player_10] 100.0
[2026.03.14-18.20.53:502][379]LogBlueprintUserMessages: [BP_Player_10] 200.0
[2026.03.14-18.20.54:639][512]LogSlate: Updating window title bar state: overlay mode, drag disabled, window buttons hidden, title bar hidden
[2026.03.14-18.20.54:639][512]LogWorld: BeginTearingDown for /Game/Levels/UEDPIE_0_MainLevel
[2026.03.14-18.20.54:640][512]LogSlate: Window 'RoadHopper Preview [NetMode: Standalone]  (64-bit/Windows) ' being destroyed
[2026.03.14-18.20.54:649][512]LogWorld: UWorld::CleanupWorld for MainLevel, bSessionEnded=true, bCleanupResources=true
[2026.03.14-18.20.54:690][512]LogSlate: InvalidateAllWidgets triggered.  All widgets were invalidated
[2026.03.14-18.20.54:696][512]LogPlayLevel: Display: Shutting down PIE online subsystems
[2026.03.14-18.20.54:704][512]LogSlate: InvalidateAllWidgets triggered.  All widgets were invalidated
[2026.03.14-18.20.54:719][512]LogAudioMixer: FMixerPlatformXAudio2::StopAudioStream() called
[2026.03.14-18.20.54:720][512]LogAudioMixer: FMixerPlatformXAudio2::StopAudioStream() called
[2026.03.14-18.20.54:740][512]LogUObjectHash: Compacting FUObjectHashTables data took   1.76ms
[2026.03.14-18.20.54:758][513]LogPlayLevel: Display: Destroying online subsystem :Context_34
[2026.03.14-18.21.01:664][334]Cmd: OBJ SAVEPACKAGE PACKAGE="/Game/Blueprints/BP_Player" FILE="C:/Users/titan/Desktop/Titan_RoadHopper/RoadHopper4.27/Content/Blueprints/BP_Player.uasset" SILENT=true
[2026.03.14-18.21.01:678][334]LogSavePackage: Moving 'C:/Users/titan/Desktop/Titan_RoadHopper/RoadHopper4.27/Saved/BP_Player55BFCF584C10778441857FAFBFC9FDF2.tmp' to 'C:/Users/titan/Desktop/Titan_RoadHopper/RoadHopper4.27/Content/Blueprints/BP_Player.uasset'
[2026.03.14-18.21.01:695][334]AssetCheck: New page: Asset Save: BP_Player
[2026.03.14-18.21.01:695][334]LogContentValidation: Display: Validating Blueprint /Game/Blueprints/BP_Player.BP_Player
[2026.03.14-18.21.02:122][385]LogTemp: Repeating last play command: Selected Viewport
[2026.03.14-18.21.02:127][385]BlueprintLog: New page: Pre-Play auto-recompile
[2026.03.14-18.21.02:127][385]LogPlayLevel: [PlayLevel] Compiling BP_Player before play...
[2026.03.14-18.21.02:173][385]LogUObjectHash: Compacting FUObjectHashTables data took   1.90ms
[2026.03.14-18.21.02:174][385]LogPlayLevel: PlayLevel: Blueprint regeneration took 47 ms (1 blueprints)
[2026.03.14-18.21.02:174][385]PIE: New page: PIE session: MainLevel (Mar. 14, 2026, 6:21:02 a.m.)
[2026.03.14-18.21.02:174][385]LogPlayLevel: Creating play world package: /Game/Levels/UEDPIE_0_MainLevel
[2026.03.14-18.21.02:262][385]LogPlayLevel: PIE: StaticDuplicateObject took: (0.088506s)
[2026.03.14-18.21.02:263][385]LogAIModule: Creating AISystem for world MainLevel
[2026.03.14-18.21.02:263][385]LogPlayLevel: PIE: World Init took: (0.001086s)
[2026.03.14-18.21.02:264][385]LogPlayLevel: PIE: Created PIE world by copying editor world from /Game/Levels/MainLevel.MainLevel to /Game/Levels/UEDPIE_0_MainLevel.MainLevel (0.089770s)
[2026.03.14-18.21.02:279][385]LogUObjectHash: Compacting FUObjectHashTables data took   1.74ms
[2026.03.14-18.21.02:279][385]LogAudio: Display: Creating Audio Device:                 Id: 30, Scope: Unique, Realtime: True
[2026.03.14-18.21.02:279][385]LogAudioMixer: Display: Audio Mixer Platform Settings:
[2026.03.14-18.21.02:279][385]LogAudioMixer: Display: 	Sample Rate:						  48000
[2026.03.14-18.21.02:279][385]LogAudioMixer: Display: 	Callback Buffer Frame Size Requested: 1024
[2026.03.14-18.21.02:279][385]LogAudioMixer: Display: 	Callback Buffer Frame Size To Use:	  1024
[2026.03.14-18.21.02:279][385]LogAudioMixer: Display: 	Number of buffers to queue:			  2
[2026.03.14-18.21.02:279][385]LogAudioMixer: Display: 	Max Channels (voices):				  32
[2026.03.14-18.21.02:279][385]LogAudioMixer: Display: 	Number of Async Source Workers:		  0
[2026.03.14-18.21.02:279][385]LogAudio: Display: AudioDevice MaxSources: 32
[2026.03.14-18.21.02:280][385]LogAudio: Display: Audio Spatialization Plugin: None (built-in).
[2026.03.14-18.21.02:280][385]LogAudio: Display: Audio Reverb Plugin: None (built-in).
[2026.03.14-18.21.02:280][385]LogAudio: Display: Audio Occlusion Plugin: None (built-in).
[2026.03.14-18.21.02:280][385]LogAudioMixer: Display: Initializing audio mixer.
[2026.03.14-18.21.02:283][385]LogAudioMixer: Display: 0: FrontLeft
[2026.03.14-18.21.02:283][385]LogAudioMixer: Display: 1: FrontRight
[2026.03.14-18.21.02:287][385]LogAudioMixer: Display: Using Audio Device Speakers (High Definition Audio Device)
[2026.03.14-18.21.02:287][385]LogAudioMixer: Display: Initializing Sound Submixes...
[2026.03.14-18.21.02:287][385]LogAudioMixer: Display: Creating Master Submix 'MasterSubmixDefault'
[2026.03.14-18.21.02:288][385]LogAudioMixer: Display: Creating Master Submix 'MasterReverbSubmixDefault'
[2026.03.14-18.21.02:288][385]LogAudioMixer: Display: Creating Master Submix 'MasterEQSubmixDefault'
[2026.03.14-18.21.02:288][385]LogAudioMixer: FMixerPlatformXAudio2::StartAudioStream() called
[2026.03.14-18.21.02:288][385]LogAudioMixer: Display: Output buffers initialized: Frames=1024, Channels=2, Samples=2048
[2026.03.14-18.21.02:289][385]LogAudioMixer: Display: Starting AudioMixerPlatformInterface::RunInternal()
[2026.03.14-18.21.02:289][385]LogAudioMixer: Display: FMixerPlatformXAudio2::SubmitBuffer() called for the first time
[2026.03.14-18.21.02:289][385]LogInit: FAudioDevice initialized.
[2026.03.14-18.21.02:289][385]LogAudio: Display: Audio Device (ID: 30) registered with world 'MainLevel'.
[2026.03.14-18.21.02:311][385]LogSlate: Updating window title bar state: overlay mode, drag disabled, window buttons hidden, title bar hidden
[2026.03.14-18.21.02:311][385]LogLoad: Game class is 'GM_RoadHopper_C'
[2026.03.14-18.21.02:349][385]LogWorld: Bringing World /Game/Levels/UEDPIE_0_MainLevel.MainLevel up for play (max tick rate 0) at 2026.03.14-12.21.02
[2026.03.14-18.21.02:350][385]LogWorld: Bringing up level for play took: 0.038203
[2026.03.14-18.21.02:350][385]LogOnline: OSS: Creating online subsystem instance for: :Context_35
[2026.03.14-18.21.02:352][385]LogGameMode: FindPlayerStart: PATHS NOT DEFINED or NO PLAYERSTART with positive rating
[2026.03.14-18.21.02:359][385]LogBlueprintUserMessages: [GM_RoadHopper_C_0] Hello
[2026.03.14-18.21.02:360][385]PIE: Server logged in
[2026.03.14-18.21.02:360][385]PIE: Play in editor total start time 0.234 seconds.
[2026.03.14-18.21.03:172][462]LogBlueprintUserMessages: [BP_Player_10] 100.0
[2026.03.14-18.21.03:422][492]LogBlueprintUserMessages: [BP_Player_10] 200.0
[2026.03.14-18.21.04:380][607]LogBlueprintUserMessages: [BP_Player_10] 662.508362
[2026.03.14-18.21.04:991][680]LogBlueprintUserMessages: [BP_Player_10] 762.508362
[2026.03.14-18.21.05:474][738]LogBlueprintUserMessages: [BP_Player_10] 862.508362
[2026.03.14-18.21.05:899][789]LogBlueprintUserMessages: [BP_Player_10] 962.508362
[2026.03.14-18.21.06:783][895]LogBlueprintUserMessages: [BP_Player_10] 1062.508301
[2026.03.14-18.21.07:291][956]LogBlueprintUserMessages: [BP_Player_10] 1162.508301
[2026.03.14-18.21.13:611][714]LogBlueprintUserMessages: [BP_Player_10] 4143.407227
[2026.03.14-18.21.14:386][807]LogBlueprintUserMessages: [BP_Player_10] 4480.916992
[2026.03.14-18.21.14:886][867]LogBlueprintUserMessages: [BP_Player_10] 4580.916992
[2026.03.14-18.21.15:328][920]LogBlueprintUserMessages: [BP_Player_10] 4680.916992
[2026.03.14-18.21.15:811][978]LogBlueprintUserMessages: [BP_Player_10] 4780.916992
[2026.03.14-18.21.16:236][ 29]LogBlueprintUserMessages: [BP_Player_10] 4880.916992
[2026.03.14-18.21.16:653][ 79]LogBlueprintUserMessages: [BP_Player_10] 4980.916992
[2026.03.14-18.21.16:994][120]LogBlueprintUserMessages: [BP_Player_10] 5080.916992
[2026.03.14-18.21.17:370][165]LogBlueprintUserMessages: [BP_Player_10] 5180.916992
[2026.03.14-18.21.17:720][207]LogBlueprintUserMessages: [BP_Player_10] 5280.916992
[2026.03.14-18.21.18:536][305]LogBlueprintUserMessages: [BP_Player_10] 5380.916992
[2026.03.14-18.21.20:136][493]LogSlate: Updating window title bar state: overlay mode, drag disabled, window buttons hidden, title bar hidden
[2026.03.14-18.21.20:136][493]LogWorld: BeginTearingDown for /Game/Levels/UEDPIE_0_MainLevel
[2026.03.14-18.21.20:137][493]LogSlate: Window 'RoadHopper Preview [NetMode: Standalone]  (64-bit/Windows) ' being destroyed
[2026.03.14-18.21.20:145][493]LogWorld: UWorld::CleanupWorld for MainLevel, bSessionEnded=true, bCleanupResources=true
[2026.03.14-18.21.20:184][493]LogSlate: InvalidateAllWidgets triggered.  All widgets were invalidated
[2026.03.14-18.21.20:191][493]LogPlayLevel: Display: Shutting down PIE online subsystems
[2026.03.14-18.21.20:199][493]LogSlate: InvalidateAllWidgets triggered.  All widgets were invalidated
[2026.03.14-18.21.20:220][493]LogAudioMixer: FMixerPlatformXAudio2::StopAudioStream() called
[2026.03.14-18.21.20:221][493]LogAudioMixer: FMixerPlatformXAudio2::StopAudioStream() called
[2026.03.14-18.21.20:233][493]LogUObjectHash: Compacting FUObjectHashTables data took   1.76ms
[2026.03.14-18.21.20:250][494]LogPlayLevel: Display: Destroying online subsystem :Context_35
[2026.03.14-18.21.38:698][681]LogTemp: Repeating last play command: Selected Viewport
[2026.03.14-18.21.38:702][681]BlueprintLog: New page: Pre-Play auto-recompile
[2026.03.14-18.21.38:702][681]LogPlayLevel: [PlayLevel] Compiling BP_Player before play...
[2026.03.14-18.21.38:747][681]LogUObjectHash: Compacting FUObjectHashTables data took   1.96ms
[2026.03.14-18.21.38:748][681]LogPlayLevel: PlayLevel: Blueprint regeneration took 46 ms (1 blueprints)
[2026.03.14-18.21.38:748][681]PIE: New page: PIE session: MainLevel (Mar. 14, 2026, 6:21:38 a.m.)
[2026.03.14-18.21.38:749][681]LogPlayLevel: Creating play world package: /Game/Levels/UEDPIE_0_MainLevel
[2026.03.14-18.21.38:838][681]LogPlayLevel: PIE: StaticDuplicateObject took: (0.089277s)
[2026.03.14-18.21.38:839][681]LogAIModule: Creating AISystem for world MainLevel
[2026.03.14-18.21.38:839][681]LogPlayLevel: PIE: World Init took: (0.001180s)
[2026.03.14-18.21.38:839][681]LogPlayLevel: PIE: Created PIE world by copying editor world from /Game/Levels/MainLevel.MainLevel to /Game/Levels/UEDPIE_0_MainLevel.MainLevel (0.090717s)
[2026.03.14-18.21.38:856][681]LogUObjectHash: Compacting FUObjectHashTables data took   1.68ms
[2026.03.14-18.21.38:856][681]LogAudio: Display: Creating Audio Device:                 Id: 31, Scope: Unique, Realtime: True
[2026.03.14-18.21.38:856][681]LogAudioMixer: Display: Audio Mixer Platform Settings:
[2026.03.14-18.21.38:856][681]LogAudioMixer: Display: 	Sample Rate:						  48000
[2026.03.14-18.21.38:856][681]LogAudioMixer: Display: 	Callback Buffer Frame Size Requested: 1024
[2026.03.14-18.21.38:856][681]LogAudioMixer: Display: 	Callback Buffer Frame Size To Use:	  1024
[2026.03.14-18.21.38:856][681]LogAudioMixer: Display: 	Number of buffers to queue:			  2
[2026.03.14-18.21.38:856][681]LogAudioMixer: Display: 	Max Channels (voices):				  32
[2026.03.14-18.21.38:856][681]LogAudioMixer: Display: 	Number of Async Source Workers:		  0
[2026.03.14-18.21.38:856][681]LogAudio: Display: AudioDevice MaxSources: 32
[2026.03.14-18.21.38:857][681]LogAudio: Display: Audio Spatialization Plugin: None (built-in).
[2026.03.14-18.21.38:857][681]LogAudio: Display: Audio Reverb Plugin: None (built-in).
[2026.03.14-18.21.38:857][681]LogAudio: Display: Audio Occlusion Plugin: None (built-in).
[2026.03.14-18.21.38:857][681]LogAudioMixer: Display: Initializing audio mixer.
[2026.03.14-18.21.38:860][681]LogAudioMixer: Display: 0: FrontLeft
[2026.03.14-18.21.38:860][681]LogAudioMixer: Display: 1: FrontRight
[2026.03.14-18.21.38:865][681]LogAudioMixer: Display: Using Audio Device Speakers (High Definition Audio Device)
[2026.03.14-18.21.38:865][681]LogAudioMixer: Display: Initializing Sound Submixes...
[2026.03.14-18.21.38:865][681]LogAudioMixer: Display: Creating Master Submix 'MasterSubmixDefault'
[2026.03.14-18.21.38:865][681]LogAudioMixer: Display: Creating Master Submix 'MasterReverbSubmixDefault'
[2026.03.14-18.21.38:865][681]LogAudioMixer: Display: Creating Master Submix 'MasterEQSubmixDefault'
[2026.03.14-18.21.38:865][681]LogAudioMixer: FMixerPlatformXAudio2::StartAudioStream() called
[2026.03.14-18.21.38:865][681]LogAudioMixer: Display: Output buffers initialized: Frames=1024, Channels=2, Samples=2048
[2026.03.14-18.21.38:866][681]LogAudioMixer: Display: Starting AudioMixerPlatformInterface::RunInternal()
[2026.03.14-18.21.38:866][681]LogAudioMixer: Display: FMixerPlatformXAudio2::SubmitBuffer() called for the first time
[2026.03.14-18.21.38:866][681]LogInit: FAudioDevice initialized.
[2026.03.14-18.21.38:866][681]LogAudio: Display: Audio Device (ID: 31) registered with world 'MainLevel'.
[2026.03.14-18.21.38:888][681]LogSlate: Updating window title bar state: overlay mode, drag disabled, window buttons hidden, title bar hidden
[2026.03.14-18.21.38:888][681]LogLoad: Game class is 'GM_RoadHopper_C'
[2026.03.14-18.21.38:924][681]LogWorld: Bringing World /Game/Levels/UEDPIE_0_MainLevel.MainLevel up for play (max tick rate 0) at 2026.03.14-12.21.38
[2026.03.14-18.21.38:925][681]LogWorld: Bringing up level for play took: 0.036022
[2026.03.14-18.21.38:925][681]LogOnline: OSS: Creating online subsystem instance for: :Context_36
[2026.03.14-18.21.38:927][681]LogGameMode: FindPlayerStart: PATHS NOT DEFINED or NO PLAYERSTART with positive rating
[2026.03.14-18.21.38:934][681]LogBlueprintUserMessages: [GM_RoadHopper_C_0] Hello
[2026.03.14-18.21.38:934][681]PIE: Server logged in
[2026.03.14-18.21.38:935][681]PIE: Play in editor total start time 0.233 seconds.
[2026.03.14-18.21.39:874][771]LogBlueprintUserMessages: [BP_Player_10] 100.0
[2026.03.14-18.21.40:324][825]LogBlueprintUserMessages: [BP_Player_10] 200.0
[2026.03.14-18.21.40:765][878]LogBlueprintUserMessages: [BP_Player_10] 300.0
[2026.03.14-18.21.41:137][922]LogBlueprintUserMessages: [BP_Player_10] 400.0
[2026.03.14-18.21.41:470][962]LogBlueprintUserMessages: [BP_Player_10] 500.0
[2026.03.14-18.21.42:070][ 34]LogBlueprintUserMessages: [BP_Player_10] 600.0
[2026.03.14-18.21.42:378][ 71]LogBlueprintUserMessages: [BP_Player_10] 700.0
[2026.03.14-18.21.44:195][289]LogBlueprintUserMessages: [BP_Player_10] 1739.817505
[2026.03.14-18.21.44:878][371]LogBlueprintUserMessages: [BP_Player_10] 1839.817505
[2026.03.14-18.21.45:409][432]LogSlate: Updating window title bar state: overlay mode, drag disabled, window buttons hidden, title bar hidden
[2026.03.14-18.21.45:409][432]LogWorld: BeginTearingDown for /Game/Levels/UEDPIE_0_MainLevel
[2026.03.14-18.21.45:410][432]LogSlate: Window 'RoadHopper Preview [NetMode: Standalone]  (64-bit/Windows) ' being destroyed
[2026.03.14-18.21.45:419][432]LogWorld: UWorld::CleanupWorld for MainLevel, bSessionEnded=true, bCleanupResources=true
[2026.03.14-18.21.45:461][432]LogSlate: InvalidateAllWidgets triggered.  All widgets were invalidated
[2026.03.14-18.21.45:471][432]LogPlayLevel: Display: Shutting down PIE online subsystems
[2026.03.14-18.21.45:478][432]LogSlate: InvalidateAllWidgets triggered.  All widgets were invalidated
[2026.03.14-18.21.45:492][432]LogAudioMixer: FMixerPlatformXAudio2::StopAudioStream() called
[2026.03.14-18.21.45:493][432]LogAudioMixer: FMixerPlatformXAudio2::StopAudioStream() called
[2026.03.14-18.21.45:510][432]LogUObjectHash: Compacting FUObjectHashTables data took   1.65ms
[2026.03.14-18.21.45:527][433]LogPlayLevel: Display: Destroying online subsystem :Context_36
[2026.03.14-18.26.30:847][313]LogTemp: Repeating last play command: Selected Viewport
[2026.03.14-18.26.30:852][313]BlueprintLog: New page: Pre-Play auto-recompile
[2026.03.14-18.26.30:853][313]LogPlayLevel: [PlayLevel] Compiling BP_Player before play...
[2026.03.14-18.26.30:905][313]LogUObjectHash: Compacting FUObjectHashTables data took   2.55ms
[2026.03.14-18.26.30:909][313]LogPlayLevel: PlayLevel: Blueprint regeneration took 57 ms (1 blueprints)
[2026.03.14-18.26.30:909][313]PIE: New page: PIE session: MainLevel (Mar. 14, 2026, 6:26:30 a.m.)
[2026.03.14-18.26.30:909][313]LogPlayLevel: Creating play world package: /Game/Levels/UEDPIE_0_MainLevel
[2026.03.14-18.26.30:998][313]LogPlayLevel: PIE: StaticDuplicateObject took: (0.088667s)
[2026.03.14-18.26.30:998][313]LogAIModule: Creating AISystem for world MainLevel
[2026.03.14-18.26.30:999][313]LogPlayLevel: PIE: World Init took: (0.001315s)
[2026.03.14-18.26.30:999][313]LogPlayLevel: PIE: Created PIE world by copying editor world from /Game/Levels/MainLevel.MainLevel to /Game/Levels/UEDPIE_0_MainLevel.MainLevel (0.090206s)
[2026.03.14-18.26.31:016][313]LogUObjectHash: Compacting FUObjectHashTables data took   1.61ms
[2026.03.14-18.26.31:017][313]LogAudio: Display: Creating Audio Device:                 Id: 32, Scope: Unique, Realtime: True
[2026.03.14-18.26.31:017][313]LogAudioMixer: Display: Audio Mixer Platform Settings:
[2026.03.14-18.26.31:017][313]LogAudioMixer: Display: 	Sample Rate:						  48000
[2026.03.14-18.26.31:017][313]LogAudioMixer: Display: 	Callback Buffer Frame Size Requested: 1024
[2026.03.14-18.26.31:017][313]LogAudioMixer: Display: 	Callback Buffer Frame Size To Use:	  1024
[2026.03.14-18.26.31:017][313]LogAudioMixer: Display: 	Number of buffers to queue:			  2
[2026.03.14-18.26.31:017][313]LogAudioMixer: Display: 	Max Channels (voices):				  32
[2026.03.14-18.26.31:017][313]LogAudioMixer: Display: 	Number of Async Source Workers:		  0
[2026.03.14-18.26.31:017][313]LogAudio: Display: AudioDevice MaxSources: 32
[2026.03.14-18.26.31:017][313]LogAudio: Display: Audio Spatialization Plugin: None (built-in).
[2026.03.14-18.26.31:017][313]LogAudio: Display: Audio Reverb Plugin: None (built-in).
[2026.03.14-18.26.31:017][313]LogAudio: Display: Audio Occlusion Plugin: None (built-in).
[2026.03.14-18.26.31:017][313]LogAudioMixer: Display: Initializing audio mixer.
[2026.03.14-18.26.31:020][313]LogAudioMixer: Display: 0: FrontLeft
[2026.03.14-18.26.31:020][313]LogAudioMixer: Display: 1: FrontRight
[2026.03.14-18.26.31:026][313]LogAudioMixer: Display: Using Audio Device Speakers (High Definition Audio Device)
[2026.03.14-18.26.31:026][313]LogAudioMixer: Display: Initializing Sound Submixes...
[2026.03.14-18.26.31:026][313]LogAudioMixer: Display: Creating Master Submix 'MasterSubmixDefault'
[2026.03.14-18.26.31:026][313]LogAudioMixer: Display: Creating Master Submix 'MasterReverbSubmixDefault'
[2026.03.14-18.26.31:026][313]LogAudioMixer: Display: Creating Master Submix 'MasterEQSubmixDefault'
[2026.03.14-18.26.31:026][313]LogAudioMixer: FMixerPlatformXAudio2::StartAudioStream() called
[2026.03.14-18.26.31:026][313]LogAudioMixer: Display: Output buffers initialized: Frames=1024, Channels=2, Samples=2048
[2026.03.14-18.26.31:027][313]LogAudioMixer: Display: Starting AudioMixerPlatformInterface::RunInternal()
[2026.03.14-18.26.31:027][313]LogAudioMixer: Display: FMixerPlatformXAudio2::SubmitBuffer() called for the first time
[2026.03.14-18.26.31:027][313]LogInit: FAudioDevice initialized.
[2026.03.14-18.26.31:027][313]LogAudio: Display: Audio Device (ID: 32) registered with world 'MainLevel'.
[2026.03.14-18.26.31:049][313]LogSlate: Updating window title bar state: overlay mode, drag disabled, window buttons hidden, title bar hidden
[2026.03.14-18.26.31:049][313]LogLoad: Game class is 'GM_RoadHopper_C'
[2026.03.14-18.26.31:086][313]LogWorld: Bringing World /Game/Levels/UEDPIE_0_MainLevel.MainLevel up for play (max tick rate 0) at 2026.03.14-12.26.31
[2026.03.14-18.26.31:087][313]LogWorld: Bringing up level for play took: 0.037207
[2026.03.14-18.26.31:087][313]LogOnline: OSS: Creating online subsystem instance for: :Context_37
[2026.03.14-18.26.31:088][313]LogGameMode: FindPlayerStart: PATHS NOT DEFINED or NO PLAYERSTART with positive rating
[2026.03.14-18.26.31:096][313]LogBlueprintUserMessages: [GM_RoadHopper_C_0] Hello
[2026.03.14-18.26.31:096][313]PIE: Server logged in
[2026.03.14-18.26.31:097][313]PIE: Play in editor total start time 0.246 seconds.
[2026.03.14-18.26.51:683][755]LogSlate: Updating window title bar state: overlay mode, drag disabled, window buttons hidden, title bar hidden
[2026.03.14-18.26.51:683][755]LogWorld: BeginTearingDown for /Game/Levels/UEDPIE_0_MainLevel
[2026.03.14-18.26.51:684][755]LogSlate: Window 'RoadHopper Preview [NetMode: Standalone]  (64-bit/Windows) ' being destroyed
[2026.03.14-18.26.51:692][755]LogWorld: UWorld::CleanupWorld for MainLevel, bSessionEnded=true, bCleanupResources=true
[2026.03.14-18.26.51:732][755]LogSlate: InvalidateAllWidgets triggered.  All widgets were invalidated
[2026.03.14-18.26.51:739][755]LogPlayLevel: Display: Shutting down PIE online subsystems
[2026.03.14-18.26.51:747][755]LogSlate: InvalidateAllWidgets triggered.  All widgets were invalidated
[2026.03.14-18.26.51:768][755]LogAudioMixer: FMixerPlatformXAudio2::StopAudioStream() called
[2026.03.14-18.26.51:769][755]LogAudioMixer: FMixerPlatformXAudio2::StopAudioStream() called
[2026.03.14-18.26.51:777][755]LogUObjectHash: Compacting FUObjectHashTables data took   1.72ms
[2026.03.14-18.26.51:794][756]LogPlayLevel: Display: Destroying online subsystem :Context_37
[2026.03.14-18.26.56:208][281]LogTemp: Repeating last play command: Selected Viewport
[2026.03.14-18.26.56:213][281]BlueprintLog: New page: Pre-Play auto-recompile
[2026.03.14-18.26.56:214][281]LogPlayLevel: [PlayLevel] Compiling BP_Player before play...
[2026.03.14-18.26.56:258][281]LogUObjectHash: Compacting FUObjectHashTables data took   2.13ms
[2026.03.14-18.26.56:258][281]LogPlayLevel: PlayLevel: Blueprint regeneration took 44 ms (1 blueprints)
[2026.03.14-18.26.56:258][281]PIE: New page: PIE session: MainLevel (Mar. 14, 2026, 6:26:56 a.m.)
[2026.03.14-18.26.56:258][281]LogPlayLevel: Creating play world package: /Game/Levels/UEDPIE_0_MainLevel
[2026.03.14-18.26.56:345][281]LogPlayLevel: PIE: StaticDuplicateObject took: (0.086460s)
[2026.03.14-18.26.56:345][281]LogAIModule: Creating AISystem for world MainLevel
[2026.03.14-18.26.56:346][281]LogPlayLevel: PIE: World Init took: (0.001139s)
[2026.03.14-18.26.56:346][281]LogPlayLevel: PIE: Created PIE world by copying editor world from /Game/Levels/MainLevel.MainLevel to /Game/Levels/UEDPIE_0_MainLevel.MainLevel (0.087795s)
[2026.03.14-18.26.56:363][281]LogUObjectHash: Compacting FUObjectHashTables data took   1.85ms
[2026.03.14-18.26.56:363][281]LogAudio: Display: Creating Audio Device:                 Id: 33, Scope: Unique, Realtime: True
[2026.03.14-18.26.56:363][281]LogAudioMixer: Display: Audio Mixer Platform Settings:
[2026.03.14-18.26.56:363][281]LogAudioMixer: Display: 	Sample Rate:						  48000
[2026.03.14-18.26.56:363][281]LogAudioMixer: Display: 	Callback Buffer Frame Size Requested: 1024
[2026.03.14-18.26.56:363][281]LogAudioMixer: Display: 	Callback Buffer Frame Size To Use:	  1024
[2026.03.14-18.26.56:363][281]LogAudioMixer: Display: 	Number of buffers to queue:			  2
[2026.03.14-18.26.56:363][281]LogAudioMixer: Display: 	Max Channels (voices):				  32
[2026.03.14-18.26.56:363][281]LogAudioMixer: Display: 	Number of Async Source Workers:		  0
[2026.03.14-18.26.56:363][281]LogAudio: Display: AudioDevice MaxSources: 32
[2026.03.14-18.26.56:363][281]LogAudio: Display: Audio Spatialization Plugin: None (built-in).
[2026.03.14-18.26.56:363][281]LogAudio: Display: Audio Reverb Plugin: None (built-in).
[2026.03.14-18.26.56:363][281]LogAudio: Display: Audio Occlusion Plugin: None (built-in).
[2026.03.14-18.26.56:363][281]LogAudioMixer: Display: Initializing audio mixer.
[2026.03.14-18.26.56:366][281]LogAudioMixer: Display: 0: FrontLeft
[2026.03.14-18.26.56:366][281]LogAudioMixer: Display: 1: FrontRight
[2026.03.14-18.26.56:371][281]LogAudioMixer: Display: Using Audio Device Speakers (High Definition Audio Device)
[2026.03.14-18.26.56:371][281]LogAudioMixer: Display: Initializing Sound Submixes...
[2026.03.14-18.26.56:371][281]LogAudioMixer: Display: Creating Master Submix 'MasterSubmixDefault'
[2026.03.14-18.26.56:371][281]LogAudioMixer: Display: Creating Master Submix 'MasterReverbSubmixDefault'
[2026.03.14-18.26.56:371][281]LogAudioMixer: Display: Creating Master Submix 'MasterEQSubmixDefault'
[2026.03.14-18.26.56:371][281]LogAudioMixer: FMixerPlatformXAudio2::StartAudioStream() called
[2026.03.14-18.26.56:371][281]LogAudioMixer: Display: Output buffers initialized: Frames=1024, Channels=2, Samples=2048
[2026.03.14-18.26.56:373][281]LogAudioMixer: Display: Starting AudioMixerPlatformInterface::RunInternal()
[2026.03.14-18.26.56:373][281]LogAudioMixer: Display: FMixerPlatformXAudio2::SubmitBuffer() called for the first time
[2026.03.14-18.26.56:373][281]LogInit: FAudioDevice initialized.
[2026.03.14-18.26.56:373][281]LogAudio: Display: Audio Device (ID: 33) registered with world 'MainLevel'.
[2026.03.14-18.26.56:400][281]LogSlate: Updating window title bar state: overlay mode, drag disabled, window buttons hidden, title bar hidden
[2026.03.14-18.26.56:400][281]LogLoad: Game class is 'GM_RoadHopper_C'
[2026.03.14-18.26.56:438][281]LogWorld: Bringing World /Game/Levels/UEDPIE_0_MainLevel.MainLevel up for play (max tick rate 0) at 2026.03.14-12.26.56
[2026.03.14-18.26.56:439][281]LogWorld: Bringing up level for play took: 0.037359
[2026.03.14-18.26.56:439][281]LogOnline: OSS: Creating online subsystem instance for: :Context_38
[2026.03.14-18.26.56:440][281]LogGameMode: FindPlayerStart: PATHS NOT DEFINED or NO PLAYERSTART with positive rating
[2026.03.14-18.26.56:447][281]LogBlueprintUserMessages: [GM_RoadHopper_C_0] Hello
[2026.03.14-18.26.56:448][281]PIE: Server logged in
[2026.03.14-18.26.56:448][281]PIE: Play in editor total start time 0.235 seconds.
[2026.03.14-18.27.01:283][835]LogSlate: Updating window title bar state: overlay mode, drag disabled, window buttons hidden, title bar hidden
[2026.03.14-18.27.01:283][835]LogWorld: BeginTearingDown for /Game/Levels/UEDPIE_0_MainLevel
[2026.03.14-18.27.01:284][835]LogSlate: Window 'RoadHopper Preview [NetMode: Standalone]  (64-bit/Windows) ' being destroyed
[2026.03.14-18.27.01:293][835]LogWorld: UWorld::CleanupWorld for MainLevel, bSessionEnded=true, bCleanupResources=true
[2026.03.14-18.27.01:334][835]LogSlate: InvalidateAllWidgets triggered.  All widgets were invalidated
[2026.03.14-18.27.01:341][835]LogPlayLevel: Display: Shutting down PIE online subsystems
[2026.03.14-18.27.01:349][835]LogSlate: InvalidateAllWidgets triggered.  All widgets were invalidated
[2026.03.14-18.27.01:370][835]LogAudioMixer: FMixerPlatformXAudio2::StopAudioStream() called
[2026.03.14-18.27.01:371][835]LogAudioMixer: FMixerPlatformXAudio2::StopAudioStream() called
[2026.03.14-18.27.01:382][835]LogUObjectHash: Compacting FUObjectHashTables data took   1.68ms
[2026.03.14-18.27.01:400][836]LogPlayLevel: Display: Destroying online subsystem :Context_38
[2026.03.14-18.27.07:321][537]LogTemp: Repeating last play command: Selected Viewport
[2026.03.14-18.27.07:325][537]BlueprintLog: New page: Pre-Play auto-recompile
[2026.03.14-18.27.07:326][537]LogPlayLevel: [PlayLevel] Compiling BP_Player before play...
[2026.03.14-18.27.07:369][537]LogUObjectHash: Compacting FUObjectHashTables data took   1.85ms
[2026.03.14-18.27.07:370][537]LogPlayLevel: PlayLevel: Blueprint regeneration took 44 ms (1 blueprints)
[2026.03.14-18.27.07:370][537]PIE: New page: PIE session: MainLevel (Mar. 14, 2026, 6:27:07 a.m.)
[2026.03.14-18.27.07:370][537]LogPlayLevel: Creating play world package: /Game/Levels/UEDPIE_0_MainLevel
[2026.03.14-18.27.07:458][537]LogPlayLevel: PIE: StaticDuplicateObject took: (0.087754s)
[2026.03.14-18.27.07:458][537]LogAIModule: Creating AISystem for world MainLevel
[2026.03.14-18.27.07:459][537]LogPlayLevel: PIE: World Init took: (0.001085s)
[2026.03.14-18.27.07:459][537]LogPlayLevel: PIE: Created PIE world by copying editor world from /Game/Levels/MainLevel.MainLevel to /Game/Levels/UEDPIE_0_MainLevel.MainLevel (0.089025s)
[2026.03.14-18.27.07:475][537]LogUObjectHash: Compacting FUObjectHashTables data took   1.62ms
[2026.03.14-18.27.07:475][537]LogAudio: Display: Creating Audio Device:                 Id: 34, Scope: Unique, Realtime: True
[2026.03.14-18.27.07:475][537]LogAudioMixer: Display: Audio Mixer Platform Settings:
[2026.03.14-18.27.07:475][537]LogAudioMixer: Display: 	Sample Rate:						  48000
[2026.03.14-18.27.07:475][537]LogAudioMixer: Display: 	Callback Buffer Frame Size Requested: 1024
[2026.03.14-18.27.07:475][537]LogAudioMixer: Display: 	Callback Buffer Frame Size To Use:	  1024
[2026.03.14-18.27.07:475][537]LogAudioMixer: Display: 	Number of buffers to queue:			  2
[2026.03.14-18.27.07:475][537]LogAudioMixer: Display: 	Max Channels (voices):				  32
[2026.03.14-18.27.07:475][537]LogAudioMixer: Display: 	Number of Async Source Workers:		  0
[2026.03.14-18.27.07:475][537]LogAudio: Display: AudioDevice MaxSources: 32
[2026.03.14-18.27.07:475][537]LogAudio: Display: Audio Spatialization Plugin: None (built-in).
[2026.03.14-18.27.07:475][537]LogAudio: Display: Audio Reverb Plugin: None (built-in).
[2026.03.14-18.27.07:475][537]LogAudio: Display: Audio Occlusion Plugin: None (built-in).
[2026.03.14-18.27.07:475][537]LogAudioMixer: Display: Initializing audio mixer.
[2026.03.14-18.27.07:478][537]LogAudioMixer: Display: 0: FrontLeft
[2026.03.14-18.27.07:478][537]LogAudioMixer: Display: 1: FrontRight
[2026.03.14-18.27.07:483][537]LogAudioMixer: Display: Using Audio Device Speakers (High Definition Audio Device)
[2026.03.14-18.27.07:483][537]LogAudioMixer: Display: Initializing Sound Submixes...
[2026.03.14-18.27.07:483][537]LogAudioMixer: Display: Creating Master Submix 'MasterSubmixDefault'
[2026.03.14-18.27.07:483][537]LogAudioMixer: Display: Creating Master Submix 'MasterReverbSubmixDefault'
[2026.03.14-18.27.07:483][537]LogAudioMixer: Display: Creating Master Submix 'MasterEQSubmixDefault'
[2026.03.14-18.27.07:483][537]LogAudioMixer: FMixerPlatformXAudio2::StartAudioStream() called
[2026.03.14-18.27.07:483][537]LogAudioMixer: Display: Output buffers initialized: Frames=1024, Channels=2, Samples=2048
[2026.03.14-18.27.07:484][537]LogAudioMixer: Display: Starting AudioMixerPlatformInterface::RunInternal()
[2026.03.14-18.27.07:484][537]LogAudioMixer: Display: FMixerPlatformXAudio2::SubmitBuffer() called for the first time
[2026.03.14-18.27.07:484][537]LogInit: FAudioDevice initialized.
[2026.03.14-18.27.07:484][537]LogAudio: Display: Audio Device (ID: 34) registered with world 'MainLevel'.
[2026.03.14-18.27.07:506][537]LogSlate: Updating window title bar state: overlay mode, drag disabled, window buttons hidden, title bar hidden
[2026.03.14-18.27.07:507][537]LogLoad: Game class is 'GM_RoadHopper_C'
[2026.03.14-18.27.07:543][537]LogWorld: Bringing World /Game/Levels/UEDPIE_0_MainLevel.MainLevel up for play (max tick rate 0) at 2026.03.14-12.27.07
[2026.03.14-18.27.07:544][537]LogWorld: Bringing up level for play took: 0.036995
[2026.03.14-18.27.07:544][537]LogOnline: OSS: Creating online subsystem instance for: :Context_39
[2026.03.14-18.27.07:546][537]LogGameMode: FindPlayerStart: PATHS NOT DEFINED or NO PLAYERSTART with positive rating
[2026.03.14-18.27.07:553][537]LogBlueprintUserMessages: [GM_RoadHopper_C_0] Hello
[2026.03.14-18.27.07:553][537]PIE: Server logged in
[2026.03.14-18.27.07:554][537]PIE: Play in editor total start time 0.23 seconds.
[2026.03.14-18.27.13:613][251]LogSlate: Updating window title bar state: overlay mode, drag disabled, window buttons hidden, title bar hidden
[2026.03.14-18.27.13:613][251]LogWorld: BeginTearingDown for /Game/Levels/UEDPIE_0_MainLevel
[2026.03.14-18.27.13:615][251]LogSlate: Window 'RoadHopper Preview [NetMode: Standalone]  (64-bit/Windows) ' being destroyed
[2026.03.14-18.27.13:623][251]LogWorld: UWorld::CleanupWorld for MainLevel, bSessionEnded=true, bCleanupResources=true
[2026.03.14-18.27.13:663][251]LogSlate: InvalidateAllWidgets triggered.  All widgets were invalidated
[2026.03.14-18.27.13:669][251]LogPlayLevel: Display: Shutting down PIE online subsystems
[2026.03.14-18.27.13:676][251]LogSlate: InvalidateAllWidgets triggered.  All widgets were invalidated
[2026.03.14-18.27.13:691][251]LogAudio: Display: Audio Device unregistered from world 'None'.
[2026.03.14-18.27.13:691][251]LogAudioMixer: FMixerPlatformXAudio2::StopAudioStream() called
[2026.03.14-18.27.13:692][251]LogAudioMixer: FMixerPlatformXAudio2::StopAudioStream() called
[2026.03.14-18.27.13:709][251]LogUObjectHash: Compacting FUObjectHashTables data took   1.70ms
[2026.03.14-18.27.13:727][252]LogPlayLevel: Display: Destroying online subsystem :Context_39
[2026.03.14-18.27.47:471][159]LogTemp: Repeating last play command: Selected Viewport
[2026.03.14-18.27.47:475][159]LogPlayLevel: PlayLevel: No blueprints needed recompiling
[2026.03.14-18.27.47:475][159]PIE: New page: PIE session: MainLevel (Mar. 14, 2026, 6:27:47 a.m.)
[2026.03.14-18.27.47:475][159]LogPlayLevel: Creating play world package: /Game/Levels/UEDPIE_0_MainLevel
[2026.03.14-18.27.47:564][159]LogPlayLevel: PIE: StaticDuplicateObject took: (0.088794s)
[2026.03.14-18.27.47:565][159]LogAIModule: Creating AISystem for world MainLevel
[2026.03.14-18.27.47:565][159]LogPlayLevel: PIE: World Init took: (0.001638s)
[2026.03.14-18.27.47:566][159]LogPlayLevel: PIE: Created PIE world by copying editor world from /Game/Levels/MainLevel.MainLevel to /Game/Levels/UEDPIE_0_MainLevel.MainLevel (0.090639s)
[2026.03.14-18.27.47:584][159]LogUObjectHash: Compacting FUObjectHashTables data took   2.27ms
[2026.03.14-18.27.47:585][159]LogAudio: Display: Creating Audio Device:                 Id: 35, Scope: Unique, Realtime: True
[2026.03.14-18.27.47:585][159]LogAudioMixer: Display: Audio Mixer Platform Settings:
[2026.03.14-18.27.47:585][159]LogAudioMixer: Display: 	Sample Rate:						  48000
[2026.03.14-18.27.47:585][159]LogAudioMixer: Display: 	Callback Buffer Frame Size Requested: 1024
[2026.03.14-18.27.47:585][159]LogAudioMixer: Display: 	Callback Buffer Frame Size To Use:	  1024
[2026.03.14-18.27.47:585][159]LogAudioMixer: Display: 	Number of buffers to queue:			  2
[2026.03.14-18.27.47:585][159]LogAudioMixer: Display: 	Max Channels (voices):				  32
[2026.03.14-18.27.47:585][159]LogAudioMixer: Display: 	Number of Async Source Workers:		  0
[2026.03.14-18.27.47:585][159]LogAudio: Display: AudioDevice MaxSources: 32
[2026.03.14-18.27.47:586][159]LogAudio: Display: Audio Spatialization Plugin: None (built-in).
[2026.03.14-18.27.47:586][159]LogAudio: Display: Audio Reverb Plugin: None (built-in).
[2026.03.14-18.27.47:586][159]LogAudio: Display: Audio Occlusion Plugin: None (built-in).
[2026.03.14-18.27.47:586][159]LogAudioMixer: Display: Initializing audio mixer.
[2026.03.14-18.27.47:589][159]LogAudioMixer: Display: 0: FrontLeft
[2026.03.14-18.27.47:589][159]LogAudioMixer: Display: 1: FrontRight
[2026.03.14-18.27.47:594][159]LogAudioMixer: Display: Using Audio Device Speakers (High Definition Audio Device)
[2026.03.14-18.27.47:594][159]LogAudioMixer: Display: Initializing Sound Submixes...
[2026.03.14-18.27.47:594][159]LogAudioMixer: Display: Creating Master Submix 'MasterSubmixDefault'
[2026.03.14-18.27.47:594][159]LogAudioMixer: Display: Creating Master Submix 'MasterReverbSubmixDefault'
[2026.03.14-18.27.47:595][159]LogAudioMixer: Display: Creating Master Submix 'MasterEQSubmixDefault'
[2026.03.14-18.27.47:595][159]LogAudioMixer: FMixerPlatformXAudio2::StartAudioStream() called
[2026.03.14-18.27.47:595][159]LogAudioMixer: Display: Output buffers initialized: Frames=1024, Channels=2, Samples=2048
[2026.03.14-18.27.47:596][159]LogAudioMixer: Display: Starting AudioMixerPlatformInterface::RunInternal()
[2026.03.14-18.27.47:596][159]LogAudioMixer: Display: FMixerPlatformXAudio2::SubmitBuffer() called for the first time
[2026.03.14-18.27.47:596][159]LogInit: FAudioDevice initialized.
[2026.03.14-18.27.47:596][159]LogAudio: Display: Audio Device (ID: 35) registered with world 'MainLevel'.
[2026.03.14-18.27.47:621][159]LogSlate: Updating window title bar state: overlay mode, drag disabled, window buttons hidden, title bar hidden
[2026.03.14-18.27.47:621][159]LogLoad: Game class is 'GM_RoadHopper_C'
[2026.03.14-18.27.47:657][159]LogWorld: Bringing World /Game/Levels/UEDPIE_0_MainLevel.MainLevel up for play (max tick rate 0) at 2026.03.14-12.27.47
[2026.03.14-18.27.47:658][159]LogWorld: Bringing up level for play took: 0.036616
[2026.03.14-18.27.47:658][159]LogOnline: OSS: Creating online subsystem instance for: :Context_40
[2026.03.14-18.27.47:660][159]LogGameMode: FindPlayerStart: PATHS NOT DEFINED or NO PLAYERSTART with positive rating
[2026.03.14-18.27.47:667][159]LogBlueprintUserMessages: [GM_RoadHopper_C_0] Hello
[2026.03.14-18.27.47:668][159]PIE: Server logged in
[2026.03.14-18.27.47:669][159]PIE: Play in editor total start time 0.195 seconds.
[2026.03.14-18.27.55:495][ 77]LogSlate: Updating window title bar state: overlay mode, drag disabled, window buttons hidden, title bar hidden
[2026.03.14-18.27.55:495][ 77]LogWorld: BeginTearingDown for /Game/Levels/UEDPIE_0_MainLevel
[2026.03.14-18.27.55:496][ 77]LogSlate: Window 'RoadHopper Preview [NetMode: Standalone]  (64-bit/Windows) ' being destroyed
[2026.03.14-18.27.55:504][ 77]LogWorld: UWorld::CleanupWorld for MainLevel, bSessionEnded=true, bCleanupResources=true
[2026.03.14-18.27.55:544][ 77]LogSlate: InvalidateAllWidgets triggered.  All widgets were invalidated
[2026.03.14-18.27.55:553][ 77]LogPlayLevel: Display: Shutting down PIE online subsystems
[2026.03.14-18.27.55:561][ 77]LogSlate: InvalidateAllWidgets triggered.  All widgets were invalidated
[2026.03.14-18.27.55:582][ 77]LogAudioMixer: FMixerPlatformXAudio2::StopAudioStream() called
[2026.03.14-18.27.55:583][ 77]LogAudioMixer: FMixerPlatformXAudio2::StopAudioStream() called
[2026.03.14-18.27.55:593][ 77]LogUObjectHash: Compacting FUObjectHashTables data took   1.71ms
[2026.03.14-18.27.55:612][ 78]LogPlayLevel: Display: Destroying online subsystem :Context_40
[2026.03.14-18.28.26:880][770]LogEditorTransaction: Undo Move Node
[2026.03.14-18.28.37:484][980]Cmd: OBJ SAVEPACKAGE PACKAGE="/Game/Blueprints/BP_Player" FILE="C:/Users/titan/Desktop/Titan_RoadHopper/RoadHopper4.27/Content/Blueprints/BP_Player.uasset" SILENT=true
[2026.03.14-18.28.37:501][980]LogSavePackage: Moving 'C:/Users/titan/Desktop/Titan_RoadHopper/RoadHopper4.27/Saved/BP_Player632BF12947CEA4C03A7B76A4C6005201.tmp' to 'C:/Users/titan/Desktop/Titan_RoadHopper/RoadHopper4.27/Content/Blueprints/BP_Player.uasset'
[2026.03.14-18.28.37:516][980]AssetCheck: New page: Asset Save: BP_Player
[2026.03.14-18.28.37:516][980]LogContentValidation: Display: Validating Blueprint /Game/Blueprints/BP_Player.BP_Player
[2026.03.14-18.28.38:497][ 86]LogEditorViewport: Clicking on Actor (LMB): BP_Sky_Sphere_C (Sky Sphere2)
[2026.03.14-18.28.43:914][708]LogEditorViewport: Clicking on Actor (LMB): BP_Player_C (BP_Player)
[2026.03.14-18.28.52:731][744]Cmd: TRANSACTION UNDO
[2026.03.14-18.28.52:731][744]LogEditorTransaction: Undo Set Location
[2026.03.14-18.29.02:086][776]LogEditorViewport: Clicking on Actor (LMB): BP_TileRow_C (BP_TileRow)
[2026.03.14-18.29.02:718][847]LogEditorViewport: Clicking on Actor (LMB): BP_TileRow_C (BP_TileRow)
[2026.03.14-18.29.03:054][886]LogEditorViewport: Clicking on Actor (LMB): BP_Player_C (BP_Player)
[2026.03.14-18.29.03:367][918]Cmd: TRANSACTION UNDO
[2026.03.14-18.29.03:367][918]LogEditorTransaction: Undo Clicking on Actors
[2026.03.14-18.29.06:301][233]Cmd: TRANSACTION UNDO
[2026.03.14-18.29.06:301][233]LogEditorTransaction: Undo Clicking on Actors
[2026.03.14-18.29.08:388][459]Cmd: TRANSACTION UNDO
[2026.03.14-18.29.08:388][459]LogEditorTransaction: Undo Set Location
[2026.03.14-18.29.55:437][ 16]LogTemp: Repeating last play command: Selected Viewport
[2026.03.14-18.29.55:447][ 16]BlueprintLog: New page: Pre-Play auto-recompile
[2026.03.14-18.29.55:448][ 16]LogPlayLevel: [PlayLevel] Compiling BP_Player before play...
[2026.03.14-18.29.55:502][ 16]LogUObjectHash: Compacting FUObjectHashTables data took   2.24ms
[2026.03.14-18.29.55:513][ 16]LogPlayLevel: PlayLevel: Blueprint regeneration took 65 ms (1 blueprints)
[2026.03.14-18.29.55:513][ 16]PIE: New page: PIE session: MainLevel (Mar. 14, 2026, 6:29:55 a.m.)
[2026.03.14-18.29.55:513][ 16]LogPlayLevel: Creating play world package: /Game/Levels/UEDPIE_0_MainLevel
[2026.03.14-18.29.55:603][ 16]LogPlayLevel: PIE: StaticDuplicateObject took: (0.089912s)
[2026.03.14-18.29.55:604][ 16]LogAIModule: Creating AISystem for world MainLevel
[2026.03.14-18.29.55:604][ 16]LogPlayLevel: PIE: World Init took: (0.001219s)
[2026.03.14-18.29.55:604][ 16]LogPlayLevel: PIE: Created PIE world by copying editor world from /Game/Levels/MainLevel.MainLevel to /Game/Levels/UEDPIE_0_MainLevel.MainLevel (0.091341s)
[2026.03.14-18.29.55:621][ 16]LogUObjectHash: Compacting FUObjectHashTables data took   1.60ms
[2026.03.14-18.29.55:621][ 16]LogAudio: Display: Creating Audio Device:                 Id: 36, Scope: Unique, Realtime: True
[2026.03.14-18.29.55:621][ 16]LogAudioMixer: Display: Audio Mixer Platform Settings:
[2026.03.14-18.29.55:621][ 16]LogAudioMixer: Display: 	Sample Rate:						  48000
[2026.03.14-18.29.55:621][ 16]LogAudioMixer: Display: 	Callback Buffer Frame Size Requested: 1024
[2026.03.14-18.29.55:621][ 16]LogAudioMixer: Display: 	Callback Buffer Frame Size To Use:	  1024
[2026.03.14-18.29.55:621][ 16]LogAudioMixer: Display: 	Number of buffers to queue:			  2
[2026.03.14-18.29.55:621][ 16]LogAudioMixer: Display: 	Max Channels (voices):				  32
[2026.03.14-18.29.55:621][ 16]LogAudioMixer: Display: 	Number of Async Source Workers:		  0
[2026.03.14-18.29.55:621][ 16]LogAudio: Display: AudioDevice MaxSources: 32
[2026.03.14-18.29.55:621][ 16]LogAudio: Display: Audio Spatialization Plugin: None (built-in).
[2026.03.14-18.29.55:621][ 16]LogAudio: Display: Audio Reverb Plugin: None (built-in).
[2026.03.14-18.29.55:621][ 16]LogAudio: Display: Audio Occlusion Plugin: None (built-in).
[2026.03.14-18.29.55:621][ 16]LogAudioMixer: Display: Initializing audio mixer.
[2026.03.14-18.29.55:624][ 16]LogAudioMixer: Display: 0: FrontLeft
[2026.03.14-18.29.55:624][ 16]LogAudioMixer: Display: 1: FrontRight
[2026.03.14-18.29.55:629][ 16]LogAudioMixer: Display: Using Audio Device Speakers (High Definition Audio Device)
[2026.03.14-18.29.55:629][ 16]LogAudioMixer: Display: Initializing Sound Submixes...
[2026.03.14-18.29.55:629][ 16]LogAudioMixer: Display: Creating Master Submix 'MasterSubmixDefault'
[2026.03.14-18.29.55:629][ 16]LogAudioMixer: Display: Creating Master Submix 'MasterReverbSubmixDefault'
[2026.03.14-18.29.55:630][ 16]LogAudioMixer: Display: Creating Master Submix 'MasterEQSubmixDefault'
[2026.03.14-18.29.55:630][ 16]LogAudioMixer: FMixerPlatformXAudio2::StartAudioStream() called
[2026.03.14-18.29.55:630][ 16]LogAudioMixer: Display: Output buffers initialized: Frames=1024, Channels=2, Samples=2048
[2026.03.14-18.29.55:630][ 16]LogAudioMixer: Display: Starting AudioMixerPlatformInterface::RunInternal()
[2026.03.14-18.29.55:630][ 16]LogAudioMixer: Display: FMixerPlatformXAudio2::SubmitBuffer() called for the first time
[2026.03.14-18.29.55:630][ 16]LogInit: FAudioDevice initialized.
[2026.03.14-18.29.55:630][ 16]LogAudio: Display: Audio Device (ID: 36) registered with world 'MainLevel'.
[2026.03.14-18.29.55:654][ 16]LogSlate: Updating window title bar state: overlay mode, drag disabled, window buttons hidden, title bar hidden
[2026.03.14-18.29.55:654][ 16]LogLoad: Game class is 'GM_RoadHopper_C'
[2026.03.14-18.29.55:690][ 16]LogWorld: Bringing World /Game/Levels/UEDPIE_0_MainLevel.MainLevel up for play (max tick rate 0) at 2026.03.14-12.29.55
[2026.03.14-18.29.55:691][ 16]LogWorld: Bringing up level for play took: 0.036450
[2026.03.14-18.29.55:691][ 16]LogOnline: OSS: Creating online subsystem instance for: :Context_41
[2026.03.14-18.29.55:693][ 16]LogGameMode: FindPlayerStart: PATHS NOT DEFINED or NO PLAYERSTART with positive rating
[2026.03.14-18.29.55:700][ 16]LogBlueprintUserMessages: [GM_RoadHopper_C_0] Hello
[2026.03.14-18.29.55:701][ 16]PIE: Server logged in
[2026.03.14-18.29.55:701][ 16]PIE: Play in editor total start time 0.261 seconds.
[2026.03.14-18.30.24:158][936]LogSlate: Updating window title bar state: overlay mode, drag disabled, window buttons hidden, title bar hidden
[2026.03.14-18.30.24:158][936]LogWorld: BeginTearingDown for /Game/Levels/UEDPIE_0_MainLevel
[2026.03.14-18.30.24:159][936]LogSlate: Window 'RoadHopper Preview [NetMode: Standalone]  (64-bit/Windows) ' being destroyed
[2026.03.14-18.30.24:168][936]LogWorld: UWorld::CleanupWorld for MainLevel, bSessionEnded=true, bCleanupResources=true
[2026.03.14-18.30.24:208][936]LogSlate: InvalidateAllWidgets triggered.  All widgets were invalidated
[2026.03.14-18.30.24:223][936]LogPlayLevel: Display: Shutting down PIE online subsystems
[2026.03.14-18.30.24:231][936]LogSlate: InvalidateAllWidgets triggered.  All widgets were invalidated
[2026.03.14-18.30.24:251][936]LogAudioMixer: FMixerPlatformXAudio2::StopAudioStream() called
[2026.03.14-18.30.24:252][936]LogAudioMixer: FMixerPlatformXAudio2::StopAudioStream() called
[2026.03.14-18.30.24:260][936]LogUObjectHash: Compacting FUObjectHashTables data took   1.83ms
[2026.03.14-18.30.24:288][937]LogPlayLevel: Display: Destroying online subsystem :Context_41
[2026.03.14-18.32.32:712][918]LogTemp: Repeating last play command: Selected Viewport
[2026.03.14-18.32.32:716][918]BlueprintLog: New page: Pre-Play auto-recompile
[2026.03.14-18.32.32:717][918]LogPlayLevel: [PlayLevel] Compiling BP_Player before play...
[2026.03.14-18.32.32:771][918]LogUObjectHash: Compacting FUObjectHashTables data took   1.98ms
[2026.03.14-18.32.32:774][918]LogPlayLevel: PlayLevel: Blueprint regeneration took 58 ms (1 blueprints)
[2026.03.14-18.32.32:775][918]PIE: New page: PIE session: MainLevel (Mar. 14, 2026, 6:32:32 a.m.)
[2026.03.14-18.32.32:775][918]LogPlayLevel: Creating play world package: /Game/Levels/UEDPIE_0_MainLevel
[2026.03.14-18.32.32:864][918]LogPlayLevel: PIE: StaticDuplicateObject took: (0.089280s)
[2026.03.14-18.32.32:864][918]LogAIModule: Creating AISystem for world MainLevel
[2026.03.14-18.32.32:865][918]LogPlayLevel: PIE: World Init took: (0.001223s)
[2026.03.14-18.32.32:865][918]LogPlayLevel: PIE: Created PIE world by copying editor world from /Game/Levels/MainLevel.MainLevel to /Game/Levels/UEDPIE_0_MainLevel.MainLevel (0.090716s)
[2026.03.14-18.32.32:881][918]LogUObjectHash: Compacting FUObjectHashTables data took   1.74ms
[2026.03.14-18.32.32:881][918]LogAudio: Display: Creating Audio Device:                 Id: 37, Scope: Unique, Realtime: True
[2026.03.14-18.32.32:881][918]LogAudioMixer: Display: Audio Mixer Platform Settings:
[2026.03.14-18.32.32:881][918]LogAudioMixer: Display: 	Sample Rate:						  48000
[2026.03.14-18.32.32:881][918]LogAudioMixer: Display: 	Callback Buffer Frame Size Requested: 1024
[2026.03.14-18.32.32:881][918]LogAudioMixer: Display: 	Callback Buffer Frame Size To Use:	  1024
[2026.03.14-18.32.32:881][918]LogAudioMixer: Display: 	Number of buffers to queue:			  2
[2026.03.14-18.32.32:881][918]LogAudioMixer: Display: 	Max Channels (voices):				  32
[2026.03.14-18.32.32:881][918]LogAudioMixer: Display: 	Number of Async Source Workers:		  0
[2026.03.14-18.32.32:881][918]LogAudio: Display: AudioDevice MaxSources: 32
[2026.03.14-18.32.32:882][918]LogAudio: Display: Audio Spatialization Plugin: None (built-in).
[2026.03.14-18.32.32:882][918]LogAudio: Display: Audio Reverb Plugin: None (built-in).
[2026.03.14-18.32.32:882][918]LogAudio: Display: Audio Occlusion Plugin: None (built-in).
[2026.03.14-18.32.32:882][918]LogAudioMixer: Display: Initializing audio mixer.
[2026.03.14-18.32.32:885][918]LogAudioMixer: Display: 0: FrontLeft
[2026.03.14-18.32.32:885][918]LogAudioMixer: Display: 1: FrontRight
[2026.03.14-18.32.32:890][918]LogAudioMixer: Display: Using Audio Device Speakers (High Definition Audio Device)
[2026.03.14-18.32.32:890][918]LogAudioMixer: Display: Initializing Sound Submixes...
[2026.03.14-18.32.32:890][918]LogAudioMixer: Display: Creating Master Submix 'MasterSubmixDefault'
[2026.03.14-18.32.32:890][918]LogAudioMixer: Display: Creating Master Submix 'MasterReverbSubmixDefault'
[2026.03.14-18.32.32:891][918]LogAudioMixer: Display: Creating Master Submix 'MasterEQSubmixDefault'
[2026.03.14-18.32.32:891][918]LogAudioMixer: FMixerPlatformXAudio2::StartAudioStream() called
[2026.03.14-18.32.32:891][918]LogAudioMixer: Display: Output buffers initialized: Frames=1024, Channels=2, Samples=2048
[2026.03.14-18.32.32:892][918]LogAudioMixer: Display: Starting AudioMixerPlatformInterface::RunInternal()
[2026.03.14-18.32.32:892][918]LogAudioMixer: Display: FMixerPlatformXAudio2::SubmitBuffer() called for the first time
[2026.03.14-18.32.32:892][918]LogInit: FAudioDevice initialized.
[2026.03.14-18.32.32:892][918]LogAudio: Display: Audio Device (ID: 37) registered with world 'MainLevel'.
[2026.03.14-18.32.32:918][918]LogSlate: Updating window title bar state: overlay mode, drag disabled, window buttons hidden, title bar hidden
[2026.03.14-18.32.32:918][918]LogLoad: Game class is 'GM_RoadHopper_C'
[2026.03.14-18.32.32:956][918]LogWorld: Bringing World /Game/Levels/UEDPIE_0_MainLevel.MainLevel up for play (max tick rate 0) at 2026.03.14-12.32.32
[2026.03.14-18.32.32:957][918]LogWorld: Bringing up level for play took: 0.038433
[2026.03.14-18.32.32:957][918]LogOnline: OSS: Creating online subsystem instance for: :Context_42
[2026.03.14-18.32.32:959][918]LogGameMode: FindPlayerStart: PATHS NOT DEFINED or NO PLAYERSTART with positive rating
[2026.03.14-18.32.32:966][918]LogBlueprintUserMessages: [GM_RoadHopper_C_0] Hello
[2026.03.14-18.32.32:966][918]PIE: Server logged in
[2026.03.14-18.32.32:967][918]PIE: Play in editor total start time 0.251 seconds.
[2026.03.14-18.32.38:165][516]LogSlate: Updating window title bar state: overlay mode, drag disabled, window buttons hidden, title bar hidden
[2026.03.14-18.32.38:165][516]LogWorld: BeginTearingDown for /Game/Levels/UEDPIE_0_MainLevel
[2026.03.14-18.32.38:166][516]LogSlate: Window 'RoadHopper Preview [NetMode: Standalone]  (64-bit/Windows) ' being destroyed
[2026.03.14-18.32.38:175][516]LogWorld: UWorld::CleanupWorld for MainLevel, bSessionEnded=true, bCleanupResources=true
[2026.03.14-18.32.38:214][516]LogSlate: InvalidateAllWidgets triggered.  All widgets were invalidated
[2026.03.14-18.32.38:232][516]LogPlayLevel: Display: Shutting down PIE online subsystems
[2026.03.14-18.32.38:239][516]LogSlate: InvalidateAllWidgets triggered.  All widgets were invalidated
[2026.03.14-18.32.38:253][516]LogAudio: Display: Audio Device unregistered from world 'None'.
[2026.03.14-18.32.38:253][516]LogAudioMixer: FMixerPlatformXAudio2::StopAudioStream() called
[2026.03.14-18.32.38:254][516]LogAudioMixer: FMixerPlatformXAudio2::StopAudioStream() called
[2026.03.14-18.32.38:271][516]LogUObjectHash: Compacting FUObjectHashTables data took   1.76ms
[2026.03.14-18.32.38:302][517]LogPlayLevel: Display: Destroying online subsystem :Context_42
[2026.03.14-18.33.41:735][888]LogTemp: Repeating last play command: Selected Viewport
[2026.03.14-18.33.41:740][888]BlueprintLog: New page: Pre-Play auto-recompile
[2026.03.14-18.33.41:740][888]LogPlayLevel: [PlayLevel] Compiling BP_Player before play...
[2026.03.14-18.33.41:801][888]LogUObjectHash: Compacting FUObjectHashTables data took   2.26ms
[2026.03.14-18.33.41:803][888]LogPlayLevel: PlayLevel: Blueprint regeneration took 62 ms (1 blueprints)
[2026.03.14-18.33.41:803][888]PIE: New page: PIE session: MainLevel (Mar. 14, 2026, 6:33:41 a.m.)
[2026.03.14-18.33.41:803][888]LogPlayLevel: Creating play world package: /Game/Levels/UEDPIE_0_MainLevel
[2026.03.14-18.33.41:892][888]LogPlayLevel: PIE: StaticDuplicateObject took: (0.089598s)
[2026.03.14-18.33.41:893][888]LogAIModule: Creating AISystem for world MainLevel
[2026.03.14-18.33.41:894][888]LogPlayLevel: PIE: World Init took: (0.001109s)
[2026.03.14-18.33.41:894][888]LogPlayLevel: PIE: Created PIE world by copying editor world from /Game/Levels/MainLevel.MainLevel to /Game/Levels/UEDPIE_0_MainLevel.MainLevel (0.090963s)
[2026.03.14-18.33.41:912][888]LogUObjectHash: Compacting FUObjectHashTables data took   1.77ms
[2026.03.14-18.33.41:912][888]LogAudio: Display: Creating Audio Device:                 Id: 38, Scope: Unique, Realtime: True
[2026.03.14-18.33.41:912][888]LogAudioMixer: Display: Audio Mixer Platform Settings:
[2026.03.14-18.33.41:912][888]LogAudioMixer: Display: 	Sample Rate:						  48000
[2026.03.14-18.33.41:912][888]LogAudioMixer: Display: 	Callback Buffer Frame Size Requested: 1024
[2026.03.14-18.33.41:912][888]LogAudioMixer: Display: 	Callback Buffer Frame Size To Use:	  1024
[2026.03.14-18.33.41:912][888]LogAudioMixer: Display: 	Number of buffers to queue:			  2
[2026.03.14-18.33.41:912][888]LogAudioMixer: Display: 	Max Channels (voices):				  32
[2026.03.14-18.33.41:912][888]LogAudioMixer: Display: 	Number of Async Source Workers:		  0
[2026.03.14-18.33.41:912][888]LogAudio: Display: AudioDevice MaxSources: 32
[2026.03.14-18.33.41:912][888]LogAudio: Display: Audio Spatialization Plugin: None (built-in).
[2026.03.14-18.33.41:912][888]LogAudio: Display: Audio Reverb Plugin: None (built-in).
[2026.03.14-18.33.41:912][888]LogAudio: Display: Audio Occlusion Plugin: None (built-in).
[2026.03.14-18.33.41:912][888]LogAudioMixer: Display: Initializing audio mixer.
[2026.03.14-18.33.41:915][888]LogAudioMixer: Display: 0: FrontLeft
[2026.03.14-18.33.41:915][888]LogAudioMixer: Display: 1: FrontRight
[2026.03.14-18.33.41:920][888]LogAudioMixer: Display: Using Audio Device Speakers (High Definition Audio Device)
[2026.03.14-18.33.41:920][888]LogAudioMixer: Display: Initializing Sound Submixes...
[2026.03.14-18.33.41:920][888]LogAudioMixer: Display: Creating Master Submix 'MasterSubmixDefault'
[2026.03.14-18.33.41:920][888]LogAudioMixer: Display: Creating Master Submix 'MasterReverbSubmixDefault'
[2026.03.14-18.33.41:920][888]LogAudioMixer: Display: Creating Master Submix 'MasterEQSubmixDefault'
[2026.03.14-18.33.41:920][888]LogAudioMixer: FMixerPlatformXAudio2::StartAudioStream() called
[2026.03.14-18.33.41:920][888]LogAudioMixer: Display: Output buffers initialized: Frames=1024, Channels=2, Samples=2048
[2026.03.14-18.33.41:921][888]LogAudioMixer: Display: Starting AudioMixerPlatformInterface::RunInternal()
[2026.03.14-18.33.41:921][888]LogAudioMixer: Display: FMixerPlatformXAudio2::SubmitBuffer() called for the first time
[2026.03.14-18.33.41:921][888]LogInit: FAudioDevice initialized.
[2026.03.14-18.33.41:921][888]LogAudio: Display: Audio Device (ID: 38) registered with world 'MainLevel'.
[2026.03.14-18.33.41:945][888]LogSlate: Updating window title bar state: overlay mode, drag disabled, window buttons hidden, title bar hidden
[2026.03.14-18.33.41:945][888]LogLoad: Game class is 'GM_RoadHopper_C'
[2026.03.14-18.33.41:981][888]LogWorld: Bringing World /Game/Levels/UEDPIE_0_MainLevel.MainLevel up for play (max tick rate 0) at 2026.03.14-12.33.41
[2026.03.14-18.33.41:982][888]LogWorld: Bringing up level for play took: 0.036638
[2026.03.14-18.33.41:982][888]LogOnline: OSS: Creating online subsystem instance for: :Context_43
[2026.03.14-18.33.41:983][888]LogGameMode: FindPlayerStart: PATHS NOT DEFINED or NO PLAYERSTART with positive rating
[2026.03.14-18.33.41:991][888]LogBlueprintUserMessages: [GM_RoadHopper_C_0] Hello
[2026.03.14-18.33.41:991][888]PIE: Server logged in
[2026.03.14-18.33.41:991][888]PIE: Play in editor total start time 0.252 seconds.
[2026.03.14-18.33.46:001][355]LogSlate: Updating window title bar state: overlay mode, drag disabled, window buttons hidden, title bar hidden
[2026.03.14-18.33.46:001][355]LogWorld: BeginTearingDown for /Game/Levels/UEDPIE_0_MainLevel
[2026.03.14-18.33.46:003][355]LogSlate: Window 'RoadHopper Preview [NetMode: Standalone]  (64-bit/Windows) ' being destroyed
[2026.03.14-18.33.46:012][355]LogWorld: UWorld::CleanupWorld for MainLevel, bSessionEnded=true, bCleanupResources=true
[2026.03.14-18.33.46:050][355]LogSlate: InvalidateAllWidgets triggered.  All widgets were invalidated
[2026.03.14-18.33.46:072][355]LogPlayLevel: Display: Shutting down PIE online subsystems
[2026.03.14-18.33.46:080][355]LogSlate: InvalidateAllWidgets triggered.  All widgets were invalidated
[2026.03.14-18.33.46:104][355]LogAudioMixer: FMixerPlatformXAudio2::StopAudioStream() called
[2026.03.14-18.33.46:105][355]LogAudioMixer: FMixerPlatformXAudio2::StopAudioStream() called
[2026.03.14-18.33.46:116][355]LogUObjectHash: Compacting FUObjectHashTables data took   1.77ms
[2026.03.14-18.33.46:157][356]LogPlayLevel: Display: Destroying online subsystem :Context_43
[2026.03.14-18.33.50:655][881]LogTemp: Repeating last play command: Selected Viewport
[2026.03.14-18.33.50:659][881]BlueprintLog: New page: Pre-Play auto-recompile
[2026.03.14-18.33.50:659][881]LogPlayLevel: [PlayLevel] Compiling BP_Player before play...
[2026.03.14-18.33.50:720][881]LogUObjectHash: Compacting FUObjectHashTables data took   1.90ms
[2026.03.14-18.33.50:721][881]LogPlayLevel: PlayLevel: Blueprint regeneration took 61 ms (1 blueprints)
[2026.03.14-18.33.50:721][881]PIE: New page: PIE session: MainLevel (Mar. 14, 2026, 6:33:50 a.m.)
[2026.03.14-18.33.50:721][881]LogPlayLevel: Creating play world package: /Game/Levels/UEDPIE_0_MainLevel
[2026.03.14-18.33.50:809][881]LogPlayLevel: PIE: StaticDuplicateObject took: (0.088422s)
[2026.03.14-18.33.50:810][881]LogAIModule: Creating AISystem for world MainLevel
[2026.03.14-18.33.50:810][881]LogPlayLevel: PIE: World Init took: (0.001169s)
[2026.03.14-18.33.50:810][881]LogPlayLevel: PIE: Created PIE world by copying editor world from /Game/Levels/MainLevel.MainLevel to /Game/Levels/UEDPIE_0_MainLevel.MainLevel (0.089788s)
[2026.03.14-18.33.50:826][881]LogUObjectHash: Compacting FUObjectHashTables data took   1.62ms
[2026.03.14-18.33.50:826][881]LogAudio: Display: Creating Audio Device:                 Id: 39, Scope: Unique, Realtime: True
[2026.03.14-18.33.50:826][881]LogAudioMixer: Display: Audio Mixer Platform Settings:
[2026.03.14-18.33.50:826][881]LogAudioMixer: Display: 	Sample Rate:						  48000
[2026.03.14-18.33.50:826][881]LogAudioMixer: Display: 	Callback Buffer Frame Size Requested: 1024
[2026.03.14-18.33.50:826][881]LogAudioMixer: Display: 	Callback Buffer Frame Size To Use:	  1024
[2026.03.14-18.33.50:826][881]LogAudioMixer: Display: 	Number of buffers to queue:			  2
[2026.03.14-18.33.50:826][881]LogAudioMixer: Display: 	Max Channels (voices):				  32
[2026.03.14-18.33.50:826][881]LogAudioMixer: Display: 	Number of Async Source Workers:		  0
[2026.03.14-18.33.50:826][881]LogAudio: Display: AudioDevice MaxSources: 32
[2026.03.14-18.33.50:827][881]LogAudio: Display: Audio Spatialization Plugin: None (built-in).
[2026.03.14-18.33.50:827][881]LogAudio: Display: Audio Reverb Plugin: None (built-in).
[2026.03.14-18.33.50:827][881]LogAudio: Display: Audio Occlusion Plugin: None (built-in).
[2026.03.14-18.33.50:827][881]LogAudioMixer: Display: Initializing audio mixer.
[2026.03.14-18.33.50:830][881]LogAudioMixer: Display: 0: FrontLeft
[2026.03.14-18.33.50:830][881]LogAudioMixer: Display: 1: FrontRight
[2026.03.14-18.33.50:834][881]LogAudioMixer: Display: Using Audio Device Speakers (High Definition Audio Device)
[2026.03.14-18.33.50:834][881]LogAudioMixer: Display: Initializing Sound Submixes...
[2026.03.14-18.33.50:834][881]LogAudioMixer: Display: Creating Master Submix 'MasterSubmixDefault'
[2026.03.14-18.33.50:834][881]LogAudioMixer: Display: Creating Master Submix 'MasterReverbSubmixDefault'
[2026.03.14-18.33.50:834][881]LogAudioMixer: Display: Creating Master Submix 'MasterEQSubmixDefault'
[2026.03.14-18.33.50:834][881]LogAudioMixer: FMixerPlatformXAudio2::StartAudioStream() called
[2026.03.14-18.33.50:834][881]LogAudioMixer: Display: Output buffers initialized: Frames=1024, Channels=2, Samples=2048
[2026.03.14-18.33.50:835][881]LogAudioMixer: Display: Starting AudioMixerPlatformInterface::RunInternal()
[2026.03.14-18.33.50:835][881]LogAudioMixer: Display: FMixerPlatformXAudio2::SubmitBuffer() called for the first time
[2026.03.14-18.33.50:835][881]LogInit: FAudioDevice initialized.
[2026.03.14-18.33.50:835][881]LogAudio: Display: Audio Device (ID: 39) registered with world 'MainLevel'.
[2026.03.14-18.33.50:859][881]LogSlate: Updating window title bar state: overlay mode, drag disabled, window buttons hidden, title bar hidden
[2026.03.14-18.33.50:859][881]LogLoad: Game class is 'GM_RoadHopper_C'
[2026.03.14-18.33.50:896][881]LogWorld: Bringing World /Game/Levels/UEDPIE_0_MainLevel.MainLevel up for play (max tick rate 0) at 2026.03.14-12.33.50
[2026.03.14-18.33.50:897][881]LogWorld: Bringing up level for play took: 0.037376
[2026.03.14-18.33.50:897][881]LogOnline: OSS: Creating online subsystem instance for: :Context_44
[2026.03.14-18.33.50:899][881]LogGameMode: FindPlayerStart: PATHS NOT DEFINED or NO PLAYERSTART with positive rating
[2026.03.14-18.33.50:906][881]LogBlueprintUserMessages: [GM_RoadHopper_C_0] Hello
[2026.03.14-18.33.50:907][881]PIE: Server logged in
[2026.03.14-18.33.50:907][881]PIE: Play in editor total start time 0.249 seconds.
[2026.03.14-18.34.04:001][441]LogSlate: Updating window title bar state: overlay mode, drag disabled, window buttons hidden, title bar hidden
[2026.03.14-18.34.04:001][441]LogWorld: BeginTearingDown for /Game/Levels/UEDPIE_0_MainLevel
[2026.03.14-18.34.04:003][441]LogSlate: Window 'RoadHopper Preview [NetMode: Standalone]  (64-bit/Windows) ' being destroyed
[2026.03.14-18.34.04:013][441]LogWorld: UWorld::CleanupWorld for MainLevel, bSessionEnded=true, bCleanupResources=true
[2026.03.14-18.34.04:052][441]LogSlate: InvalidateAllWidgets triggered.  All widgets were invalidated
[2026.03.14-18.34.04:076][441]LogPlayLevel: Display: Shutting down PIE online subsystems
[2026.03.14-18.34.04:085][441]LogSlate: InvalidateAllWidgets triggered.  All widgets were invalidated
[2026.03.14-18.34.04:100][441]LogAudio: Display: Audio Device unregistered from world 'None'.
[2026.03.14-18.34.04:100][441]LogAudioMixer: FMixerPlatformXAudio2::StopAudioStream() called
[2026.03.14-18.34.04:101][441]LogAudioMixer: FMixerPlatformXAudio2::StopAudioStream() called
[2026.03.14-18.34.04:122][441]LogUObjectHash: Compacting FUObjectHashTables data took   1.88ms
[2026.03.14-18.34.04:160][442]LogPlayLevel: Display: Destroying online subsystem :Context_44
[2026.03.14-18.36.00:716][320]BlueprintLog: New page: Compile BP_Player
[2026.03.14-18.36.00:721][320]LogBlueprint: Error: [AssetLog] C:\Users\titan\Desktop\Titan_RoadHopper\RoadHopper4.27\Content\Blueprints\BP_Player.uasset: [Compiler] The current value (0, 0, 0) of the ' A ' pin is invalid: 'A' in action 'Vector Set' must have an input wired into it ("by ref" params expect a valid input to operate on).
[2026.03.14-18.36.00:764][320]LogUObjectHash: Compacting FUObjectHashTables data took   2.48ms
[2026.03.14-18.37.15:542][188]LogUObjectHash: Compacting FUObjectHashTables data took   2.41ms
[2026.03.14-18.37.15:919][188]LogSavePackage: Moving 'C:/Users/titan/Desktop/Titan_RoadHopper/RoadHopper4.27/Saved/MainLevel_Auto718FADD6C45701C5F2EAA6CA92359A64A.tmp' to 'C:/Users/titan/Desktop/Titan_RoadHopper/RoadHopper4.27/Saved/Autosaves/Game/Levels/MainLevel_Auto7.umap'
[2026.03.14-18.37.15:924][188]LogFileHelpers: Editor autosave (incl. external actors) for '/Game/Levels/MainLevel' took 0.399
[2026.03.14-18.37.15:924][188]LogFileHelpers: Editor autosave (incl. sublevels & external actors) for all levels took 0.399
[2026.03.14-18.37.15:924][188]OBJ SavePackage: Generating thumbnails for [2] asset(s) in package [/Game/Blueprints/BP_Player] ([2] browsable assets)...
[2026.03.14-18.37.15:933][188]OBJ SavePackage:     Rendered thumbnail for [Blueprint /Game/Blueprints/BP_Player.BP_Player]
[2026.03.14-18.37.15:933][188]OBJ SavePackage: Finished generating thumbnails for package [/Game/Blueprints/BP_Player]
[2026.03.14-18.37.15:933][188]Cmd: OBJ SAVEPACKAGE PACKAGE="/Game/Blueprints/BP_Player" FILE="C:/Users/titan/Desktop/Titan_RoadHopper/RoadHopper4.27/Saved/Autosaves/Game/Blueprints/BP_Player_Auto7.uasset" SILENT=false AUTOSAVING=true
[2026.03.14-18.37.15:954][188]LogSavePackage: Moving 'C:/Users/titan/Desktop/Titan_RoadHopper/RoadHopper4.27/Saved/BP_Player_Auto7D873D4384770585DB49921B7A676C8AB.tmp' to 'C:/Users/titan/Desktop/Titan_RoadHopper/RoadHopper4.27/Saved/Autosaves/Game/Blueprints/BP_Player_Auto7.uasset'
[2026.03.14-18.37.15:954][188]LogFileHelpers: Auto-saving content packages took 0.031
[2026.03.14-18.37.39:103][927]BlueprintLog: New page: Compile BP_Player
[2026.03.14-18.37.39:108][927]LogBlueprint: Error: [AssetLog] C:\Users\titan\Desktop\Titan_RoadHopper\RoadHopper4.27\Content\Blueprints\BP_Player.uasset: [Compiler] The current value (0, 0, 0) of the ' A ' pin is invalid: 'A' in action 'Vector Set' must have an input wired into it ("by ref" params expect a valid input to operate on).
[2026.03.14-18.37.39:145][927]LogUObjectHash: Compacting FUObjectHashTables data took   1.68ms
[2026.03.14-18.38.57:820][218]LogSlate: Took 0.005322 seconds to synchronously load lazily loaded font '../../../Engine/Content/Slate/Fonts/Roboto-BoldCondensedItalic.ttf' (160K)
[2026.03.14-18.39.20:522][828]LogEditorTransaction: Undo Paste clipboard contents
[2026.03.14-18.45.06:262][102]Cmd: OBJ SAVEPACKAGE PACKAGE="/Game/Blueprints/BP_Player" FILE="C:/Users/titan/Desktop/Titan_RoadHopper/RoadHopper4.27/Content/Blueprints/BP_Player.uasset" SILENT=true
[2026.03.14-18.45.06:283][102]LogSavePackage: Moving 'C:/Users/titan/Desktop/Titan_RoadHopper/RoadHopper4.27/Saved/BP_PlayerBFF151B74A3D446110AE7C92C276B2FF.tmp' to 'C:/Users/titan/Desktop/Titan_RoadHopper/RoadHopper4.27/Content/Blueprints/BP_Player.uasset'
[2026.03.14-18.45.06:298][102]AssetCheck: New page: Asset Save: BP_Player
[2026.03.14-18.45.06:298][102]LogContentValidation: Display: Validating Blueprint /Game/Blueprints/BP_Player.BP_Player
[2026.03.14-18.45.09:434][431]LogTemp: Repeating last play command: Selected Viewport
[2026.03.14-18.45.09:439][431]BlueprintLog: New page: Pre-Play auto-recompile
[2026.03.14-18.45.09:440][431]LogPlayLevel: [PlayLevel] Compiling BP_Player before play...
[2026.03.14-18.45.09:504][431]LogUObjectHash: Compacting FUObjectHashTables data took   2.48ms
[2026.03.14-18.45.09:510][431]LogPlayLevel: PlayLevel: Blueprint regeneration took 70 ms (1 blueprints)
[2026.03.14-18.45.09:510][431]PIE: New page: PIE session: MainLevel (Mar. 14, 2026, 6:45:09 a.m.)
[2026.03.14-18.45.09:546][431]LogPlayLevel: Creating play world package: /Game/Levels/UEDPIE_0_MainLevel
[2026.03.14-18.45.09:636][431]LogPlayLevel: PIE: StaticDuplicateObject took: (0.090419s)
[2026.03.14-18.45.09:637][431]LogAIModule: Creating AISystem for world MainLevel
[2026.03.14-18.45.09:637][431]LogPlayLevel: PIE: World Init took: (0.001254s)
[2026.03.14-18.45.09:637][431]LogPlayLevel: PIE: Created PIE world by copying editor world from /Game/Levels/MainLevel.MainLevel to /Game/Levels/UEDPIE_0_MainLevel.MainLevel (0.091917s)
[2026.03.14-18.45.09:654][431]LogUObjectHash: Compacting FUObjectHashTables data took   1.89ms
[2026.03.14-18.45.09:655][431]LogAudio: Display: Creating Audio Device:                 Id: 40, Scope: Unique, Realtime: True
[2026.03.14-18.45.09:655][431]LogAudioMixer: Display: Audio Mixer Platform Settings:
[2026.03.14-18.45.09:655][431]LogAudioMixer: Display: 	Sample Rate:						  48000
[2026.03.14-18.45.09:655][431]LogAudioMixer: Display: 	Callback Buffer Frame Size Requested: 1024
[2026.03.14-18.45.09:655][431]LogAudioMixer: Display: 	Callback Buffer Frame Size To Use:	  1024
[2026.03.14-18.45.09:655][431]LogAudioMixer: Display: 	Number of buffers to queue:			  2
[2026.03.14-18.45.09:655][431]LogAudioMixer: Display: 	Max Channels (voices):				  32
[2026.03.14-18.45.09:655][431]LogAudioMixer: Display: 	Number of Async Source Workers:		  0
[2026.03.14-18.45.09:655][431]LogAudio: Display: AudioDevice MaxSources: 32
[2026.03.14-18.45.09:655][431]LogAudio: Display: Audio Spatialization Plugin: None (built-in).
[2026.03.14-18.45.09:655][431]LogAudio: Display: Audio Reverb Plugin: None (built-in).
[2026.03.14-18.45.09:655][431]LogAudio: Display: Audio Occlusion Plugin: None (built-in).
[2026.03.14-18.45.09:655][431]LogAudioMixer: Display: Initializing audio mixer.
[2026.03.14-18.45.09:659][431]LogAudioMixer: Display: 0: FrontLeft
[2026.03.14-18.45.09:659][431]LogAudioMixer: Display: 1: FrontRight
[2026.03.14-18.45.09:664][431]LogAudioMixer: Display: Using Audio Device Speakers (High Definition Audio Device)
[2026.03.14-18.45.09:664][431]LogAudioMixer: Display: Initializing Sound Submixes...
[2026.03.14-18.45.09:664][431]LogAudioMixer: Display: Creating Master Submix 'MasterSubmixDefault'
[2026.03.14-18.45.09:664][431]LogAudioMixer: Display: Creating Master Submix 'MasterReverbSubmixDefault'
[2026.03.14-18.45.09:665][431]LogAudioMixer: Display: Creating Master Submix 'MasterEQSubmixDefault'
[2026.03.14-18.45.09:665][431]LogAudioMixer: FMixerPlatformXAudio2::StartAudioStream() called
[2026.03.14-18.45.09:665][431]LogAudioMixer: Display: Output buffers initialized: Frames=1024, Channels=2, Samples=2048
[2026.03.14-18.45.09:665][431]LogAudioMixer: Display: Starting AudioMixerPlatformInterface::RunInternal()
[2026.03.14-18.45.09:665][431]LogAudioMixer: Display: FMixerPlatformXAudio2::SubmitBuffer() called for the first time
[2026.03.14-18.45.09:665][431]LogInit: FAudioDevice initialized.
[2026.03.14-18.45.09:665][431]LogAudio: Display: Audio Device (ID: 40) registered with world 'MainLevel'.
[2026.03.14-18.45.09:675][431]LogLoad: Game class is 'GM_RoadHopper_C'
[2026.03.14-18.45.09:711][431]LogWorld: Bringing World /Game/Levels/UEDPIE_0_MainLevel.MainLevel up for play (max tick rate 0) at 2026.03.14-12.45.09
[2026.03.14-18.45.09:712][431]LogWorld: Bringing up level for play took: 0.036943
[2026.03.14-18.45.09:713][431]LogOnline: OSS: Creating online subsystem instance for: :Context_45
[2026.03.14-18.45.09:721][431]LogBlueprintUserMessages: [GM_RoadHopper_C_0] Hello
[2026.03.14-18.45.09:721][431]PIE: Server logged in
[2026.03.14-18.45.09:722][431]PIE: Play in editor total start time 0.284 seconds.
[2026.03.14-18.45.19:461][594]LogSlate: Updating window title bar state: overlay mode, drag disabled, window buttons hidden, title bar hidden
[2026.03.14-18.45.19:461][594]LogWorld: BeginTearingDown for /Game/Levels/UEDPIE_0_MainLevel
[2026.03.14-18.45.19:463][594]LogWorld: UWorld::CleanupWorld for MainLevel, bSessionEnded=true, bCleanupResources=true
[2026.03.14-18.45.19:502][594]LogSlate: InvalidateAllWidgets triggered.  All widgets were invalidated
[2026.03.14-18.45.19:515][594]LogPlayLevel: Display: Shutting down PIE online subsystems
[2026.03.14-18.45.19:523][594]LogSlate: InvalidateAllWidgets triggered.  All widgets were invalidated
[2026.03.14-18.45.19:538][594]LogSlate: Updating window title bar state: overlay mode, drag disabled, window buttons hidden, title bar hidden
[2026.03.14-18.45.19:539][594]LogAudioMixer: FMixerPlatformXAudio2::StopAudioStream() called
[2026.03.14-18.45.19:539][594]LogAudioMixer: FMixerPlatformXAudio2::StopAudioStream() called
[2026.03.14-18.45.19:554][594]LogUObjectHash: Compacting FUObjectHashTables data took   1.72ms
[2026.03.14-18.45.19:587][595]LogPlayLevel: Display: Destroying online subsystem :Context_45
[2026.03.14-18.46.15:537][736]Cmd: SELECT NONE
[2026.03.14-18.46.53:358][111]LogTemp: Repeating last play command: Selected Viewport
[2026.03.14-18.46.53:364][111]BlueprintLog: New page: Pre-Play auto-recompile
[2026.03.14-18.46.53:365][111]LogPlayLevel: [PlayLevel] Compiling BP_Player before play...
[2026.03.14-18.46.53:430][111]LogUObjectHash: Compacting FUObjectHashTables data took   2.14ms
[2026.03.14-18.46.53:431][111]LogPlayLevel: PlayLevel: Blueprint regeneration took 67 ms (1 blueprints)
[2026.03.14-18.46.53:431][111]PIE: New page: PIE session: MainLevel (Mar. 14, 2026, 6:46:53 a.m.)
[2026.03.14-18.46.53:431][111]LogPlayLevel: Creating play world package: /Game/Levels/UEDPIE_0_MainLevel
[2026.03.14-18.46.53:522][111]LogPlayLevel: PIE: StaticDuplicateObject took: (0.089408s)
[2026.03.14-18.46.53:522][111]LogAIModule: Creating AISystem for world MainLevel
[2026.03.14-18.46.53:523][111]LogPlayLevel: PIE: World Init took: (0.001177s)
[2026.03.14-18.46.53:523][111]LogPlayLevel: PIE: Created PIE world by copying editor world from /Game/Levels/MainLevel.MainLevel to /Game/Levels/UEDPIE_0_MainLevel.MainLevel (0.090788s)
[2026.03.14-18.46.53:539][111]LogUObjectHash: Compacting FUObjectHashTables data took   1.86ms
[2026.03.14-18.46.53:539][111]LogAudio: Display: Creating Audio Device:                 Id: 41, Scope: Unique, Realtime: True
[2026.03.14-18.46.53:539][111]LogAudioMixer: Display: Audio Mixer Platform Settings:
[2026.03.14-18.46.53:539][111]LogAudioMixer: Display: 	Sample Rate:						  48000
[2026.03.14-18.46.53:539][111]LogAudioMixer: Display: 	Callback Buffer Frame Size Requested: 1024
[2026.03.14-18.46.53:539][111]LogAudioMixer: Display: 	Callback Buffer Frame Size To Use:	  1024
[2026.03.14-18.46.53:539][111]LogAudioMixer: Display: 	Number of buffers to queue:			  2
[2026.03.14-18.46.53:539][111]LogAudioMixer: Display: 	Max Channels (voices):				  32
[2026.03.14-18.46.53:539][111]LogAudioMixer: Display: 	Number of Async Source Workers:		  0
[2026.03.14-18.46.53:540][111]LogAudio: Display: AudioDevice MaxSources: 32
[2026.03.14-18.46.53:540][111]LogAudio: Display: Audio Spatialization Plugin: None (built-in).
[2026.03.14-18.46.53:540][111]LogAudio: Display: Audio Reverb Plugin: None (built-in).
[2026.03.14-18.46.53:540][111]LogAudio: Display: Audio Occlusion Plugin: None (built-in).
[2026.03.14-18.46.53:540][111]LogAudioMixer: Display: Initializing audio mixer.
[2026.03.14-18.46.53:543][111]LogAudioMixer: Display: 0: FrontLeft
[2026.03.14-18.46.53:543][111]LogAudioMixer: Display: 1: FrontRight
[2026.03.14-18.46.53:548][111]LogAudioMixer: Display: Using Audio Device Speakers (High Definition Audio Device)
[2026.03.14-18.46.53:548][111]LogAudioMixer: Display: Initializing Sound Submixes...
[2026.03.14-18.46.53:548][111]LogAudioMixer: Display: Creating Master Submix 'MasterSubmixDefault'
[2026.03.14-18.46.53:548][111]LogAudioMixer: Display: Creating Master Submix 'MasterReverbSubmixDefault'
[2026.03.14-18.46.53:548][111]LogAudioMixer: Display: Creating Master Submix 'MasterEQSubmixDefault'
[2026.03.14-18.46.53:548][111]LogAudioMixer: FMixerPlatformXAudio2::StartAudioStream() called
[2026.03.14-18.46.53:548][111]LogAudioMixer: Display: Output buffers initialized: Frames=1024, Channels=2, Samples=2048
[2026.03.14-18.46.53:549][111]LogAudioMixer: Display: Starting AudioMixerPlatformInterface::RunInternal()
[2026.03.14-18.46.53:549][111]LogAudioMixer: Display: FMixerPlatformXAudio2::SubmitBuffer() called for the first time
[2026.03.14-18.46.53:549][111]LogInit: FAudioDevice initialized.
[2026.03.14-18.46.53:549][111]LogAudio: Display: Audio Device (ID: 41) registered with world 'MainLevel'.
[2026.03.14-18.46.53:572][111]LogSlate: Updating window title bar state: overlay mode, drag disabled, window buttons hidden, title bar hidden
[2026.03.14-18.46.53:573][111]LogLoad: Game class is 'GM_RoadHopper_C'
[2026.03.14-18.46.53:610][111]LogWorld: Bringing World /Game/Levels/UEDPIE_0_MainLevel.MainLevel up for play (max tick rate 0) at 2026.03.14-12.46.53
[2026.03.14-18.46.53:610][111]LogWorld: Bringing up level for play took: 0.037231
[2026.03.14-18.46.53:611][111]LogOnline: OSS: Creating online subsystem instance for: :Context_46
[2026.03.14-18.46.53:612][111]LogGameMode: FindPlayerStart: PATHS NOT DEFINED or NO PLAYERSTART with positive rating
[2026.03.14-18.46.53:619][111]LogBlueprintUserMessages: [GM_RoadHopper_C_0] Hello
[2026.03.14-18.46.53:620][111]PIE: Server logged in
[2026.03.14-18.46.53:620][111]PIE: Play in editor total start time 0.257 seconds.
[2026.03.14-18.47.06:437][424]LogSlate: Updating window title bar state: overlay mode, drag disabled, window buttons hidden, title bar hidden
[2026.03.14-18.47.06:437][424]LogWorld: BeginTearingDown for /Game/Levels/UEDPIE_0_MainLevel
[2026.03.14-18.47.06:439][424]LogSlate: Window 'RoadHopper Preview [NetMode: Standalone]  (64-bit/Windows) ' being destroyed
[2026.03.14-18.47.06:448][424]LogWorld: UWorld::CleanupWorld for MainLevel, bSessionEnded=true, bCleanupResources=true
[2026.03.14-18.47.06:487][424]LogSlate: InvalidateAllWidgets triggered.  All widgets were invalidated
[2026.03.14-18.47.06:510][424]LogPlayLevel: Display: Shutting down PIE online subsystems
[2026.03.14-18.47.06:515][424]LogSlate: InvalidateAllWidgets triggered.  All widgets were invalidated
[2026.03.14-18.47.06:530][424]LogAudioMixer: FMixerPlatformXAudio2::StopAudioStream() called
[2026.03.14-18.47.06:531][424]LogAudioMixer: FMixerPlatformXAudio2::StopAudioStream() called
[2026.03.14-18.47.06:552][424]LogUObjectHash: Compacting FUObjectHashTables data took   1.76ms
[2026.03.14-18.47.06:588][425]LogPlayLevel: Display: Destroying online subsystem :Context_46
[2026.03.14-18.47.31:268][212]LogTemp: Repeating last play command: Selected Viewport
[2026.03.14-18.47.31:272][212]BlueprintLog: New page: Pre-Play auto-recompile
[2026.03.14-18.47.31:273][212]LogPlayLevel: [PlayLevel] Compiling BP_Player before play...
[2026.03.14-18.47.31:327][212]LogUObjectHash: Compacting FUObjectHashTables data took   2.21ms
[2026.03.14-18.47.31:328][212]LogPlayLevel: PlayLevel: Blueprint regeneration took 56 ms (1 blueprints)
[2026.03.14-18.47.31:328][212]PIE: New page: PIE session: MainLevel (Mar. 14, 2026, 6:47:31 a.m.)
[2026.03.14-18.47.31:329][212]LogPlayLevel: Creating play world package: /Game/Levels/UEDPIE_0_MainLevel
[2026.03.14-18.47.31:416][212]LogPlayLevel: PIE: StaticDuplicateObject took: (0.087179s)
[2026.03.14-18.47.31:417][212]LogAIModule: Creating AISystem for world MainLevel
[2026.03.14-18.47.31:417][212]LogPlayLevel: PIE: World Init took: (0.001387s)
[2026.03.14-18.47.31:417][212]LogPlayLevel: PIE: Created PIE world by copying editor world from /Game/Levels/MainLevel.MainLevel to /Game/Levels/UEDPIE_0_MainLevel.MainLevel (0.088795s)
[2026.03.14-18.47.31:438][212]LogUObjectHash: Compacting FUObjectHashTables data took   1.80ms
[2026.03.14-18.47.31:438][212]LogAudio: Display: Creating Audio Device:                 Id: 42, Scope: Unique, Realtime: True
[2026.03.14-18.47.31:438][212]LogAudioMixer: Display: Audio Mixer Platform Settings:
[2026.03.14-18.47.31:438][212]LogAudioMixer: Display: 	Sample Rate:						  48000
[2026.03.14-18.47.31:438][212]LogAudioMixer: Display: 	Callback Buffer Frame Size Requested: 1024
[2026.03.14-18.47.31:438][212]LogAudioMixer: Display: 	Callback Buffer Frame Size To Use:	  1024
[2026.03.14-18.47.31:438][212]LogAudioMixer: Display: 	Number of buffers to queue:			  2
[2026.03.14-18.47.31:438][212]LogAudioMixer: Display: 	Max Channels (voices):				  32
[2026.03.14-18.47.31:438][212]LogAudioMixer: Display: 	Number of Async Source Workers:		  0
[2026.03.14-18.47.31:438][212]LogAudio: Display: AudioDevice MaxSources: 32
[2026.03.14-18.47.31:438][212]LogAudio: Display: Audio Spatialization Plugin: None (built-in).
[2026.03.14-18.47.31:438][212]LogAudio: Display: Audio Reverb Plugin: None (built-in).
[2026.03.14-18.47.31:438][212]LogAudio: Display: Audio Occlusion Plugin: None (built-in).
[2026.03.14-18.47.31:438][212]LogAudioMixer: Display: Initializing audio mixer.
[2026.03.14-18.47.31:441][212]LogAudioMixer: Display: 0: FrontLeft
[2026.03.14-18.47.31:441][212]LogAudioMixer: Display: 1: FrontRight
[2026.03.14-18.47.31:447][212]LogAudioMixer: Display: Using Audio Device Speakers (High Definition Audio Device)
[2026.03.14-18.47.31:447][212]LogAudioMixer: Display: Initializing Sound Submixes...
[2026.03.14-18.47.31:447][212]LogAudioMixer: Display: Creating Master Submix 'MasterSubmixDefault'
[2026.03.14-18.47.31:447][212]LogAudioMixer: Display: Creating Master Submix 'MasterReverbSubmixDefault'
[2026.03.14-18.47.31:448][212]LogAudioMixer: Display: Creating Master Submix 'MasterEQSubmixDefault'
[2026.03.14-18.47.31:448][212]LogAudioMixer: FMixerPlatformXAudio2::StartAudioStream() called
[2026.03.14-18.47.31:448][212]LogAudioMixer: Display: Output buffers initialized: Frames=1024, Channels=2, Samples=2048
[2026.03.14-18.47.31:448][212]LogAudioMixer: Display: Starting AudioMixerPlatformInterface::RunInternal()
[2026.03.14-18.47.31:448][212]LogAudioMixer: Display: FMixerPlatformXAudio2::SubmitBuffer() called for the first time
[2026.03.14-18.47.31:448][212]LogInit: FAudioDevice initialized.
[2026.03.14-18.47.31:448][212]LogAudio: Display: Audio Device (ID: 42) registered with world 'MainLevel'.
[2026.03.14-18.47.31:474][212]LogSlate: Updating window title bar state: overlay mode, drag disabled, window buttons hidden, title bar hidden
[2026.03.14-18.47.31:474][212]LogLoad: Game class is 'GM_RoadHopper_C'
[2026.03.14-18.47.31:513][212]LogWorld: Bringing World /Game/Levels/UEDPIE_0_MainLevel.MainLevel up for play (max tick rate 0) at 2026.03.14-12.47.31
[2026.03.14-18.47.31:514][212]LogWorld: Bringing up level for play took: 0.038954
[2026.03.14-18.47.31:514][212]LogOnline: OSS: Creating online subsystem instance for: :Context_47
[2026.03.14-18.47.31:515][212]LogGameMode: FindPlayerStart: PATHS NOT DEFINED or NO PLAYERSTART with positive rating
[2026.03.14-18.47.31:523][212]LogBlueprintUserMessages: [GM_RoadHopper_C_0] Hello
[2026.03.14-18.47.31:523][212]PIE: Server logged in
[2026.03.14-18.47.31:524][212]PIE: Play in editor total start time 0.252 seconds.
[2026.03.14-18.47.33:915][466]LogSlate: Updating window title bar state: overlay mode, drag disabled, window buttons hidden, title bar hidden
[2026.03.14-18.47.33:915][466]LogWorld: BeginTearingDown for /Game/Levels/UEDPIE_0_MainLevel
[2026.03.14-18.47.33:917][466]LogSlate: Window 'RoadHopper Preview [NetMode: Standalone]  (64-bit/Windows) ' being destroyed
[2026.03.14-18.47.33:928][466]LogWorld: UWorld::CleanupWorld for MainLevel, bSessionEnded=true, bCleanupResources=true
[2026.03.14-18.47.33:968][466]LogSlate: InvalidateAllWidgets triggered.  All widgets were invalidated
[2026.03.14-18.47.33:992][466]LogPlayLevel: Display: Shutting down PIE online subsystems
[2026.03.14-18.47.33:997][466]LogSlate: InvalidateAllWidgets triggered.  All widgets were invalidated
[2026.03.14-18.47.34:012][466]LogAudioMixer: FMixerPlatformXAudio2::StopAudioStream() called
[2026.03.14-18.47.34:013][466]LogAudioMixer: FMixerPlatformXAudio2::StopAudioStream() called
[2026.03.14-18.47.34:033][466]LogUObjectHash: Compacting FUObjectHashTables data took   1.70ms
[2026.03.14-18.47.34:074][467]LogPlayLevel: Display: Destroying online subsystem :Context_47
[2026.03.14-18.48.06:064][212]LogEditorViewport: Clicking on Actor (LMB): BP_Player_C (BP_Player)
[2026.03.14-18.48.25:768][309]Cmd: TRANSACTION UNDO
[2026.03.14-18.48.25:769][309]LogEditorTransaction: Undo Modify Component(s)
[2026.03.14-18.48.29:273][609]Cmd: SELECT NONE
[2026.03.14-18.49.21:666][601]LogTemp: Repeating last play command: Selected Viewport
[2026.03.14-18.49.21:670][601]BlueprintLog: New page: Pre-Play auto-recompile
[2026.03.14-18.49.21:670][601]LogPlayLevel: [PlayLevel] Compiling BP_Player before play...
[2026.03.14-18.49.21:727][601]LogUObjectHash: Compacting FUObjectHashTables data took   1.92ms
[2026.03.14-18.49.21:732][601]LogPlayLevel: PlayLevel: Blueprint regeneration took 61 ms (1 blueprints)
[2026.03.14-18.49.21:732][601]PIE: New page: PIE session: MainLevel (Mar. 14, 2026, 6:49:21 a.m.)
[2026.03.14-18.49.21:733][601]LogPlayLevel: Creating play world package: /Game/Levels/UEDPIE_0_MainLevel
[2026.03.14-18.49.21:823][601]LogPlayLevel: PIE: StaticDuplicateObject took: (0.090786s)
[2026.03.14-18.49.21:824][601]LogAIModule: Creating AISystem for world MainLevel
[2026.03.14-18.49.21:824][601]LogPlayLevel: PIE: World Init took: (0.001139s)
[2026.03.14-18.49.21:825][601]LogPlayLevel: PIE: Created PIE world by copying editor world from /Game/Levels/MainLevel.MainLevel to /Game/Levels/UEDPIE_0_MainLevel.MainLevel (0.092158s)
[2026.03.14-18.49.21:840][601]LogUObjectHash: Compacting FUObjectHashTables data took   1.64ms
[2026.03.14-18.49.21:840][601]LogAudio: Display: Creating Audio Device:                 Id: 43, Scope: Unique, Realtime: True
[2026.03.14-18.49.21:840][601]LogAudioMixer: Display: Audio Mixer Platform Settings:
[2026.03.14-18.49.21:840][601]LogAudioMixer: Display: 	Sample Rate:						  48000
[2026.03.14-18.49.21:840][601]LogAudioMixer: Display: 	Callback Buffer Frame Size Requested: 1024
[2026.03.14-18.49.21:840][601]LogAudioMixer: Display: 	Callback Buffer Frame Size To Use:	  1024
[2026.03.14-18.49.21:841][601]LogAudioMixer: Display: 	Number of buffers to queue:			  2
[2026.03.14-18.49.21:841][601]LogAudioMixer: Display: 	Max Channels (voices):				  32
[2026.03.14-18.49.21:841][601]LogAudioMixer: Display: 	Number of Async Source Workers:		  0
[2026.03.14-18.49.21:841][601]LogAudio: Display: AudioDevice MaxSources: 32
[2026.03.14-18.49.21:841][601]LogAudio: Display: Audio Spatialization Plugin: None (built-in).
[2026.03.14-18.49.21:841][601]LogAudio: Display: Audio Reverb Plugin: None (built-in).
[2026.03.14-18.49.21:841][601]LogAudio: Display: Audio Occlusion Plugin: None (built-in).
[2026.03.14-18.49.21:841][601]LogAudioMixer: Display: Initializing audio mixer.
[2026.03.14-18.49.21:844][601]LogAudioMixer: Display: 0: FrontLeft
[2026.03.14-18.49.21:844][601]LogAudioMixer: Display: 1: FrontRight
[2026.03.14-18.49.21:848][601]LogAudioMixer: Display: Using Audio Device Speakers (High Definition Audio Device)
[2026.03.14-18.49.21:849][601]LogAudioMixer: Display: Initializing Sound Submixes...
[2026.03.14-18.49.21:849][601]LogAudioMixer: Display: Creating Master Submix 'MasterSubmixDefault'
[2026.03.14-18.49.21:849][601]LogAudioMixer: Display: Creating Master Submix 'MasterReverbSubmixDefault'
[2026.03.14-18.49.21:849][601]LogAudioMixer: Display: Creating Master Submix 'MasterEQSubmixDefault'
[2026.03.14-18.49.21:849][601]LogAudioMixer: FMixerPlatformXAudio2::StartAudioStream() called
[2026.03.14-18.49.21:849][601]LogAudioMixer: Display: Output buffers initialized: Frames=1024, Channels=2, Samples=2048
[2026.03.14-18.49.21:850][601]LogAudioMixer: Display: Starting AudioMixerPlatformInterface::RunInternal()
[2026.03.14-18.49.21:850][601]LogAudioMixer: Display: FMixerPlatformXAudio2::SubmitBuffer() called for the first time
[2026.03.14-18.49.21:850][601]LogInit: FAudioDevice initialized.
[2026.03.14-18.49.21:850][601]LogAudio: Display: Audio Device (ID: 43) registered with world 'MainLevel'.
[2026.03.14-18.49.21:876][601]LogSlate: Updating window title bar state: overlay mode, drag disabled, window buttons hidden, title bar hidden
[2026.03.14-18.49.21:877][601]LogLoad: Game class is 'GM_RoadHopper_C'
[2026.03.14-18.49.21:913][601]LogWorld: Bringing World /Game/Levels/UEDPIE_0_MainLevel.MainLevel up for play (max tick rate 0) at 2026.03.14-12.49.21
[2026.03.14-18.49.21:914][601]LogWorld: Bringing up level for play took: 0.036769
[2026.03.14-18.49.21:914][601]LogOnline: OSS: Creating online subsystem instance for: :Context_48
[2026.03.14-18.49.21:915][601]LogGameMode: FindPlayerStart: PATHS NOT DEFINED or NO PLAYERSTART with positive rating
[2026.03.14-18.49.21:922][601]LogBlueprintUserMessages: [GM_RoadHopper_C_0] Hello
[2026.03.14-18.49.21:923][601]PIE: Server logged in
[2026.03.14-18.49.21:923][601]PIE: Play in editor total start time 0.254 seconds.
[2026.03.14-18.49.31:285][690]LogSlate: Updating window title bar state: overlay mode, drag disabled, window buttons hidden, title bar hidden
[2026.03.14-18.49.31:285][690]LogWorld: BeginTearingDown for /Game/Levels/UEDPIE_0_MainLevel
[2026.03.14-18.49.31:287][690]LogSlate: Window 'RoadHopper Preview [NetMode: Standalone]  (64-bit/Windows) ' being destroyed
[2026.03.14-18.49.31:296][690]LogWorld: UWorld::CleanupWorld for MainLevel, bSessionEnded=true, bCleanupResources=true
[2026.03.14-18.49.31:335][690]LogSlate: InvalidateAllWidgets triggered.  All widgets were invalidated
[2026.03.14-18.49.31:359][690]LogPlayLevel: Display: Shutting down PIE online subsystems
[2026.03.14-18.49.31:364][690]LogSlate: InvalidateAllWidgets triggered.  All widgets were invalidated
[2026.03.14-18.49.31:386][690]LogAudioMixer: FMixerPlatformXAudio2::StopAudioStream() called
[2026.03.14-18.49.31:387][690]LogAudioMixer: FMixerPlatformXAudio2::StopAudioStream() called
[2026.03.14-18.49.31:401][690]LogUObjectHash: Compacting FUObjectHashTables data took   1.67ms
[2026.03.14-18.49.31:436][691]LogPlayLevel: Display: Destroying online subsystem :Context_48
[2026.03.14-18.49.55:125][396]LogEditorTransaction: Undo Paste clipboard contents
[2026.03.14-18.51.58:335][352]BlueprintLog: New page: Compile BP_Player
[2026.03.14-18.51.58:373][352]LogUObjectHash: Compacting FUObjectHashTables data took   2.39ms
[2026.03.14-18.51.59:012][417]LogTemp: Repeating last play command: Selected Viewport
[2026.03.14-18.51.59:018][417]LogPlayLevel: PlayLevel: No blueprints needed recompiling
[2026.03.14-18.51.59:018][417]PIE: New page: PIE session: MainLevel (Mar. 14, 2026, 6:51:59 a.m.)
[2026.03.14-18.51.59:018][417]LogPlayLevel: Creating play world package: /Game/Levels/UEDPIE_0_MainLevel
[2026.03.14-18.51.59:107][417]LogPlayLevel: PIE: StaticDuplicateObject took: (0.090359s)
[2026.03.14-18.51.59:109][417]LogAIModule: Creating AISystem for world MainLevel
[2026.03.14-18.51.59:109][417]LogPlayLevel: PIE: World Init took: (0.001208s)
[2026.03.14-18.51.59:109][417]LogPlayLevel: PIE: Created PIE world by copying editor world from /Game/Levels/MainLevel.MainLevel to /Game/Levels/UEDPIE_0_MainLevel.MainLevel (0.091754s)
[2026.03.14-18.51.59:126][417]LogUObjectHash: Compacting FUObjectHashTables data took   2.15ms
[2026.03.14-18.51.59:126][417]LogAudio: Display: Creating Audio Device:                 Id: 44, Scope: Unique, Realtime: True
[2026.03.14-18.51.59:127][417]LogAudioMixer: Display: Audio Mixer Platform Settings:
[2026.03.14-18.51.59:127][417]LogAudioMixer: Display: 	Sample Rate:						  48000
[2026.03.14-18.51.59:127][417]LogAudioMixer: Display: 	Callback Buffer Frame Size Requested: 1024
[2026.03.14-18.51.59:127][417]LogAudioMixer: Display: 	Callback Buffer Frame Size To Use:	  1024
[2026.03.14-18.51.59:127][417]LogAudioMixer: Display: 	Number of buffers to queue:			  2
[2026.03.14-18.51.59:127][417]LogAudioMixer: Display: 	Max Channels (voices):				  32
[2026.03.14-18.51.59:127][417]LogAudioMixer: Display: 	Number of Async Source Workers:		  0
[2026.03.14-18.51.59:127][417]LogAudio: Display: AudioDevice MaxSources: 32
[2026.03.14-18.51.59:127][417]LogAudio: Display: Audio Spatialization Plugin: None (built-in).
[2026.03.14-18.51.59:127][417]LogAudio: Display: Audio Reverb Plugin: None (built-in).
[2026.03.14-18.51.59:127][417]LogAudio: Display: Audio Occlusion Plugin: None (built-in).
[2026.03.14-18.51.59:127][417]LogAudioMixer: Display: Initializing audio mixer.
[2026.03.14-18.51.59:129][417]LogAudioMixer: Display: 0: FrontLeft
[2026.03.14-18.51.59:129][417]LogAudioMixer: Display: 1: FrontRight
[2026.03.14-18.51.59:136][417]LogAudioMixer: Display: Using Audio Device Speakers (High Definition Audio Device)
[2026.03.14-18.51.59:136][417]LogAudioMixer: Display: Initializing Sound Submixes...
[2026.03.14-18.51.59:136][417]LogAudioMixer: Display: Creating Master Submix 'MasterSubmixDefault'
[2026.03.14-18.51.59:136][417]LogAudioMixer: Display: Creating Master Submix 'MasterReverbSubmixDefault'
[2026.03.14-18.51.59:136][417]LogAudioMixer: Display: Creating Master Submix 'MasterEQSubmixDefault'
[2026.03.14-18.51.59:136][417]LogAudioMixer: FMixerPlatformXAudio2::StartAudioStream() called
[2026.03.14-18.51.59:136][417]LogAudioMixer: Display: Output buffers initialized: Frames=1024, Channels=2, Samples=2048
[2026.03.14-18.51.59:138][417]LogAudioMixer: Display: Starting AudioMixerPlatformInterface::RunInternal()
[2026.03.14-18.51.59:138][417]LogAudioMixer: Display: FMixerPlatformXAudio2::SubmitBuffer() called for the first time
[2026.03.14-18.51.59:138][417]LogInit: FAudioDevice initialized.
[2026.03.14-18.51.59:138][417]LogAudio: Display: Audio Device (ID: 44) registered with world 'MainLevel'.
[2026.03.14-18.51.59:162][417]LogSlate: Updating window title bar state: overlay mode, drag disabled, window buttons hidden, title bar hidden
[2026.03.14-18.51.59:162][417]LogLoad: Game class is 'GM_RoadHopper_C'
[2026.03.14-18.51.59:201][417]LogWorld: Bringing World /Game/Levels/UEDPIE_0_MainLevel.MainLevel up for play (max tick rate 0) at 2026.03.14-12.51.59
[2026.03.14-18.51.59:202][417]LogWorld: Bringing up level for play took: 0.038684
[2026.03.14-18.51.59:202][417]LogOnline: OSS: Creating online subsystem instance for: :Context_49
[2026.03.14-18.51.59:203][417]LogGameMode: FindPlayerStart: PATHS NOT DEFINED or NO PLAYERSTART with positive rating
[2026.03.14-18.51.59:210][417]LogBlueprintUserMessages: [GM_RoadHopper_C_0] Hello
[2026.03.14-18.51.59:212][417]PIE: Server logged in
[2026.03.14-18.51.59:213][417]PIE: Play in editor total start time 0.197 seconds.
[2026.03.14-18.52.06:352][197]LogSlate: Updating window title bar state: overlay mode, drag disabled, window buttons hidden, title bar hidden
[2026.03.14-18.52.06:352][197]LogWorld: BeginTearingDown for /Game/Levels/UEDPIE_0_MainLevel
[2026.03.14-18.52.06:353][197]LogSlate: Window 'RoadHopper Preview [NetMode: Standalone]  (64-bit/Windows) ' being destroyed
[2026.03.14-18.52.06:364][197]LogWorld: UWorld::CleanupWorld for MainLevel, bSessionEnded=true, bCleanupResources=true
[2026.03.14-18.52.06:403][197]LogSlate: InvalidateAllWidgets triggered.  All widgets were invalidated
[2026.03.14-18.52.06:424][197]LogPlayLevel: Display: Shutting down PIE online subsystems
[2026.03.14-18.52.06:428][197]LogSlate: InvalidateAllWidgets triggered.  All widgets were invalidated
[2026.03.14-18.52.06:444][197]LogAudio: Display: Audio Device unregistered from world 'None'.
[2026.03.14-18.52.06:445][197]LogAudioMixer: FMixerPlatformXAudio2::StopAudioStream() called
[2026.03.14-18.52.06:446][197]LogAudioMixer: FMixerPlatformXAudio2::StopAudioStream() called
[2026.03.14-18.52.06:460][197]LogUObjectHash: Compacting FUObjectHashTables data took   2.20ms
[2026.03.14-18.52.06:499][198]LogPlayLevel: Display: Destroying online subsystem :Context_49
[2026.03.14-18.52.32:547][192]BlueprintLog: New page: Compile BP_Player
[2026.03.14-18.52.32:585][192]LogUObjectHash: Compacting FUObjectHashTables data took   2.10ms
[2026.03.14-18.52.33:090][242]LogTemp: Repeating last play command: Selected Viewport
[2026.03.14-18.52.33:095][242]LogPlayLevel: PlayLevel: No blueprints needed recompiling
[2026.03.14-18.52.33:095][242]PIE: New page: PIE session: MainLevel (Mar. 14, 2026, 6:52:33 a.m.)
[2026.03.14-18.52.33:095][242]LogPlayLevel: Creating play world package: /Game/Levels/UEDPIE_0_MainLevel
[2026.03.14-18.52.33:183][242]LogPlayLevel: PIE: StaticDuplicateObject took: (0.088316s)
[2026.03.14-18.52.33:184][242]LogAIModule: Creating AISystem for world MainLevel
[2026.03.14-18.52.33:184][242]LogPlayLevel: PIE: World Init took: (0.001029s)
[2026.03.14-18.52.33:184][242]LogPlayLevel: PIE: Created PIE world by copying editor world from /Game/Levels/MainLevel.MainLevel to /Game/Levels/UEDPIE_0_MainLevel.MainLevel (0.089523s)
[2026.03.14-18.52.33:200][242]LogUObjectHash: Compacting FUObjectHashTables data took   2.12ms
[2026.03.14-18.52.33:201][242]LogAudio: Display: Creating Audio Device:                 Id: 45, Scope: Unique, Realtime: True
[2026.03.14-18.52.33:201][242]LogAudioMixer: Display: Audio Mixer Platform Settings:
[2026.03.14-18.52.33:201][242]LogAudioMixer: Display: 	Sample Rate:						  48000
[2026.03.14-18.52.33:201][242]LogAudioMixer: Display: 	Callback Buffer Frame Size Requested: 1024
[2026.03.14-18.52.33:201][242]LogAudioMixer: Display: 	Callback Buffer Frame Size To Use:	  1024
[2026.03.14-18.52.33:201][242]LogAudioMixer: Display: 	Number of buffers to queue:			  2
[2026.03.14-18.52.33:201][242]LogAudioMixer: Display: 	Max Channels (voices):				  32
[2026.03.14-18.52.33:201][242]LogAudioMixer: Display: 	Number of Async Source Workers:		  0
[2026.03.14-18.52.33:201][242]LogAudio: Display: AudioDevice MaxSources: 32
[2026.03.14-18.52.33:201][242]LogAudio: Display: Audio Spatialization Plugin: None (built-in).
[2026.03.14-18.52.33:201][242]LogAudio: Display: Audio Reverb Plugin: None (built-in).
[2026.03.14-18.52.33:201][242]LogAudio: Display: Audio Occlusion Plugin: None (built-in).
[2026.03.14-18.52.33:201][242]LogAudioMixer: Display: Initializing audio mixer.
[2026.03.14-18.52.33:204][242]LogAudioMixer: Display: 0: FrontLeft
[2026.03.14-18.52.33:204][242]LogAudioMixer: Display: 1: FrontRight
[2026.03.14-18.52.33:209][242]LogAudioMixer: Display: Using Audio Device Speakers (High Definition Audio Device)
[2026.03.14-18.52.33:209][242]LogAudioMixer: Display: Initializing Sound Submixes...
[2026.03.14-18.52.33:209][242]LogAudioMixer: Display: Creating Master Submix 'MasterSubmixDefault'
[2026.03.14-18.52.33:209][242]LogAudioMixer: Display: Creating Master Submix 'MasterReverbSubmixDefault'
[2026.03.14-18.52.33:209][242]LogAudioMixer: Display: Creating Master Submix 'MasterEQSubmixDefault'
[2026.03.14-18.52.33:209][242]LogAudioMixer: FMixerPlatformXAudio2::StartAudioStream() called
[2026.03.14-18.52.33:209][242]LogAudioMixer: Display: Output buffers initialized: Frames=1024, Channels=2, Samples=2048
[2026.03.14-18.52.33:210][242]LogAudioMixer: Display: Starting AudioMixerPlatformInterface::RunInternal()
[2026.03.14-18.52.33:210][242]LogAudioMixer: Display: FMixerPlatformXAudio2::SubmitBuffer() called for the first time
[2026.03.14-18.52.33:210][242]LogInit: FAudioDevice initialized.
[2026.03.14-18.52.33:210][242]LogAudio: Display: Audio Device (ID: 45) registered with world 'MainLevel'.
[2026.03.14-18.52.33:234][242]LogSlate: Updating window title bar state: overlay mode, drag disabled, window buttons hidden, title bar hidden
[2026.03.14-18.52.33:235][242]LogLoad: Game class is 'GM_RoadHopper_C'
[2026.03.14-18.52.33:271][242]LogWorld: Bringing World /Game/Levels/UEDPIE_0_MainLevel.MainLevel up for play (max tick rate 0) at 2026.03.14-12.52.33
[2026.03.14-18.52.33:272][242]LogWorld: Bringing up level for play took: 0.036427
[2026.03.14-18.52.33:272][242]LogOnline: OSS: Creating online subsystem instance for: :Context_50
[2026.03.14-18.52.33:273][242]LogGameMode: FindPlayerStart: PATHS NOT DEFINED or NO PLAYERSTART with positive rating
[2026.03.14-18.52.33:280][242]LogBlueprintUserMessages: [GM_RoadHopper_C_0] Hello
[2026.03.14-18.52.33:282][242]PIE: Server logged in
[2026.03.14-18.52.33:283][242]PIE: Play in editor total start time 0.189 seconds.
[2026.03.14-18.52.53:740][671]LogSlate: Updating window title bar state: overlay mode, drag disabled, window buttons hidden, title bar hidden
[2026.03.14-18.52.53:740][671]LogWorld: BeginTearingDown for /Game/Levels/UEDPIE_0_MainLevel
[2026.03.14-18.52.53:742][671]LogSlate: Window 'RoadHopper Preview [NetMode: Standalone]  (64-bit/Windows) ' being destroyed
[2026.03.14-18.52.53:752][671]LogWorld: UWorld::CleanupWorld for MainLevel, bSessionEnded=true, bCleanupResources=true
[2026.03.14-18.52.53:796][671]LogSlate: InvalidateAllWidgets triggered.  All widgets were invalidated
[2026.03.14-18.52.53:817][671]LogPlayLevel: Display: Shutting down PIE online subsystems
[2026.03.14-18.52.53:823][671]LogSlate: InvalidateAllWidgets triggered.  All widgets were invalidated
[2026.03.14-18.52.53:844][671]LogAudioMixer: FMixerPlatformXAudio2::StopAudioStream() called
[2026.03.14-18.52.53:845][671]LogAudioMixer: FMixerPlatformXAudio2::StopAudioStream() called
[2026.03.14-18.52.53:858][671]LogUObjectHash: Compacting FUObjectHashTables data took   2.02ms
[2026.03.14-18.52.53:895][672]LogPlayLevel: Display: Destroying online subsystem :Context_50
[2026.03.14-18.53.40:752][195]LogUObjectHash: Compacting FUObjectHashTables data took   1.61ms
[2026.03.14-18.53.41:127][195]LogSavePackage: Moving 'C:/Users/titan/Desktop/Titan_RoadHopper/RoadHopper4.27/Saved/MainLevel_Auto8B6A8B9E8455B7A895F4B31936D79B5FE.tmp' to 'C:/Users/titan/Desktop/Titan_RoadHopper/RoadHopper4.27/Saved/Autosaves/Game/Levels/MainLevel_Auto8.umap'
[2026.03.14-18.53.41:130][195]LogFileHelpers: Editor autosave (incl. external actors) for '/Game/Levels/MainLevel' took 0.393
[2026.03.14-18.53.41:130][195]LogFileHelpers: Editor autosave (incl. sublevels & external actors) for all levels took 0.393
[2026.03.14-18.53.41:130][195]OBJ SavePackage: Generating thumbnails for [2] asset(s) in package [/Game/Blueprints/BP_Player] ([2] browsable assets)...
[2026.03.14-18.53.41:150][195]OBJ SavePackage:     Rendered thumbnail for [Blueprint /Game/Blueprints/BP_Player.BP_Player]
[2026.03.14-18.53.41:151][195]OBJ SavePackage: Finished generating thumbnails for package [/Game/Blueprints/BP_Player]
[2026.03.14-18.53.41:151][195]Cmd: OBJ SAVEPACKAGE PACKAGE="/Game/Blueprints/BP_Player" FILE="C:/Users/titan/Desktop/Titan_RoadHopper/RoadHopper4.27/Saved/Autosaves/Game/Blueprints/BP_Player_Auto8.uasset" SILENT=false AUTOSAVING=true
[2026.03.14-18.53.41:174][195]LogSavePackage: Moving 'C:/Users/titan/Desktop/Titan_RoadHopper/RoadHopper4.27/Saved/BP_Player_Auto8D7B673CE400A0FFC202F32A35A6A3362.tmp' to 'C:/Users/titan/Desktop/Titan_RoadHopper/RoadHopper4.27/Saved/Autosaves/Game/Blueprints/BP_Player_Auto8.uasset'
[2026.03.14-18.53.41:175][195]LogFileHelpers: Auto-saving content packages took 0.045
[2026.03.14-19.24.47:640][198]LogUObjectHash: Compacting FUObjectHashTables data took   2.74ms
[2026.03.14-19.24.48:029][198]LogSavePackage: Moving 'C:/Users/titan/Desktop/Titan_RoadHopper/RoadHopper4.27/Saved/MainLevel_Auto9E369B90C4AD83F2264584F8451BF22BB.tmp' to 'C:/Users/titan/Desktop/Titan_RoadHopper/RoadHopper4.27/Saved/Autosaves/Game/Levels/MainLevel_Auto9.umap'
[2026.03.14-19.24.48:033][198]LogFileHelpers: Editor autosave (incl. external actors) for '/Game/Levels/MainLevel' took 0.414
[2026.03.14-19.24.48:033][198]LogFileHelpers: Editor autosave (incl. sublevels & external actors) for all levels took 0.414
[2026.03.14-19.24.48:033][198]OBJ SavePackage: Generating thumbnails for [2] asset(s) in package [/Game/Blueprints/BP_Player] ([2] browsable assets)...
[2026.03.14-19.24.48:043][198]OBJ SavePackage:     Rendered thumbnail for [Blueprint /Game/Blueprints/BP_Player.BP_Player]
[2026.03.14-19.24.48:043][198]OBJ SavePackage: Finished generating thumbnails for package [/Game/Blueprints/BP_Player]
[2026.03.14-19.24.48:043][198]Cmd: OBJ SAVEPACKAGE PACKAGE="/Game/Blueprints/BP_Player" FILE="C:/Users/titan/Desktop/Titan_RoadHopper/RoadHopper4.27/Saved/Autosaves/Game/Blueprints/BP_Player_Auto9.uasset" SILENT=false AUTOSAVING=true
[2026.03.14-19.24.48:067][198]LogSavePackage: Moving 'C:/Users/titan/Desktop/Titan_RoadHopper/RoadHopper4.27/Saved/BP_Player_Auto9A10B9533460822F3034E24BF6B9D2AA7.tmp' to 'C:/Users/titan/Desktop/Titan_RoadHopper/RoadHopper4.27/Saved/Autosaves/Game/Blueprints/BP_Player_Auto9.uasset'
[2026.03.14-19.24.48:068][198]LogFileHelpers: Auto-saving content packages took 0.035
[2026.03.14-19.27.05:304][ 90]LogEditorTransaction: Undo Move Node
[2026.03.14-19.28.03:563][150]LogEditorTransaction: Undo Move Node
[2026.03.14-19.28.42:324][207]LogTemp: Repeating last play command: Selected Viewport
[2026.03.14-19.28.42:329][207]BlueprintLog: New page: Pre-Play auto-recompile
[2026.03.14-19.28.42:329][207]LogPlayLevel: [PlayLevel] Compiling BP_Player before play...
[2026.03.14-19.28.42:389][207]LogUObjectHash: Compacting FUObjectHashTables data took   2.19ms
[2026.03.14-19.28.42:390][207]LogPlayLevel: PlayLevel: Blueprint regeneration took 61 ms (1 blueprints)
[2026.03.14-19.28.42:390][207]PIE: New page: PIE session: MainLevel (Mar. 14, 2026, 7:28:42 a.m.)
[2026.03.14-19.28.42:390][207]LogPlayLevel: Creating play world package: /Game/Levels/UEDPIE_0_MainLevel
[2026.03.14-19.28.42:478][207]LogPlayLevel: PIE: StaticDuplicateObject took: (0.087735s)
[2026.03.14-19.28.42:479][207]LogAIModule: Creating AISystem for world MainLevel
[2026.03.14-19.28.42:480][207]LogPlayLevel: PIE: World Init took: (0.001326s)
[2026.03.14-19.28.42:480][207]LogPlayLevel: PIE: Created PIE world by copying editor world from /Game/Levels/MainLevel.MainLevel to /Game/Levels/UEDPIE_0_MainLevel.MainLevel (0.089272s)
[2026.03.14-19.28.42:496][207]LogUObjectHash: Compacting FUObjectHashTables data took   1.86ms
[2026.03.14-19.28.42:496][207]LogAudio: Display: Creating Audio Device:                 Id: 46, Scope: Unique, Realtime: True
[2026.03.14-19.28.42:496][207]LogAudioMixer: Display: Audio Mixer Platform Settings:
[2026.03.14-19.28.42:496][207]LogAudioMixer: Display: 	Sample Rate:						  48000
[2026.03.14-19.28.42:496][207]LogAudioMixer: Display: 	Callback Buffer Frame Size Requested: 1024
[2026.03.14-19.28.42:496][207]LogAudioMixer: Display: 	Callback Buffer Frame Size To Use:	  1024
[2026.03.14-19.28.42:496][207]LogAudioMixer: Display: 	Number of buffers to queue:			  2
[2026.03.14-19.28.42:496][207]LogAudioMixer: Display: 	Max Channels (voices):				  32
[2026.03.14-19.28.42:496][207]LogAudioMixer: Display: 	Number of Async Source Workers:		  0
[2026.03.14-19.28.42:496][207]LogAudio: Display: AudioDevice MaxSources: 32
[2026.03.14-19.28.42:497][207]LogAudio: Display: Audio Spatialization Plugin: None (built-in).
[2026.03.14-19.28.42:497][207]LogAudio: Display: Audio Reverb Plugin: None (built-in).
[2026.03.14-19.28.42:497][207]LogAudio: Display: Audio Occlusion Plugin: None (built-in).
[2026.03.14-19.28.42:497][207]LogAudioMixer: Display: Initializing audio mixer.
[2026.03.14-19.28.42:500][207]LogAudioMixer: Display: 0: FrontLeft
[2026.03.14-19.28.42:500][207]LogAudioMixer: Display: 1: FrontRight
[2026.03.14-19.28.42:505][207]LogAudioMixer: Display: Using Audio Device Speakers (High Definition Audio Device)
[2026.03.14-19.28.42:505][207]LogAudioMixer: Display: Initializing Sound Submixes...
[2026.03.14-19.28.42:505][207]LogAudioMixer: Display: Creating Master Submix 'MasterSubmixDefault'
[2026.03.14-19.28.42:505][207]LogAudioMixer: Display: Creating Master Submix 'MasterReverbSubmixDefault'
[2026.03.14-19.28.42:506][207]LogAudioMixer: Display: Creating Master Submix 'MasterEQSubmixDefault'
[2026.03.14-19.28.42:506][207]LogAudioMixer: FMixerPlatformXAudio2::StartAudioStream() called
[2026.03.14-19.28.42:506][207]LogAudioMixer: Display: Output buffers initialized: Frames=1024, Channels=2, Samples=2048
[2026.03.14-19.28.42:507][207]LogAudioMixer: Display: Starting AudioMixerPlatformInterface::RunInternal()
[2026.03.14-19.28.42:507][207]LogAudioMixer: Display: FMixerPlatformXAudio2::SubmitBuffer() called for the first time
[2026.03.14-19.28.42:507][207]LogInit: FAudioDevice initialized.
[2026.03.14-19.28.42:507][207]LogAudio: Display: Audio Device (ID: 46) registered with world 'MainLevel'.
[2026.03.14-19.28.42:529][207]LogSlate: Updating window title bar state: overlay mode, drag disabled, window buttons hidden, title bar hidden
[2026.03.14-19.28.42:530][207]LogLoad: Game class is 'GM_RoadHopper_C'
[2026.03.14-19.28.42:567][207]LogWorld: Bringing World /Game/Levels/UEDPIE_0_MainLevel.MainLevel up for play (max tick rate 0) at 2026.03.14-13.28.42
[2026.03.14-19.28.42:568][207]LogWorld: Bringing up level for play took: 0.037461
[2026.03.14-19.28.42:569][207]LogOnline: OSS: Creating online subsystem instance for: :Context_51
[2026.03.14-19.28.42:570][207]LogGameMode: FindPlayerStart: PATHS NOT DEFINED or NO PLAYERSTART with positive rating
[2026.03.14-19.28.42:577][207]LogBlueprintUserMessages: [GM_RoadHopper_C_0] Hello
[2026.03.14-19.28.42:578][207]PIE: Server logged in
[2026.03.14-19.28.42:578][207]PIE: Play in editor total start time 0.25 seconds.
[2026.03.14-19.29.27:507][520]LogSlate: Updating window title bar state: overlay mode, drag disabled, window buttons hidden, title bar hidden
[2026.03.14-19.29.27:507][520]LogWorld: BeginTearingDown for /Game/Levels/UEDPIE_0_MainLevel
[2026.03.14-19.29.27:508][520]LogSlate: Window 'RoadHopper Preview [NetMode: Standalone]  (64-bit/Windows) ' being destroyed
[2026.03.14-19.29.27:513][520]LogWorld: UWorld::CleanupWorld for MainLevel, bSessionEnded=true, bCleanupResources=true
[2026.03.14-19.29.27:553][520]LogSlate: InvalidateAllWidgets triggered.  All widgets were invalidated
[2026.03.14-19.29.27:575][520]LogPlayLevel: Display: Shutting down PIE online subsystems
[2026.03.14-19.29.27:580][520]LogSlate: InvalidateAllWidgets triggered.  All widgets were invalidated
[2026.03.14-19.29.27:597][520]LogAudioMixer: FMixerPlatformXAudio2::StopAudioStream() called
[2026.03.14-19.29.27:597][520]LogAudioMixer: FMixerPlatformXAudio2::StopAudioStream() called
[2026.03.14-19.29.27:612][520]LogUObjectHash: Compacting FUObjectHashTables data took   1.81ms
[2026.03.14-19.29.27:656][521]LogPlayLevel: Display: Destroying online subsystem :Context_51
[2026.03.14-19.29.29:608][582]LogTemp: Repeating last play command: Selected Viewport
[2026.03.14-19.29.29:613][582]LogPlayLevel: PlayLevel: No blueprints needed recompiling
[2026.03.14-19.29.29:613][582]PIE: New page: PIE session: MainLevel (Mar. 14, 2026, 7:29:29 a.m.)
[2026.03.14-19.29.29:613][582]LogPlayLevel: Creating play world package: /Game/Levels/UEDPIE_0_MainLevel
[2026.03.14-19.29.29:703][582]LogPlayLevel: PIE: StaticDuplicateObject took: (0.090405s)
[2026.03.14-19.29.29:704][582]LogAIModule: Creating AISystem for world MainLevel
[2026.03.14-19.29.29:704][582]LogPlayLevel: PIE: World Init took: (0.001119s)
[2026.03.14-19.29.29:705][582]LogPlayLevel: PIE: Created PIE world by copying editor world from /Game/Levels/MainLevel.MainLevel to /Game/Levels/UEDPIE_0_MainLevel.MainLevel (0.091739s)
[2026.03.14-19.29.29:722][582]LogUObjectHash: Compacting FUObjectHashTables data took   1.63ms
[2026.03.14-19.29.29:722][582]LogAudio: Display: Creating Audio Device:                 Id: 47, Scope: Unique, Realtime: True
[2026.03.14-19.29.29:722][582]LogAudioMixer: Display: Audio Mixer Platform Settings:
[2026.03.14-19.29.29:722][582]LogAudioMixer: Display: 	Sample Rate:						  48000
[2026.03.14-19.29.29:722][582]LogAudioMixer: Display: 	Callback Buffer Frame Size Requested: 1024
[2026.03.14-19.29.29:722][582]LogAudioMixer: Display: 	Callback Buffer Frame Size To Use:	  1024
[2026.03.14-19.29.29:722][582]LogAudioMixer: Display: 	Number of buffers to queue:			  2
[2026.03.14-19.29.29:722][582]LogAudioMixer: Display: 	Max Channels (voices):				  32
[2026.03.14-19.29.29:722][582]LogAudioMixer: Display: 	Number of Async Source Workers:		  0
[2026.03.14-19.29.29:722][582]LogAudio: Display: AudioDevice MaxSources: 32
[2026.03.14-19.29.29:722][582]LogAudio: Display: Audio Spatialization Plugin: None (built-in).
[2026.03.14-19.29.29:722][582]LogAudio: Display: Audio Reverb Plugin: None (built-in).
[2026.03.14-19.29.29:722][582]LogAudio: Display: Audio Occlusion Plugin: None (built-in).
[2026.03.14-19.29.29:722][582]LogAudioMixer: Display: Initializing audio mixer.
[2026.03.14-19.29.29:725][582]LogAudioMixer: Display: 0: FrontLeft
[2026.03.14-19.29.29:725][582]LogAudioMixer: Display: 1: FrontRight
[2026.03.14-19.29.29:729][582]LogAudioMixer: Display: Using Audio Device Speakers (High Definition Audio Device)
[2026.03.14-19.29.29:729][582]LogAudioMixer: Display: Initializing Sound Submixes...
[2026.03.14-19.29.29:729][582]LogAudioMixer: Display: Creating Master Submix 'MasterSubmixDefault'
[2026.03.14-19.29.29:729][582]LogAudioMixer: Display: Creating Master Submix 'MasterReverbSubmixDefault'
[2026.03.14-19.29.29:730][582]LogAudioMixer: Display: Creating Master Submix 'MasterEQSubmixDefault'
[2026.03.14-19.29.29:730][582]LogAudioMixer: FMixerPlatformXAudio2::StartAudioStream() called
[2026.03.14-19.29.29:730][582]LogAudioMixer: Display: Output buffers initialized: Frames=1024, Channels=2, Samples=2048
[2026.03.14-19.29.29:732][582]LogAudioMixer: Display: Starting AudioMixerPlatformInterface::RunInternal()
[2026.03.14-19.29.29:732][582]LogAudioMixer: Display: FMixerPlatformXAudio2::SubmitBuffer() called for the first time
[2026.03.14-19.29.29:732][582]LogInit: FAudioDevice initialized.
[2026.03.14-19.29.29:732][582]LogAudio: Display: Audio Device (ID: 47) registered with world 'MainLevel'.
[2026.03.14-19.29.29:758][582]LogSlate: Updating window title bar state: overlay mode, drag disabled, window buttons hidden, title bar hidden
[2026.03.14-19.29.29:759][582]LogLoad: Game class is 'GM_RoadHopper_C'
[2026.03.14-19.29.29:794][582]LogWorld: Bringing World /Game/Levels/UEDPIE_0_MainLevel.MainLevel up for play (max tick rate 0) at 2026.03.14-13.29.29
[2026.03.14-19.29.29:795][582]LogWorld: Bringing up level for play took: 0.035677
[2026.03.14-19.29.29:795][582]LogOnline: OSS: Creating online subsystem instance for: :Context_52
[2026.03.14-19.29.29:796][582]LogGameMode: FindPlayerStart: PATHS NOT DEFINED or NO PLAYERSTART with positive rating
[2026.03.14-19.29.29:803][582]LogBlueprintUserMessages: [GM_RoadHopper_C_0] Hello
[2026.03.14-19.29.29:805][582]PIE: Server logged in
[2026.03.14-19.29.29:806][582]PIE: Play in editor total start time 0.194 seconds.
[2026.03.14-19.29.44:742][926]LogSlate: Window 'RoadHopper Preview [NetMode: Standalone]  (64-bit/Windows) ' being destroyed
[2026.03.14-19.29.44:765][926]LogWorld: BeginTearingDown for /Game/Levels/UEDPIE_0_MainLevel
[2026.03.14-19.29.44:807][926]LogWorld: UWorld::CleanupWorld for MainLevel, bSessionEnded=true, bCleanupResources=true
[2026.03.14-19.29.44:847][926]LogSlate: InvalidateAllWidgets triggered.  All widgets were invalidated
[2026.03.14-19.29.44:872][926]LogPlayLevel: Display: Shutting down PIE online subsystems
[2026.03.14-19.29.44:878][926]LogSlate: InvalidateAllWidgets triggered.  All widgets were invalidated
[2026.03.14-19.29.44:899][926]LogAudioMixer: FMixerPlatformXAudio2::StopAudioStream() called
[2026.03.14-19.29.44:900][926]LogAudioMixer: FMixerPlatformXAudio2::StopAudioStream() called
[2026.03.14-19.29.44:910][926]LogUObjectHash: Compacting FUObjectHashTables data took   1.81ms
[2026.03.14-19.29.44:948][927]LogPlayLevel: Display: Destroying online subsystem :Context_52
[2026.03.14-19.30.03:049][932]LogTemp: Repeating last play command: Selected Viewport
[2026.03.14-19.30.03:054][932]BlueprintLog: New page: Pre-Play auto-recompile
[2026.03.14-19.30.03:054][932]LogPlayLevel: [PlayLevel] Compiling BP_Player before play...
[2026.03.14-19.30.03:116][932]LogUObjectHash: Compacting FUObjectHashTables data took   2.00ms
[2026.03.14-19.30.03:117][932]LogPlayLevel: PlayLevel: Blueprint regeneration took 63 ms (1 blueprints)
[2026.03.14-19.30.03:117][932]PIE: New page: PIE session: MainLevel (Mar. 14, 2026, 7:30:03 a.m.)
[2026.03.14-19.30.03:118][932]LogPlayLevel: Creating play world package: /Game/Levels/UEDPIE_0_MainLevel
[2026.03.14-19.30.03:206][932]LogPlayLevel: PIE: StaticDuplicateObject took: (0.089051s)
[2026.03.14-19.30.03:207][932]LogAIModule: Creating AISystem for world MainLevel
[2026.03.14-19.30.03:208][932]LogPlayLevel: PIE: World Init took: (0.001183s)
[2026.03.14-19.30.03:208][932]LogPlayLevel: PIE: Created PIE world by copying editor world from /Game/Levels/MainLevel.MainLevel to /Game/Levels/UEDPIE_0_MainLevel.MainLevel (0.090435s)
[2026.03.14-19.30.03:224][932]LogUObjectHash: Compacting FUObjectHashTables data took   1.58ms
[2026.03.14-19.30.03:224][932]LogAudio: Display: Creating Audio Device:                 Id: 48, Scope: Unique, Realtime: True
[2026.03.14-19.30.03:224][932]LogAudioMixer: Display: Audio Mixer Platform Settings:
[2026.03.14-19.30.03:224][932]LogAudioMixer: Display: 	Sample Rate:						  48000
[2026.03.14-19.30.03:224][932]LogAudioMixer: Display: 	Callback Buffer Frame Size Requested: 1024
[2026.03.14-19.30.03:224][932]LogAudioMixer: Display: 	Callback Buffer Frame Size To Use:	  1024
[2026.03.14-19.30.03:224][932]LogAudioMixer: Display: 	Number of buffers to queue:			  2
[2026.03.14-19.30.03:224][932]LogAudioMixer: Display: 	Max Channels (voices):				  32
[2026.03.14-19.30.03:224][932]LogAudioMixer: Display: 	Number of Async Source Workers:		  0
[2026.03.14-19.30.03:224][932]LogAudio: Display: AudioDevice MaxSources: 32
[2026.03.14-19.30.03:224][932]LogAudio: Display: Audio Spatialization Plugin: None (built-in).
[2026.03.14-19.30.03:224][932]LogAudio: Display: Audio Reverb Plugin: None (built-in).
[2026.03.14-19.30.03:224][932]LogAudio: Display: Audio Occlusion Plugin: None (built-in).
[2026.03.14-19.30.03:224][932]LogAudioMixer: Display: Initializing audio mixer.
[2026.03.14-19.30.03:227][932]LogAudioMixer: Display: 0: FrontLeft
[2026.03.14-19.30.03:227][932]LogAudioMixer: Display: 1: FrontRight
[2026.03.14-19.30.03:232][932]LogAudioMixer: Display: Using Audio Device Speakers (High Definition Audio Device)
[2026.03.14-19.30.03:232][932]LogAudioMixer: Display: Initializing Sound Submixes...
[2026.03.14-19.30.03:232][932]LogAudioMixer: Display: Creating Master Submix 'MasterSubmixDefault'
[2026.03.14-19.30.03:232][932]LogAudioMixer: Display: Creating Master Submix 'MasterReverbSubmixDefault'
[2026.03.14-19.30.03:232][932]LogAudioMixer: Display: Creating Master Submix 'MasterEQSubmixDefault'
[2026.03.14-19.30.03:232][932]LogAudioMixer: FMixerPlatformXAudio2::StartAudioStream() called
[2026.03.14-19.30.03:232][932]LogAudioMixer: Display: Output buffers initialized: Frames=1024, Channels=2, Samples=2048
[2026.03.14-19.30.03:233][932]LogAudioMixer: Display: Starting AudioMixerPlatformInterface::RunInternal()
[2026.03.14-19.30.03:233][932]LogAudioMixer: Display: FMixerPlatformXAudio2::SubmitBuffer() called for the first time
[2026.03.14-19.30.03:233][932]LogInit: FAudioDevice initialized.
[2026.03.14-19.30.03:233][932]LogAudio: Display: Audio Device (ID: 48) registered with world 'MainLevel'.
[2026.03.14-19.30.03:255][932]LogSlate: Updating window title bar state: overlay mode, drag disabled, window buttons hidden, title bar hidden
[2026.03.14-19.30.03:255][932]LogLoad: Game class is 'GM_RoadHopper_C'
[2026.03.14-19.30.03:296][932]LogWorld: Bringing World /Game/Levels/UEDPIE_0_MainLevel.MainLevel up for play (max tick rate 0) at 2026.03.14-13.30.03
[2026.03.14-19.30.03:297][932]LogWorld: Bringing up level for play took: 0.041130
[2026.03.14-19.30.03:297][932]LogOnline: OSS: Creating online subsystem instance for: :Context_53
[2026.03.14-19.30.03:299][932]LogGameMode: FindPlayerStart: PATHS NOT DEFINED or NO PLAYERSTART with positive rating
[2026.03.14-19.30.03:307][932]LogBlueprintUserMessages: [GM_RoadHopper_C_0] Hello
[2026.03.14-19.30.03:308][932]PIE: Server logged in
[2026.03.14-19.30.03:308][932]PIE: Play in editor total start time 0.255 seconds.
[2026.03.14-19.30.16:572][419]LogSlate: Updating window title bar state: overlay mode, drag disabled, window buttons hidden, title bar hidden
[2026.03.14-19.30.16:572][419]LogWorld: BeginTearingDown for /Game/Levels/UEDPIE_0_MainLevel
[2026.03.14-19.30.16:573][419]LogSlate: Window 'RoadHopper Preview [NetMode: Standalone]  (64-bit/Windows) ' being destroyed
[2026.03.14-19.30.16:577][419]LogWorld: UWorld::CleanupWorld for MainLevel, bSessionEnded=true, bCleanupResources=true
[2026.03.14-19.30.16:619][419]LogSlate: InvalidateAllWidgets triggered.  All widgets were invalidated
[2026.03.14-19.30.16:638][419]LogPlayLevel: Display: Shutting down PIE online subsystems
[2026.03.14-19.30.16:642][419]LogSlate: InvalidateAllWidgets triggered.  All widgets were invalidated
[2026.03.14-19.30.16:665][419]LogAudioMixer: FMixerPlatformXAudio2::StopAudioStream() called
[2026.03.14-19.30.16:666][419]LogAudioMixer: FMixerPlatformXAudio2::StopAudioStream() called
[2026.03.14-19.30.16:677][419]LogUObjectHash: Compacting FUObjectHashTables data took   1.78ms
[2026.03.14-19.30.16:721][420]LogPlayLevel: Display: Destroying online subsystem :Context_53
[2026.03.14-19.30.47:393][864]LogTemp: Repeating last play command: Selected Viewport
[2026.03.14-19.30.47:398][864]BlueprintLog: New page: Pre-Play auto-recompile
[2026.03.14-19.30.47:398][864]LogPlayLevel: [PlayLevel] Compiling BP_Player before play...
[2026.03.14-19.30.47:459][864]LogUObjectHash: Compacting FUObjectHashTables data took   2.04ms
[2026.03.14-19.30.47:460][864]LogPlayLevel: PlayLevel: Blueprint regeneration took 61 ms (1 blueprints)
[2026.03.14-19.30.47:460][864]PIE: New page: PIE session: MainLevel (Mar. 14, 2026, 7:30:47 a.m.)
[2026.03.14-19.30.47:460][864]LogPlayLevel: Creating play world package: /Game/Levels/UEDPIE_0_MainLevel
[2026.03.14-19.30.47:550][864]LogPlayLevel: PIE: StaticDuplicateObject took: (0.090356s)
[2026.03.14-19.30.47:551][864]LogAIModule: Creating AISystem for world MainLevel
[2026.03.14-19.30.47:552][864]LogPlayLevel: PIE: World Init took: (0.001247s)
[2026.03.14-19.30.47:552][864]LogPlayLevel: PIE: Created PIE world by copying editor world from /Game/Levels/MainLevel.MainLevel to /Game/Levels/UEDPIE_0_MainLevel.MainLevel (0.091816s)
[2026.03.14-19.30.47:568][864]LogUObjectHash: Compacting FUObjectHashTables data took   1.69ms
[2026.03.14-19.30.47:568][864]LogAudio: Display: Creating Audio Device:                 Id: 49, Scope: Unique, Realtime: True
[2026.03.14-19.30.47:568][864]LogAudioMixer: Display: Audio Mixer Platform Settings:
[2026.03.14-19.30.47:568][864]LogAudioMixer: Display: 	Sample Rate:						  48000
[2026.03.14-19.30.47:568][864]LogAudioMixer: Display: 	Callback Buffer Frame Size Requested: 1024
[2026.03.14-19.30.47:568][864]LogAudioMixer: Display: 	Callback Buffer Frame Size To Use:	  1024
[2026.03.14-19.30.47:568][864]LogAudioMixer: Display: 	Number of buffers to queue:			  2
[2026.03.14-19.30.47:568][864]LogAudioMixer: Display: 	Max Channels (voices):				  32
[2026.03.14-19.30.47:568][864]LogAudioMixer: Display: 	Number of Async Source Workers:		  0
[2026.03.14-19.30.47:568][864]LogAudio: Display: AudioDevice MaxSources: 32
[2026.03.14-19.30.47:568][864]LogAudio: Display: Audio Spatialization Plugin: None (built-in).
[2026.03.14-19.30.47:568][864]LogAudio: Display: Audio Reverb Plugin: None (built-in).
[2026.03.14-19.30.47:568][864]LogAudio: Display: Audio Occlusion Plugin: None (built-in).
[2026.03.14-19.30.47:568][864]LogAudioMixer: Display: Initializing audio mixer.
[2026.03.14-19.30.47:572][864]LogAudioMixer: Display: 0: FrontLeft
[2026.03.14-19.30.47:572][864]LogAudioMixer: Display: 1: FrontRight
[2026.03.14-19.30.47:576][864]LogAudioMixer: Display: Using Audio Device Speakers (High Definition Audio Device)
[2026.03.14-19.30.47:576][864]LogAudioMixer: Display: Initializing Sound Submixes...
[2026.03.14-19.30.47:576][864]LogAudioMixer: Display: Creating Master Submix 'MasterSubmixDefault'
[2026.03.14-19.30.47:576][864]LogAudioMixer: Display: Creating Master Submix 'MasterReverbSubmixDefault'
[2026.03.14-19.30.47:577][864]LogAudioMixer: Display: Creating Master Submix 'MasterEQSubmixDefault'
[2026.03.14-19.30.47:577][864]LogAudioMixer: FMixerPlatformXAudio2::StartAudioStream() called
[2026.03.14-19.30.47:577][864]LogAudioMixer: Display: Output buffers initialized: Frames=1024, Channels=2, Samples=2048
[2026.03.14-19.30.47:577][864]LogAudioMixer: Display: Starting AudioMixerPlatformInterface::RunInternal()
[2026.03.14-19.30.47:577][864]LogAudioMixer: Display: FMixerPlatformXAudio2::SubmitBuffer() called for the first time
[2026.03.14-19.30.47:577][864]LogInit: FAudioDevice initialized.
[2026.03.14-19.30.47:577][864]LogAudio: Display: Audio Device (ID: 49) registered with world 'MainLevel'.
[2026.03.14-19.30.47:600][864]LogSlate: Updating window title bar state: overlay mode, drag disabled, window buttons hidden, title bar hidden
[2026.03.14-19.30.47:600][864]LogLoad: Game class is 'GM_RoadHopper_C'
[2026.03.14-19.30.47:637][864]LogWorld: Bringing World /Game/Levels/UEDPIE_0_MainLevel.MainLevel up for play (max tick rate 0) at 2026.03.14-13.30.47
[2026.03.14-19.30.47:638][864]LogWorld: Bringing up level for play took: 0.037176
[2026.03.14-19.30.47:638][864]LogOnline: OSS: Creating online subsystem instance for: :Context_54
[2026.03.14-19.30.47:639][864]LogGameMode: FindPlayerStart: PATHS NOT DEFINED or NO PLAYERSTART with positive rating
[2026.03.14-19.30.47:647][864]LogBlueprintUserMessages: [GM_RoadHopper_C_0] Hello
[2026.03.14-19.30.47:647][864]PIE: Server logged in
[2026.03.14-19.30.47:647][864]PIE: Play in editor total start time 0.25 seconds.
[2026.03.14-19.30.48:517][958]LogBlueprintUserMessages: [BP_Player_10] X=0.000 Y=100.000 Z=0.000
[2026.03.14-19.30.48:876][  1]LogBlueprintUserMessages: [BP_Player_10] X=0.000 Y=200.000 Z=0.000
[2026.03.14-19.30.49:259][ 47]LogBlueprintUserMessages: [BP_Player_10] X=0.000 Y=300.000 Z=0.000
[2026.03.14-19.30.49:592][ 87]LogBlueprintUserMessages: [BP_Player_10] X=0.000 Y=400.000 Z=0.000
[2026.03.14-19.30.49:768][108]LogBlueprintUserMessages: [BP_Player_10] X=0.000 Y=500.000 Z=0.000
[2026.03.14-19.30.49:900][124]LogBlueprintUserMessages: [BP_Player_10] X=0.000 Y=600.000 Z=0.000
[2026.03.14-19.30.50:034][140]LogBlueprintUserMessages: [BP_Player_10] X=0.000 Y=700.000 Z=0.000
[2026.03.14-19.30.50:159][155]LogBlueprintUserMessages: [BP_Player_10] X=0.000 Y=800.000 Z=0.000
[2026.03.14-19.30.50:276][169]LogBlueprintUserMessages: [BP_Player_10] X=0.000 Y=900.000 Z=0.000
[2026.03.14-19.30.50:409][185]LogBlueprintUserMessages: [BP_Player_10] X=0.000 Y=1000.000 Z=0.000
[2026.03.14-19.30.50:534][200]LogBlueprintUserMessages: [BP_Player_10] X=0.000 Y=1100.000 Z=0.000
[2026.03.14-19.30.50:667][216]LogBlueprintUserMessages: [BP_Player_10] X=0.000 Y=1200.000 Z=0.000
[2026.03.14-19.30.50:792][231]LogBlueprintUserMessages: [BP_Player_10] X=0.000 Y=1300.000 Z=0.000
[2026.03.14-19.30.50:917][246]LogBlueprintUserMessages: [BP_Player_10] X=0.000 Y=1400.000 Z=0.000
[2026.03.14-19.30.51:034][260]LogBlueprintUserMessages: [BP_Player_10] X=0.000 Y=1500.000 Z=0.000
[2026.03.14-19.30.51:168][276]LogBlueprintUserMessages: [BP_Player_10] X=0.000 Y=1600.000 Z=0.000
[2026.03.14-19.30.51:303][292]LogBlueprintUserMessages: [BP_Player_10] X=0.000 Y=1700.000 Z=0.000
[2026.03.14-19.30.51:436][308]LogBlueprintUserMessages: [BP_Player_10] X=0.000 Y=1800.000 Z=0.000
[2026.03.14-19.30.51:569][324]LogBlueprintUserMessages: [BP_Player_10] X=0.000 Y=1900.000 Z=0.000
[2026.03.14-19.30.51:711][341]LogBlueprintUserMessages: [BP_Player_10] X=0.000 Y=2000.000 Z=0.000
[2026.03.14-19.30.51:861][359]LogBlueprintUserMessages: [BP_Player_10] X=0.000 Y=2100.000 Z=0.000
[2026.03.14-19.30.52:011][377]LogBlueprintUserMessages: [BP_Player_10] X=0.000 Y=2200.000 Z=0.000
[2026.03.14-19.30.52:877][481]LogBlueprintUserMessages: [BP_Player_10] X=200.000 Y=2300.000 Z=0.000
[2026.03.14-19.30.54:869][720]LogBlueprintUserMessages: [BP_Player_10] X=100.000 Y=2200.000 Z=0.000
[2026.03.14-19.30.55:028][739]LogBlueprintUserMessages: [BP_Player_10] X=100.000 Y=2300.000 Z=0.000
[2026.03.14-19.30.55:161][755]LogBlueprintUserMessages: [BP_Player_10] X=100.000 Y=2400.000 Z=0.000
[2026.03.14-19.30.55:302][772]LogBlueprintUserMessages: [BP_Player_10] X=100.000 Y=2500.000 Z=0.000
[2026.03.14-19.30.55:461][791]LogBlueprintUserMessages: [BP_Player_10] X=100.000 Y=2600.000 Z=0.000
[2026.03.14-19.30.56:578][925]LogBlueprintUserMessages: [BP_Player_10] X=0.000 Y=2700.000 Z=0.000
[2026.03.14-19.30.56:769][948]LogBlueprintUserMessages: [BP_Player_10] X=0.000 Y=2800.000 Z=0.000
[2026.03.14-19.30.57:399][ 20]LogSlate: Updating window title bar state: overlay mode, drag disabled, window buttons hidden, title bar hidden
[2026.03.14-19.30.57:400][ 20]LogWorld: BeginTearingDown for /Game/Levels/UEDPIE_0_MainLevel
[2026.03.14-19.30.57:402][ 20]LogSlate: Window 'RoadHopper Preview [NetMode: Standalone]  (64-bit/Windows) ' being destroyed
[2026.03.14-19.30.57:411][ 20]LogWorld: UWorld::CleanupWorld for MainLevel, bSessionEnded=true, bCleanupResources=true
[2026.03.14-19.30.57:451][ 20]LogSlate: InvalidateAllWidgets triggered.  All widgets were invalidated
[2026.03.14-19.30.57:475][ 20]LogPlayLevel: Display: Shutting down PIE online subsystems
[2026.03.14-19.30.57:480][ 20]LogSlate: InvalidateAllWidgets triggered.  All widgets were invalidated
[2026.03.14-19.30.57:501][ 20]LogAudioMixer: FMixerPlatformXAudio2::StopAudioStream() called
[2026.03.14-19.30.57:502][ 20]LogAudioMixer: FMixerPlatformXAudio2::StopAudioStream() called
[2026.03.14-19.30.57:517][ 20]LogUObjectHash: Compacting FUObjectHashTables data took   1.73ms
[2026.03.14-19.30.57:556][ 21]LogPlayLevel: Display: Destroying online subsystem :Context_54
[2026.03.14-19.32.06:761][625]BlueprintLog: New page: Compile BP_Player
[2026.03.14-19.32.06:798][625]LogUObjectHash: Compacting FUObjectHashTables data took   1.81ms
[2026.03.14-19.32.09:796][938]Cmd: OBJ SAVEPACKAGE PACKAGE="/Game/Blueprints/BP_Player" FILE="C:/Users/titan/Desktop/Titan_RoadHopper/RoadHopper4.27/Content/Blueprints/BP_Player.uasset" SILENT=true
[2026.03.14-19.32.09:820][938]LogSavePackage: Moving 'C:/Users/titan/Desktop/Titan_RoadHopper/RoadHopper4.27/Saved/BP_Player6A1F71A94097BD55FCE7D0961DF32D4E.tmp' to 'C:/Users/titan/Desktop/Titan_RoadHopper/RoadHopper4.27/Content/Blueprints/BP_Player.uasset'
[2026.03.14-19.32.09:836][938]AssetCheck: New page: Asset Save: BP_Player
[2026.03.14-19.32.09:836][938]LogContentValidation: Display: Validating Blueprint /Game/Blueprints/BP_Player.BP_Player
[2026.03.14-19.36.11:928][890]LogUObjectHash: Compacting FUObjectHashTables data took   2.90ms
[2026.03.14-19.36.12:318][890]LogSavePackage: Moving 'C:/Users/titan/Desktop/Titan_RoadHopper/RoadHopper4.27/Saved/MainLevel_Auto0AA36C75949FA77051C072C8382EDDF9D.tmp' to 'C:/Users/titan/Desktop/Titan_RoadHopper/RoadHopper4.27/Saved/Autosaves/Game/Levels/MainLevel_Auto0.umap'
[2026.03.14-19.36.12:320][890]LogFileHelpers: Editor autosave (incl. external actors) for '/Game/Levels/MainLevel' took 0.415
[2026.03.14-19.36.12:320][890]LogFileHelpers: Editor autosave (incl. sublevels & external actors) for all levels took 0.415
[2026.03.14-21.50.57:143][947]LogUObjectHash: Compacting FUObjectHashTables data took   0.87ms
[2026.03.14-21.50.57:165][947]Cmd: OBJ SAVEPACKAGE PACKAGE="/Game/Levels/MainLevel" FILE="C:/Users/titan/Desktop/Titan_RoadHopper/RoadHopper4.27/Content/Levels/MainLevel.umap" SILENT=true AUTOSAVING=false KEEPDIRTY=false
[2026.03.14-21.50.57:180][947]LogUObjectHash: Compacting FUObjectHashTables data took   0.52ms
[2026.03.14-21.50.57:545][947]LogSavePackage: Moving 'C:/Users/titan/Desktop/Titan_RoadHopper/RoadHopper4.27/Saved/MainLevelA0364D94471AB428980A9196871139F4.tmp' to 'C:/Users/titan/Desktop/Titan_RoadHopper/RoadHopper4.27/Content/Levels/MainLevel.umap'
[2026.03.14-21.50.57:563][947]LogFileHelpers: Saving map 'MainLevel' took 0.399
[2026.03.14-21.50.57:575][947]AssetCheck: New page: Asset Save: MainLevel
[2026.03.14-21.50.57:575][947]LogContentValidation: Display: Validating World /Game/Levels/MainLevel.MainLevel
[2026.03.14-22.52.42:880][905]LogEditorClassViewer: Warning: Class /Engine/Tutorial/InWorldBlueprintEditing/TutorialAssets/IWBE_Blutility.IWBE_Blutility_C has parent /Script/Blutility.PlacedEditorUtilityBase, but this parent is not found. The Class will not be shown in ClassViewer.
[2026.03.14-22.52.48:409][905]LogSlate: Window 'Pick Parent Class' being destroyed
[2026.03.14-22.52.48:421][905]LogContentBrowser: Deferred new asset file creation: NewBlueprint
[2026.03.14-22.52.48:442][905]LogContentBrowser: Creating deferred item: NewBlueprint
[2026.03.14-22.52.54:736][647]LogContentBrowser: Attempting asset rename: NewBlueprint -> BP_Car
[2026.03.14-22.52.54:741][647]LogContentBrowser: End creating deferred item NewBlueprint
[2026.03.14-22.52.59:587][173]LogAssetEditorSubsystem: Opening Asset editor for Blueprint /Game/Blueprints/BP_Car.BP_Car
[2026.03.14-22.54.32:208][145]Cmd: OBJ SAVEPACKAGE PACKAGE="/Game/Blueprints/BP_Car" FILE="C:/Users/titan/Desktop/Titan_RoadHopper/RoadHopper4.27/Content/Blueprints/BP_Car.uasset" SILENT=true
[2026.03.14-22.54.32:214][145]LogSavePackage: Moving 'C:/Users/titan/Desktop/Titan_RoadHopper/RoadHopper4.27/Saved/BP_Car6E568F3944F4B880C01083B2BAEEE397.tmp' to 'C:/Users/titan/Desktop/Titan_RoadHopper/RoadHopper4.27/Content/Blueprints/BP_Car.uasset'
[2026.03.14-22.54.32:231][145]AssetCheck: New page: Asset Save: BP_Car
[2026.03.14-22.54.32:231][145]LogContentValidation: Display: Validating Blueprint /Game/Blueprints/BP_Car.BP_Car
[2026.03.14-22.59.20:874][595]LogAudioMixer: Warning: Changing default audio render device to new device: {0.0.0.00000000}.{6f63e44d-63a7-4e0d-84c4-05ca47abfdec}.
[2026.03.14-22.59.20:874][595]LogAudioMixer: Resetting audio stream to device id 
[2026.03.14-22.59.20:897][595]LogAudioMixer: Display: 0: FrontLeft
[2026.03.14-22.59.20:897][595]LogAudioMixer: Display: 1: FrontRight
[2026.03.14-22.59.20:897][595]LogAudioMixer: Display: 2: FrontCenter
[2026.03.14-22.59.20:897][595]LogAudioMixer: Display: 3: LowFrequency
[2026.03.14-22.59.20:897][595]LogAudioMixer: Display: 4: BackLeft
[2026.03.14-22.59.20:897][595]LogAudioMixer: Display: 5: BackRight
[2026.03.14-22.59.20:897][595]LogAudioMixer: Display: 6: SideLeft
[2026.03.14-22.59.20:897][595]LogAudioMixer: Display: 7: SideRight
[2026.03.14-23.19.36:019][188]BlueprintLog: New page: Compile BP_Car
[2026.03.14-23.19.36:054][188]LogUObjectHash: Compacting FUObjectHashTables data took   2.96ms
[2026.03.14-23.20.09:748][986]LogUObjectHash: Compacting FUObjectHashTables data took   2.03ms
[2026.03.14-23.20.12:503][311]LogUObjectHash: Compacting FUObjectHashTables data took   0.57ms
[2026.03.14-23.20.12:528][311]LogWorld: UWorld::CleanupWorld for World_3, bSessionEnded=true, bCleanupResources=true
[2026.03.14-23.20.12:528][311]LogSlate: InvalidateAllWidgets triggered.  All widgets were invalidated
[2026.03.14-23.20.12:576][311]LogActorComponent: UnregisterComponent: (/Engine/Transient.EditorFloorComp) Not registered. Aborting.
[2026.03.14-23.20.12:576][311]LogWorld: UWorld::CleanupWorld for World_6, bSessionEnded=true, bCleanupResources=true
[2026.03.14-23.20.12:576][311]LogSlate: InvalidateAllWidgets triggered.  All widgets were invalidated
[2026.03.14-23.20.12:636][311]LogSlate: Window 'RoadHopper - Unreal Editor' being destroyed
[2026.03.14-23.20.12:751][312]Cmd: QUIT_EDITOR
[2026.03.14-23.20.12:751][312]LogCore: Engine exit requested (reason: UUnrealEdEngine::CloseEditor())
[2026.03.14-23.20.12:755][312]LogCore: Engine exit requested (reason: EngineExit() was called; note: exit was already requested)
[2026.03.14-23.20.13:485][312]LogAudio: Display: Beginning Audio Device Manager Shutdown (Module: AudioMixerXAudio2)...
[2026.03.14-23.20.13:485][312]LogAudio: Display: Destroying 1 Remaining Audio Device(s)...
[2026.03.14-23.20.13:485][312]LogAudio: Display: Audio Device unregistered from world 'MainLevel'.
[2026.03.14-23.20.13:485][312]LogAudioMixer: FMixerPlatformXAudio2::StopAudioStream() called
[2026.03.14-23.20.13:486][312]LogAudioMixer: FMixerPlatformXAudio2::StopAudioStream() called
[2026.03.14-23.20.13:507][312]LogAudio: Display: Audio Device Manager Shutdown
[2026.03.14-23.20.13:508][312]LogWindowsTextInputMethodSystem: Display: IME system deactivated.
[2026.03.14-23.20.13:513][312]LogExit: Preparing to exit.
[2026.03.14-23.20.14:181][312]LogUObjectHash: Compacting FUObjectHashTables data took   4.09ms
[2026.03.14-23.20.14:326][312]LogWorld: UWorld::CleanupWorld for World_0, bSessionEnded=true, bCleanupResources=true
[2026.03.14-23.20.14:329][312]LogWorld: UWorld::CleanupWorld for World_1, bSessionEnded=true, bCleanupResources=true
[2026.03.14-23.20.14:332][312]LogWorld: UWorld::CleanupWorld for World_2, bSessionEnded=true, bCleanupResources=true
[2026.03.14-23.20.14:334][312]LogWorld: UWorld::CleanupWorld for World_7, bSessionEnded=true, bCleanupResources=true
[2026.03.14-23.20.14:336][312]LogWorld: UWorld::CleanupWorld for World_5, bSessionEnded=true, bCleanupResources=true
[2026.03.14-23.20.14:338][312]LogWorld: UWorld::CleanupWorld for World_4, bSessionEnded=true, bCleanupResources=true
[2026.03.14-23.20.14:411][312]LogWorld: UWorld::CleanupWorld for None, bSessionEnded=true, bCleanupResources=true
[2026.03.14-23.20.14:412][312]LogExit: Editor shut down
[2026.03.14-23.20.14:413][312]LogExit: Transaction tracking system shut down
[2026.03.14-23.20.14:417][312]LogDemo: Cleaned up 0 splitscreen connections with owner deletion
[2026.03.14-23.20.14:687][312]LogExit: Object subsystem successfully closed.
[2026.03.14-23.20.14:706][312]LogShaderCompilers: Display: === FShaderJobCache stats ===
[2026.03.14-23.20.14:706][312]LogShaderCompilers: Display: Total job queries 0, among them cache hits 0 (0.00%)
[2026.03.14-23.20.14:706][312]LogShaderCompilers: Display: Tracking 0 distinct input hashes that result in 0 distinct outputs (0.00%)
[2026.03.14-23.20.14:706][312]LogShaderCompilers: Display: RAM used: 0.00 MB (0.00 GB) of 1638.40 MB (1.60 GB) budget. Usage: 0.00%
[2026.03.14-23.20.14:706][312]LogShaderCompilers: Display: ================================================
[2026.03.14-23.20.14:719][312]LogShaderCompilers: Display: Shaders left to compile 0
[2026.03.14-23.20.14:734][312]LogModuleManager: Shutting down and abandoning module ExternalImagePicker (878)
[2026.03.14-23.20.14:734][312]LogModuleManager: Shutting down and abandoning module MovieSceneCapture (876)
[2026.03.14-23.20.14:734][312]LogModuleManager: Shutting down and abandoning module Voice (874)
[2026.03.14-23.20.14:734][312]LogModuleManager: Shutting down and abandoning module BlueprintGraph (872)
[2026.03.14-23.20.14:734][312]LogModuleManager: Shutting down and abandoning module HierarchicalLODOutliner (870)
[2026.03.14-23.20.14:734][312]LogModuleManager: Shutting down and abandoning module SceneOutliner (868)
[2026.03.14-23.20.14:734][312]LogModuleManager: Shutting down and abandoning module AddContentDialog (866)
[2026.03.14-23.20.14:734][312]LogModuleManager: Shutting down and abandoning module WidgetCarousel (865)
[2026.03.14-23.20.14:734][312]LogModuleManager: Shutting down and abandoning module EditorWidgets (862)
[2026.03.14-23.20.14:734][312]LogModuleManager: Shutting down and abandoning module StatsViewer (860)
[2026.03.14-23.20.14:734][312]LogModuleManager: Shutting down and abandoning module PIEPreviewDeviceProfileSelector (858)
[2026.03.14-23.20.14:734][312]LogModuleManager: Shutting down and abandoning module SequenceRecorderSections (856)
[2026.03.14-23.20.14:734][312]LogModuleManager: Shutting down and abandoning module AutomationWorker (854)
[2026.03.14-23.20.14:734][312]LogModuleManager: Shutting down and abandoning module SteamVREditor (852)
[2026.03.14-23.20.14:734][312]LogModuleManager: Shutting down and abandoning module OculusMR (850)
[2026.03.14-23.20.14:734][312]LogModuleManager: Shutting down and abandoning module TakeRecorderSources (848)
[2026.03.14-23.20.14:734][312]LogModuleManager: Shutting down and abandoning module TakeRecorder (847)
[2026.03.14-23.20.14:735][312]LogModuleManager: Shutting down and abandoning module TakeTrackRecorders (844)
[2026.03.14-23.20.14:735][312]LogModuleManager: Shutting down and abandoning module TakesCore (842)
[2026.03.14-23.20.14:735][312]LogModuleManager: Shutting down and abandoning module OpenXRInput (840)
[2026.03.14-23.20.14:735][312]LogModuleManager: Shutting down and abandoning module GooglePADEditor (838)
[2026.03.14-23.20.14:735][312]LogModuleManager: Shutting down and abandoning module AudioCaptureEditor (836)
[2026.03.14-23.20.14:735][312]LogModuleManager: Shutting down and abandoning module TemplateSequenceEditor (834)
[2026.03.14-23.20.14:735][312]LogModuleManager: Shutting down and abandoning module MatineeToLevelSequence (832)
[2026.03.14-23.20.14:736][312]LogModuleManager: Shutting down and abandoning module LevelSequenceEditor (830)
[2026.03.14-23.20.14:736][312]LogModuleManager: Shutting down and abandoning module WmfMediaFactory (828)
[2026.03.14-23.20.14:736][312]LogModuleManager: Shutting down and abandoning module WmfMediaEditor (826)
[2026.03.14-23.20.14:736][312]LogModuleManager: Shutting down and abandoning module MediaPlayerEditor (824)
[2026.03.14-23.20.14:736][312]LogModuleManager: Shutting down and abandoning module WebMMediaFactory (822)
[2026.03.14-23.20.14:736][312]LogModuleManager: Shutting down and abandoning module WebMMediaEditor (820)
[2026.03.14-23.20.14:736][312]LogModuleManager: Shutting down and abandoning module WebMMedia (818)
[2026.03.14-23.20.14:736][312]LogModuleManager: Shutting down and abandoning module ActorSequenceEditor (816)
[2026.03.14-23.20.14:736][312]LogModuleManager: Shutting down and abandoning module MediaCompositingEditor (814)
[2026.03.14-23.20.14:736][312]LogModuleManager: Shutting down and abandoning module SequenceRecorder (813)
[2026.03.14-23.20.14:736][312]LogModuleManager: Shutting down and abandoning module OpenExrWrapper (810)
[2026.03.14-23.20.14:736][312]LogModuleManager: Shutting down and abandoning module ImgMediaFactory (808)
[2026.03.14-23.20.14:736][312]LogModuleManager: Shutting down and abandoning module ImgMediaEditor (806)
[2026.03.14-23.20.14:736][312]LogModuleManager: Shutting down and abandoning module AvfMediaFactory (804)
[2026.03.14-23.20.14:736][312]LogModuleManager: Shutting down and abandoning module AvfMediaEditor (802)
[2026.03.14-23.20.14:736][312]LogModuleManager: Shutting down and abandoning module AndroidMediaFactory (800)
[2026.03.14-23.20.14:736][312]LogModuleManager: Shutting down and abandoning module AndroidMediaEditor (798)
[2026.03.14-23.20.14:736][312]LogModuleManager: Shutting down and abandoning module MagicLeapMediaCodecFactory (796)
[2026.03.14-23.20.14:736][312]LogModuleManager: Shutting down and abandoning module MagicLeapMediaFactory (794)
[2026.03.14-23.20.14:736][312]LogModuleManager: Shutting down and abandoning module MagicLeapMediaEditor (792)
[2026.03.14-23.20.14:736][312]LogModuleManager: Shutting down and abandoning module PlanarCut (790)
[2026.03.14-23.20.14:736][312]LogModuleManager: Shutting down and abandoning module CharacterAI (788)
[2026.03.14-23.20.14:736][312]LogModuleManager: Shutting down and abandoning module TextureAlignMode (786)
[2026.03.14-23.20.14:736][312]LogModuleManager: Shutting down and abandoning module BspMode (784)
[2026.03.14-23.20.14:736][312]LogModuleManager: Shutting down and abandoning module GeometryMode (782)
[2026.03.14-23.20.14:736][312]LogModuleManager: Shutting down and abandoning module CameraShakePreviewer (780)
[2026.03.14-23.20.14:736][312]LogModuleManager: Shutting down and abandoning module SmartSnapping (778)
[2026.03.14-23.20.14:736][312]LogModuleManager: Shutting down and abandoning module SessionServices (776)
[2026.03.14-23.20.14:736][312]LogModuleManager: Shutting down and abandoning module MeshPaint (774)
[2026.03.14-23.20.14:736][312]LogModuleManager: Shutting down and abandoning module VirtualTexturingEditor (772)
[2026.03.14-23.20.14:736][312]LogModuleManager: Shutting down and abandoning module FoliageEdit (770)
[2026.03.14-23.20.14:736][312]LogModuleManager: Shutting down and abandoning module LandscapeEditor (768)
[2026.03.14-23.20.14:737][312]LogModuleManager: Shutting down and abandoning module MeshPaintMode (766)
[2026.03.14-23.20.14:737][312]LogModuleManager: Shutting down and abandoning module SceneDepthPickerMode (764)
[2026.03.14-23.20.14:737][312]LogModuleManager: Shutting down and abandoning module ActorPickerMode (762)
[2026.03.14-23.20.14:737][312]LogModuleManager: Shutting down and abandoning module PlacementMode (760)
[2026.03.14-23.20.14:737][312]LogModuleManager: Shutting down and abandoning module ViewportSnapping (758)
[2026.03.14-23.20.14:737][312]LogModuleManager: Shutting down and abandoning module ViewportInteraction (756)
[2026.03.14-23.20.14:737][312]LogModuleManager: Shutting down and abandoning module ClothPainter (754)
[2026.03.14-23.20.14:737][312]LogModuleManager: Shutting down and abandoning module SkeletalMeshEditor (753)
[2026.03.14-23.20.14:737][312]LogModuleManager: Shutting down and abandoning module LogVisualizer (750)
[2026.03.14-23.20.14:737][312]LogModuleManager: Shutting down and abandoning module IntroTutorials (748)
[2026.03.14-23.20.14:738][312]LogModuleManager: Shutting down and abandoning module GameProjectGeneration (747)
[2026.03.14-23.20.14:738][312]LogModuleManager: Shutting down and abandoning module LuminPlatformEditor (744)
[2026.03.14-23.20.14:738][312]LogModuleManager: Shutting down and abandoning module IOSPlatformEditor (742)
[2026.03.14-23.20.14:738][312]LogModuleManager: Shutting down and abandoning module AndroidPlatformEditor (740)
[2026.03.14-23.20.14:738][312]LogModuleManager: Shutting down and abandoning module AndroidDeviceDetection (739)
[2026.03.14-23.20.15:704][312]LogModuleManager: Shutting down and abandoning module WindowsPlatformEditor (736)
[2026.03.14-23.20.15:704][312]LogModuleManager: Shutting down and abandoning module LuminRuntimeSettings (734)
[2026.03.14-23.20.15:704][312]LogModuleManager: Shutting down and abandoning module IOSRuntimeSettings (732)
[2026.03.14-23.20.15:704][312]LogModuleManager: Shutting down and abandoning module AndroidRuntimeSettings (730)
[2026.03.14-23.20.15:704][312]LogModuleManager: Shutting down and abandoning module TraceInsights (728)
[2026.03.14-23.20.15:706][312]MemoryProfiler: Shutdown
[2026.03.14-23.20.15:706][312]NetworkingProfiler: Shutdown
[2026.03.14-23.20.15:706][312]LoadingProfiler: Shutdown
[2026.03.14-23.20.15:706][312]TimingProfiler: Shutdown
[2026.03.14-23.20.15:707][312]LogModuleManager: Shutting down and abandoning module TraceServices (727)
[2026.03.14-23.20.15:707][312]LogModuleManager: Shutting down and abandoning module EditorInteractiveToolsFramework (724)
[2026.03.14-23.20.15:707][312]LogModuleManager: Shutting down and abandoning module TimeManagementEditor (722)
[2026.03.14-23.20.15:707][312]LogModuleManager: Shutting down and abandoning module InputBindingEditor (720)
[2026.03.14-23.20.15:707][312]LogModuleManager: Shutting down and abandoning module MergeActors (718)
[2026.03.14-23.20.15:708][312]LogModuleManager: Shutting down and abandoning module LocalizationDashboard (716)
[2026.03.14-23.20.15:708][312]LogModuleManager: Shutting down and abandoning module LocalizationService (715)
[2026.03.14-23.20.15:708][312]LogModuleManager: Shutting down and abandoning module HardwareTargeting (712)
[2026.03.14-23.20.15:708][312]LogModuleManager: Shutting down and abandoning module DeviceProfileEditor (710)
[2026.03.14-23.20.15:708][312]LogModuleManager: Shutting down and abandoning module UndoHistory (708)
[2026.03.14-23.20.15:708][312]LogModuleManager: Shutting down and abandoning module XmlParser (706)
[2026.03.14-23.20.15:708][312]LogModuleManager: Shutting down and abandoning module Blutility (704)
[2026.03.14-23.20.15:708][312]LogModuleManager: Shutting down and abandoning module ProjectSettingsViewer (702)
[2026.03.14-23.20.15:708][312]LogModuleManager: Shutting down and abandoning module ProjectTargetPlatformEditor (701)
[2026.03.14-23.20.15:708][312]LogModuleManager: Shutting down and abandoning module EditorSettingsViewer (698)
[2026.03.14-23.20.15:708][312]LogModuleManager: Shutting down and abandoning module InternationalizationSettings (697)
[2026.03.14-23.20.15:708][312]LogModuleManager: Shutting down and abandoning module SettingsEditor (694)
[2026.03.14-23.20.15:708][312]LogModuleManager: Shutting down and abandoning module ProjectLauncher (692)
[2026.03.14-23.20.15:708][312]LogModuleManager: Shutting down and abandoning module SessionFrontend (690)
[2026.03.14-23.20.15:708][312]LogModuleManager: Shutting down and abandoning module ProfilerClient (688)
[2026.03.14-23.20.15:708][312]LogModuleManager: Shutting down and abandoning module DeviceManager (686)
[2026.03.14-23.20.15:708][312]LogModuleManager: Shutting down and abandoning module TargetDeviceServices (685)
[2026.03.14-23.20.15:739][312]LogModuleManager: Shutting down and abandoning module AutomationController (682)
[2026.03.14-23.20.15:740][312]LogModuleManager: Shutting down and abandoning module AutomationWindow (680)
[2026.03.14-23.20.15:741][312]LogModuleManager: Shutting down and abandoning module Layers (678)
[2026.03.14-23.20.15:742][312]LogModuleManager: Shutting down and abandoning module ComponentVisualizers (676)
[2026.03.14-23.20.15:742][312]LogModuleManager: Shutting down and abandoning module DetailCustomizations (674)
[2026.03.14-23.20.15:742][312]LogModuleManager: Shutting down and abandoning module PackagesDialog (672)
[2026.03.14-23.20.15:743][312]LogModuleManager: Shutting down and abandoning module AnimationBlueprintEditor (670)
[2026.03.14-23.20.15:743][312]LogModuleManager: Shutting down and abandoning module Persona (668)
[2026.03.14-23.20.15:744][312]LogModuleManager: Shutting down and abandoning module AdvancedPreviewScene (667)
[2026.03.14-23.20.15:744][312]LogModuleManager: Shutting down and abandoning module AnimGraph (665)
[2026.03.14-23.20.15:744][312]LogModuleManager: Shutting down and abandoning module Kismet (662)
[2026.03.14-23.20.15:754][312]LogModuleManager: Shutting down and abandoning module KismetWidgets (661)
[2026.03.14-23.20.15:754][312]LogModuleManager: Shutting down and abandoning module GraphEditor (658)
[2026.03.14-23.20.15:754][312]LogModuleManager: Shutting down and abandoning module StructViewer (656)
[2026.03.14-23.20.15:754][312]LogModuleManager: Shutting down and abandoning module ClassViewer (654)
[2026.03.14-23.20.15:755][312]LogModuleManager: Shutting down and abandoning module Toolbox (652)
[2026.03.14-23.20.15:755][312]LogModuleManager: Shutting down and abandoning module ModuleUI (650)
[2026.03.14-23.20.15:755][312]LogModuleManager: Shutting down and abandoning module OutputLog (648)
[2026.03.14-23.20.15:756][312]LogModuleManager: Shutting down and abandoning module GammaUI (646)
[2026.03.14-23.20.15:756][312]LogModuleManager: Shutting down and abandoning module Documentation (644)
[2026.03.14-23.20.15:757][312]LogModuleManager: Shutting down and abandoning module LiveCoding (642)
[2026.03.14-23.20.15:757][312]LogModuleManager: Shutting down and abandoning module LevelSequence (640)
[2026.03.14-23.20.15:757][312]LogModuleManager: Shutting down and abandoning module MovieSceneTracks (638)
[2026.03.14-23.20.15:757][312]LogModuleManager: Shutting down and abandoning module MovieScene (636)
[2026.03.14-23.20.15:757][312]LogModuleManager: Shutting down and abandoning module StreamingPauseRendering (634)
[2026.03.14-23.20.15:757][312]LogModuleManager: Shutting down and abandoning module LauncherPlatform (632)
[2026.03.14-23.20.15:757][312]LogModuleManager: Shutting down and abandoning module AnalyticsET (630)
[2026.03.14-23.20.15:757][312]LogModuleManager: Shutting down and abandoning module PortalServices (628)
[2026.03.14-23.20.15:757][312]LogModuleManager: Shutting down and abandoning module PortalRpc (626)
[2026.03.14-23.20.15:757][312]LogModuleManager: Shutting down and abandoning module MessagingRpc (624)
[2026.03.14-23.20.15:757][312]LogModuleManager: Shutting down and abandoning module AudioMixerXAudio2 (622)
[2026.03.14-23.20.15:757][312]LogModuleManager: Shutting down and abandoning module AudioMixerCore (621)
[2026.03.14-23.20.15:757][312]LogModuleManager: Shutting down and abandoning module AIModule (618)
[2026.03.14-23.20.15:757][312]LogModuleManager: Shutting down and abandoning module GameplayDebugger (617)
[2026.03.14-23.20.15:757][312]LogModuleManager: Shutting down and abandoning module AITestSuite (615)
[2026.03.14-23.20.15:757][312]LogModuleManager: Shutting down and abandoning module NavigationSystem (613)
[2026.03.14-23.20.15:757][312]LogModuleManager: Shutting down and abandoning module ImageWriteQueue (610)
[2026.03.14-23.20.15:763][312]LogModuleManager: Shutting down and abandoning module ProfilerService (608)
[2026.03.14-23.20.15:885][312]LogModuleManager: Shutting down and abandoning module TaskGraph (606)
[2026.03.14-23.20.15:885][312]LogModuleManager: Shutting down and abandoning module AudioSynesthesiaEditor (604)
[2026.03.14-23.20.15:886][312]LogModuleManager: Shutting down and abandoning module OculusEditor (602)
[2026.03.14-23.20.15:886][312]LogModuleManager: Shutting down and abandoning module OculusInput (600)
[2026.03.14-23.20.15:886][312]LogModuleManager: Shutting down and abandoning module ContentBrowserFileDataSource (598)
[2026.03.14-23.20.15:886][312]LogModuleManager: Shutting down and abandoning module ContentBrowserClassDataSource (596)
[2026.03.14-23.20.15:886][312]LogModuleManager: Shutting down and abandoning module ContentBrowserAssetDataSource (594)
[2026.03.14-23.20.15:886][312]LogModuleManager: Shutting down and abandoning module CollectionManager (593)
[2026.03.14-23.20.15:887][312]LogModuleManager: Shutting down and abandoning module ScreenshotTools (590)
[2026.03.14-23.20.15:887][312]LogModuleManager: Shutting down and abandoning module TakeSequencer (588)
[2026.03.14-23.20.15:887][312]LogModuleManager: Shutting down and abandoning module TakeMovieScene (586)
[2026.03.14-23.20.15:887][312]LogModuleManager: Shutting down and abandoning module SynthesisEditor (584)
[2026.03.14-23.20.15:887][312]LogModuleManager: Shutting down and abandoning module Synthesis (582)
[2026.03.14-23.20.15:887][312]LogModuleManager: Shutting down and abandoning module ProceduralMeshComponentEditor (580)
[2026.03.14-23.20.15:887][312]LogModuleManager: Shutting down and abandoning module ProceduralMeshComponent (578)
[2026.03.14-23.20.15:887][312]LogModuleManager: Shutting down and abandoning module OpenXREditor (576)
[2026.03.14-23.20.15:887][312]LogModuleManager: Shutting down and abandoning module MobilePatchingUtils (574)
[2026.03.14-23.20.15:887][312]LogModuleManager: Shutting down and abandoning module GooglePAD (572)
[2026.03.14-23.20.15:887][312]LogModuleManager: Shutting down and abandoning module EditableMesh (570)
[2026.03.14-23.20.15:887][312]LogModuleManager: Shutting down and abandoning module CableComponent (568)
[2026.03.14-23.20.15:887][312]LogModuleManager: Shutting down and abandoning module CustomMeshComponent (566)
[2026.03.14-23.20.15:887][312]LogModuleManager: Shutting down and abandoning module AudioCapture (564)
[2026.03.14-23.20.15:887][312]LogModuleManager: Shutting down and abandoning module AudioCaptureRtAudio (563)
[2026.03.14-23.20.15:887][312]LogModuleManager: Shutting down and abandoning module AssetTags (560)
[2026.03.14-23.20.15:887][312]LogModuleManager: Shutting down and abandoning module ArchVisCharacter (558)
[2026.03.14-23.20.15:887][312]LogModuleManager: Shutting down and abandoning module AppleImageUtilsBlueprintSupport (556)
[2026.03.14-23.20.15:887][312]LogModuleManager: Shutting down and abandoning module AppleImageUtils (554)
[2026.03.14-23.20.15:887][312]LogModuleManager: Shutting down and abandoning module AndroidPermission (552)
[2026.03.14-23.20.15:887][312]LogModuleManager: Shutting down and abandoning module ActorLayerUtilitiesEditor (550)
[2026.03.14-23.20.15:887][312]LogModuleManager: Shutting down and abandoning module ActorLayerUtilities (548)
[2026.03.14-23.20.15:887][312]LogModuleManager: Shutting down and abandoning module TemplateSequence (546)
[2026.03.14-23.20.15:887][312]LogModuleManager: Shutting down and abandoning module MediaCompositing (544)
[2026.03.14-23.20.15:887][312]LogModuleManager: Shutting down and abandoning module ImgMedia (542)
[2026.03.14-23.20.15:887][312]LogModuleManager: Shutting down and abandoning module VariantManagerContentEditor (540)
[2026.03.14-23.20.15:887][312]LogModuleManager: Shutting down and abandoning module MagicLeapSharedWorld (538)
[2026.03.14-23.20.15:887][312]LogModuleManager: Shutting down and abandoning module DatasmithContentEditor (536)
[2026.03.14-23.20.15:887][312]LogModuleManager: Shutting down and abandoning module MagicLeapLightEstimation (534)
[2026.03.14-23.20.15:887][312]LogModuleManager: Shutting down and abandoning module MagicLeapHelperVulkan (532)
[2026.03.14-23.20.15:887][312]LogModuleManager: Shutting down and abandoning module MagicLeapHelperOpenGL (530)
[2026.03.14-23.20.15:887][312]LogModuleManager: Shutting down and abandoning module MagicLeapAudio (528)
[2026.03.14-23.20.15:887][312]LogModuleManager: Shutting down and abandoning module MotoSynthEditor (526)
[2026.03.14-23.20.15:887][312]LogModuleManager: Shutting down and abandoning module MotoSynth (524)
[2026.03.14-23.20.15:887][312]LogModuleManager: Shutting down and abandoning module OpenImageDenoise (522)
[2026.03.14-23.20.15:887][312]LogOpenImageDenoise: OIDN shutting down
[2026.03.14-23.20.15:887][312]LogModuleManager: Shutting down and abandoning module MeshConversion (520)
[2026.03.14-23.20.15:887][312]LogModuleManager: Shutting down and abandoning module DynamicMesh (518)
[2026.03.14-23.20.15:887][312]LogModuleManager: Shutting down and abandoning module GeometryAlgorithms (516)
[2026.03.14-23.20.15:888][312]LogModuleManager: Shutting down and abandoning module GeometricObjects (514)
[2026.03.14-23.20.15:888][312]LogModuleManager: Shutting down and abandoning module GeometryCollectionTracks (512)
[2026.03.14-23.20.15:888][312]LogModuleManager: Shutting down and abandoning module GeometryCollectionSequencer (511)
[2026.03.14-23.20.15:888][312]LogModuleManager: Shutting down and abandoning module GeometryCollectionEditor (508)
[2026.03.14-23.20.15:888][312]LogModuleManager: Shutting down and abandoning module GeometryCacheTracks (506)
[2026.03.14-23.20.15:888][312]LogModuleManager: Shutting down and abandoning module GeometryCacheStreamer (504)
[2026.03.14-23.20.15:888][312]LogModuleManager: Shutting down and abandoning module GeometryCacheSequencer (502)
[2026.03.14-23.20.15:888][312]LogModuleManager: Shutting down and abandoning module ChaosNiagara (500)
[2026.03.14-23.20.15:888][312]LogModuleManager: Shutting down and abandoning module ChaosSolverEditor (498)
[2026.03.14-23.20.15:888][312]LogModuleManager: Shutting down and abandoning module FractureEditor (496)
[2026.03.14-23.20.15:888][312]LogModuleManager: Shutting down and abandoning module FieldSystemEngine (495)
[2026.03.14-23.20.15:888][312]LogModuleManager: Shutting down and abandoning module ChaosClothEditor (492)
[2026.03.14-23.20.15:888][312]LogModuleManager: Shutting down and abandoning module SpeedTreeImporter (490)
[2026.03.14-23.20.15:888][312]LogModuleManager: Shutting down and abandoning module BackChannel (488)
[2026.03.14-23.20.15:888][312]LogModuleManager: Shutting down and abandoning module MaterialAnalyzer (486)
[2026.03.14-23.20.15:888][312]LogModuleManager: Shutting down and abandoning module AutomationUtilsEditor (484)
[2026.03.14-23.20.15:888][312]LogModuleManager: Shutting down and abandoning module AutomationUtils (482)
[2026.03.14-23.20.15:888][312]LogModuleManager: Shutting down and abandoning module MobileLauncherProfileWizard (480)
[2026.03.14-23.20.15:889][312]LogModuleManager: Shutting down and abandoning module PluginBrowser (478)
[2026.03.14-23.20.15:889][312]LogModuleManager: Shutting down and abandoning module AlembicImporter (476)
[2026.03.14-23.20.15:889][312]LogModuleManager: Shutting down and abandoning module AlembicLibrary (475)
[2026.03.14-23.20.15:889][312]LogModuleManager: Shutting down and abandoning module GeometryCache (474)
[2026.03.14-23.20.15:889][312]LogModuleManager: Shutting down and abandoning module GeometryCacheEd (473)
[2026.03.14-23.20.15:889][312]LogModuleManager: Shutting down and abandoning module NiagaraEditorWidgets (468)
[2026.03.14-23.20.15:890][312]LogModuleManager: Shutting down and abandoning module CurveEditorTools (466)
[2026.03.14-23.20.15:890][312]LogModuleManager: Shutting down and abandoning module VisualStudioCodeSourceCodeAccess (464)
[2026.03.14-23.20.15:890][312]LogModuleManager: Shutting down and abandoning module CryptoKeysOpenSSL (462)
[2026.03.14-23.20.15:890][312]LogModuleManager: Shutting down and abandoning module CryptoKeys (460)
[2026.03.14-23.20.15:890][312]LogModuleManager: Shutting down and abandoning module VisualStudioSourceCodeAccess (458)
[2026.03.14-23.20.15:890][312]LogModuleManager: Shutting down and abandoning module UObjectPlugin (456)
[2026.03.14-23.20.15:890][312]LogModuleManager: Shutting down and abandoning module SubversionSourceControl (454)
[2026.03.14-23.20.15:890][312]LogModuleManager: Shutting down and abandoning module RiderSourceCodeAccess (452)
[2026.03.14-23.20.15:890][312]LogModuleManager: Shutting down and abandoning module PlasticSourceControl (450)
[2026.03.14-23.20.15:890][312]LogModuleManager: Shutting down and abandoning module OodleNetworkHandlerComponent (448)
[2026.03.14-23.20.15:890][312]LogModuleManager: Shutting down and abandoning module PerforceSourceControl (446)
[2026.03.14-23.20.15:890][312]LogModuleManager: Shutting down and abandoning module PluginUtils (444)
[2026.03.14-23.20.15:890][312]LogModuleManager: Shutting down and abandoning module GitSourceControl (442)
[2026.03.14-23.20.15:891][312]LogModuleManager: Shutting down and abandoning module SourceControl (441)
[2026.03.14-23.20.15:891][312]LogModuleManager: Shutting down and abandoning module CLionSourceCodeAccess (438)
[2026.03.14-23.20.15:891][312]LogModuleManager: Shutting down and abandoning module LiveLinkSequencer (436)
[2026.03.14-23.20.15:891][312]LogModuleManager: Shutting down and abandoning module LiveLinkMovieScene (434)
[2026.03.14-23.20.15:891][312]LogModuleManager: Shutting down and abandoning module LiveLinkGraphNode (432)
[2026.03.14-23.20.15:891][312]LogModuleManager: Shutting down and abandoning module LiveLinkEditor (430)
[2026.03.14-23.20.15:891][312]LogModuleManager: Shutting down and abandoning module LiveLinkComponents (428)
[2026.03.14-23.20.15:891][312]LogModuleManager: Shutting down and abandoning module LiveLink (426)
[2026.03.14-23.20.16:566][312]LogModuleManager: Shutting down and abandoning module AnimationSharingEd (424)
[2026.03.14-23.20.16:566][312]LogModuleManager: Shutting down and abandoning module PaperTiledImporter (422)
[2026.03.14-23.20.16:566][312]LogModuleManager: Shutting down and abandoning module PaperSpriteSheetImporter (420)
[2026.03.14-23.20.16:566][312]LogModuleManager: Shutting down and abandoning module Paper2DEditor (418)
[2026.03.14-23.20.16:566][312]LogModuleManager: Shutting down and abandoning module LightPropagationVolumeEditor (416)
[2026.03.14-23.20.16:566][312]LogModuleManager: Shutting down and abandoning module MeshPaintingToolset (414)
[2026.03.14-23.20.16:567][312]LogModuleManager: Shutting down and abandoning module MeshPaintEditorMode (412)
[2026.03.14-23.20.16:567][312]LogModuleManager: Shutting down and abandoning module SoundFields (410)
[2026.03.14-23.20.16:567][312]LogModuleManager: Shutting down and abandoning module SignificanceManager (408)
[2026.03.14-23.20.16:567][312]LogModuleManager: Shutting down and abandoning module RuntimePhysXCooking (406)
[2026.03.14-23.20.16:567][312]LogModuleManager: Shutting down and abandoning module PropertyAccessEditor (404)
[2026.03.14-23.20.16:568][312]LogModuleManager: Shutting down and abandoning module PhysXVehiclesEditor (402)
[2026.03.14-23.20.16:568][312]LogModuleManager: Shutting down and abandoning module LocationServicesBPLibrary (398)
[2026.03.14-23.20.16:568][312]LogModuleManager: Shutting down and abandoning module AudioSynesthesia (396)
[2026.03.14-23.20.16:568][312]LogModuleManager: Shutting down and abandoning module AudioSynesthesiaCore (394)
[2026.03.14-23.20.16:568][312]LogModuleManager: Shutting down and abandoning module ActorSequence (392)
[2026.03.14-23.20.16:568][312]LogModuleManager: Shutting down and abandoning module UdpMessaging (390)
[2026.03.14-23.20.16:668][312]LogModuleManager: Shutting down and abandoning module TcpMessaging (388)
[2026.03.14-23.20.16:769][312]LogModuleManager: Shutting down and abandoning module ImgMediaEngine (386)
[2026.03.14-23.20.16:769][312]LogModuleManager: Shutting down and abandoning module MagicLeapARPin (384)
[2026.03.14-23.20.16:769][312]LogModuleManager: Shutting down and abandoning module PythonScriptPlugin (382)
[2026.03.14-23.20.16:769][312]LogModuleManager: Shutting down and abandoning module MagicLeapHandMeshing (380)
[2026.03.14-23.20.16:769][312]LogModuleManager: Shutting down and abandoning module MagicLeapSecureStorage (378)
[2026.03.14-23.20.16:769][312]LogModuleManager: Shutting down and abandoning module MagicLeapPrivileges (376)
[2026.03.14-23.20.16:769][312]LogModuleManager: Shutting down and abandoning module MagicLeapPlanes (374)
[2026.03.14-23.20.16:769][312]LogMagicLeapPlanes: Planes tracker already destroyed.
[2026.03.14-23.20.16:769][312]LogModuleManager: Shutting down and abandoning module MagicLeapImageTracker (372)
[2026.03.14-23.20.16:769][312]LogModuleManager: Shutting down and abandoning module MagicLeapIdentity (370)
[2026.03.14-23.20.16:769][312]LogModuleManager: Shutting down and abandoning module MagicLeapHandTracking (368)
[2026.03.14-23.20.16:769][312]LogModuleManager: Shutting down and abandoning module MagicLeapEyeTracker (366)
[2026.03.14-23.20.16:769][312]LogModuleManager: Shutting down and abandoning module MagicLeapController (364)
[2026.03.14-23.20.16:769][312]LogModuleManager: Shutting down and abandoning module MagicLeapARPinImpl (362)
[2026.03.14-23.20.16:769][312]LogModuleManager: Shutting down and abandoning module MagicLeapAR (360)
[2026.03.14-23.20.16:769][312]LogModuleManager: Shutting down and abandoning module GameplayTagsEditor (358)
[2026.03.14-23.20.16:769][312]LogModuleManager: Shutting down and abandoning module NiagaraAnimNotifies (356)
[2026.03.14-23.20.16:769][312]LogModuleManager: Shutting down and abandoning module Niagara (354)
[2026.03.14-23.20.16:769][312]LogModuleManager: Shutting down and abandoning module SignalProcessing (353)
[2026.03.14-23.20.16:769][312]LogModuleManager: Shutting down and abandoning module NiagaraEditor (351)
[2026.03.14-23.20.16:769][312]LogModuleManager: Shutting down and abandoning module NiagaraCore (348)
[2026.03.14-23.20.16:769][312]LogModuleManager: Shutting down and abandoning module FacialAnimationEditor (346)
[2026.03.14-23.20.16:769][312]LogModuleManager: Shutting down and abandoning module FacialAnimation (344)
[2026.03.14-23.20.16:769][312]LogModuleManager: Shutting down and abandoning module DataValidation (342)
[2026.03.14-23.20.16:769][312]LogModuleManager: Shutting down and abandoning module AssetManagerEditor (340)
[2026.03.14-23.20.16:769][312]LogModuleManager: Shutting down and abandoning module LevelEditor (339)
[2026.03.14-23.20.16:771][312]LogModuleManager: Shutting down and abandoning module PixelInspectorModule (338)
[2026.03.14-23.20.16:771][312]LogModuleManager: Shutting down and abandoning module CommonMenuExtensions (336)
[2026.03.14-23.20.16:771][312]LogModuleManager: Shutting down and abandoning module MainFrame (334)
[2026.03.14-23.20.16:771][312]LogModuleManager: Shutting down and abandoning module HotReload (333)
[2026.03.14-23.20.16:771][312]LogModuleManager: Shutting down and abandoning module ToolMenus (329)
[2026.03.14-23.20.16:771][312]LogModuleManager: Shutting down and abandoning module ContentBrowser (327)
[2026.03.14-23.20.16:771][312]LogModuleManager: Shutting down and abandoning module ContentBrowserData (326)
[2026.03.14-23.20.16:771][312]LogModuleManager: Shutting down and abandoning module TreeMap (323)
[2026.03.14-23.20.16:771][312]LogModuleManager: Shutting down and abandoning module PropertyAccessNode (320)
[2026.03.14-23.20.16:771][312]LogModuleManager: Shutting down and abandoning module EnvironmentQueryEditor (318)
[2026.03.14-23.20.16:772][312]LogModuleManager: Shutting down and abandoning module AnimationSharing (316)
[2026.03.14-23.20.16:772][312]LogModuleManager: Shutting down and abandoning module GameplayCameras (314)
[2026.03.14-23.20.16:772][312]LogModuleManager: Shutting down and abandoning module Paper2D (312)
[2026.03.14-23.20.16:772][312]LogModuleManager: Shutting down and abandoning module LightPropagationVolumeRuntime (310)
[2026.03.14-23.20.16:772][312]LogModuleManager: Shutting down and abandoning module WindowsMoviePlayer (308)
[2026.03.14-23.20.16:775][312]LogModuleManager: Shutting down and abandoning module WebMMoviePlayer (306)
[2026.03.14-23.20.16:775][312]LogModuleManager: Shutting down and abandoning module NetworkReplayStreaming (304)
[2026.03.14-23.20.16:775][312]LogModuleManager: Shutting down and abandoning module PacketHandler (302)
[2026.03.14-23.20.16:775][312]LogModuleManager: Shutting down and abandoning module ClothingSystemEditor (300)
[2026.03.14-23.20.16:775][312]LogModuleManager: Shutting down and abandoning module ClothingSystemRuntimeNv (298)
[2026.03.14-23.20.16:775][312]LogModuleManager: Shutting down and abandoning module MediaAssets (296)
[2026.03.14-23.20.16:775][312]LogModuleManager: Shutting down and abandoning module Overlay (294)
[2026.03.14-23.20.16:775][312]LogModuleManager: Shutting down and abandoning module OverlayEditor (293)
[2026.03.14-23.20.16:775][312]LogModuleManager: Shutting down and abandoning module VREditor (290)
[2026.03.14-23.20.16:775][312]LogModuleManager: Shutting down and abandoning module StringTableEditor (288)
[2026.03.14-23.20.16:775][312]LogModuleManager: Shutting down and abandoning module GameplayTasksEditor (286)
[2026.03.14-23.20.16:775][312]LogModuleManager: Shutting down and abandoning module BehaviorTreeEditor (284)
[2026.03.14-23.20.16:775][312]LogModuleManager: Shutting down and abandoning module FunctionalTesting (282)
[2026.03.14-23.20.16:775][312]LogModuleManager: Shutting down and abandoning module CollisionAnalyzer (280)
[2026.03.14-23.20.16:775][312]LogModuleManager: Shutting down and abandoning module WorkspaceMenuStructure (279)
[2026.03.14-23.20.16:775][312]LogModuleManager: Shutting down and abandoning module UMG (276)
[2026.03.14-23.20.16:776][312]LogModuleManager: Shutting down and abandoning module UMGEditor (275)
[2026.03.14-23.20.16:776][312]LogModuleManager: Shutting down and abandoning module MessageLog (273)
[2026.03.14-23.20.16:776][312]LogModuleManager: Shutting down and abandoning module SlateReflector (268)
[2026.03.14-23.20.16:776][312]LogModuleManager: Shutting down and abandoning module Slate (266)
[2026.03.14-23.20.16:776][312]LogModuleManager: Shutting down and abandoning module SlateCore (264)
[2026.03.14-23.20.16:776][312]LogModuleManager: Shutting down and abandoning module LandscapeEditorUtilities (262)
[2026.03.14-23.20.16:776][312]LogModuleManager: Shutting down and abandoning module UnrealEd (260)
[2026.03.14-23.20.16:776][312]LogModuleManager: Shutting down and abandoning module MRMesh (258)
[2026.03.14-23.20.16:776][312]LogModuleManager: Shutting down and abandoning module SourceCodeAccess (256)
[2026.03.14-23.20.16:776][312]LogModuleManager: Shutting down and abandoning module HeadMountedDisplay (254)
[2026.03.14-23.20.16:776][312]LogModuleManager: Shutting down and abandoning module XAudio2 (252)
[2026.03.14-23.20.16:776][312]LogModuleManager: Shutting down and abandoning module Networking (250)
[2026.03.14-23.20.16:776][312]LogModuleManager: Shutting down and abandoning module Core (248)
[2026.03.14-23.20.16:776][312]LogModuleManager: Shutting down and abandoning module MaterialEditor (246)
[2026.03.14-23.20.16:777][312]LogModuleManager: Shutting down and abandoning module MovieSceneTools (244)
[2026.03.14-23.20.16:777][312]LogModuleManager: Shutting down and abandoning module CurveEditor (243)
[2026.03.14-23.20.16:777][312]LogModuleManager: Shutting down and abandoning module Sequencer (241)
[2026.03.14-23.20.16:778][312]LogModuleManager: Shutting down and abandoning module EditorStyle (240)
[2026.03.14-23.20.16:779][312]LogModuleManager: Shutting down and abandoning module KismetCompiler (236)
[2026.03.14-23.20.16:779][312]LogModuleManager: Shutting down and abandoning module MeshBuilder (234)
[2026.03.14-23.20.16:779][312]LogModuleManager: Shutting down and abandoning module MeshUtilities (232)
[2026.03.14-23.20.16:779][312]LogModuleManager: Shutting down and abandoning module MeshMergeUtilities (231)
[2026.03.14-23.20.16:779][312]LogModuleManager: Shutting down and abandoning module MeshReductionInterface (230)
[2026.03.14-23.20.16:779][312]LogModuleManager: Shutting down and abandoning module MeshBoneReduction (229)
[2026.03.14-23.20.16:779][312]LogModuleManager: Shutting down and abandoning module SkeletalMeshReduction (227)
[2026.03.14-23.20.16:779][312]LogModuleManager: Shutting down and abandoning module ProxyLODMeshReduction (225)
[2026.03.14-23.20.16:779][312]LogModuleManager: Shutting down and abandoning module QuadricMeshReduction (223)
[2026.03.14-23.20.16:779][312]LogModuleManager: Shutting down and abandoning module MaterialBaking (219)
[2026.03.14-23.20.16:780][312]LogModuleManager: Shutting down and abandoning module NullInstallBundleManager (214)
[2026.03.14-23.20.16:780][312]LogModuleManager: Shutting down and abandoning module DerivedDataCache (212)
[2026.03.14-23.20.16:780][312]LogModuleManager: Shutting down and abandoning module TargetPlatform (210)
[2026.03.14-23.20.16:780][312]LogModuleManager: Shutting down and abandoning module VulkanShaderFormat (209)
[2026.03.14-23.20.16:780][312]LogModuleManager: Shutting down and abandoning module ShaderFormatVectorVM (207)
[2026.03.14-23.20.16:780][312]LogModuleManager: Shutting down and abandoning module ShaderFormatOpenGL (205)
[2026.03.14-23.20.16:780][312]LogModuleManager: Shutting down and abandoning module ShaderFormatD3D (203)
[2026.03.14-23.20.16:780][312]LogModuleManager: Shutting down and abandoning module MetalShaderFormat (201)
[2026.03.14-23.20.16:780][312]LogModuleManager: Shutting down and abandoning module TextureFormatOodle (199)
[2026.03.14-23.20.16:780][312]LogModuleManager: Shutting down and abandoning module TextureFormatUncompressed (197)
[2026.03.14-23.20.16:780][312]LogModuleManager: Shutting down and abandoning module TextureFormatPVR (195)
[2026.03.14-23.20.16:780][312]LogModuleManager: Shutting down and abandoning module TextureFormatETC2 (193)
[2026.03.14-23.20.16:780][312]LogModuleManager: Shutting down and abandoning module TextureFormatDXT (191)
[2026.03.14-23.20.16:780][312]LogModuleManager: Shutting down and abandoning module TextureFormatIntelISPCTexComp (189)
[2026.03.14-23.20.16:780][312]LogModuleManager: Shutting down and abandoning module TextureFormatASTC (187)
[2026.03.14-23.20.16:780][312]LogModuleManager: Shutting down and abandoning module ImageWrapper (186)
[2026.03.14-23.20.16:780][312]LogModuleManager: Shutting down and abandoning module AudioFormatOpus (183)
[2026.03.14-23.20.16:780][312]LogModuleManager: Shutting down and abandoning module AudioFormatOgg (181)
[2026.03.14-23.20.16:780][312]LogModuleManager: Shutting down and abandoning module AudioFormatADPCM (179)
[2026.03.14-23.20.16:780][312]LogModuleManager: Shutting down and abandoning module WindowsServerTargetPlatform (177)
[2026.03.14-23.20.16:780][312]LogModuleManager: Shutting down and abandoning module WindowsClientTargetPlatform (175)
[2026.03.14-23.20.16:780][312]LogModuleManager: Shutting down and abandoning module WindowsTargetPlatform (173)
[2026.03.14-23.20.16:780][312]LogModuleManager: Shutting down and abandoning module WindowsNoEditorTargetPlatform (171)
[2026.03.14-23.20.16:780][312]LogModuleManager: Shutting down and abandoning module TVOSTargetPlatform (169)
[2026.03.14-23.20.16:781][312]LogModuleManager: Shutting down and abandoning module MacServerTargetPlatform (167)
[2026.03.14-23.20.16:781][312]LogModuleManager: Shutting down and abandoning module MacClientTargetPlatform (165)
[2026.03.14-23.20.16:782][312]LogModuleManager: Shutting down and abandoning module MacTargetPlatform (163)
[2026.03.14-23.20.16:782][312]LogModuleManager: Shutting down and abandoning module MacNoEditorTargetPlatform (161)
[2026.03.14-23.20.16:782][312]LogModuleManager: Shutting down and abandoning module LuminTargetPlatform (159)
[2026.03.14-23.20.16:783][312]LogModuleManager: Shutting down and abandoning module LinuxAArch64ServerTargetPlatform (157)
[2026.03.14-23.20.16:783][312]LogModuleManager: Shutting down and abandoning module LinuxAArch64ClientTargetPlatform (155)
[2026.03.14-23.20.16:783][312]LogModuleManager: Shutting down and abandoning module LinuxAArch64NoEditorTargetPlatform (153)
[2026.03.14-23.20.16:783][312]LogModuleManager: Shutting down and abandoning module LinuxServerTargetPlatform (151)
[2026.03.14-23.20.16:783][312]LogModuleManager: Shutting down and abandoning module LinuxClientTargetPlatform (149)
[2026.03.14-23.20.16:783][312]LogModuleManager: Shutting down and abandoning module LinuxNoEditorTargetPlatform (147)
[2026.03.14-23.20.16:783][312]LogModuleManager: Shutting down and abandoning module LinuxTargetPlatform (145)
[2026.03.14-23.20.16:783][312]LogModuleManager: Shutting down and abandoning module Messaging (143)
[2026.03.14-23.20.16:783][312]LogModuleManager: Shutting down and abandoning module IOSTargetPlatform (141)
[2026.03.14-23.20.16:784][312]LogModuleManager: Shutting down and abandoning module AndroidTargetPlatform (139)
[2026.03.14-23.20.16:788][312]LogModuleManager: Shutting down and abandoning module AllDesktopTargetPlatform (137)
[2026.03.14-23.20.16:788][312]LogModuleManager: Shutting down and abandoning module D3D11RHI (134)
[2026.03.14-23.20.16:788][312]LogModuleManager: Shutting down and abandoning module InputCore (132)
[2026.03.14-23.20.16:788][312]LogModuleManager: Shutting down and abandoning module Settings (130)
[2026.03.14-23.20.16:788][312]LogModuleManager: Shutting down and abandoning module DirectoryWatcher (128)
[2026.03.14-23.20.16:789][312]LogModuleManager: Shutting down and abandoning module PhysXCooking (126)
[2026.03.14-23.20.16:789][312]LogModuleManager: Shutting down and abandoning module Chaos (124)
[2026.03.14-23.20.16:789][312]LogModuleManager: Shutting down and abandoning module WindowsPlatformFeatures (122)
[2026.03.14-23.20.16:789][312]LogModuleManager: Shutting down and abandoning module GameplayMediaEncoder (121)
[2026.03.14-23.20.16:789][312]LogModuleManager: Shutting down and abandoning module AVEncoder (120)
[2026.03.14-23.20.16:789][312]LogModuleManager: Shutting down and abandoning module SteamVRInputDevice (116)
[2026.03.14-23.20.16:789][312]LogModuleManager: Shutting down and abandoning module SteamVRInput (114)
[2026.03.14-23.20.16:789][312]LogModuleManager: Shutting down and abandoning module SteamVR (112)
[2026.03.14-23.20.16:789][312]LogHMD: Freeing OpenVRDLLHandle.
[2026.03.14-23.20.16:789][312]LogModuleManager: Shutting down and abandoning module OculusHMD (110)
[2026.03.14-23.20.16:789][312]LogModuleManager: Shutting down and abandoning module OpenXRHandTracking (108)
[2026.03.14-23.20.16:789][312]LogSlate: Slate User Destroyed.  User Index 0, Is Virtual User: 0
[2026.03.14-23.20.16:789][312]LogModuleManager: Shutting down and abandoning module OpenXRAR (106)
[2026.03.14-23.20.16:789][312]LogModuleManager: Shutting down and abandoning module AugmentedReality (105)
[2026.03.14-23.20.16:789][312]LogModuleManager: Shutting down and abandoning module OpenXRHMD (102)
[2026.03.14-23.20.16:790][312]LogModuleManager: Shutting down and abandoning module OpenXREyeTracker (100)
[2026.03.14-23.20.16:790][312]LogModuleManager: Shutting down and abandoning module ExampleDeviceProfileSelector (98)
[2026.03.14-23.20.16:790][312]LogModuleManager: Shutting down and abandoning module LauncherChunkInstaller (96)
[2026.03.14-23.20.16:790][312]LogModuleManager: Shutting down and abandoning module ChunkDownloader (94)
[2026.03.14-23.20.16:790][312]LogModuleManager: Shutting down and abandoning module OnlineBlueprintSupport (92)
[2026.03.14-23.20.16:790][312]LogModuleManager: Shutting down and abandoning module OnlineSubsystem (88)
[2026.03.14-23.20.16:791][312]LogModuleManager: Shutting down and abandoning module XMPP (83)
[2026.03.14-23.20.16:791][312]LogModuleManager: Shutting down and abandoning module WebSockets (82)
[2026.03.14-23.20.16:825][312]LogModuleManager: Shutting down and abandoning module HTTP (79)
[2026.03.14-23.20.16:825][312]LogHttp: Display: Http module shutting down, but needs to wait on 1 outstanding Http requests:
[2026.03.14-23.20.16:825][312]LogHttp: Display: 	verb=[POST] url=[https://datarouter.ol.epicgames.com/datarouter/api/v1/public/data?SessionID=%7BF0BE1D4B-4816-DC46-8848-B3A774DBEE19%7D&AppID=UEEditor.Rocket.Release&AppVersion=4.27.2-18319896%2B%2B%2BUE4%2BRelease-4.27&UserID=504006f14ff8eea1c5ef6a844afcb810%7Ce54e35c6cf81428ab071018d8aa2cafb%7Ce89cadd4-c3bb-4e27-b5a1-93be281c4197&AppEnvironment=datacollector-binary&UploadType=eteventstream] refs=[1] status=Processing
[2026.03.14-23.20.16:825][312]LogHttp: Display: cleaning up 1 outstanding Http requests.
[2026.03.14-23.20.16:857][312]LogModuleManager: Shutting down and abandoning module SSL (78)
[2026.03.14-23.20.16:859][312]LogModuleManager: Shutting down and abandoning module WmfMedia (74)
[2026.03.14-23.20.16:862][312]LogModuleManager: Shutting down and abandoning module Media (73)
[2026.03.14-23.20.16:863][312]LogModuleManager: Shutting down and abandoning module MediaInfo (72)
[2026.03.14-23.20.16:863][312]LogModuleManager: Shutting down and abandoning module ExrReaderGpu (68)
[2026.03.14-23.20.16:863][312]LogModuleManager: Shutting down and abandoning module VariantManagerContent (66)
[2026.03.14-23.20.16:863][312]LogModuleManager: Shutting down and abandoning module MLSDK (64)
[2026.03.14-23.20.16:863][312]LogModuleManager: Shutting down and abandoning module DatasmithContent (62)
[2026.03.14-23.20.16:864][312]LogModuleManager: Shutting down and abandoning module MagicLeap (60)
[2026.03.14-23.20.16:864][312]LogModuleManager: Shutting down and abandoning module ChaosCloth (58)
[2026.03.14-23.20.16:864][312]LogModuleManager: Shutting down and abandoning module NiagaraVertexFactories (56)
[2026.03.14-23.20.16:864][312]LogModuleManager: Shutting down and abandoning module NiagaraShader (54)
[2026.03.14-23.20.16:864][312]LogModuleManager: Shutting down and abandoning module PixWinPlugin (52)
[2026.03.14-23.20.16:864][312]LogModuleManager: Shutting down and abandoning module AISupportModule (50)
[2026.03.14-23.20.16:864][312]LogModuleManager: Shutting down and abandoning module DesktopPlatform (48)
[2026.03.14-23.20.16:864][312]LogModuleManager: Shutting down and abandoning module PythonScriptPluginPreload (46)
[2026.03.14-23.20.16:864][312]LogModuleManager: Shutting down and abandoning module PlatformCryptoOpenSSL (44)
[2026.03.14-23.20.16:864][312]LogModuleManager: Shutting down and abandoning module PlatformCryptoTypes (42)
[2026.03.14-23.20.16:864][312]LogModuleManager: Shutting down and abandoning module PlatformCrypto (40)
[2026.03.14-23.20.16:864][312]LogModuleManager: Shutting down and abandoning module OodleDataCompressionFormat (38)
[2026.03.14-23.20.16:864][312]LogModuleManager: Shutting down and abandoning module XGEController (36)
[2026.03.14-23.20.16:864][312]LogXGEController: Cleaning working directory: C:/Users/titan/AppData/Local/Temp/UnrealXGEWorkingDir/
[2026.03.14-23.20.16:864][312]LogModuleManager: Shutting down and abandoning module AnimationModifiers (34)
[2026.03.14-23.20.16:864][312]LogModuleManager: Shutting down and abandoning module AudioEditor (32)
[2026.03.14-23.20.16:864][312]LogModuleManager: Shutting down and abandoning module PropertyEditor (31)
[2026.03.14-23.20.16:864][312]LogModuleManager: Shutting down and abandoning module TextureCompressor (28)
[2026.03.14-23.20.16:864][312]LogModuleManager: Shutting down and abandoning module RenderCore (26)
[2026.03.14-23.20.16:864][312]LogModuleManager: Shutting down and abandoning module Landscape (24)
[2026.03.14-23.20.16:864][312]LogModuleManager: Shutting down and abandoning module SlateRHIRenderer (22)
[2026.03.14-23.20.16:866][312]LogModuleManager: Shutting down and abandoning module AnimGraphRuntime (20)
[2026.03.14-23.20.16:866][312]LogModuleManager: Shutting down and abandoning module Renderer (18)
[2026.03.14-23.20.16:866][312]LogModuleManager: Shutting down and abandoning module Engine (16)
[2026.03.14-23.20.16:866][312]LogModuleManager: Shutting down and abandoning module CoreUObject (14)
[2026.03.14-23.20.16:866][312]LogModuleManager: Shutting down and abandoning module NetworkFile (12)
[2026.03.14-23.20.16:866][312]LogModuleManager: Shutting down and abandoning module CookedIterativeFile (10)
[2026.03.14-23.20.16:866][312]LogModuleManager: Shutting down and abandoning module StreamingFile (8)
[2026.03.14-23.20.16:866][312]LogModuleManager: Shutting down and abandoning module SandboxFile (6)
[2026.03.14-23.20.16:866][312]LogModuleManager: Shutting down and abandoning module PakFile (4)
[2026.03.14-23.20.16:866][312]LogModuleManager: Shutting down and abandoning module RSA (3)
[2026.03.14-23.20.16:866][312]LogContentStreaming: Display: There are 1 unreleased StreamingManagers
[2026.03.14-23.20.16:887][312]LogD3D11RHI: Shutdown
[2026.03.14-23.20.16:887][312]LogD3D11RHI: CleanupD3DDevice
[2026.03.14-23.20.16:894][312]LogExit: Exiting.
[2026.03.14-23.20.16:903][312]Log file closed, 03/14/26 17:20:16
