Log file open, 03/12/26 15:41:54
LogWindows: Failed to load 'aqProf.dll' (GetLastError=126)
LogWindows: File 'aqProf.dll' does not exist
LogWindows: Failed to load 'VtuneApi.dll' (GetLastError=126)
LogWindows: File 'VtuneApi.dll' does not exist
LogWindows: Failed to load 'VtuneApi32e.dll' (GetLastError=126)
LogWindows: File 'VtuneApi32e.dll' does not exist
LogConsoleResponse: Display: Failed to find resolution value strings in scalability ini. Falling back to default.
LogConsoleResponse: Display: Failed to find resolution value strings in scalability ini. Falling back to default.
LogInit: Display: Running engine for game: RoadHopper
LogPlatformFile: Not using cached read wrapper
LogTaskGraph: Started task graph with 5 named threads and 47 total threads with 3 sets of task threads.
LogStats: Stats thread started at 0.675021
LogICUInternationalization: ICU TimeZone Detection - Raw Offset: -7:00, Platform Override: ''
LogInit: Display: Loading text-based GConfig....
LogPluginManager: Mounting plugin MeshPainting
LogPluginManager: Mounting plugin XGEController
LogPluginManager: Mounting plugin AISupport
LogPluginManager: Mounting plugin Paper2D
LogPluginManager: Mounting plugin LightPropagationVolume
LogPluginManager: Mounting plugin OodleData
LogPluginManager: Mounting plugin GameplayCameras
LogPluginManager: Mounting plugin OodleNetwork
LogPluginManager: Mounting plugin CameraShakePreviewer
LogPluginManager: Mounting plugin LiveLink
LogPluginManager: Mounting plugin AnimationSharing
LogPluginManager: Mounting plugin EnvironmentQueryEditor
LogPluginManager: Mounting plugin CLionSourceCodeAccess
LogPluginManager: Mounting plugin CodeLiteSourceCodeAccess
LogPluginManager: Mounting plugin KDevelopSourceCodeAccess
LogPluginManager: Mounting plugin NullSourceCodeAccess
LogPluginManager: Mounting plugin GitSourceControl
LogPluginManager: Mounting plugin PixWinPlugin
LogPluginManager: Mounting plugin PlasticSourceControl
LogPluginManager: Mounting plugin PluginUtils
LogPluginManager: Mounting plugin PerforceSourceControl
LogPluginManager: Mounting plugin PropertyAccessNode
LogPluginManager: Mounting plugin DatasmithContent
LogPluginManager: Mounting plugin AssetManagerEditor
LogPluginManager: Mounting plugin RiderSourceCodeAccess
LogPluginManager: Mounting plugin SubversionSourceControl
LogPluginManager: Mounting plugin TextureFormatOodle
LogPluginManager: Mounting plugin UObjectPlugin
LogPluginManager: Mounting plugin VisualStudioSourceCodeAccess
LogPluginManager: Mounting plugin VisualStudioCodeSourceCodeAccess
LogPluginManager: Mounting plugin XCodeSourceCodeAccess
LogPluginManager: Mounting plugin VariantManagerContent
LogPluginManager: Mounting plugin CurveEditorTools
LogPluginManager: Mounting plugin CryptoKeys
LogPluginManager: Mounting plugin DataValidation
LogPluginManager: Mounting plugin FacialAnimation
LogPluginManager: Mounting plugin GameplayTagsEditor
LogPluginManager: Mounting plugin GeometryMode
LogPluginManager: Mounting plugin AlembicImporter
LogPluginManager: Mounting plugin MaterialAnalyzer
LogPluginManager: Mounting plugin MacGraphicsSwitching
LogPluginManager: Mounting plugin MobileLauncherProfileWizard
LogPluginManager: Mounting plugin PluginBrowser
LogPluginManager: Mounting plugin AutomationUtils
LogPluginManager: Mounting plugin SpeedTreeImporter
LogPluginManager: Mounting plugin BackChannel
LogPluginManager: Mounting plugin ChaosCloth
LogPluginManager: Mounting plugin ChaosClothEditor
LogPluginManager: Mounting plugin ChaosEditor
LogPluginManager: Mounting plugin ChaosNiagara
LogPluginManager: Mounting plugin ChaosSolverPlugin
LogPluginManager: Mounting plugin CharacterAI
LogPluginManager: Mounting plugin GeometryCache
LogPluginManager: Mounting plugin GeometryCollectionPlugin
LogPluginManager: Mounting plugin GeometryProcessing
LogPluginManager: Mounting plugin MotoSynth
LogPluginManager: Mounting plugin OpenImageDenoise
LogPluginManager: Mounting plugin PlanarCut
LogPluginManager: Mounting plugin PlatformCrypto
LogPluginManager: Mounting plugin ProxyLODPlugin
LogPluginManager: Mounting plugin PythonScriptPlugin
LogPluginManager: Mounting plugin Niagara
LogPluginManager: Mounting plugin SkeletalReduction
LogPluginManager: Mounting plugin AndroidMedia
LogPluginManager: Mounting plugin AvfMedia
LogPluginManager: Mounting plugin LuminPlatformFeatures
LogPluginManager: Mounting plugin ImgMedia
LogPluginManager: Mounting plugin MediaCompositing
LogPluginManager: Mounting plugin MagicLeap
LogPluginManager: Mounting plugin MediaPlayerEditor
LogPluginManager: Mounting plugin MagicLeapLightEstimation
LogPluginManager: Mounting plugin MagicLeapMedia
LogPluginManager: Mounting plugin WebMMedia
LogPluginManager: Mounting plugin WmfMedia
LogPluginManager: Mounting plugin TcpMessaging
LogPluginManager: Mounting plugin ActorSequence
LogPluginManager: Mounting plugin UdpMessaging
LogPluginManager: Mounting plugin MagicLeapPassableWorld
LogPluginManager: Mounting plugin LevelSequenceEditor
LogPluginManager: Mounting plugin MLSDK
LogPluginManager: Mounting plugin MatineeToLevelSequence
LogPluginManager: Mounting plugin TemplateSequence
LogPluginManager: Mounting plugin OnlineSubsystem
LogPluginManager: Mounting plugin LauncherChunkInstaller
LogPluginManager: Mounting plugin ActorLayerUtilities
LogPluginManager: Mounting plugin OnlineSubsystemNull
LogPluginManager: Mounting plugin AndroidDeviceProfileSelector
LogPluginManager: Mounting plugin AndroidMoviePlayer
LogPluginManager: Mounting plugin AndroidPermission
LogPluginManager: Mounting plugin OnlineSubsystemUtils
LogPluginManager: Mounting plugin AppleImageUtils
LogPluginManager: Mounting plugin AppleMoviePlayer
LogPluginManager: Mounting plugin ArchVisCharacter
LogPluginManager: Mounting plugin AssetTags
LogPluginManager: Mounting plugin AudioCapture
LogPluginManager: Mounting plugin AudioSynesthesia
LogPluginManager: Mounting plugin CableComponent
LogPluginManager: Mounting plugin ChunkDownloader
LogPluginManager: Mounting plugin CustomMeshComponent
LogPluginManager: Mounting plugin EditableMesh
LogPluginManager: Mounting plugin ExampleDeviceProfileSelector
LogPluginManager: Mounting plugin GoogleCloudMessaging
LogPluginManager: Mounting plugin GooglePAD
LogPluginManager: Mounting plugin IOSDeviceProfileSelector
LogPluginManager: Mounting plugin LinuxDeviceProfileSelector
LogPluginManager: Mounting plugin LocationServicesBPLibrary
LogPluginManager: Mounting plugin MobilePatchingUtils
LogPluginManager: Mounting plugin OpenXR
LogPluginManager: Mounting plugin ScreenshotTools
LogPluginManager: Mounting plugin OpenXREyeTracker
LogPluginManager: Mounting plugin OpenXRHandTracking
LogPluginManager: Mounting plugin PhysXVehicles
LogPluginManager: Mounting plugin PostSplashScreen
LogPluginManager: Mounting plugin ProceduralMeshComponent
LogPluginManager: Mounting plugin PropertyAccessEditor
LogPluginManager: Mounting plugin RuntimePhysXCooking
LogPluginManager: Mounting plugin SignificanceManager
LogPluginManager: Mounting plugin SoundFields
LogPluginManager: Mounting plugin Synthesis
LogPluginManager: Mounting plugin WebMMoviePlayer
LogPluginManager: Mounting plugin WindowsMoviePlayer
LogPluginManager: Mounting plugin Takes
LogPluginManager: Mounting plugin ContentBrowserAssetDataSource
LogPluginManager: Mounting plugin ContentBrowserClassDataSource
LogPluginManager: Mounting plugin ContentBrowserFileDataSource
LogPluginManager: Mounting plugin OnlineSubsystemGooglePlay
LogPluginManager: Mounting plugin OnlineSubsystemIOS
LogPluginManager: Mounting plugin OculusVR
LogPluginManager: Mounting plugin SteamVR
PixWinPlugin: PIX capture plugin failed to initialize! Check that the process is launched from PIX.
LogInit: Using libcurl 7.55.1-DEV
LogInit:  - built for x86_64-pc-win32
LogInit:  - supports SSL with OpenSSL/1.1.1
LogInit:  - supports HTTP deflate (compression) using libz 1.2.8
LogInit:  - other features:
LogInit:      CURL_VERSION_SSL
LogInit:      CURL_VERSION_LIBZ
LogInit:      CURL_VERSION_IPV6
LogInit:      CURL_VERSION_ASYNCHDNS
LogInit:      CURL_VERSION_LARGEFILE
LogInit:      CURL_VERSION_IDN
LogInit:  CurlRequestOptions (configurable via config and command line):
LogInit:  - bVerifyPeer = true  - Libcurl will verify peer certificate
LogInit:  - bUseHttpProxy = false  - Libcurl will NOT use HTTP proxy
LogInit:  - bDontReuseConnections = false  - Libcurl will reuse connections
LogInit:  - MaxHostConnections = 16  - Libcurl will limit the number of connections to a host
LogInit:  - LocalHostAddr = Default
LogInit:  - BufferSize = 65536
LogOnline: OSS: Creating online subsystem instance for: NULL
LogInit: WinSock: version 1.1 (2.2), MaxSocks=32767, MaxUdp=65467
LogOnline: OSS: TryLoadSubsystemAndSetDefault: Loaded subsystem for module [NULL]
LogOculusPluginWrapper: OculusPlugin initialized successfully
LogHMD: Failed initializing OVRPlugin 1.59.0
LogInit: Build: ++UE4+Release-4.27-CL-18319896
LogInit: Engine Version: 4.27.2-18319896+++UE4+Release-4.27
LogInit: Compatible Engine Version: 4.27.0-17155196+++UE4+Release-4.27
LogInit: Net CL: 17155196
LogInit: OS: Windows 10 (Release 2009) (), CPU: 12th Gen Intel(R) Core(TM) i5-12600K, GPU: NVIDIA GeForce RTX 3080
LogInit: Compiled (64-bit): Nov 30 2021 07:12:08
LogInit: Compiled with Visual C++: 19.24.28315.00
LogInit: Build Configuration: Development
LogInit: Branch Name: ++UE4+Release-4.27
LogInit: Command Line: 
LogInit: Base Directory: D:/Epic Games/UE_4.27/Engine/Binaries/Win64/
LogInit: Allocator: TBB
LogInit: Installed Engine Build: 1
LogDevObjectVersion: Number of dev versions registered: 29
LogDevObjectVersion:   Dev-Blueprints (B0D832E4-1F89-4F0D-ACCF-7EB736FD4AA2): 10
LogDevObjectVersion:   Dev-Build (E1C64328-A22C-4D53-A36C-8E866417BD8C): 0
LogDevObjectVersion:   Dev-Core (375EC13C-06E4-48FB-B500-84F0262A717E): 4
LogDevObjectVersion:   Dev-Editor (E4B068ED-F494-42E9-A231-DA0B2E46BB41): 40
LogDevObjectVersion:   Dev-Framework (CFFC743F-43B0-4480-9391-14DF171D2073): 37
LogDevObjectVersion:   Dev-Mobile (B02B49B5-BB20-44E9-A304-32B752E40360): 3
LogDevObjectVersion:   Dev-Networking (A4E4105C-59A1-49B5-A7C5-40C4547EDFEE): 0
LogDevObjectVersion:   Dev-Online (39C831C9-5AE6-47DC-9A44-9C173E1C8E7C): 0
LogDevObjectVersion:   Dev-Physics (78F01B33-EBEA-4F98-B9B4-84EACCB95AA2): 14
LogDevObjectVersion:   Dev-Platform (6631380F-2D4D-43E0-8009-CF276956A95A): 0
LogDevObjectVersion:   Dev-Rendering (12F88B9F-8875-4AFC-A67C-D90C383ABD29): 45
LogDevObjectVersion:   Dev-Sequencer (7B5AE74C-D270-4C10-A958-57980B212A5A): 13
LogDevObjectVersion:   Dev-VR (D7296918-1DD6-4BDD-9DE2-64A83CC13884): 3
LogDevObjectVersion:   Dev-LoadTimes (C2A15278-BFE7-4AFE-6C17-90FF531DF755): 1
LogDevObjectVersion:   Private-Geometry (6EACA3D4-40EC-4CC1-B786-8BED09428FC5): 3
LogDevObjectVersion:   Dev-AnimPhys (29E575DD-E0A3-4627-9D10-D276232CDCEA): 17
LogDevObjectVersion:   Dev-Anim (AF43A65D-7FD3-4947-9873-3E8ED9C1BB05): 15
LogDevObjectVersion:   Dev-ReflectionCapture (6B266CEC-1EC7-4B8F-A30B-E4D90942FC07): 1
LogDevObjectVersion:   Dev-Automation (0DF73D61-A23F-47EA-B727-89E90C41499A): 1
LogDevObjectVersion:   FortniteMain (601D1886-AC64-4F84-AA16-D3DE0DEAC7D6): 47
LogDevObjectVersion:   FortniteRelease (E7086368-6B23-4C58-8439-1B7016265E91): 1
LogDevObjectVersion:   Dev-Enterprise (9DFFBCD6-494F-0158-E221-12823C92A888): 10
LogDevObjectVersion:   Dev-Niagara (F2AED0AC-9AFE-416F-8664-AA7FFA26D6FC): 1
LogDevObjectVersion:   Dev-Destruction (174F1F0B-B4C6-45A5-B13F-2EE8D0FB917D): 10
LogDevObjectVersion:   Dev-Physics-Ext (35F94A83-E258-406C-A318-09F59610247C): 41
LogDevObjectVersion:   Dev-PhysicsMaterial-Chaos (B68FC16E-8B1B-42E2-B453-215C058844FE): 1
LogDevObjectVersion:   Dev-CineCamera (B2E18506-4273-CFC2-A54E-F4BB758BBA07): 1
LogDevObjectVersion:   Dev-VirtualProduction (64F58936-FD1B-42BA-BA96-7289D5D0FA4E): 1
LogDevObjectVersion:   Dev-MediaFramework (6F0ED827-A609-4895-9C91-998D90180EA4): 2
LogInit: Presizing for max 25165824 objects, including 0 objects not considered by GC, pre-allocating 0 bytes for permanent pool.
LogConfig: Applying CVar settings from Section [/Script/Engine.StreamingSettings] File [C:/Users/titan/Desktop/Titan_RoadHopper/RoadHopper4.27/Saved/Config/Windows/Engine.ini]
LogConfig: Setting CVar [[s.MinBulkDataSizeForAsyncLoading:131072]]
LogConfig: Setting CVar [[s.AsyncLoadingThreadEnabled:0]]
LogConfig: Setting CVar [[s.EventDrivenLoaderEnabled:1]]
LogConfig: Setting CVar [[s.WarnIfTimeLimitExceeded:0]]
LogConfig: Setting CVar [[s.TimeLimitExceededMultiplier:1.5]]
LogConfig: Setting CVar [[s.TimeLimitExceededMinTime:0.005]]
LogConfig: Setting CVar [[s.UseBackgroundLevelStreaming:1]]
LogConfig: Setting CVar [[s.PriorityAsyncLoadingExtraTime:15.0]]
LogConfig: Setting CVar [[s.LevelStreamingActorsUpdateTimeLimit:5.0]]
LogConfig: Setting CVar [[s.PriorityLevelStreamingActorsUpdateExtraTime:5.0]]
LogConfig: Setting CVar [[s.LevelStreamingComponentsRegistrationGranularity:10]]
LogConfig: Setting CVar [[s.UnregisterComponentsTimeLimit:1.0]]
LogConfig: Setting CVar [[s.LevelStreamingComponentsUnregistrationGranularity:5]]
LogConfig: Setting CVar [[s.FlushStreamingOnExit:1]]
LogInit: Object subsystem initialized
LogConfig: Setting CVar [[con.DebugEarlyDefault:1]]
LogConfig: Setting CVar [[r.setres:1280x720]]
[2026.03.12-21.41.56:983][  0]LogConfig: Setting CVar [[r.VSync:0]]
[2026.03.12-21.41.56:983][  0]LogConfig: Setting CVar [[r.RHICmdBypass:0]]
[2026.03.12-21.41.56:984][  0]LogConfig: Applying CVar settings from Section [/Script/Engine.RendererSettings] File [C:/Users/titan/Desktop/Titan_RoadHopper/RoadHopper4.27/Saved/Config/Windows/Engine.ini]
[2026.03.12-21.41.56:984][  0]LogConfig: Setting CVar [[r.GPUCrashDebugging:0]]
[2026.03.12-21.41.56:984][  0]LogConfig: Setting CVar [[r.Mobile.DisableVertexFog:1]]
[2026.03.12-21.41.56:984][  0]LogConfig: Setting CVar [[r.Shadow.CSM.MaxMobileCascades:2]]
[2026.03.12-21.41.56:984][  0]LogConfig: Setting CVar [[r.MobileMSAA:1]]
[2026.03.12-21.41.56:984][  0]LogConfig: Setting CVar [[r.Mobile.AllowDitheredLODTransition:0]]
[2026.03.12-21.41.56:984][  0]LogConfig: Setting CVar [[r.Mobile.AllowSoftwareOcclusion:0]]
[2026.03.12-21.41.56:984][  0]LogConfig: Setting CVar [[r.Mobile.VirtualTextures:0]]
[2026.03.12-21.41.56:984][  0]LogConfig: Setting CVar [[r.DiscardUnusedQuality:0]]
[2026.03.12-21.41.56:984][  0]LogConfig: Setting CVar [[r.AllowOcclusionQueries:1]]
[2026.03.12-21.41.56:984][  0]LogConfig: Setting CVar [[r.MinScreenRadiusForLights:0.030000]]
[2026.03.12-21.41.56:984][  0]LogConfig: Setting CVar [[r.MinScreenRadiusForDepthPrepass:0.030000]]
[2026.03.12-21.41.56:984][  0]LogConfig: Setting CVar [[r.MinScreenRadiusForCSMDepth:0.010000]]
[2026.03.12-21.41.56:984][  0]LogConfig: Setting CVar [[r.PrecomputedVisibilityWarning:0]]
[2026.03.12-21.41.56:984][  0]LogConfig: Setting CVar [[r.TextureStreaming:1]]
[2026.03.12-21.41.56:984][  0]LogConfig: Setting CVar [[Compat.UseDXT5NormalMaps:0]]
[2026.03.12-21.41.56:984][  0]LogConfig: Setting CVar [[r.VirtualTextures:0]]
[2026.03.12-21.41.56:984][  0]LogConfig: Setting CVar [[r.VT.EnableAutoImport:1]]
[2026.03.12-21.41.56:984][  0]LogConfig: Setting CVar [[r.VirtualTexturedLightmaps:0]]
[2026.03.12-21.41.56:984][  0]LogConfig: Setting CVar [[r.VT.TileSize:128]]
[2026.03.12-21.41.56:984][  0]LogConfig: Setting CVar [[r.VT.TileBorderSize:4]]
[2026.03.12-21.41.56:984][  0]LogConfig: Setting CVar [[r.vt.FeedbackFactor:16]]
[2026.03.12-21.41.56:984][  0]LogConfig: Setting CVar [[r.VT.EnableCompressZlib:1]]
[2026.03.12-21.41.56:984][  0]LogConfig: Setting CVar [[r.VT.EnableCompressCrunch:0]]
[2026.03.12-21.41.56:984][  0]LogConfig: Setting CVar [[r.ClearCoatNormal:0]]
[2026.03.12-21.41.56:984][  0]LogConfig: Setting CVar [[r.ReflectionCaptureResolution:128]]
[2026.03.12-21.41.56:984][  0]LogConfig: Setting CVar [[r.Mobile.ReflectionCaptureCompression:0]]
[2026.03.12-21.41.56:984][  0]LogConfig: Setting CVar [[r.ReflectionEnvironmentLightmapMixBasedOnRoughness:1]]
[2026.03.12-21.41.56:984][  0]LogConfig: Setting CVar [[r.ForwardShading:0]]
[2026.03.12-21.41.56:984][  0]LogConfig: Setting CVar [[r.VertexFoggingForOpaque:1]]
[2026.03.12-21.41.56:984][  0]LogConfig: Setting CVar [[r.AllowStaticLighting:1]]
[2026.03.12-21.41.56:984][  0]LogConfig: Setting CVar [[r.NormalMapsForStaticLighting:0]]
[2026.03.12-21.41.56:984][  0]LogConfig: Setting CVar [[r.GenerateMeshDistanceFields:0]]
[2026.03.12-21.41.56:984][  0]LogConfig: Setting CVar [[r.DistanceFieldBuild.EightBit:0]]
[2026.03.12-21.41.56:984][  0]LogConfig: Setting CVar [[r.GenerateLandscapeGIData:0]]
[2026.03.12-21.41.56:984][  0]LogConfig: Setting CVar [[r.DistanceFieldBuild.Compress:0]]
[2026.03.12-21.41.56:984][  0]LogConfig: Setting CVar [[r.TessellationAdaptivePixelsPerTriangle:48.000000]]
[2026.03.12-21.41.56:984][  0]LogConfig: Setting CVar [[r.SeparateTranslucency:1]]
[2026.03.12-21.41.56:984][  0]LogConfig: Setting CVar [[r.TranslucentSortPolicy:0]]
[2026.03.12-21.41.56:984][  0]LogConfig: Setting CVar [[vr.VRS.HMDFixedFoveationLevel:0]]
[2026.03.12-21.41.56:984][  0]LogConfig: Setting CVar [[r.CustomDepth:1]]
[2026.03.12-21.41.56:984][  0]LogConfig: Setting CVar [[r.CustomDepthTemporalAAJitter:1]]
[2026.03.12-21.41.56:984][  0]LogConfig: Setting CVar [[r.PostProcessing.PropagateAlpha:0]]
[2026.03.12-21.41.56:984][  0]LogConfig: Setting CVar [[r.DefaultFeature.Bloom:1]]
[2026.03.12-21.41.56:984][  0]LogConfig: Setting CVar [[r.DefaultFeature.AmbientOcclusion:1]]
[2026.03.12-21.41.56:984][  0]LogConfig: Setting CVar [[r.DefaultFeature.AmbientOcclusionStaticFraction:1]]
[2026.03.12-21.41.56:984][  0]LogConfig: Setting CVar [[r.DefaultFeature.AutoExposure:0]]
[2026.03.12-21.41.56:984][  0]LogConfig: Setting CVar [[r.DefaultFeature.AutoExposure.Method:0]]
[2026.03.12-21.41.56:984][  0]LogConfig: Setting CVar [[r.DefaultFeature.AutoExposure.Bias:1.000000]]
[2026.03.12-21.41.56:984][  0]LogConfig: Setting CVar [[r.DefaultFeature.AutoExposure.ExtendDefaultLuminanceRange:0]]
[2026.03.12-21.41.56:984][  0]LogConfig: Setting CVar [[r.UsePreExposure:1]]
[2026.03.12-21.41.56:984][  0]LogConfig: Setting CVar [[r.EyeAdaptation.EditorOnly:0]]
[2026.03.12-21.41.56:984][  0]LogConfig: Setting CVar [[r.DefaultFeature.MotionBlur:0]]
[2026.03.12-21.41.56:984][  0]LogConfig: Setting CVar [[r.DefaultFeature.LensFlare:0]]
[2026.03.12-21.41.56:984][  0]LogConfig: Setting CVar [[r.TemporalAA.Upsampling:0]]
[2026.03.12-21.41.56:984][  0]LogConfig: Setting CVar [[r.SSGI.Enable:0]]
[2026.03.12-21.41.56:984][  0]LogConfig: Setting CVar [[r.DefaultFeature.AntiAliasing:0]]
[2026.03.12-21.41.56:984][  0]LogConfig: Setting CVar [[r.DefaultFeature.LightUnits:1]]
[2026.03.12-21.41.56:984][  0]LogConfig: Setting CVar [[r.DefaultBackBufferPixelFormat:4]]
[2026.03.12-21.41.56:984][  0]LogConfig: Setting CVar [[r.Shadow.UnbuiltPreviewInGame:1]]
[2026.03.12-21.41.56:984][  0]LogConfig: Setting CVar [[r.StencilForLODDither:0]]
[2026.03.12-21.41.56:984][  0]LogConfig: Setting CVar [[r.EarlyZPass:3]]
[2026.03.12-21.41.56:985][  0]LogConfig: Setting CVar [[r.EarlyZPassOnlyMaterialMasking:0]]
[2026.03.12-21.41.56:985][  0]LogConfig: Setting CVar [[r.DBuffer:1]]
[2026.03.12-21.41.56:985][  0]LogConfig: Setting CVar [[r.ClearSceneMethod:1]]
[2026.03.12-21.41.56:985][  0]LogConfig: Setting CVar [[r.BasePassOutputsVelocity:0]]
[2026.03.12-21.41.56:985][  0]LogConfig: Setting CVar [[r.VertexDeformationOutputsVelocity:0]]
[2026.03.12-21.41.56:985][  0]LogConfig: Setting CVar [[r.SelectiveBasePassOutputs:0]]
[2026.03.12-21.41.56:985][  0]LogConfig: Setting CVar [[fx.GPUSimulationTextureSizeX:1024]]
[2026.03.12-21.41.56:985][  0]LogConfig: Setting CVar [[fx.GPUSimulationTextureSizeY:1024]]
[2026.03.12-21.41.56:985][  0]LogConfig: Setting CVar [[r.AllowGlobalClipPlane:0]]
[2026.03.12-21.41.56:985][  0]LogConfig: Setting CVar [[r.GBufferFormat:1]]
[2026.03.12-21.41.56:985][  0]LogConfig: Setting CVar [[r.MorphTarget.Mode:1]]
[2026.03.12-21.41.56:985][  0]LogConfig: Setting CVar [[vr.InstancedStereo:0]]
[2026.03.12-21.41.56:985][  0]LogConfig: Setting CVar [[r.MobileHDR:1]]
[2026.03.12-21.41.56:985][  0]LogConfig: Setting CVar [[vr.MobileMultiView:0]]
[2026.03.12-21.41.56:985][  0]LogConfig: Setting CVar [[r.Mobile.UseHWsRGBEncoding:0]]
[2026.03.12-21.41.56:985][  0]LogConfig: Setting CVar [[vr.RoundRobinOcclusion:0]]
[2026.03.12-21.41.56:985][  0]LogConfig: Setting CVar [[vr.ODSCapture:0]]
[2026.03.12-21.41.56:985][  0]LogConfig: Setting CVar [[r.MeshStreaming:0]]
[2026.03.12-21.41.56:985][  0]LogConfig: Setting CVar [[r.WireframeCullThreshold:5.000000]]
[2026.03.12-21.41.56:985][  0]LogConfig: Setting CVar [[r.RayTracing:0]]
[2026.03.12-21.41.56:985][  0]LogConfig: Setting CVar [[r.RayTracing.UseTextureLod:0]]
[2026.03.12-21.41.56:985][  0]LogConfig: Setting CVar [[r.SupportStationarySkylight:1]]
[2026.03.12-21.41.56:985][  0]LogConfig: Setting CVar [[r.SupportLowQualityLightmaps:1]]
[2026.03.12-21.41.56:985][  0]LogConfig: Setting CVar [[r.SupportPointLightWholeSceneShadows:1]]
[2026.03.12-21.41.56:985][  0]LogConfig: Setting CVar [[r.SupportAtmosphericFog:1]]
[2026.03.12-21.41.56:985][  0]LogConfig: Setting CVar [[r.SupportSkyAtmosphere:1]]
[2026.03.12-21.41.56:985][  0]LogConfig: Setting CVar [[r.SupportSkyAtmosphereAffectsHeightFog:0]]
[2026.03.12-21.41.56:985][  0]LogConfig: Setting CVar [[r.SkinCache.CompileShaders:0]]
[2026.03.12-21.41.56:985][  0]LogConfig: Setting CVar [[r.SkinCache.DefaultBehavior:1]]
[2026.03.12-21.41.56:985][  0]LogConfig: Setting CVar [[r.SkinCache.SceneMemoryLimitInMB:128.000000]]
[2026.03.12-21.41.56:985][  0]LogConfig: Setting CVar [[r.Mobile.EnableStaticAndCSMShadowReceivers:1]]
[2026.03.12-21.41.56:985][  0]LogConfig: Setting CVar [[r.Mobile.EnableMovableLightCSMShaderCulling:1]]
[2026.03.12-21.41.56:985][  0]LogConfig: Setting CVar [[r.Mobile.AllowDistanceFieldShadows:1]]
[2026.03.12-21.41.56:985][  0]LogConfig: Setting CVar [[r.Mobile.AllowMovableDirectionalLights:1]]
[2026.03.12-21.41.56:985][  0]LogConfig: Setting CVar [[r.MobileNumDynamicPointLights:4]]
[2026.03.12-21.41.56:985][  0]LogConfig: Setting CVar [[r.MobileDynamicPointLightsUseStaticBranch:1]]
[2026.03.12-21.41.56:985][  0]LogConfig: Setting CVar [[r.Mobile.EnableMovableSpotlights:0]]
[2026.03.12-21.41.56:985][  0]LogConfig: Setting CVar [[r.Mobile.EnableMovableSpotlightsShadow:0]]
[2026.03.12-21.41.56:985][  0]LogConfig: Setting CVar [[r.GPUSkin.Support16BitBoneIndex:0]]
[2026.03.12-21.41.56:985][  0]LogConfig: Setting CVar [[r.GPUSkin.Limit2BoneInfluences:0]]
[2026.03.12-21.41.56:985][  0]LogConfig: Setting CVar [[r.SupportDepthOnlyIndexBuffers:1]]
[2026.03.12-21.41.56:985][  0]LogConfig: Setting CVar [[r.SupportReversedIndexBuffers:1]]
[2026.03.12-21.41.56:985][  0]LogConfig: Setting CVar [[r.LightPropagationVolume:0]]
[2026.03.12-21.41.56:985][  0]LogConfig: Setting CVar [[r.Mobile.AmbientOcclusion:0]]
[2026.03.12-21.41.56:985][  0]LogConfig: Setting CVar [[r.GPUSkin.UnlimitedBoneInfluences:0]]
[2026.03.12-21.41.56:985][  0]LogConfig: Setting CVar [[r.GPUSkin.UnlimitedBoneInfluencesThreshold:8]]
[2026.03.12-21.41.56:985][  0]LogConfig: Setting CVar [[r.Mobile.PlanarReflectionMode:0]]
[2026.03.12-21.41.56:985][  0]LogConfig: Setting CVar [[r.Mobile.SupportsGen4TAA:0]]
[2026.03.12-21.41.56:985][  0]LogConfig: Applying CVar settings from Section [/Script/Engine.RendererOverrideSettings] File [C:/Users/titan/Desktop/Titan_RoadHopper/RoadHopper4.27/Saved/Config/Windows/Engine.ini]
[2026.03.12-21.41.56:985][  0]LogConfig: Applying CVar settings from Section [/Script/Engine.StreamingSettings] File [C:/Users/titan/Desktop/Titan_RoadHopper/RoadHopper4.27/Saved/Config/Windows/Engine.ini]
[2026.03.12-21.41.56:985][  0]LogConfig: Setting CVar [[s.MinBulkDataSizeForAsyncLoading:131072]]
[2026.03.12-21.41.56:985][  0]LogConfig: Setting CVar [[s.AsyncLoadingThreadEnabled:0]]
[2026.03.12-21.41.56:985][  0]LogConfig: Setting CVar [[s.EventDrivenLoaderEnabled:1]]
[2026.03.12-21.41.56:985][  0]LogConfig: Setting CVar [[s.WarnIfTimeLimitExceeded:0]]
[2026.03.12-21.41.56:986][  0]LogConfig: Setting CVar [[s.TimeLimitExceededMultiplier:1.5]]
[2026.03.12-21.41.56:986][  0]LogConfig: Setting CVar [[s.TimeLimitExceededMinTime:0.005]]
[2026.03.12-21.41.56:986][  0]LogConfig: Setting CVar [[s.UseBackgroundLevelStreaming:1]]
[2026.03.12-21.41.56:986][  0]LogConfig: Setting CVar [[s.PriorityAsyncLoadingExtraTime:15.0]]
[2026.03.12-21.41.56:986][  0]LogConfig: Setting CVar [[s.LevelStreamingActorsUpdateTimeLimit:5.0]]
[2026.03.12-21.41.56:986][  0]LogConfig: Setting CVar [[s.PriorityLevelStreamingActorsUpdateExtraTime:5.0]]
[2026.03.12-21.41.56:986][  0]LogConfig: Setting CVar [[s.LevelStreamingComponentsRegistrationGranularity:10]]
[2026.03.12-21.41.56:986][  0]LogConfig: Setting CVar [[s.UnregisterComponentsTimeLimit:1.0]]
[2026.03.12-21.41.56:986][  0]LogConfig: Setting CVar [[s.LevelStreamingComponentsUnregistrationGranularity:5]]
[2026.03.12-21.41.56:986][  0]LogConfig: Setting CVar [[s.FlushStreamingOnExit:1]]
[2026.03.12-21.41.56:986][  0]LogConfig: Applying CVar settings from Section [/Script/Engine.GarbageCollectionSettings] File [C:/Users/titan/Desktop/Titan_RoadHopper/RoadHopper4.27/Saved/Config/Windows/Engine.ini]
[2026.03.12-21.41.56:986][  0]LogConfig: Setting CVar [[gc.MaxObjectsNotConsideredByGC:1]]
[2026.03.12-21.41.56:986][  0]LogConfig: Setting CVar [[gc.SizeOfPermanentObjectPool:0]]
[2026.03.12-21.41.56:986][  0]LogConfig: Setting CVar [[gc.FlushStreamingOnGC:0]]
[2026.03.12-21.41.56:986][  0]LogConfig: Setting CVar [[gc.NumRetriesBeforeForcingGC:10]]
[2026.03.12-21.41.56:986][  0]LogConfig: Setting CVar [[gc.AllowParallelGC:1]]
[2026.03.12-21.41.56:986][  0]LogConfig: Setting CVar [[gc.TimeBetweenPurgingPendingKillObjects:61.1]]
[2026.03.12-21.41.56:986][  0]LogConfig: Setting CVar [[gc.MaxObjectsInEditor:25165824]]
[2026.03.12-21.41.56:986][  0]LogConfig: Setting CVar [[gc.IncrementalBeginDestroyEnabled:1]]
[2026.03.12-21.41.56:986][  0]LogConfig: Setting CVar [[gc.CreateGCClusters:1]]
[2026.03.12-21.41.56:986][  0]LogConfig: Setting CVar [[gc.MinGCClusterSize:5]]
[2026.03.12-21.41.56:986][  0]LogConfig: Setting CVar [[gc.ActorClusteringEnabled:0]]
[2026.03.12-21.41.56:986][  0]LogConfig: Setting CVar [[gc.BlueprintClusteringEnabled:0]]
[2026.03.12-21.41.56:986][  0]LogConfig: Setting CVar [[gc.UseDisregardForGCOnDedicatedServers:0]]
[2026.03.12-21.41.56:986][  0]LogConfig: Setting CVar [[gc.MultithreadedDestructionEnabled:1]]
[2026.03.12-21.41.56:986][  0]LogConfig: Applying CVar settings from Section [/Script/Engine.NetworkSettings] File [C:/Users/titan/Desktop/Titan_RoadHopper/RoadHopper4.27/Saved/Config/Windows/Engine.ini]
[2026.03.12-21.41.56:986][  0]LogConfig: Applying CVar settings from Section [/Script/UnrealEd.CookerSettings] File [C:/Users/titan/Desktop/Titan_RoadHopper/RoadHopper4.27/Saved/Config/Windows/Engine.ini]
[2026.03.12-21.41.57:012][  0]LogConfig: Applying CVar settings from Section [ViewDistanceQuality@3] File [C:/Users/titan/Desktop/Titan_RoadHopper/RoadHopper4.27/Saved/Config/Windows/Scalability.ini]
[2026.03.12-21.41.57:012][  0]LogConfig: Setting CVar [[r.SkeletalMeshLODBias:0]]
[2026.03.12-21.41.57:012][  0]LogConfig: Setting CVar [[r.ViewDistanceScale:1.0]]
[2026.03.12-21.41.57:012][  0]LogConfig: Applying CVar settings from Section [AntiAliasingQuality@3] File [C:/Users/titan/Desktop/Titan_RoadHopper/RoadHopper4.27/Saved/Config/Windows/Scalability.ini]
[2026.03.12-21.41.57:012][  0]LogConfig: Setting CVar [[r.PostProcessAAQuality:4]]
[2026.03.12-21.41.57:012][  0]LogConfig: Applying CVar settings from Section [ShadowQuality@3] File [C:/Users/titan/Desktop/Titan_RoadHopper/RoadHopper4.27/Saved/Config/Windows/Scalability.ini]
[2026.03.12-21.41.57:012][  0]LogConfig: Setting CVar [[r.LightFunctionQuality:1]]
[2026.03.12-21.41.57:012][  0]LogConfig: Setting CVar [[r.ShadowQuality:5]]
[2026.03.12-21.41.57:012][  0]LogConfig: Setting CVar [[r.Shadow.CSM.MaxCascades:10]]
[2026.03.12-21.41.57:012][  0]LogConfig: Setting CVar [[r.Shadow.MaxResolution:2048]]
[2026.03.12-21.41.57:012][  0]LogConfig: Setting CVar [[r.Shadow.MaxCSMResolution:2048]]
[2026.03.12-21.41.57:012][  0]LogConfig: Setting CVar [[r.Shadow.RadiusThreshold:0.01]]
[2026.03.12-21.41.57:012][  0]LogConfig: Setting CVar [[r.Shadow.DistanceScale:1.0]]
[2026.03.12-21.41.57:012][  0]LogConfig: Setting CVar [[r.Shadow.CSM.TransitionScale:1.0]]
[2026.03.12-21.41.57:012][  0]LogConfig: Setting CVar [[r.Shadow.PreShadowResolutionFactor:1.0]]
[2026.03.12-21.41.57:012][  0]LogConfig: Setting CVar [[r.DistanceFieldShadowing:1]]
[2026.03.12-21.41.57:012][  0]LogConfig: Setting CVar [[r.DistanceFieldAO:1]]
[2026.03.12-21.41.57:012][  0]LogConfig: Setting CVar [[r.AOQuality:2]]
[2026.03.12-21.41.57:012][  0]LogConfig: Setting CVar [[r.VolumetricFog:1]]
[2026.03.12-21.41.57:012][  0]LogConfig: Setting CVar [[r.VolumetricFog.GridPixelSize:8]]
[2026.03.12-21.41.57:012][  0]LogConfig: Setting CVar [[r.VolumetricFog.GridSizeZ:128]]
[2026.03.12-21.41.57:012][  0]LogConfig: Setting CVar [[r.VolumetricFog.HistoryMissSupersampleCount:4]]
[2026.03.12-21.41.57:012][  0]LogConfig: Setting CVar [[r.LightMaxDrawDistanceScale:1]]
[2026.03.12-21.41.57:012][  0]LogConfig: Setting CVar [[r.CapsuleShadows:1]]
[2026.03.12-21.41.57:012][  0]LogConfig: Applying CVar settings from Section [PostProcessQuality@3] File [C:/Users/titan/Desktop/Titan_RoadHopper/RoadHopper4.27/Saved/Config/Windows/Scalability.ini]
[2026.03.12-21.41.57:012][  0]LogConfig: Setting CVar [[r.MotionBlurQuality:4]]
[2026.03.12-21.41.57:012][  0]LogConfig: Setting CVar [[r.AmbientOcclusionMipLevelFactor:0.4]]
[2026.03.12-21.41.57:012][  0]LogConfig: Setting CVar [[r.AmbientOcclusionMaxQuality:100]]
[2026.03.12-21.41.57:012][  0]LogConfig: Setting CVar [[r.AmbientOcclusionLevels:-1]]
[2026.03.12-21.41.57:012][  0]LogConfig: Setting CVar [[r.AmbientOcclusionRadiusScale:1.0]]
[2026.03.12-21.41.57:012][  0]LogConfig: Setting CVar [[r.DepthOfFieldQuality:2]]
[2026.03.12-21.41.57:012][  0]LogConfig: Setting CVar [[r.RenderTargetPoolMin:400]]
[2026.03.12-21.41.57:012][  0]LogConfig: Setting CVar [[r.LensFlareQuality:2]]
[2026.03.12-21.41.57:012][  0]LogConfig: Setting CVar [[r.SceneColorFringeQuality:1]]
[2026.03.12-21.41.57:012][  0]LogConfig: Setting CVar [[r.EyeAdaptationQuality:2]]
[2026.03.12-21.41.57:012][  0]LogConfig: Setting CVar [[r.BloomQuality:5]]
[2026.03.12-21.41.57:012][  0]LogConfig: Setting CVar [[r.FastBlurThreshold:100]]
[2026.03.12-21.41.57:012][  0]LogConfig: Setting CVar [[r.Upscale.Quality:3]]
[2026.03.12-21.41.57:012][  0]LogConfig: Setting CVar [[r.Tonemapper.GrainQuantization:1]]
[2026.03.12-21.41.57:012][  0]LogConfig: Setting CVar [[r.LightShaftQuality:1]]
[2026.03.12-21.41.57:012][  0]LogConfig: Setting CVar [[r.Filter.SizeScale:1]]
[2026.03.12-21.41.57:012][  0]LogConfig: Setting CVar [[r.Tonemapper.Quality:5]]
[2026.03.12-21.41.57:012][  0]LogConfig: Setting CVar [[r.DOF.Gather.AccumulatorQuality:1        ; higher gathering accumulator quality]]
[2026.03.12-21.41.57:012][  0]LogConfig: Setting CVar [[r.DOF.Gather.PostfilterMethod:1          ; Median3x3 postfilering method]]
[2026.03.12-21.41.57:012][  0]LogConfig: Setting CVar [[r.DOF.Gather.EnableBokehSettings:0       ; no bokeh simulation when gathering]]
[2026.03.12-21.41.57:012][  0]LogConfig: Setting CVar [[r.DOF.Gather.RingCount:4                 ; medium number of samples when gathering]]
[2026.03.12-21.41.57:012][  0]LogConfig: Setting CVar [[r.DOF.Scatter.ForegroundCompositing:1    ; additive foreground scattering]]
[2026.03.12-21.41.57:012][  0]LogConfig: Setting CVar [[r.DOF.Scatter.BackgroundCompositing:2    ; additive background scattering]]
[2026.03.12-21.41.57:012][  0]LogConfig: Setting CVar [[r.DOF.Scatter.EnableBokehSettings:1      ; bokeh simulation when scattering]]
[2026.03.12-21.41.57:012][  0]LogConfig: Setting CVar [[r.DOF.Scatter.MaxSpriteRatio:0.1         ; only a maximum of 10% of scattered bokeh]]
[2026.03.12-21.41.57:012][  0]LogConfig: Setting CVar [[r.DOF.Recombine.Quality:1                ; cheap slight out of focus]]
[2026.03.12-21.41.57:012][  0]LogConfig: Setting CVar [[r.DOF.Recombine.EnableBokehSettings:0    ; no bokeh simulation on slight out of focus]]
[2026.03.12-21.41.57:012][  0]LogConfig: Setting CVar [[r.DOF.TemporalAAQuality:1                ; more stable temporal accumulation]]
[2026.03.12-21.41.57:012][  0]LogConfig: Setting CVar [[r.DOF.Kernel.MaxForegroundRadius:0.025]]
[2026.03.12-21.41.57:012][  0]LogConfig: Setting CVar [[r.DOF.Kernel.MaxBackgroundRadius:0.025]]
[2026.03.12-21.41.57:012][  0]LogConfig: Applying CVar settings from Section [TextureQuality@3] File [C:/Users/titan/Desktop/Titan_RoadHopper/RoadHopper4.27/Saved/Config/Windows/Scalability.ini]
[2026.03.12-21.41.57:012][  0]LogConfig: Setting CVar [[r.Streaming.MipBias:0]]
[2026.03.12-21.41.57:012][  0]LogConfig: Setting CVar [[r.Streaming.AmortizeCPUToGPUCopy:0]]
[2026.03.12-21.41.57:012][  0]LogConfig: Setting CVar [[r.Streaming.MaxNumTexturesToStreamPerFrame:0]]
[2026.03.12-21.41.57:012][  0]LogConfig: Setting CVar [[r.Streaming.Boost:1]]
[2026.03.12-21.41.57:012][  0]LogConfig: Setting CVar [[r.MaxAnisotropy:8]]
[2026.03.12-21.41.57:012][  0]LogConfig: Setting CVar [[r.VT.MaxAnisotropy:8]]
[2026.03.12-21.41.57:012][  0]LogConfig: Setting CVar [[r.Streaming.LimitPoolSizeToVRAM:0]]
[2026.03.12-21.41.57:012][  0]LogConfig: Setting CVar [[r.Streaming.PoolSize:1000]]
[2026.03.12-21.41.57:012][  0]LogConfig: Setting CVar [[r.Streaming.MaxEffectiveScreenSize:0]]
[2026.03.12-21.41.57:012][  0]LogConfig: Applying CVar settings from Section [EffectsQuality@3] File [C:/Users/titan/Desktop/Titan_RoadHopper/RoadHopper4.27/Saved/Config/Windows/Scalability.ini]
[2026.03.12-21.41.57:012][  0]LogConfig: Setting CVar [[r.TranslucencyLightingVolumeDim:64]]
[2026.03.12-21.41.57:012][  0]LogConfig: Setting CVar [[r.RefractionQuality:2]]
[2026.03.12-21.41.57:012][  0]LogConfig: Setting CVar [[r.SSR.Quality:3]]
[2026.03.12-21.41.57:012][  0]LogConfig: Setting CVar [[r.SSR.HalfResSceneColor:0]]
[2026.03.12-21.41.57:012][  0]LogConfig: Setting CVar [[r.SceneColorFormat:4]]
[2026.03.12-21.41.57:012][  0]LogConfig: Setting CVar [[r.DetailMode:2]]
[2026.03.12-21.41.57:012][  0]LogConfig: Setting CVar [[r.TranslucencyVolumeBlur:1]]
[2026.03.12-21.41.57:012][  0]LogConfig: Setting CVar [[r.MaterialQualityLevel:1 ; High quality]]
[2026.03.12-21.41.57:012][  0]LogConfig: Setting CVar [[r.AnisotropicMaterials:1]]
[2026.03.12-21.41.57:012][  0]LogConfig: Setting CVar [[r.SSS.Scale:1]]
[2026.03.12-21.41.57:012][  0]LogConfig: Setting CVar [[r.SSS.SampleSet:2]]
[2026.03.12-21.41.57:012][  0]LogConfig: Setting CVar [[r.SSS.Quality:1]]
[2026.03.12-21.41.57:012][  0]LogConfig: Setting CVar [[r.SSS.HalfRes:0]]
[2026.03.12-21.41.57:012][  0]LogConfig: Setting CVar [[r.SSGI.Quality:3]]
[2026.03.12-21.41.57:012][  0]LogConfig: Setting CVar [[r.EmitterSpawnRateScale:1.0]]
[2026.03.12-21.41.57:012][  0]LogConfig: Setting CVar [[r.ParticleLightQuality:2]]
[2026.03.12-21.41.57:012][  0]LogConfig: Setting CVar [[r.SkyAtmosphere.AerialPerspectiveLUT.FastApplyOnOpaque:1 ; Always have FastSkyLUT 1 in this case to avoid wrong sky]]
[2026.03.12-21.41.57:013][  0]LogConfig: Setting CVar [[r.SkyAtmosphere.AerialPerspectiveLUT.SampleCountMaxPerSlice:4]]
[2026.03.12-21.41.57:013][  0]LogConfig: Setting CVar [[r.SkyAtmosphere.AerialPerspectiveLUT.DepthResolution:16.0]]
[2026.03.12-21.41.57:013][  0]LogConfig: Setting CVar [[r.SkyAtmosphere.FastSkyLUT:1]]
[2026.03.12-21.41.57:013][  0]LogConfig: Setting CVar [[r.SkyAtmosphere.FastSkyLUT.SampleCountMin:4.0]]
[2026.03.12-21.41.57:013][  0]LogConfig: Setting CVar [[r.SkyAtmosphere.FastSkyLUT.SampleCountMax:128.0]]
[2026.03.12-21.41.57:013][  0]LogConfig: Setting CVar [[r.SkyAtmosphere.SampleCountMin:4.0]]
[2026.03.12-21.41.57:013][  0]LogConfig: Setting CVar [[r.SkyAtmosphere.SampleCountMax:128.0]]
[2026.03.12-21.41.57:013][  0]LogConfig: Setting CVar [[r.SkyAtmosphere.TransmittanceLUT.UseSmallFormat:0]]
[2026.03.12-21.41.57:013][  0]LogConfig: Setting CVar [[r.SkyAtmosphere.TransmittanceLUT.SampleCount:10.0]]
[2026.03.12-21.41.57:013][  0]LogConfig: Setting CVar [[r.SkyAtmosphere.MultiScatteringLUT.SampleCount:15.0]]
[2026.03.12-21.41.57:013][  0]LogConfig: Setting CVar [[r.SkyLight.RealTimeReflectionCapture:1]]
[2026.03.12-21.41.57:013][  0]LogConfig: Applying CVar settings from Section [FoliageQuality@3] File [C:/Users/titan/Desktop/Titan_RoadHopper/RoadHopper4.27/Saved/Config/Windows/Scalability.ini]
[2026.03.12-21.41.57:013][  0]LogConfig: Setting CVar [[foliage.DensityScale:1.0]]
[2026.03.12-21.41.57:013][  0]LogConfig: Setting CVar [[grass.DensityScale:1.0]]
[2026.03.12-21.41.57:013][  0]LogConfig: Applying CVar settings from Section [ShadingQuality@3] File [C:/Users/titan/Desktop/Titan_RoadHopper/RoadHopper4.27/Saved/Config/Windows/Scalability.ini]
[2026.03.12-21.41.57:013][  0]LogConfig: Setting CVar [[r.HairStrands.SkyLighting.IntegrationType:2]]
[2026.03.12-21.41.57:013][  0]LogConfig: Setting CVar [[r.HairStrands.SkyAO.SampleCount:4]]
[2026.03.12-21.41.57:013][  0]LogConfig: Setting CVar [[r.HairStrands.Visibility.MSAA.SamplePerPixel:4]]
[2026.03.12-21.41.57:013][  0]LogInit: Selected Device Profile: [Windows]
[2026.03.12-21.41.57:013][  0]LogInit: Applying CVar settings loaded from the selected device profile: [Windows]
[2026.03.12-21.41.57:014][  0]LogHAL: Display: Platform has ~ 32 GB [34088599552 / 34359738368 / 32], which maps to Largest [LargestMinGB=32, LargerMinGB=12, DefaultMinGB=8, SmallerMinGB=6, SmallestMinGB=0)
[2026.03.12-21.41.57:014][  0]LogInit: Going up to parent DeviceProfile []
[2026.03.12-21.41.57:014][  0]LogConfig: Applying CVar settings from Section [ViewDistanceQuality@3] File [C:/Users/titan/Desktop/Titan_RoadHopper/RoadHopper4.27/Saved/Config/Windows/Scalability.ini]
[2026.03.12-21.41.57:014][  0]LogConfig: Setting CVar [[r.SkeletalMeshLODBias:0]]
[2026.03.12-21.41.57:014][  0]LogConfig: Setting CVar [[r.ViewDistanceScale:1.0]]
[2026.03.12-21.41.57:014][  0]LogConfig: Applying CVar settings from Section [AntiAliasingQuality@3] File [C:/Users/titan/Desktop/Titan_RoadHopper/RoadHopper4.27/Saved/Config/Windows/Scalability.ini]
[2026.03.12-21.41.57:014][  0]LogConfig: Setting CVar [[r.PostProcessAAQuality:4]]
[2026.03.12-21.41.57:014][  0]LogConfig: Applying CVar settings from Section [ShadowQuality@3] File [C:/Users/titan/Desktop/Titan_RoadHopper/RoadHopper4.27/Saved/Config/Windows/Scalability.ini]
[2026.03.12-21.41.57:014][  0]LogConfig: Setting CVar [[r.LightFunctionQuality:1]]
[2026.03.12-21.41.57:014][  0]LogConfig: Setting CVar [[r.ShadowQuality:5]]
[2026.03.12-21.41.57:014][  0]LogConfig: Setting CVar [[r.Shadow.CSM.MaxCascades:10]]
[2026.03.12-21.41.57:014][  0]LogConfig: Setting CVar [[r.Shadow.MaxResolution:2048]]
[2026.03.12-21.41.57:014][  0]LogConfig: Setting CVar [[r.Shadow.MaxCSMResolution:2048]]
[2026.03.12-21.41.57:014][  0]LogConfig: Setting CVar [[r.Shadow.RadiusThreshold:0.01]]
[2026.03.12-21.41.57:014][  0]LogConfig: Setting CVar [[r.Shadow.DistanceScale:1.0]]
[2026.03.12-21.41.57:014][  0]LogConfig: Setting CVar [[r.Shadow.CSM.TransitionScale:1.0]]
[2026.03.12-21.41.57:014][  0]LogConfig: Setting CVar [[r.Shadow.PreShadowResolutionFactor:1.0]]
[2026.03.12-21.41.57:014][  0]LogConfig: Setting CVar [[r.DistanceFieldShadowing:1]]
[2026.03.12-21.41.57:014][  0]LogConfig: Setting CVar [[r.DistanceFieldAO:1]]
[2026.03.12-21.41.57:014][  0]LogConfig: Setting CVar [[r.AOQuality:2]]
[2026.03.12-21.41.57:014][  0]LogConfig: Setting CVar [[r.VolumetricFog:1]]
[2026.03.12-21.41.57:014][  0]LogConfig: Setting CVar [[r.VolumetricFog.GridPixelSize:8]]
[2026.03.12-21.41.57:014][  0]LogConfig: Setting CVar [[r.VolumetricFog.GridSizeZ:128]]
[2026.03.12-21.41.57:014][  0]LogConfig: Setting CVar [[r.VolumetricFog.HistoryMissSupersampleCount:4]]
[2026.03.12-21.41.57:014][  0]LogConfig: Setting CVar [[r.LightMaxDrawDistanceScale:1]]
[2026.03.12-21.41.57:014][  0]LogConfig: Setting CVar [[r.CapsuleShadows:1]]
[2026.03.12-21.41.57:014][  0]LogConfig: Applying CVar settings from Section [PostProcessQuality@3] File [C:/Users/titan/Desktop/Titan_RoadHopper/RoadHopper4.27/Saved/Config/Windows/Scalability.ini]
[2026.03.12-21.41.57:014][  0]LogConfig: Setting CVar [[r.MotionBlurQuality:4]]
[2026.03.12-21.41.57:014][  0]LogConfig: Setting CVar [[r.AmbientOcclusionMipLevelFactor:0.4]]
[2026.03.12-21.41.57:014][  0]LogConfig: Setting CVar [[r.AmbientOcclusionMaxQuality:100]]
[2026.03.12-21.41.57:014][  0]LogConfig: Setting CVar [[r.AmbientOcclusionLevels:-1]]
[2026.03.12-21.41.57:014][  0]LogConfig: Setting CVar [[r.AmbientOcclusionRadiusScale:1.0]]
[2026.03.12-21.41.57:014][  0]LogConfig: Setting CVar [[r.DepthOfFieldQuality:2]]
[2026.03.12-21.41.57:014][  0]LogConfig: Setting CVar [[r.RenderTargetPoolMin:400]]
[2026.03.12-21.41.57:014][  0]LogConfig: Setting CVar [[r.LensFlareQuality:2]]
[2026.03.12-21.41.57:014][  0]LogConfig: Setting CVar [[r.SceneColorFringeQuality:1]]
[2026.03.12-21.41.57:014][  0]LogConfig: Setting CVar [[r.EyeAdaptationQuality:2]]
[2026.03.12-21.41.57:014][  0]LogConfig: Setting CVar [[r.BloomQuality:5]]
[2026.03.12-21.41.57:014][  0]LogConfig: Setting CVar [[r.FastBlurThreshold:100]]
[2026.03.12-21.41.57:014][  0]LogConfig: Setting CVar [[r.Upscale.Quality:3]]
[2026.03.12-21.41.57:014][  0]LogConfig: Setting CVar [[r.Tonemapper.GrainQuantization:1]]
[2026.03.12-21.41.57:014][  0]LogConfig: Setting CVar [[r.LightShaftQuality:1]]
[2026.03.12-21.41.57:014][  0]LogConfig: Setting CVar [[r.Filter.SizeScale:1]]
[2026.03.12-21.41.57:014][  0]LogConfig: Setting CVar [[r.Tonemapper.Quality:5]]
[2026.03.12-21.41.57:014][  0]LogConfig: Setting CVar [[r.DOF.Gather.AccumulatorQuality:1        ; higher gathering accumulator quality]]
[2026.03.12-21.41.57:014][  0]LogConfig: Setting CVar [[r.DOF.Gather.PostfilterMethod:1          ; Median3x3 postfilering method]]
[2026.03.12-21.41.57:014][  0]LogConfig: Setting CVar [[r.DOF.Gather.EnableBokehSettings:0       ; no bokeh simulation when gathering]]
[2026.03.12-21.41.57:014][  0]LogConfig: Setting CVar [[r.DOF.Gather.RingCount:4                 ; medium number of samples when gathering]]
[2026.03.12-21.41.57:014][  0]LogConfig: Setting CVar [[r.DOF.Scatter.ForegroundCompositing:1    ; additive foreground scattering]]
[2026.03.12-21.41.57:014][  0]LogConfig: Setting CVar [[r.DOF.Scatter.BackgroundCompositing:2    ; additive background scattering]]
[2026.03.12-21.41.57:014][  0]LogConfig: Setting CVar [[r.DOF.Scatter.EnableBokehSettings:1      ; bokeh simulation when scattering]]
[2026.03.12-21.41.57:014][  0]LogConfig: Setting CVar [[r.DOF.Scatter.MaxSpriteRatio:0.1         ; only a maximum of 10% of scattered bokeh]]
[2026.03.12-21.41.57:014][  0]LogConfig: Setting CVar [[r.DOF.Recombine.Quality:1                ; cheap slight out of focus]]
[2026.03.12-21.41.57:014][  0]LogConfig: Setting CVar [[r.DOF.Recombine.EnableBokehSettings:0    ; no bokeh simulation on slight out of focus]]
[2026.03.12-21.41.57:014][  0]LogConfig: Setting CVar [[r.DOF.TemporalAAQuality:1                ; more stable temporal accumulation]]
[2026.03.12-21.41.57:014][  0]LogConfig: Setting CVar [[r.DOF.Kernel.MaxForegroundRadius:0.025]]
[2026.03.12-21.41.57:014][  0]LogConfig: Setting CVar [[r.DOF.Kernel.MaxBackgroundRadius:0.025]]
[2026.03.12-21.41.57:014][  0]LogConfig: Applying CVar settings from Section [TextureQuality@3] File [C:/Users/titan/Desktop/Titan_RoadHopper/RoadHopper4.27/Saved/Config/Windows/Scalability.ini]
[2026.03.12-21.41.57:014][  0]LogConfig: Setting CVar [[r.Streaming.MipBias:0]]
[2026.03.12-21.41.57:014][  0]LogConfig: Setting CVar [[r.Streaming.AmortizeCPUToGPUCopy:0]]
[2026.03.12-21.41.57:014][  0]LogConfig: Setting CVar [[r.Streaming.MaxNumTexturesToStreamPerFrame:0]]
[2026.03.12-21.41.57:014][  0]LogConfig: Setting CVar [[r.Streaming.Boost:1]]
[2026.03.12-21.41.57:014][  0]LogConfig: Setting CVar [[r.MaxAnisotropy:8]]
[2026.03.12-21.41.57:014][  0]LogConfig: Setting CVar [[r.VT.MaxAnisotropy:8]]
[2026.03.12-21.41.57:014][  0]LogConfig: Setting CVar [[r.Streaming.LimitPoolSizeToVRAM:0]]
[2026.03.12-21.41.57:014][  0]LogConfig: Setting CVar [[r.Streaming.PoolSize:1000]]
[2026.03.12-21.41.57:014][  0]LogConfig: Setting CVar [[r.Streaming.MaxEffectiveScreenSize:0]]
[2026.03.12-21.41.57:014][  0]LogConfig: Applying CVar settings from Section [EffectsQuality@3] File [C:/Users/titan/Desktop/Titan_RoadHopper/RoadHopper4.27/Saved/Config/Windows/Scalability.ini]
[2026.03.12-21.41.57:014][  0]LogConfig: Setting CVar [[r.TranslucencyLightingVolumeDim:64]]
[2026.03.12-21.41.57:014][  0]LogConfig: Setting CVar [[r.RefractionQuality:2]]
[2026.03.12-21.41.57:014][  0]LogConfig: Setting CVar [[r.SSR.Quality:3]]
[2026.03.12-21.41.57:014][  0]LogConfig: Setting CVar [[r.SSR.HalfResSceneColor:0]]
[2026.03.12-21.41.57:014][  0]LogConfig: Setting CVar [[r.SceneColorFormat:4]]
[2026.03.12-21.41.57:014][  0]LogConfig: Setting CVar [[r.DetailMode:2]]
[2026.03.12-21.41.57:014][  0]LogConfig: Setting CVar [[r.TranslucencyVolumeBlur:1]]
[2026.03.12-21.41.57:014][  0]LogConfig: Setting CVar [[r.MaterialQualityLevel:1 ; High quality]]
[2026.03.12-21.41.57:014][  0]LogConfig: Setting CVar [[r.AnisotropicMaterials:1]]
[2026.03.12-21.41.57:014][  0]LogConfig: Setting CVar [[r.SSS.Scale:1]]
[2026.03.12-21.41.57:014][  0]LogConfig: Setting CVar [[r.SSS.SampleSet:2]]
[2026.03.12-21.41.57:014][  0]LogConfig: Setting CVar [[r.SSS.Quality:1]]
[2026.03.12-21.41.57:014][  0]LogConfig: Setting CVar [[r.SSS.HalfRes:0]]
[2026.03.12-21.41.57:014][  0]LogConfig: Setting CVar [[r.SSGI.Quality:3]]
[2026.03.12-21.41.57:014][  0]LogConfig: Setting CVar [[r.EmitterSpawnRateScale:1.0]]
[2026.03.12-21.41.57:014][  0]LogConfig: Setting CVar [[r.ParticleLightQuality:2]]
[2026.03.12-21.41.57:014][  0]LogConfig: Setting CVar [[r.SkyAtmosphere.AerialPerspectiveLUT.FastApplyOnOpaque:1 ; Always have FastSkyLUT 1 in this case to avoid wrong sky]]
[2026.03.12-21.41.57:014][  0]LogConfig: Setting CVar [[r.SkyAtmosphere.AerialPerspectiveLUT.SampleCountMaxPerSlice:4]]
[2026.03.12-21.41.57:014][  0]LogConfig: Setting CVar [[r.SkyAtmosphere.AerialPerspectiveLUT.DepthResolution:16.0]]
[2026.03.12-21.41.57:014][  0]LogConfig: Setting CVar [[r.SkyAtmosphere.FastSkyLUT:1]]
[2026.03.12-21.41.57:014][  0]LogConfig: Setting CVar [[r.SkyAtmosphere.FastSkyLUT.SampleCountMin:4.0]]
[2026.03.12-21.41.57:014][  0]LogConfig: Setting CVar [[r.SkyAtmosphere.FastSkyLUT.SampleCountMax:128.0]]
[2026.03.12-21.41.57:014][  0]LogConfig: Setting CVar [[r.SkyAtmosphere.SampleCountMin:4.0]]
[2026.03.12-21.41.57:014][  0]LogConfig: Setting CVar [[r.SkyAtmosphere.SampleCountMax:128.0]]
[2026.03.12-21.41.57:014][  0]LogConfig: Setting CVar [[r.SkyAtmosphere.TransmittanceLUT.UseSmallFormat:0]]
[2026.03.12-21.41.57:014][  0]LogConfig: Setting CVar [[r.SkyAtmosphere.TransmittanceLUT.SampleCount:10.0]]
[2026.03.12-21.41.57:014][  0]LogConfig: Setting CVar [[r.SkyAtmosphere.MultiScatteringLUT.SampleCount:15.0]]
[2026.03.12-21.41.57:014][  0]LogConfig: Setting CVar [[r.SkyLight.RealTimeReflectionCapture:1]]
[2026.03.12-21.41.57:014][  0]LogConfig: Applying CVar settings from Section [FoliageQuality@3] File [C:/Users/titan/Desktop/Titan_RoadHopper/RoadHopper4.27/Saved/Config/Windows/Scalability.ini]
[2026.03.12-21.41.57:014][  0]LogConfig: Setting CVar [[foliage.DensityScale:1.0]]
[2026.03.12-21.41.57:014][  0]LogConfig: Setting CVar [[grass.DensityScale:1.0]]
[2026.03.12-21.41.57:014][  0]LogConfig: Applying CVar settings from Section [ShadingQuality@3] File [C:/Users/titan/Desktop/Titan_RoadHopper/RoadHopper4.27/Saved/Config/Windows/Scalability.ini]
[2026.03.12-21.41.57:014][  0]LogConfig: Setting CVar [[r.HairStrands.SkyLighting.IntegrationType:2]]
[2026.03.12-21.41.57:014][  0]LogConfig: Setting CVar [[r.HairStrands.SkyAO.SampleCount:4]]
[2026.03.12-21.41.57:014][  0]LogConfig: Setting CVar [[r.HairStrands.Visibility.MSAA.SamplePerPixel:4]]
[2026.03.12-21.41.57:014][  0]LogConfig: Applying CVar settings from Section [Startup] File [../../../Engine/Config/ConsoleVariables.ini]
[2026.03.12-21.41.57:022][  0]LogConfig: Setting CVar [[net.UseAdaptiveNetUpdateFrequency:0]]
[2026.03.12-21.41.57:022][  0]LogConfig: Setting CVar [[p.chaos.AllowCreatePhysxBodies:1]]
[2026.03.12-21.41.57:022][  0]LogConfig: Setting CVar [[fx.SkipVectorVMBackendOptimizations:1]]
[2026.03.12-21.41.57:022][  0]LogConfig: Applying CVar settings from Section [ConsoleVariables] File [C:/Users/titan/Desktop/Titan_RoadHopper/RoadHopper4.27/Saved/Config/Windows/Engine.ini]
[2026.03.12-21.41.57:022][  0]LogConfig: Applying CVar settings from Section [ConsoleVariables] File [C:/Users/titan/Desktop/Titan_RoadHopper/RoadHopper4.27/Saved/Config/Windows/Editor.ini]
[2026.03.12-21.41.57:022][  0]LogInit: Computer: TITANPC
[2026.03.12-21.41.57:022][  0]LogInit: User: titan
[2026.03.12-21.41.57:022][  0]LogInit: CPU Page size=4096, Cores=10
[2026.03.12-21.41.57:022][  0]LogInit: High frequency timer resolution =10.000000 MHz
[2026.03.12-21.41.57:022][  0]LogMemory: Memory total: Physical=31.7GB (32GB approx)
[2026.03.12-21.41.57:022][  0]LogMemory: Platform Memory Stats for Windows
[2026.03.12-21.41.57:022][  0]LogMemory: Process Physical Memory: 156.18 MB used, 156.18 MB peak
[2026.03.12-21.41.57:022][  0]LogMemory: Process Virtual Memory: 129.64 MB used, 129.64 MB peak
[2026.03.12-21.41.57:022][  0]LogMemory: Physical Memory: 11250.13 MB used,  21259.29 MB free, 32509.42 MB total
[2026.03.12-21.41.57:022][  0]LogMemory: Virtual Memory: 134196192.00 MB used,  21532.61 MB free, 134217728.00 MB total
[2026.03.12-21.41.57:027][  0]LogWindows: WindowsPlatformFeatures enabled
[2026.03.12-21.41.57:324][  0]LogInit: Physics initialised using underlying interface: PhysX
[2026.03.12-21.41.57:326][  0]LogInit: Using OS detected language (en-US).
[2026.03.12-21.41.57:326][  0]LogInit: Using OS detected locale (en-CA).
[2026.03.12-21.41.57:335][  0]LogTextLocalizationManager: No specific localization for 'en-US' exists, so the 'en' localization will be used.
[2026.03.12-21.41.57:555][  0]LogInit: Setting process to per monitor DPI aware
[2026.03.12-21.41.57:585][  0]LogWindowsTextInputMethodSystem: Display: IME system deactivated.
[2026.03.12-21.41.57:675][  0]LogSlate: New Slate User Created.  User Index 0, Is Virtual User: 0
[2026.03.12-21.41.57:675][  0]LogSlate: Slate User Registered.  User Index 0, Is Virtual User: 0
[2026.03.12-21.42.00:542][  0]LogD3D11RHI: Loaded GFSDK_Aftermath_Lib.x64.dll
[2026.03.12-21.42.00:560][  0]LogHMD: Failed to initialize OpenVR with code 110
[2026.03.12-21.42.00:560][  0]LogD3D11RHI: D3D11 min allowed feature level: 11_0
[2026.03.12-21.42.00:560][  0]LogD3D11RHI: D3D11 max allowed feature level: 11_0
[2026.03.12-21.42.00:560][  0]LogD3D11RHI: D3D11 adapters:
[2026.03.12-21.42.00:742][  0]LogD3D11RHI:    0. 'NVIDIA GeForce RTX 3080' (Feature Level 11_0)
[2026.03.12-21.42.00:742][  0]LogD3D11RHI:       12093/0/16254 MB DedicatedVideo/DedicatedSystem/SharedSystem, Outputs:3, VendorId:0x10de
[2026.03.12-21.42.00:749][  0]LogD3D11RHI:    1. 'Microsoft Basic Render Driver' (Feature Level 11_0)
[2026.03.12-21.42.00:749][  0]LogD3D11RHI:       0/0/16254 MB DedicatedVideo/DedicatedSystem/SharedSystem, Outputs:0, VendorId:0x1414
[2026.03.12-21.42.00:749][  0]LogD3D11RHI: Chosen D3D11 Adapter:
[2026.03.12-21.42.00:749][  0]LogD3D11RHI:     Description : NVIDIA GeForce RTX 3080
[2026.03.12-21.42.00:749][  0]LogD3D11RHI:     VendorId    : 10de
[2026.03.12-21.42.00:749][  0]LogD3D11RHI:     DeviceId    : 220a
[2026.03.12-21.42.00:749][  0]LogD3D11RHI:     SubSysId    : 48773842
[2026.03.12-21.42.00:749][  0]LogD3D11RHI:     Revision    : 00a1
[2026.03.12-21.42.00:749][  0]LogD3D11RHI:     DedicatedVideoMemory : 12680429568 bytes
[2026.03.12-21.42.00:749][  0]LogD3D11RHI:     DedicatedSystemMemory : 0 bytes
[2026.03.12-21.42.00:749][  0]LogD3D11RHI:     SharedSystemMemory : 17044299776 bytes
[2026.03.12-21.42.00:749][  0]LogD3D11RHI:     AdapterLuid : 0 54500
[2026.03.12-21.42.00:755][  0]LogD3D11RHI: Creating new Direct3DDevice
[2026.03.12-21.42.00:755][  0]LogD3D11RHI:     GPU DeviceId: 0x220a (for the marketing name, search the web for "GPU Device Id")
[2026.03.12-21.42.00:755][  0]LogWindows: EnumDisplayDevices:
[2026.03.12-21.42.00:755][  0]LogWindows:    0. 'NVIDIA GeForce RTX 3080' (P:1 D:1)
[2026.03.12-21.42.00:755][  0]LogWindows:    1. 'NVIDIA GeForce RTX 3080' (P:0 D:1)
[2026.03.12-21.42.00:755][  0]LogWindows:    2. 'NVIDIA GeForce RTX 3080' (P:0 D:1)
[2026.03.12-21.42.00:756][  0]LogWindows:    3. 'NVIDIA GeForce RTX 3080' (P:0 D:0)
[2026.03.12-21.42.00:756][  0]LogWindows: DebugString: FoundDriverCount:4 
[2026.03.12-21.42.00:756][  0]LogD3D11RHI:     Adapter Name: NVIDIA GeForce RTX 3080
[2026.03.12-21.42.00:756][  0]LogD3D11RHI:   Driver Version: 591.86 (internal:32.0.15.9186, unified:591.86)
[2026.03.12-21.42.00:756][  0]LogD3D11RHI:      Driver Date: 1-20-2026
[2026.03.12-21.42.00:756][  0]LogRHI: Texture pool is 8465 MB (70% of 12093 MB)
[2026.03.12-21.42.00:756][  0]LogD3D11RHI: Creating D3DDevice using adapter:
[2026.03.12-21.42.00:756][  0]LogD3D11RHI:     Description : NVIDIA GeForce RTX 3080
[2026.03.12-21.42.00:756][  0]LogD3D11RHI:     VendorId    : 10de
[2026.03.12-21.42.00:756][  0]LogD3D11RHI:     DeviceId    : 220a
[2026.03.12-21.42.00:756][  0]LogD3D11RHI:     SubSysId    : 48773842
[2026.03.12-21.42.00:756][  0]LogD3D11RHI:     Revision    : 00a1
[2026.03.12-21.42.00:756][  0]LogD3D11RHI:     DedicatedVideoMemory : 12680429568 bytes
[2026.03.12-21.42.00:756][  0]LogD3D11RHI:     DedicatedSystemMemory : 0 bytes
[2026.03.12-21.42.00:756][  0]LogD3D11RHI:     SharedSystemMemory : 17044299776 bytes
[2026.03.12-21.42.00:756][  0]LogD3D11RHI:     AdapterLuid : 0 54500
[2026.03.12-21.42.00:860][  0]LogD3D11RHI: RHI has support for 64 bit atomics
[2026.03.12-21.42.00:861][  0]LogD3D11RHI: Async texture creation enabled
[2026.03.12-21.42.00:861][  0]LogD3D11RHI: Array index from any shader is supported
[2026.03.12-21.42.00:862][  0]LogD3D11RHI: HDR output is supported on display 0 (NvId: 0x80061082).
[2026.03.12-21.42.00:881][  0]LogD3D11RHI: GPU Timing Frequency: 1000.000000 (Debug: 2 1)
[2026.03.12-21.42.00:952][  0]LogRHI: GeForceNow SDK initialized: 1
[2026.03.12-21.42.01:872][  0]LogTargetPlatformManager: Display: Loaded TargetPlatform 'AllDesktop'
[2026.03.12-21.42.01:910][  0]LogTargetPlatformManager: Display: Loaded TargetPlatform 'Android'
[2026.03.12-21.42.01:910][  0]LogTargetPlatformManager: Display: Loaded TargetPlatform 'Android_ASTC'
[2026.03.12-21.42.01:910][  0]LogTargetPlatformManager: Display: Loaded TargetPlatform 'Android_DXT'
[2026.03.12-21.42.01:910][  0]LogTargetPlatformManager: Display: Loaded TargetPlatform 'Android_ETC2'
[2026.03.12-21.42.01:910][  0]LogTargetPlatformManager: Display: Loaded TargetPlatform 'AndroidClient'
[2026.03.12-21.42.01:910][  0]LogTargetPlatformManager: Display: Loaded TargetPlatform 'Android_ASTCClient'
[2026.03.12-21.42.01:910][  0]LogTargetPlatformManager: Display: Loaded TargetPlatform 'Android_DXTClient'
[2026.03.12-21.42.01:910][  0]LogTargetPlatformManager: Display: Loaded TargetPlatform 'Android_ETC2Client'
[2026.03.12-21.42.01:910][  0]LogTargetPlatformManager: Display: Loaded TargetPlatform 'Android_Multi'
[2026.03.12-21.42.01:910][  0]LogTargetPlatformManager: Display: Loaded TargetPlatform 'Android_MultiClient'
[2026.03.12-21.42.01:988][  0]LogTargetPlatformManager: Display: Loaded TargetPlatform 'IOSClient'
[2026.03.12-21.42.01:988][  0]LogTargetPlatformManager: Display: Loaded TargetPlatform 'IOS'
[2026.03.12-21.42.02:025][  0]LogTargetPlatformManager: Display: Loaded TargetPlatform 'Linux'
[2026.03.12-21.42.02:048][  0]LogTargetPlatformManager: Display: Loaded TargetPlatform 'LinuxNoEditor'
[2026.03.12-21.42.02:071][  0]LogTargetPlatformManager: Display: Loaded TargetPlatform 'LinuxClient'
[2026.03.12-21.42.02:093][  0]LogTargetPlatformManager: Display: Loaded TargetPlatform 'LinuxServer'
[2026.03.12-21.42.02:124][  0]LogTargetPlatformManager: Display: Loaded TargetPlatform 'LinuxAArch64NoEditor'
[2026.03.12-21.42.02:146][  0]LogTargetPlatformManager: Display: Loaded TargetPlatform 'LinuxAArch64Client'
[2026.03.12-21.42.02:169][  0]LogTargetPlatformManager: Display: Loaded TargetPlatform 'LinuxAArch64Server'
[2026.03.12-21.42.02:210][  0]LogTargetPlatformManager: Display: Loaded TargetPlatform 'Lumin'
[2026.03.12-21.42.02:210][  0]LogTargetPlatformManager: Display: Loaded TargetPlatform 'LuminClient'
[2026.03.12-21.42.02:245][  0]LogTargetPlatformManager: Display: Loaded TargetPlatform 'MacNoEditor'
[2026.03.12-21.42.02:268][  0]LogTargetPlatformManager: Display: Loaded TargetPlatform 'Mac'
[2026.03.12-21.42.02:291][  0]LogTargetPlatformManager: Display: Loaded TargetPlatform 'MacClient'
[2026.03.12-21.42.02:313][  0]LogTargetPlatformManager: Display: Loaded TargetPlatform 'MacServer'
[2026.03.12-21.42.02:336][  0]LogTargetPlatformManager: Display: Loaded TargetPlatform 'TVOSClient'
[2026.03.12-21.42.02:336][  0]LogTargetPlatformManager: Display: Loaded TargetPlatform 'TVOS'
[2026.03.12-21.42.02:364][  0]LogTargetPlatformManager: Display: Loaded TargetPlatform 'WindowsNoEditor'
[2026.03.12-21.42.02:388][  0]LogTargetPlatformManager: Display: Loaded TargetPlatform 'Windows'
[2026.03.12-21.42.02:411][  0]LogTargetPlatformManager: Display: Loaded TargetPlatform 'WindowsClient'
[2026.03.12-21.42.02:436][  0]LogTargetPlatformManager: Display: Loaded TargetPlatform 'WindowsServer'
[2026.03.12-21.42.02:436][  0]LogTargetPlatformManager: Display: Building Assets For Windows
[2026.03.12-21.42.02:528][  0]LogAudioDebug: Display: Lib vorbis DLL was dynamically loaded.
[2026.03.12-21.42.02:800][  0]LogTextureFormatOodle: Display: Oodle Texture 2.9.0 init RDO Off
[2026.03.12-21.42.03:118][  0]LogRendererCore: Ray tracing is disabled. Reason: r.RayTracing=0.
[2026.03.12-21.42.03:119][  0]LogShaderCompilers: Guid format shader working directory is -8 characters bigger than the processId version (C:/Users/titan/Desktop/Titan_RoadHopper/RoadHopper4.27/Intermediate/Shaders/WorkingDirectory/7552/).
[2026.03.12-21.42.03:119][  0]LogShaderCompilers: Cleaned the shader compiler working directory 'C:/Users/titan/AppData/Local/Temp/UnrealShaderWorkingDir/00B1067B46BB5685A07AF4A0F0407536/'.
[2026.03.12-21.42.03:120][  0]LogXGEController: Cannot use XGE Controller as Incredibuild is not installed on this machine.
[2026.03.12-21.42.03:120][  0]LogShaderCompilers: Cannot use XGE Shader Compiler as Incredibuild is not installed on this machine.
[2026.03.12-21.42.03:120][  0]LogShaderCompilers: Display: Using Local Shader Compiler.
[2026.03.12-21.42.06:772][  0]LogDerivedDataCache: Display: Max Cache Size: 512 MB
[2026.03.12-21.42.06:874][  0]LogDerivedDataCache: Loaded boot cache 0.10s 94MB C:/Users/titan/AppData/Local/UnrealEngine/4.27/DerivedDataCache/Boot.ddc.
[2026.03.12-21.42.06:874][  0]LogDerivedDataCache: Display: Loaded Boot cache: C:/Users/titan/AppData/Local/UnrealEngine/4.27/DerivedDataCache/Boot.ddc
[2026.03.12-21.42.06:875][  0]LogDerivedDataCache: FDerivedDataBackendGraph:  Pak pak cache file C:/Users/titan/Desktop/Titan_RoadHopper/RoadHopper4.27/DerivedDataCache/DDC.ddp not found, will not use a pak cache.
[2026.03.12-21.42.06:875][  0]LogDerivedDataCache: Unable to find inner node Pak for hierarchical cache Hierarchy.
[2026.03.12-21.42.06:875][  0]LogDerivedDataCache: FDerivedDataBackendGraph:  CompressedPak pak cache file C:/Users/titan/Desktop/Titan_RoadHopper/RoadHopper4.27/DerivedDataCache/Compressed.ddp not found, will not use a pak cache.
[2026.03.12-21.42.06:875][  0]LogDerivedDataCache: Unable to find inner node CompressedPak for hierarchical cache Hierarchy.
[2026.03.12-21.42.06:900][  0]LogDerivedDataCache: Display: Pak cache opened for reading ../../../Engine/DerivedDataCache/Compressed.ddp.
[2026.03.12-21.42.06:901][  0]LogDerivedDataCache: FDerivedDataBackendGraph:  EnterprisePak pak cache file ../../../Enterprise/DerivedDataCache/Compressed.ddp not found, will not use a pak cache.
[2026.03.12-21.42.06:901][  0]LogDerivedDataCache: Unable to find inner node EnterprisePak for hierarchical cache Hierarchy.
[2026.03.12-21.42.06:963][  0]LogDerivedDataCache: Speed tests for C:/Users/titan/AppData/Local/UnrealEngine/Common/DerivedDataCache took 0.06 seconds
[2026.03.12-21.42.06:963][  0]LogDerivedDataCache: Display: Performance to C:/Users/titan/AppData/Local/UnrealEngine/Common/DerivedDataCache: Latency=0.28ms. RandomReadSpeed=20.03MBs, RandomWriteSpeed=72.47MBs. Assigned SpeedClass 'Local'
[2026.03.12-21.42.06:964][  0]LogDerivedDataCache: Using Local data cache path C:/Users/titan/AppData/Local/UnrealEngine/Common/DerivedDataCache: Writable
[2026.03.12-21.42.06:964][  0]LogDerivedDataCache: Shared data cache path not found in *engine.ini, will not use an Shared cache.
[2026.03.12-21.42.06:964][  0]LogDerivedDataCache: Unable to find inner node Shared for hierarchical cache Hierarchy.
[2026.03.12-21.42.07:002][  0]LogSlate: Using FreeType 2.10.0
[2026.03.12-21.42.07:023][  0]LogSlate: SlateFontServices - WITH_FREETYPE: 1, WITH_HARFBUZZ: 1
[2026.03.12-21.42.07:161][  0]LogAssetRegistry: FAssetRegistry took 0.0044 seconds to start up
[2026.03.12-21.42.07:369][  0]LogInit: Selected Device Profile: [Windows]
[2026.03.12-21.42.07:369][  0]LogInit: Active device profile: [000001CBA72F4900][000001CB9CC6A100 49] Windows
[2026.03.12-21.42.07:369][  0]LogInit: Profiles: [000001CBA72F4900][000001CB9CC6A100 49] Windows, [000001CBA72BB800][000001CB9CC72280 49] WindowsNoEditor, [000001CBA72F7500][000001CB9CC76400 49] WindowsServer, [000001CBA72B8E00][000001CB9FD20580 49] WindowsClient, [000001CBA72F7800][000001CB9FD24700 49] IOS, [000001CBA72BA800][000001CB9CC6E840 49] iPadAir, [000001CBA72F6000][000001CB9FD28980 49] iPadAir2, [000001CBA725CA00][000001CB9FD30BC0 49] IPadPro, [000001CBA725CB00][000001CB9FD2CC00 49] iPadAir3, [000001CBA72B9900][000001CB9FD38D80 49] iPadAir4, [000001CBA725F400][000001CB9FD3CF00 49] iPadMini2, [000001CBA72BAA00][000001CB9FD41080 49] iPadMini3, [000001CBA725D700][000001CB9FD45200 49] iPadMini4, [000001CBA72F5100][000001CB9FD49380 49] iPadMini5, [000001CBA7294300][000001CB9FD51640 49] iPhone6, [000001CBA7294400][000001CB9FD4D680 49] iPodTouch6, [000001CBA725BF00][000001CB9FD59940 49] iPhone7, [000001CBA725BE00][000001CB9FD55980 49] iPodTouch7, [000001CBA72BA000][000001CB9FD5DB00 49] iPhone5S, [000001CBA7259A00][000001CB9FD60100 49] iPhone6Plus, [000001CBA7294200][000001CB9FD64280 49] iPhone6S, [000001CBA7258600][000001CB9FD68400 49] iPhone6SPlus, [000001CBA7296900][000001CBA6D8E580 49] iPhone7Plus, [000001CBA725B100][000001CBA6D92700 49] iPhoneSE, [000001CBA7296200][000001CBA6D96880 49] iPhone8, [000001CBA725BB00][000001CB9FD349C0 49] iPhone8Plus, [000001CBA7294A00][000001CBA6D9AB00 49] iPhoneX, [000001CBA7259400][000001CBA6D9EC40 49] iPhoneXS, [000001CBA7297900][000001CBA6DA2D80 49] iPhoneXSMax, [000001CBA7258900][000001CBA6DAAF00 49] iPhoneXR, [000001CBA7296F00][000001CBA6DAF080 49] iPhone11, [000001CBA7259300][000001CBA6DB3200 49] iPhone11Pro, [000001CBA7295000][000001CBA6DB7380 49] iPhone11ProMax, [000001CBA725AA00][000001CBA6DBB500 49] iPhoneSE2, [000001CBA7295400][000001CBA6DBF680 49] iPhone12Mini, [000001CBA725A400][000001CBA6DC3800 49] iPhone12, [000001CBA7294D00][000001CBA6DC7980 49] iPhone12Pro, [000001CBA725AB00][000001CBA6DCBB00 49] iPhone12ProMax, [000001CBA7297000][000001CBA6DCE100 49] iPadPro105, [000001CBA7258700][000001CBA6DD2280 49] iPadPro129, [000001CBA7296800][000001CBA6DD6400 49] iPadPro97, [000001CBA725A600][000001CBA6DDA580 49] iPadPro2_129, [000001CBA7297C00][000001CBA6DDE700 49] iPad5, [000001CBA725A200][000001CBA6DE2880 49] iPad6, [000001CBA7294F00][000001CBA6DE6A00 49] iPad7, [000001CBA725AD00][000001CBA6DA6B40 49] iPad8, [000001CBA7295100][000001CBA6DEAC80 49] iPadPro11, [000001CBA7259600][000001CBA7FBEDC0 49] iPadPro2_11, [000001CBA7297400][000001CBA7FC2F00 49] iPadPro3_129, [000001CBA725A800][000001CBA7FCB080 49] iPadPro4_129, [000001CBA7297A00][000001CBA7FCF200 49] AppleTV, [000001CBA725A100][000001CBA7FD3380 49] AppleTV4K, [000001CBA7295F00][000001CBA7FD7500 49] TVOS, [000001CBA725B400][000001CBA7FDB680 49] Mac, [000001CBA7297800][000001CBA7FDF800 49] MacClient, [000001CBA7259E00][000001CBA7FE3980 49] MacNoEditor, [000001CBA7297F00][000001CBA7FE7B00 49] MacServer, [000001CBA725B500][000001CBA7FEA100 49] Linux, [000001CBA7294C00][000001CBA7FEE280 49] LinuxAArch64, [000001CBA725AF00][000001CBA7FF2400 49] LinuxNoEditor, [000001CBA7294B00][000001CBA7FF6580 49] LinuxAArch64NoEditor, [000001CBA725B700][000001CBA7FFA700 49] LinuxClient, [000001CBA7295A00][000001CBA7FFE880 49] LinuxAArch64Client, [000001CBA7259000][000001CBA8002A00 49] LinuxServer, [000001CBA7296500][000001CBA8006B80 49] LinuxAArch64Server, [000001CBA7259900][000001CBA800AD00 49] Android, [000001CBA7295300][000001CBA7FC6E40 49] Android_Low, [000001CBA725A700][000001CBA800EF80 49] Android_Mid, [000001CBA7296B00][000001CBA80130C0 49] Android_High, [000001CBA725B800][000001CBA801B240 49] Android_Default, [000001CBA7295600][000001CBA801F3C0 49] Android_Adreno4xx, [000001CBA7259500][000001CBA8023540 49] Android_Adreno5xx_Low, [000001CBA725F600][000001CBA80276C0 49] Android_Adreno5xx, [000001CBA72B9800][000001CBA802B840 49] Android_Adreno6xx, [000001CBA725D200][000001CBA802F9C0 49] Android_Adreno6xx_Vulkan, [000001CBA72BBC00][000001CBA8033B40 49] Android_Mali_T6xx, [000001CBA725D100][000001CBA8036140 49] Android_Mali_T7xx, [000001CBA72B9600][000001CBA803A2C0 49] Android_Mali_T8xx, [000001CBA725DE00][000001CBA803E440 49] Android_Mali_G71, [000001CBA72B8500][000001CBA80425C0 49] Android_Mali_G72, [000001CBA725C800][000001CBA8046740 49] Android_Mali_G72_Vulkan, [000001CBA72B9300][000001CBA804A8C0 49] Android_Mali_G76, [000001CBA725C100][000001CBA804EA40 49] Android_Mali_G76_Vulkan, [000001CBA72B9F00][000001CBA8052BC0 49] Android_Mali_G77, [000001CBA725D000][000001CBA8056D40 49] Android_Mali_G77_Vulkan, [000001CBA72B8A00][000001CBA805AEC0 49] Android_Mali_G78, [000001CBA725EC00][000001CBA8017000 49] Android_Mali_G78_Vulkan, [000001CBA72BB600][000001CBA805F140 49] Android_Mali_G710, [000001CBA725EA00][000001CBA8063280 49] Android_Mali_G710_Vulkan, [000001CBA72BBF00][000001CBA80673C0 49] Android_Vulkan_SM5, [000001CBA725FB00][000001CBA806F540 49] Android_PowerVR_G6xxx, [000001CBA72BBB00][000001CBA80736C0 49] Android_PowerVR_GT7xxx, [000001CBA725F900][000001CBA8077840 49] Android_PowerVR_GE8xxx, [000001CBA72B8C00][000001CBA807B9C0 49] Android_PowerVR_GM9xxx, [000001CBA725E700][000001CBA807FB40 49] Android_PowerVR_GM9xxx_Vulkan, [000001CBA72BA700][000001CBA8082140 49] Android_TegraK1, [000001CBA725C900][000001CBA80862C0 49] Android_Unknown_Vulkan, [000001CBA72B9D00][000001CBA808A440 49] Lumin, [000001CBA725C500][000001CBA808E5C0 49] Lumin_Desktop, [000001CBA72BB300][000001CBA8092740 49] HoloLens, 
[2026.03.12-21.42.07:849][  0]LogMeshReduction: Using QuadricMeshReduction for automatic static mesh reduction
[2026.03.12-21.42.07:849][  0]LogMeshReduction: Using SimplygonMeshReduction for automatic skeletal mesh reduction
[2026.03.12-21.42.07:849][  0]LogMeshReduction: Using ProxyLODMeshReduction for automatic mesh merging
[2026.03.12-21.42.07:849][  0]LogMeshReduction: No distributed automatic mesh merging module available
[2026.03.12-21.42.07:849][  0]LogMeshMerging: No distributed automatic mesh merging module available
[2026.03.12-21.42.07:925][  0]LogNetVersion: RoadHopper 1.0.0, NetCL: 17155196, EngineNetVer: 17, GameNetVer: 0 (Checksum: 3032267352)
[2026.03.12-21.42.09:729][  0]LogTexture: Default maximum texture size for cubemaps generated from long-lat sources has been changed from 512 to unlimited. In order to preserve old behaiour for '/Engine/MapTemplates/Sky/DaylightAmbientCubemap.DaylightAmbientCubemap', its maximum texture size has been explicitly set to 512.
[2026.03.12-21.42.09:835][  0]LogHMD: PokeAHoleMaterial loaded successfully
[2026.03.12-21.42.09:840][  0]LogUObjectArray: 17178 objects as part of root set at end of initial load.
[2026.03.12-21.42.09:840][  0]LogUObjectAllocator: 4302048 out of 0 bytes used by permanent object pool.
[2026.03.12-21.42.09:840][  0]LogUObjectArray: CloseDisregardForGC: 0/0 objects in disregard for GC pool
[2026.03.12-21.42.11:507][  0]LogPython: Using Python 3.7.7
[2026.03.12-21.42.12:107][  0]LogNiagaraDebuggerClient: Niagara Debugger Client Initialized | Session: A5704FCA43C03D9B61D828A8C5347169 | Instance: CBA68DDB4BC25A1C7CF69488CB96F556 (TITANPC-7552).
[2026.03.12-21.42.12:757][  0]LogTcpMessaging: Initializing TcpMessaging bridge
[2026.03.12-21.42.12:810][  0]LogUdpMessaging: Initializing bridge on interface 0.0.0.0:0 to multicast group 230.0.0.1:6666.
[2026.03.12-21.42.13:719][  0]SourceControl: Source control is disabled
[2026.03.12-21.42.13:720][  0]SourceControl: Source control is disabled
[2026.03.12-21.42.13:745][  0]SourceControl: Source control is disabled
[2026.03.12-21.42.13:809][  0]SourceControl: Source control is disabled
[2026.03.12-21.42.13:899][  0]SourceControl: Source control is disabled
[2026.03.12-21.42.13:949][  0]LogUProjectInfo: Found projects:
[2026.03.12-21.42.13:953][  0]LogVSAccessor: Display: Unable to create Visual Studio setup instance: 80040154
[2026.03.12-21.42.13:954][  0]LogVSAccessor: Display: Unable to create Visual Studio setup instance: 80040154
[2026.03.12-21.42.13:954][  0]LogVSAccessor: Display: Unable to create Visual Studio setup instance: 80040154
[2026.03.12-21.42.15:110][  0]LogOpenImageDenoise: OIDN starting up
[2026.03.12-21.42.15:428][  0]LogAndroidPermission: UAndroidPermissionCallbackProxy::GetInstance
[2026.03.12-21.42.15:567][  0]LogAudioCaptureCore: Display: No Audio Capture implementations found. Audio input will be silent.
[2026.03.12-21.42.15:567][  0]LogAudioCaptureCore: Display: No Audio Capture implementations found. Audio input will be silent.
[2026.03.12-21.42.16:161][  0]LogCollectionManager: Loaded 0 collections in 0.000491 seconds
[2026.03.12-21.42.16:265][  0]LogFileCache: Scanning file cache for directory 'C:/Users/titan/Desktop/Titan_RoadHopper/RoadHopper4.27/Saved/Collections/' took 0.00s
[2026.03.12-21.42.16:265][  0]LogFileCache: Scanning file cache for directory 'C:/Users/titan/Desktop/Titan_RoadHopper/RoadHopper4.27/Content/Developers/titan/Collections/' took 0.00s
[2026.03.12-21.42.16:265][  0]LogFileCache: Scanning file cache for directory 'C:/Users/titan/Desktop/Titan_RoadHopper/RoadHopper4.27/Content/Collections/' took 0.00s
[2026.03.12-21.42.16:265][  0]LogOcInput: OculusInput pre-init called
[2026.03.12-21.42.16:693][  0]LogEngine: Initializing Engine...
[2026.03.12-21.42.16:740][  0]LogHMD: Failed to enumerate extensions. Please check that you have a valid OpenXR runtime installed.
[2026.03.12-21.42.16:741][  0]LogHMD: Failed to initialize OpenVR with code 110
[2026.03.12-21.42.16:741][  0]LogMagicLeap: Warning: VR disabled because ZI is not enabled.  To enable, in the editor, Edit -> Project Settings -> Plugins -> Magic Leap Plugin -> Enable Zero Iteration
[2026.03.12-21.42.16:743][  0]LogStats: UGameplayTagsManager::InitializeManager -  0.001 s
[2026.03.12-21.42.17:013][  0]LogInit: Initializing FReadOnlyCVARCache
[2026.03.12-21.42.17:054][  0]LogAIModule: Creating AISystem for world Untitled
[2026.03.12-21.42.17:056][  0]LogAudio: Display: Initializing Audio Device Manager...
[2026.03.12-21.42.17:081][  0]LogAudio: Display: Loading Default Audio Settings Objects...
[2026.03.12-21.42.17:087][  0]LogAudio: Display: No default SoundConcurrencyObject specified (or failed to load).
[2026.03.12-21.42.17:088][  0]LogAudio: Display: Audio Device Manager Initialized
[2026.03.12-21.42.17:088][  0]LogAudio: Display: Creating Audio Device:                 Id: 1, Scope: Shared, Realtime: True
[2026.03.12-21.42.17:088][  0]LogAudioMixer: Display: Audio Mixer Platform Settings:
[2026.03.12-21.42.17:088][  0]LogAudioMixer: Display: 	Sample Rate:						  48000
[2026.03.12-21.42.17:088][  0]LogAudioMixer: Display: 	Callback Buffer Frame Size Requested: 1024
[2026.03.12-21.42.17:088][  0]LogAudioMixer: Display: 	Callback Buffer Frame Size To Use:	  1024
[2026.03.12-21.42.17:088][  0]LogAudioMixer: Display: 	Number of buffers to queue:			  2
[2026.03.12-21.42.17:088][  0]LogAudioMixer: Display: 	Max Channels (voices):				  32
[2026.03.12-21.42.17:088][  0]LogAudioMixer: Display: 	Number of Async Source Workers:		  0
[2026.03.12-21.42.17:088][  0]LogAudio: Display: AudioDevice MaxSources: 32
[2026.03.12-21.42.17:089][  0]LogAudio: Display: Audio Spatialization Plugin: None (built-in).
[2026.03.12-21.42.17:089][  0]LogAudio: Display: Audio Reverb Plugin: None (built-in).
[2026.03.12-21.42.17:089][  0]LogAudio: Display: Audio Occlusion Plugin: None (built-in).
[2026.03.12-21.42.17:089][  0]LogAudioMixer: Display: Initializing audio mixer.
[2026.03.12-21.42.17:134][  0]LogAudioMixer: Display: 0: FrontLeft
[2026.03.12-21.42.17:134][  0]LogAudioMixer: Display: 1: FrontRight
[2026.03.12-21.42.17:134][  0]LogAudioMixer: Display: 2: FrontCenter
[2026.03.12-21.42.17:134][  0]LogAudioMixer: Display: 3: LowFrequency
[2026.03.12-21.42.17:134][  0]LogAudioMixer: Display: 4: BackLeft
[2026.03.12-21.42.17:134][  0]LogAudioMixer: Display: 5: BackRight
[2026.03.12-21.42.17:134][  0]LogAudioMixer: Display: 6: SideLeft
[2026.03.12-21.42.17:134][  0]LogAudioMixer: Display: 7: SideRight
[2026.03.12-21.42.17:161][  0]LogAudioMixer: Display: Using Audio Device Headset Earphone (CORSAIR VOID PRO Wireless Gaming Headset)
[2026.03.12-21.42.17:162][  0]LogAudioMixer: Display: Initializing Sound Submixes...
[2026.03.12-21.42.17:187][  0]LogAudioMixer: Display: Creating Master Submix 'MasterSubmixDefault'
[2026.03.12-21.42.17:188][  0]LogAudioMixer: Display: Creating Master Submix 'MasterReverbSubmixDefault'
[2026.03.12-21.42.17:188][  0]LogAudioMixer: Display: Creating Master Submix 'MasterEQSubmixDefault'
[2026.03.12-21.42.17:189][  0]LogAudioMixer: FMixerPlatformXAudio2::StartAudioStream() called
[2026.03.12-21.42.17:189][  0]LogAudioMixer: Display: Output buffers initialized: Frames=1024, Channels=8, Samples=8192
[2026.03.12-21.42.17:190][  0]LogAudioMixer: Display: Starting AudioMixerPlatformInterface::RunInternal()
[2026.03.12-21.42.17:190][  0]LogAudioMixer: Display: FMixerPlatformXAudio2::SubmitBuffer() called for the first time
[2026.03.12-21.42.17:190][  0]LogInit: FAudioDevice initialized.
[2026.03.12-21.42.17:190][  0]LogAudio: Display: Audio Device (ID: 1) registered with world 'Untitled'.
[2026.03.12-21.42.17:190][  0]LogNetVersion: Set ProjectVersion to 1.0.0.0. Version Checksum will be recalculated on next use.
[2026.03.12-21.42.17:283][  0]LogDerivedDataCache: Saved boot cache 0.09s 94MB C:/Users/titan/AppData/Local/UnrealEngine/4.27/DerivedDataCache/Boot.ddc.
[2026.03.12-21.42.17:285][  0]LogInit: Texture streaming: Enabled
[2026.03.12-21.42.17:356][  0]LogAnalytics: Display: [UEEditor.Rocket.Release] APIServer = https://datarouter.ol.epicgames.com/. AppVersion = 4.27.2-18319896+++UE4+Release-4.27
[2026.03.12-21.42.17:376][  0]LogEngineSessionManager: EngineSessionManager initialized
[2026.03.12-21.42.17:376][  0]LogEditorSessionSummary: Verbose: Initializing EditorSessionSummaryWriter for editor session tracking
[2026.03.12-21.42.17:378][  0]LogEditorSessionSummary: EditorSessionSummaryWriter initialized
[2026.03.12-21.42.17:450][  0]LogInit: Transaction tracking system initialized
[2026.03.12-21.42.17:604][  0]BlueprintLog: New page: Editor Load
[2026.03.12-21.42.18:047][  0]LocalizationService: Localization service is disabled
[2026.03.12-21.42.18:233][  0]TimingProfiler: Initialize
[2026.03.12-21.42.18:234][  0]TimingProfiler: OnSessionChanged
[2026.03.12-21.42.18:235][  0]LoadingProfiler: Initialize
[2026.03.12-21.42.18:235][  0]LoadingProfiler: OnSessionChanged
[2026.03.12-21.42.18:235][  0]NetworkingProfiler: Initialize
[2026.03.12-21.42.18:235][  0]NetworkingProfiler: OnSessionChanged
[2026.03.12-21.42.18:235][  0]MemoryProfiler: Initialize
[2026.03.12-21.42.18:235][  0]MemoryProfiler: OnSessionChanged
[2026.03.12-21.42.18:528][  0]LogVSAccessor: Display: Unable to create Visual Studio setup instance: 80040154
[2026.03.12-21.42.18:528][  0]LogVSAccessor: Display: Unable to create Visual Studio setup instance: 80040154
[2026.03.12-21.42.18:529][  0]LogVSAccessor: Display: Unable to create Visual Studio setup instance: 80040154
[2026.03.12-21.42.18:838][  0]LogCook: Display: CookSettings for Memory: MemoryMaxUsedVirtual 0MiB, MemoryMaxUsedPhysical 16384MiB, MemoryMinFreeVirtual 0MiB, MemoryMinFreePhysical 1024MiB
[2026.03.12-21.42.18:838][  0]LogCook: Display: Mobile HDR setting 1
[2026.03.12-21.42.18:873][  0]LogFileCache: Scanning file cache for directory 'C:/Users/titan/Desktop/Titan_RoadHopper/RoadHopper4.27/Content/' took 0.01s
[2026.03.12-21.42.20:103][  0]LogInit: Display: Engine is initialized. Leaving FEngineLoop::Init()
[2026.03.12-21.42.20:108][  0]SourceControl: Source control is disabled
[2026.03.12-21.42.20:108][  0]LogUnrealEdMisc: Loading editor; pre map load, took 27.233
[2026.03.12-21.42.20:109][  0]Cmd: MAP LOAD FILE="../../../Engine/Content/Maps/Templates/Template_Default.umap" TEMPLATE=1 SHOWPROGRESS=1 FEATURELEVEL=3
[2026.03.12-21.42.20:115][  0]LightingResults: New page: Lighting Build
[2026.03.12-21.42.20:118][  0]LogWorld: UWorld::CleanupWorld for Untitled, bSessionEnded=true, bCleanupResources=true
[2026.03.12-21.42.20:118][  0]LogSlate: InvalidateAllWidgets triggered.  All widgets were invalidated
[2026.03.12-21.42.20:119][  0]MapCheck: New page: Map Check
[2026.03.12-21.42.20:119][  0]LightingResults: New page: Lighting Build
[2026.03.12-21.42.20:124][  0]LogAudio: Display: Audio Device unregistered from world 'None'.
[2026.03.12-21.42.20:127][  0]LogUObjectHash: Compacting FUObjectHashTables data took   0.48ms
[2026.03.12-21.42.20:220][  0]LogTexture: Display: Building textures: DeprecatedTextureEB9CBE3C423008B5E8E130901E171C89 (BGRA8, 128X128)
[2026.03.12-21.42.20:231][  0]LogAudio: Display: Audio Device (ID: 1) registered with world 'Untitled_1'.
[2026.03.12-21.42.20:231][  0]LogAIModule: Creating AISystem for world Untitled_1
[2026.03.12-21.42.20:245][  0]LogEditorServer: Finished looking for orphan Actors (0.000 secs)
[2026.03.12-21.42.20:252][  0]LogUObjectHash: Compacting FUObjectHashTables data took   0.49ms
[2026.03.12-21.42.20:252][  0]Cmd: MAP CHECKDEP NOCLEARLOG
[2026.03.12-21.42.20:252][  0]MapCheck: Map check complete: 0 Error(s), 0 Warning(s), took 0.25ms to complete.
[2026.03.12-21.42.20:252][  0]LogFileHelpers: Loading map 'Template_Default' took 0.144
[2026.03.12-21.42.20:260][  0]LogUnrealEdMisc: Total Editor Startup Time, took 27.385
[2026.03.12-21.42.20:375][  0]LogSlate: Updating window title bar state: overlay mode, drag disabled, window buttons hidden, title bar hidden
[2026.03.12-21.42.20:379][  0]LogSlate: Updating window title bar state: overlay mode, drag disabled, window buttons hidden, title bar hidden
[2026.03.12-21.42.20:383][  0]LogSlate: Updating window title bar state: overlay mode, drag disabled, window buttons hidden, title bar hidden
[2026.03.12-21.42.20:387][  0]LogSlate: Updating window title bar state: overlay mode, drag disabled, window buttons hidden, title bar hidden
[2026.03.12-21.42.20:409][  0]LogNativeClassHierarchy: Verbose: Native class hierarchy populated in 0.0087 seconds. Added 3822 classes and 928 folders.
[2026.03.12-21.42.20:411][  0]LogNativeClassHierarchy: Verbose: Native class hierarchy updated for 'WidgetCarousel' in 0.0002 seconds. Added 0 classes and 0 folders.
[2026.03.12-21.42.20:432][  0]LogPakFile: PakFile PrimaryIndexSize=187
[2026.03.12-21.42.20:432][  0]LogPakFile: PakFile PathHashIndexSize=101
[2026.03.12-21.42.20:432][  0]LogPakFile: PakFile FullDirectoryIndexSize=148
[2026.03.12-21.42.20:432][  0]LogShaderLibrary: Display: ShaderCodeLibraryPakFileMountedCallback: PakFile 'D:/Epic Games/UE_4.27/FeaturePacks/FP_FirstPerson.upack' (chunk index -1, root 'root:/') mounted
[2026.03.12-21.42.20:432][  0]LogShaderLibrary: Display: ShaderCodeLibraryPakFileMountedCallback: pending pak file info (ChunkID:-1 Root:root:/ File:D:/Epic Games/UE_4.27/FeaturePacks/FP_FirstPerson.upack)
[2026.03.12-21.42.20:432][  0]LogPakFile: OnPakFileMounted2Time == 0.000041
[2026.03.12-21.42.20:442][  0]LogPakFile: PakFile PrimaryIndexSize=189
[2026.03.12-21.42.20:442][  0]LogPakFile: PakFile PathHashIndexSize=101
[2026.03.12-21.42.20:442][  0]LogPakFile: PakFile FullDirectoryIndexSize=152
[2026.03.12-21.42.20:442][  0]LogShaderLibrary: Display: ShaderCodeLibraryPakFileMountedCallback: PakFile 'D:/Epic Games/UE_4.27/FeaturePacks/FP_FirstPersonBP.upack' (chunk index -1, root 'root:/') mounted
[2026.03.12-21.42.20:442][  0]LogShaderLibrary: Display: ShaderCodeLibraryPakFileMountedCallback: pending pak file info (ChunkID:-1 Root:root:/ File:D:/Epic Games/UE_4.27/FeaturePacks/FP_FirstPersonBP.upack)
[2026.03.12-21.42.20:442][  0]LogPakFile: OnPakFileMounted2Time == 0.000030
[2026.03.12-21.42.20:448][  0]LogPakFile: PakFile PrimaryIndexSize=191
[2026.03.12-21.42.20:448][  0]LogPakFile: PakFile PathHashIndexSize=101
[2026.03.12-21.42.20:448][  0]LogPakFile: PakFile FullDirectoryIndexSize=160
[2026.03.12-21.42.20:448][  0]LogShaderLibrary: Display: ShaderCodeLibraryPakFileMountedCallback: PakFile 'D:/Epic Games/UE_4.27/FeaturePacks/MobileStarterContent.upack' (chunk index -1, root 'root:/') mounted
[2026.03.12-21.42.20:448][  0]LogShaderLibrary: Display: ShaderCodeLibraryPakFileMountedCallback: pending pak file info (ChunkID:-1 Root:root:/ File:D:/Epic Games/UE_4.27/FeaturePacks/MobileStarterContent.upack)
[2026.03.12-21.42.20:448][  0]LogPakFile: OnPakFileMounted2Time == 0.000030
[2026.03.12-21.42.20:454][  0]LogPakFile: PakFile PrimaryIndexSize=185
[2026.03.12-21.42.20:454][  0]LogPakFile: PakFile PathHashIndexSize=101
[2026.03.12-21.42.20:454][  0]LogPakFile: PakFile FullDirectoryIndexSize=148
[2026.03.12-21.42.20:454][  0]LogShaderLibrary: Display: ShaderCodeLibraryPakFileMountedCallback: PakFile 'D:/Epic Games/UE_4.27/FeaturePacks/StarterContent.upack' (chunk index -1, root 'root:/') mounted
[2026.03.12-21.42.20:454][  0]LogShaderLibrary: Display: ShaderCodeLibraryPakFileMountedCallback: pending pak file info (ChunkID:-1 Root:root:/ File:D:/Epic Games/UE_4.27/FeaturePacks/StarterContent.upack)
[2026.03.12-21.42.20:454][  0]LogPakFile: OnPakFileMounted2Time == 0.000036
[2026.03.12-21.42.20:460][  0]LogPakFile: PakFile PrimaryIndexSize=190
[2026.03.12-21.42.20:460][  0]LogPakFile: PakFile PathHashIndexSize=101
[2026.03.12-21.42.20:460][  0]LogPakFile: PakFile FullDirectoryIndexSize=154
[2026.03.12-21.42.20:460][  0]LogShaderLibrary: Display: ShaderCodeLibraryPakFileMountedCallback: PakFile 'D:/Epic Games/UE_4.27/FeaturePacks/TP_2DSideScroller.upack' (chunk index -1, root 'root:/') mounted
[2026.03.12-21.42.20:460][  0]LogShaderLibrary: Display: ShaderCodeLibraryPakFileMountedCallback: pending pak file info (ChunkID:-1 Root:root:/ File:D:/Epic Games/UE_4.27/FeaturePacks/TP_2DSideScroller.upack)
[2026.03.12-21.42.20:460][  0]LogPakFile: OnPakFileMounted2Time == 0.000029
[2026.03.12-21.42.20:465][  0]LogPakFile: PakFile PrimaryIndexSize=192
[2026.03.12-21.42.20:466][  0]LogPakFile: PakFile PathHashIndexSize=101
[2026.03.12-21.42.20:466][  0]LogPakFile: PakFile FullDirectoryIndexSize=158
[2026.03.12-21.42.20:466][  0]LogShaderLibrary: Display: ShaderCodeLibraryPakFileMountedCallback: PakFile 'D:/Epic Games/UE_4.27/FeaturePacks/TP_2DSideScrollerBP.upack' (chunk index -1, root 'root:/') mounted
[2026.03.12-21.42.20:466][  0]LogShaderLibrary: Display: ShaderCodeLibraryPakFileMountedCallback: pending pak file info (ChunkID:-1 Root:root:/ File:D:/Epic Games/UE_4.27/FeaturePacks/TP_2DSideScrollerBP.upack)
[2026.03.12-21.42.20:466][  0]LogPakFile: OnPakFileMounted2Time == 0.000026
[2026.03.12-21.42.20:472][  0]LogPakFile: PakFile PrimaryIndexSize=182
[2026.03.12-21.42.20:472][  0]LogPakFile: PakFile PathHashIndexSize=101
[2026.03.12-21.42.20:472][  0]LogPakFile: PakFile FullDirectoryIndexSize=138
[2026.03.12-21.42.20:472][  0]LogShaderLibrary: Display: ShaderCodeLibraryPakFileMountedCallback: PakFile 'D:/Epic Games/UE_4.27/FeaturePacks/TP_Flying.upack' (chunk index -1, root 'root:/') mounted
[2026.03.12-21.42.20:472][  0]LogShaderLibrary: Display: ShaderCodeLibraryPakFileMountedCallback: pending pak file info (ChunkID:-1 Root:root:/ File:D:/Epic Games/UE_4.27/FeaturePacks/TP_Flying.upack)
[2026.03.12-21.42.20:472][  0]LogPakFile: OnPakFileMounted2Time == 0.000171
[2026.03.12-21.42.20:481][  0]LogPakFile: PakFile PrimaryIndexSize=184
[2026.03.12-21.42.20:481][  0]LogPakFile: PakFile PathHashIndexSize=101
[2026.03.12-21.42.20:481][  0]LogPakFile: PakFile FullDirectoryIndexSize=142
[2026.03.12-21.42.20:481][  0]LogShaderLibrary: Display: ShaderCodeLibraryPakFileMountedCallback: PakFile 'D:/Epic Games/UE_4.27/FeaturePacks/TP_FlyingBP.upack' (chunk index -1, root 'root:/') mounted
[2026.03.12-21.42.20:481][  0]LogShaderLibrary: Display: ShaderCodeLibraryPakFileMountedCallback: pending pak file info (ChunkID:-1 Root:root:/ File:D:/Epic Games/UE_4.27/FeaturePacks/TP_FlyingBP.upack)
[2026.03.12-21.42.20:481][  0]LogPakFile: OnPakFileMounted2Time == 0.000062
[2026.03.12-21.42.20:487][  0]LogPakFile: PakFile PrimaryIndexSize=188
[2026.03.12-21.42.20:487][  0]LogPakFile: PakFile PathHashIndexSize=101
[2026.03.12-21.42.20:487][  0]LogPakFile: PakFile FullDirectoryIndexSize=150
[2026.03.12-21.42.20:487][  0]LogShaderLibrary: Display: ShaderCodeLibraryPakFileMountedCallback: PakFile 'D:/Epic Games/UE_4.27/FeaturePacks/TP_HandheldARBP.upack' (chunk index -1, root 'root:/') mounted
[2026.03.12-21.42.20:487][  0]LogShaderLibrary: Display: ShaderCodeLibraryPakFileMountedCallback: pending pak file info (ChunkID:-1 Root:root:/ File:D:/Epic Games/UE_4.27/FeaturePacks/TP_HandheldARBP.upack)
[2026.03.12-21.42.20:487][  0]LogPakFile: OnPakFileMounted2Time == 0.000053
[2026.03.12-21.42.20:497][  0]LogPakFile: PakFile PrimaryIndexSize=182
[2026.03.12-21.42.20:497][  0]LogPakFile: PakFile PathHashIndexSize=101
[2026.03.12-21.42.20:497][  0]LogPakFile: PakFile FullDirectoryIndexSize=138
[2026.03.12-21.42.20:497][  0]LogShaderLibrary: Display: ShaderCodeLibraryPakFileMountedCallback: PakFile 'D:/Epic Games/UE_4.27/FeaturePacks/TP_Puzzle.upack' (chunk index -1, root 'root:/') mounted
[2026.03.12-21.42.20:497][  0]LogShaderLibrary: Display: ShaderCodeLibraryPakFileMountedCallback: pending pak file info (ChunkID:-1 Root:root:/ File:D:/Epic Games/UE_4.27/FeaturePacks/TP_Puzzle.upack)
[2026.03.12-21.42.20:497][  0]LogPakFile: OnPakFileMounted2Time == 0.000029
[2026.03.12-21.42.20:504][  0]LogPakFile: PakFile PrimaryIndexSize=184
[2026.03.12-21.42.20:504][  0]LogPakFile: PakFile PathHashIndexSize=101
[2026.03.12-21.42.20:504][  0]LogPakFile: PakFile FullDirectoryIndexSize=142
[2026.03.12-21.42.20:504][  0]LogShaderLibrary: Display: ShaderCodeLibraryPakFileMountedCallback: PakFile 'D:/Epic Games/UE_4.27/FeaturePacks/TP_PuzzleBP.upack' (chunk index -1, root 'root:/') mounted
[2026.03.12-21.42.20:504][  0]LogShaderLibrary: Display: ShaderCodeLibraryPakFileMountedCallback: pending pak file info (ChunkID:-1 Root:root:/ File:D:/Epic Games/UE_4.27/FeaturePacks/TP_PuzzleBP.upack)
[2026.03.12-21.42.20:504][  0]LogPakFile: OnPakFileMounted2Time == 0.000029
[2026.03.12-21.42.20:510][  0]LogPakFile: PakFile PrimaryIndexSize=183
[2026.03.12-21.42.20:510][  0]LogPakFile: PakFile PathHashIndexSize=101
[2026.03.12-21.42.20:510][  0]LogPakFile: PakFile FullDirectoryIndexSize=140
[2026.03.12-21.42.20:510][  0]LogShaderLibrary: Display: ShaderCodeLibraryPakFileMountedCallback: PakFile 'D:/Epic Games/UE_4.27/FeaturePacks/TP_Rolling.upack' (chunk index -1, root 'root:/') mounted
[2026.03.12-21.42.20:510][  0]LogShaderLibrary: Display: ShaderCodeLibraryPakFileMountedCallback: pending pak file info (ChunkID:-1 Root:root:/ File:D:/Epic Games/UE_4.27/FeaturePacks/TP_Rolling.upack)
[2026.03.12-21.42.20:510][  0]LogPakFile: OnPakFileMounted2Time == 0.000027
[2026.03.12-21.42.20:516][  0]LogPakFile: PakFile PrimaryIndexSize=185
[2026.03.12-21.42.20:516][  0]LogPakFile: PakFile PathHashIndexSize=101
[2026.03.12-21.42.20:516][  0]LogPakFile: PakFile FullDirectoryIndexSize=144
[2026.03.12-21.42.20:516][  0]LogShaderLibrary: Display: ShaderCodeLibraryPakFileMountedCallback: PakFile 'D:/Epic Games/UE_4.27/FeaturePacks/TP_RollingBP.upack' (chunk index -1, root 'root:/') mounted
[2026.03.12-21.42.20:516][  0]LogShaderLibrary: Display: ShaderCodeLibraryPakFileMountedCallback: pending pak file info (ChunkID:-1 Root:root:/ File:D:/Epic Games/UE_4.27/FeaturePacks/TP_RollingBP.upack)
[2026.03.12-21.42.20:517][  0]LogPakFile: OnPakFileMounted2Time == 0.000065
[2026.03.12-21.42.20:523][  0]LogPakFile: PakFile PrimaryIndexSize=188
[2026.03.12-21.42.20:523][  0]LogPakFile: PakFile PathHashIndexSize=101
[2026.03.12-21.42.20:523][  0]LogPakFile: PakFile FullDirectoryIndexSize=150
[2026.03.12-21.42.20:523][  0]LogShaderLibrary: Display: ShaderCodeLibraryPakFileMountedCallback: PakFile 'D:/Epic Games/UE_4.27/FeaturePacks/TP_SideScroller.upack' (chunk index -1, root 'root:/') mounted
[2026.03.12-21.42.20:523][  0]LogShaderLibrary: Display: ShaderCodeLibraryPakFileMountedCallback: pending pak file info (ChunkID:-1 Root:root:/ File:D:/Epic Games/UE_4.27/FeaturePacks/TP_SideScroller.upack)
[2026.03.12-21.42.20:523][  0]LogPakFile: OnPakFileMounted2Time == 0.000084
[2026.03.12-21.42.20:529][  0]LogPakFile: PakFile PrimaryIndexSize=190
[2026.03.12-21.42.20:530][  0]LogPakFile: PakFile PathHashIndexSize=101
[2026.03.12-21.42.20:530][  0]LogPakFile: PakFile FullDirectoryIndexSize=154
[2026.03.12-21.42.20:530][  0]LogShaderLibrary: Display: ShaderCodeLibraryPakFileMountedCallback: PakFile 'D:/Epic Games/UE_4.27/FeaturePacks/TP_SideScrollerBP.upack' (chunk index -1, root 'root:/') mounted
[2026.03.12-21.42.20:530][  0]LogShaderLibrary: Display: ShaderCodeLibraryPakFileMountedCallback: pending pak file info (ChunkID:-1 Root:root:/ File:D:/Epic Games/UE_4.27/FeaturePacks/TP_SideScrollerBP.upack)
[2026.03.12-21.42.20:530][  0]LogPakFile: OnPakFileMounted2Time == 0.000028
[2026.03.12-21.42.20:536][  0]LogPakFile: PakFile PrimaryIndexSize=187
[2026.03.12-21.42.20:536][  0]LogPakFile: PakFile PathHashIndexSize=101
[2026.03.12-21.42.20:536][  0]LogPakFile: PakFile FullDirectoryIndexSize=148
[2026.03.12-21.42.20:536][  0]LogShaderLibrary: Display: ShaderCodeLibraryPakFileMountedCallback: PakFile 'D:/Epic Games/UE_4.27/FeaturePacks/TP_ThirdPerson.upack' (chunk index -1, root 'root:/') mounted
[2026.03.12-21.42.20:536][  0]LogShaderLibrary: Display: ShaderCodeLibraryPakFileMountedCallback: pending pak file info (ChunkID:-1 Root:root:/ File:D:/Epic Games/UE_4.27/FeaturePacks/TP_ThirdPerson.upack)
[2026.03.12-21.42.20:536][  0]LogPakFile: OnPakFileMounted2Time == 0.000039
[2026.03.12-21.42.20:542][  0]LogPakFile: PakFile PrimaryIndexSize=189
[2026.03.12-21.42.20:542][  0]LogPakFile: PakFile PathHashIndexSize=101
[2026.03.12-21.42.20:542][  0]LogPakFile: PakFile FullDirectoryIndexSize=152
[2026.03.12-21.42.20:542][  0]LogShaderLibrary: Display: ShaderCodeLibraryPakFileMountedCallback: PakFile 'D:/Epic Games/UE_4.27/FeaturePacks/TP_ThirdPersonBP.upack' (chunk index -1, root 'root:/') mounted
[2026.03.12-21.42.20:542][  0]LogShaderLibrary: Display: ShaderCodeLibraryPakFileMountedCallback: pending pak file info (ChunkID:-1 Root:root:/ File:D:/Epic Games/UE_4.27/FeaturePacks/TP_ThirdPersonBP.upack)
[2026.03.12-21.42.20:543][  0]LogPakFile: OnPakFileMounted2Time == 0.000119
[2026.03.12-21.42.20:551][  0]LogPakFile: PakFile PrimaryIndexSize=183
[2026.03.12-21.42.20:551][  0]LogPakFile: PakFile PathHashIndexSize=101
[2026.03.12-21.42.20:551][  0]LogPakFile: PakFile FullDirectoryIndexSize=140
[2026.03.12-21.42.20:551][  0]LogShaderLibrary: Display: ShaderCodeLibraryPakFileMountedCallback: PakFile 'D:/Epic Games/UE_4.27/FeaturePacks/TP_TopDown.upack' (chunk index -1, root 'root:/') mounted
[2026.03.12-21.42.20:551][  0]LogShaderLibrary: Display: ShaderCodeLibraryPakFileMountedCallback: pending pak file info (ChunkID:-1 Root:root:/ File:D:/Epic Games/UE_4.27/FeaturePacks/TP_TopDown.upack)
[2026.03.12-21.42.20:551][  0]LogPakFile: OnPakFileMounted2Time == 0.000057
[2026.03.12-21.42.20:557][  0]LogPakFile: PakFile PrimaryIndexSize=185
[2026.03.12-21.42.20:557][  0]LogPakFile: PakFile PathHashIndexSize=101
[2026.03.12-21.42.20:557][  0]LogPakFile: PakFile FullDirectoryIndexSize=144
[2026.03.12-21.42.20:558][  0]LogShaderLibrary: Display: ShaderCodeLibraryPakFileMountedCallback: PakFile 'D:/Epic Games/UE_4.27/FeaturePacks/TP_TopDownBP.upack' (chunk index -1, root 'root:/') mounted
[2026.03.12-21.42.20:558][  0]LogShaderLibrary: Display: ShaderCodeLibraryPakFileMountedCallback: pending pak file info (ChunkID:-1 Root:root:/ File:D:/Epic Games/UE_4.27/FeaturePacks/TP_TopDownBP.upack)
[2026.03.12-21.42.20:558][  0]LogPakFile: OnPakFileMounted2Time == 0.000060
[2026.03.12-21.42.20:566][  0]LogPakFile: PakFile PrimaryIndexSize=185
[2026.03.12-21.42.20:566][  0]LogPakFile: PakFile PathHashIndexSize=101
[2026.03.12-21.42.20:566][  0]LogPakFile: PakFile FullDirectoryIndexSize=144
[2026.03.12-21.42.20:566][  0]LogShaderLibrary: Display: ShaderCodeLibraryPakFileMountedCallback: PakFile 'D:/Epic Games/UE_4.27/FeaturePacks/TP_TwinStick.upack' (chunk index -1, root 'root:/') mounted
[2026.03.12-21.42.20:566][  0]LogShaderLibrary: Display: ShaderCodeLibraryPakFileMountedCallback: pending pak file info (ChunkID:-1 Root:root:/ File:D:/Epic Games/UE_4.27/FeaturePacks/TP_TwinStick.upack)
[2026.03.12-21.42.20:566][  0]LogPakFile: OnPakFileMounted2Time == 0.000031
[2026.03.12-21.42.20:572][  0]LogPakFile: PakFile PrimaryIndexSize=187
[2026.03.12-21.42.20:572][  0]LogPakFile: PakFile PathHashIndexSize=101
[2026.03.12-21.42.20:572][  0]LogPakFile: PakFile FullDirectoryIndexSize=148
[2026.03.12-21.42.20:572][  0]LogShaderLibrary: Display: ShaderCodeLibraryPakFileMountedCallback: PakFile 'D:/Epic Games/UE_4.27/FeaturePacks/TP_TwinStickBP.upack' (chunk index -1, root 'root:/') mounted
[2026.03.12-21.42.20:573][  0]LogShaderLibrary: Display: ShaderCodeLibraryPakFileMountedCallback: pending pak file info (ChunkID:-1 Root:root:/ File:D:/Epic Games/UE_4.27/FeaturePacks/TP_TwinStickBP.upack)
[2026.03.12-21.42.20:573][  0]LogPakFile: OnPakFileMounted2Time == 0.000080
[2026.03.12-21.42.20:580][  0]LogPakFile: PakFile PrimaryIndexSize=183
[2026.03.12-21.42.20:580][  0]LogPakFile: PakFile PathHashIndexSize=101
[2026.03.12-21.42.20:580][  0]LogPakFile: PakFile FullDirectoryIndexSize=140
[2026.03.12-21.42.20:580][  0]LogShaderLibrary: Display: ShaderCodeLibraryPakFileMountedCallback: PakFile 'D:/Epic Games/UE_4.27/FeaturePacks/TP_Vehicle.upack' (chunk index -1, root 'root:/') mounted
[2026.03.12-21.42.20:580][  0]LogShaderLibrary: Display: ShaderCodeLibraryPakFileMountedCallback: pending pak file info (ChunkID:-1 Root:root:/ File:D:/Epic Games/UE_4.27/FeaturePacks/TP_Vehicle.upack)
[2026.03.12-21.42.20:580][  0]LogPakFile: OnPakFileMounted2Time == 0.000064
[2026.03.12-21.42.20:585][  0]LogPakFile: PakFile PrimaryIndexSize=186
[2026.03.12-21.42.20:585][  0]LogPakFile: PakFile PathHashIndexSize=101
[2026.03.12-21.42.20:585][  0]LogPakFile: PakFile FullDirectoryIndexSize=146
[2026.03.12-21.42.20:585][  0]LogShaderLibrary: Display: ShaderCodeLibraryPakFileMountedCallback: PakFile 'D:/Epic Games/UE_4.27/FeaturePacks/TP_VehicleAdv.upack' (chunk index -1, root 'root:/') mounted
[2026.03.12-21.42.20:585][  0]LogShaderLibrary: Display: ShaderCodeLibraryPakFileMountedCallback: pending pak file info (ChunkID:-1 Root:root:/ File:D:/Epic Games/UE_4.27/FeaturePacks/TP_VehicleAdv.upack)
[2026.03.12-21.42.20:585][  0]LogPakFile: OnPakFileMounted2Time == 0.000025
[2026.03.12-21.42.20:591][  0]LogPakFile: PakFile PrimaryIndexSize=188
[2026.03.12-21.42.20:591][  0]LogPakFile: PakFile PathHashIndexSize=101
[2026.03.12-21.42.20:591][  0]LogPakFile: PakFile FullDirectoryIndexSize=150
[2026.03.12-21.42.20:591][  0]LogShaderLibrary: Display: ShaderCodeLibraryPakFileMountedCallback: PakFile 'D:/Epic Games/UE_4.27/FeaturePacks/TP_VehicleAdvBP.upack' (chunk index -1, root 'root:/') mounted
[2026.03.12-21.42.20:592][  0]LogShaderLibrary: Display: ShaderCodeLibraryPakFileMountedCallback: pending pak file info (ChunkID:-1 Root:root:/ File:D:/Epic Games/UE_4.27/FeaturePacks/TP_VehicleAdvBP.upack)
[2026.03.12-21.42.20:592][  0]LogPakFile: OnPakFileMounted2Time == 0.000045
[2026.03.12-21.42.20:597][  0]LogPakFile: PakFile PrimaryIndexSize=185
[2026.03.12-21.42.20:597][  0]LogPakFile: PakFile PathHashIndexSize=101
[2026.03.12-21.42.20:597][  0]LogPakFile: PakFile FullDirectoryIndexSize=144
[2026.03.12-21.42.20:597][  0]LogShaderLibrary: Display: ShaderCodeLibraryPakFileMountedCallback: PakFile 'D:/Epic Games/UE_4.27/FeaturePacks/TP_VehicleBP.upack' (chunk index -1, root 'root:/') mounted
[2026.03.12-21.42.20:597][  0]LogShaderLibrary: Display: ShaderCodeLibraryPakFileMountedCallback: pending pak file info (ChunkID:-1 Root:root:/ File:D:/Epic Games/UE_4.27/FeaturePacks/TP_VehicleBP.upack)
[2026.03.12-21.42.20:597][  0]LogPakFile: OnPakFileMounted2Time == 0.000027
[2026.03.12-21.42.20:603][  0]LogPakFile: PakFile PrimaryIndexSize=192
[2026.03.12-21.42.20:603][  0]LogPakFile: PakFile PathHashIndexSize=101
[2026.03.12-21.42.20:603][  0]LogPakFile: PakFile FullDirectoryIndexSize=158
[2026.03.12-21.42.20:603][  0]LogShaderLibrary: Display: ShaderCodeLibraryPakFileMountedCallback: PakFile 'D:/Epic Games/UE_4.27/FeaturePacks/TP_VirtualRealityBP.upack' (chunk index -1, root 'root:/') mounted
[2026.03.12-21.42.20:603][  0]LogShaderLibrary: Display: ShaderCodeLibraryPakFileMountedCallback: pending pak file info (ChunkID:-1 Root:root:/ File:D:/Epic Games/UE_4.27/FeaturePacks/TP_VirtualRealityBP.upack)
[2026.03.12-21.42.20:603][  0]LogPakFile: OnPakFileMounted2Time == 0.000050
[2026.03.12-21.42.20:978][  0]LogNativeClassHierarchy: Verbose: Native class hierarchy updated for 'AddContentDialog' in 0.0002 seconds. Added 0 classes and 0 folders.
[2026.03.12-21.42.20:981][  0]LogNativeClassHierarchy: Verbose: Native class hierarchy updated for 'SceneOutliner' in 0.0002 seconds. Added 2 classes and 0 folders.
[2026.03.12-21.42.21:034][  0]LogSlate: Took 0.008708 seconds to synchronously load lazily loaded font '../../../Engine/Content/Slate/Fonts/Roboto-Regular.ttf' (155K)
[2026.03.12-21.42.21:041][  0]LogSlate: Took 0.006055 seconds to synchronously load lazily loaded font '../../../Engine/Content/Editor/Slate/Fonts/FontAwesome.ttf' (139K)
[2026.03.12-21.42.21:047][  0]LogSlate: Took 0.005279 seconds to synchronously load lazily loaded font '../../../Engine/Content/Slate/Fonts/Roboto-Bold.ttf' (160K)
[2026.03.12-21.42.21:179][  0]LogRenderer: Reallocating scene render targets to support 1756x992 Format 10 NumSamples 1 (Frame:1).
[2026.03.12-21.42.21:399][  0]LogNativeClassHierarchy: Verbose: Native class hierarchy updated for 'HierarchicalLODOutliner' in 0.0002 seconds. Added 0 classes and 0 folders.
[2026.03.12-21.42.21:399][  0]LogLoad: (Engine Initialization) Total time: 28.52 seconds
[2026.03.12-21.42.21:399][  0]LogLoad: (Engine Initialization) Total Blueprint compile time: 0.00 seconds
[2026.03.12-21.42.21:437][  0]LogAssetRegistry: Asset discovery search completed in 14.2769 seconds
[2026.03.12-21.42.21:466][  0]LogCollectionManager: Fixed up redirectors for 0 collections in 0.000005 seconds (updated 0 objects)
[2026.03.12-21.42.21:470][  0]LogContentStreaming: Texture pool size now 1000 MB
[2026.03.12-21.42.22:101][  2]LogSlate: Took 0.005204 seconds to synchronously load lazily loaded font '../../../Engine/Content/Slate/Fonts/Roboto-Light.ttf' (167K)
[2026.03.12-21.42.22:752][  4]LogSlate: Took 0.000249 seconds to synchronously load lazily loaded font '../../../Engine/Content/Slate/Fonts/Roboto-Light.ttf' (167K)
[2026.03.12-21.42.45:394][172]LogUObjectHash: Compacting FUObjectHashTables data took   0.38ms
[2026.03.12-21.42.45:420][172]LogLinker: Warning: Asset 'C:/Users/titan/Desktop/Titan_RoadHopper/RoadHopper4.27/Content/Blueprints/BP_Grass.uasset' has been saved with empty engine version. The asset will be loaded but may be incompatible.
[2026.03.12-21.42.45:426][172]LogLinker: Warning: Asset 'C:/Users/titan/Desktop/Titan_RoadHopper/RoadHopper4.27/Content/Models/MiniGolf/open.uasset' has been saved with empty engine version. The asset will be loaded but may be incompatible.
[2026.03.12-21.42.45:432][172]LogLinker: Warning: Asset 'C:/Users/titan/Desktop/Titan_RoadHopper/RoadHopper4.27/Content/Models/MiniGolf/colormap.uasset' has been saved with empty engine version. The asset will be loaded but may be incompatible.
[2026.03.12-21.42.45:437][172]LogLinker: Warning: Asset 'C:/Users/titan/Desktop/Titan_RoadHopper/RoadHopper4.27/Content/Models/MiniGolf/colormap_ncl1_1.uasset' has been saved with empty engine version. The asset will be loaded but may be incompatible.
[2026.03.12-21.42.45:446][172]LogLinker: Warning: Asset 'C:/Users/titan/Desktop/Titan_RoadHopper/RoadHopper4.27/Content/Models/MiniCharacters/character-female-d_head-mesh.uasset' has been saved with empty engine version. The asset will be loaded but may be incompatible.
[2026.03.12-21.42.45:452][172]LogLinker: Warning: Asset 'C:/Users/titan/Desktop/Titan_RoadHopper/RoadHopper4.27/Content/Models/MiniCharacters/colormap.uasset' has been saved with empty engine version. The asset will be loaded but may be incompatible.
[2026.03.12-21.42.45:457][172]LogLinker: Warning: Asset 'C:/Users/titan/Desktop/Titan_RoadHopper/RoadHopper4.27/Content/Models/MiniCharacters/colormap_ncl1_1.uasset' has been saved with empty engine version. The asset will be loaded but may be incompatible.
[2026.03.12-21.42.45:462][172]LogLinker: Warning: Asset 'C:/Users/titan/Desktop/Titan_RoadHopper/RoadHopper4.27/Content/Models/MiniCharacters/character-female-e_body-mesh.uasset' has been saved with empty engine version. The asset will be loaded but may be incompatible.
[2026.03.12-21.42.45:467][172]LogLinker: Warning: Asset 'C:/Users/titan/Desktop/Titan_RoadHopper/RoadHopper4.27/Content/Blueprints/BP_Road.uasset' has been saved with empty engine version. The asset will be loaded but may be incompatible.
[2026.03.12-21.42.45:472][172]LogLinker: Warning: Asset 'C:/Users/titan/Desktop/Titan_RoadHopper/RoadHopper4.27/Content/Models/City/driveway-long.uasset' has been saved with empty engine version. The asset will be loaded but may be incompatible.
[2026.03.12-21.42.45:478][172]LogLinker: Warning: Asset 'C:/Users/titan/Desktop/Titan_RoadHopper/RoadHopper4.27/Content/Models/City/colormap.uasset' has been saved with empty engine version. The asset will be loaded but may be incompatible.
[2026.03.12-21.42.45:483][172]LogLinker: Warning: Asset 'C:/Users/titan/Desktop/Titan_RoadHopper/RoadHopper4.27/Content/Models/City/colormap_ncl1_1.uasset' has been saved with empty engine version. The asset will be loaded but may be incompatible.
[2026.03.12-21.42.45:485][172]LogLinker: Warning: Asset 'C:/Users/titan/Desktop/Titan_RoadHopper/RoadHopper4.27/Content/Blueprints/BP_TileRow.uasset' has been saved with empty engine version. The asset will be loaded but may be incompatible.
[2026.03.12-21.42.45:491][172]LogLinker: Warning: Asset 'C:/Users/titan/Desktop/Titan_RoadHopper/RoadHopper4.27/Content/Blueprints/GM_RoadHopper.uasset' has been saved with empty engine version. The asset will be loaded but may be incompatible.
[2026.03.12-21.42.45:500][172]LogLinker: Warning: Asset 'C:/Users/titan/Desktop/Titan_RoadHopper/RoadHopper4.27/Content/Models/MiniCharacters/character-male-b_body-mesh.uasset' has been saved with empty engine version. The asset will be loaded but may be incompatible.
[2026.03.12-21.42.45:507][172]LogLinker: Warning: Asset 'C:/Users/titan/Desktop/Titan_RoadHopper/RoadHopper4.27/Content/Models/MiniCharacters/character-male-e_head-mesh.uasset' has been saved with empty engine version. The asset will be loaded but may be incompatible.
[2026.03.12-21.42.46:053][172]LogAssetEditorSubsystem: Opening Asset editor for World /Game/Levels/MainLevel.MainLevel
[2026.03.12-21.42.46:055][172]Cmd: MAP LOAD FILE="C:/Users/titan/Desktop/Titan_RoadHopper/RoadHopper4.27/Content/Levels/MainLevel.umap" TEMPLATE=0 SHOWPROGRESS=1 FEATURELEVEL=3
[2026.03.12-21.42.46:055][172]LightingResults: New page: Lighting Build
[2026.03.12-21.42.46:055][172]LoadErrors: New page: Loading map: MainLevel.umap
[2026.03.12-21.42.46:056][172]LogWorld: UWorld::CleanupWorld for Untitled_1, bSessionEnded=true, bCleanupResources=true
[2026.03.12-21.42.46:056][172]LogSlate: InvalidateAllWidgets triggered.  All widgets were invalidated
[2026.03.12-21.42.46:056][172]MapCheck: New page: Map Check
[2026.03.12-21.42.46:056][172]LightingResults: New page: Lighting Build
[2026.03.12-21.42.46:063][172]LogAudio: Display: Audio Device unregistered from world 'None'.
[2026.03.12-21.42.46:077][172]LogUObjectHash: Compacting FUObjectHashTables data took   0.97ms
[2026.03.12-21.42.46:078][172]LogAudio: Display: Audio Device (ID: 1) registered with world 'MainLevel'.
[2026.03.12-21.42.46:758][172]LogEditorServer: Finished looking for orphan Actors (0.000 secs)
[2026.03.12-21.42.46:759][172]LogAIModule: Creating AISystem for world MainLevel
[2026.03.12-21.42.46:800][172]LogUObjectHash: Compacting FUObjectHashTables data took   0.81ms
[2026.03.12-21.42.46:802][172]Cmd: MAP CHECKDEP NOCLEARLOG
[2026.03.12-21.42.46:802][172]MapCheck: Map check complete: 0 Error(s), 0 Warning(s), took 0.167ms to complete.
[2026.03.12-21.42.46:802][172]LogFileHelpers: Loading map 'MainLevel' took 0.747
[2026.03.12-21.42.49:597][499]LogEditorViewport: Clicking on Actor (LMB): BP_TileRow_C (BP_TileRow2)
[2026.03.12-21.58.25:931][811]LogEditorViewport: Clicking on Actor (LMB): BP_TileRow_C (BP_TileRow14)
[2026.03.12-21.58.28:494][107]Cmd: DELETE
[2026.03.12-21.58.28:494][107]Cmd: ACTOR DELETE
[2026.03.12-21.58.28:521][107]LogEditorActor: Deleted Actor: BP_TileRow_C
[2026.03.12-21.58.28:522][107]LogEditorActor: Deleted Actor: BP_TileRow_C
[2026.03.12-21.58.28:530][107]LogUObjectHash: Compacting FUObjectHashTables data took   0.69ms
[2026.03.12-21.58.28:532][107]LogEditorActor: Deleted 2 Actors (0.036 secs)
[2026.03.12-21.58.29:538][226]LogEditorViewport: Clicking on Actor (LMB): BP_TileRow_C (BP_TileRow19)
[2026.03.12-21.58.31:022][396]Cmd: EDIT COPY
[2026.03.12-21.58.31:765][484]LogEditorViewport: Clicking on Actor (LMB): BP_Sky_Sphere_C (Sky Sphere2)
[2026.03.12-21.58.32:395][556]LogEditorViewport: Clicking on Actor (LMB): BP_TileRow_C (BP_TileRow13)
[2026.03.12-21.58.32:805][602]LogEditorViewport: Clicking on Actor (LMB): BP_Sky_Sphere_C (Sky Sphere2)
[2026.03.12-21.58.33:531][686]Cmd: EDIT PASTE
[2026.03.12-21.58.44:573][897]LogEditorViewport: Clicking on Actor (LMB): BP_TileRow_C (BP_TileRow28)
[2026.03.12-21.58.50:692][597]LogEditorViewport: Clicking on Actor (context menu): BP_TileRow_C (BP_TileRow31)
[2026.03.12-21.58.52:629][825]LogEditorViewport: Clicking on Actor (LMB): BP_TileRow_C (BP_TileRow31)
[2026.03.12-21.58.53:516][928]LogEditorViewport: Clicking on Actor (LMB): BP_TileRow_C (BP_TileRow33)
[2026.03.12-21.58.55:551][163]LogEditorViewport: Clicking on Actor (LMB): BP_Sky_Sphere_C (Sky Sphere)
[2026.03.12-21.59.00:327][707]Cmd: DELETE
[2026.03.12-21.59.00:327][707]Cmd: ACTOR DELETE
[2026.03.12-21.59.00:362][707]LogEditorActor: Deleted Actor: BP_Sky_Sphere_C
[2026.03.12-21.59.00:362][707]LogEditorActor: Deleted Actor: BP_TileRow_C
[2026.03.12-21.59.00:365][707]LogEditorActor: Deleted Actor: BP_TileRow_C
[2026.03.12-21.59.00:367][707]LogEditorActor: Deleted Actor: BP_TileRow_C
[2026.03.12-21.59.00:369][707]LogEditorActor: Deleted Actor: BP_TileRow_C
[2026.03.12-21.59.00:371][707]LogEditorActor: Deleted Actor: BP_TileRow_C
[2026.03.12-21.59.00:372][707]LogEditorActor: Deleted Actor: BP_TileRow_C
[2026.03.12-21.59.00:416][707]LogUObjectHash: Compacting FUObjectHashTables data took   0.88ms
[2026.03.12-21.59.00:417][707]LogEditorActor: Deleted 7 Actors (0.090 secs)
[2026.03.12-21.59.01:088][787]LogEditorViewport: Clicking on Actor (LMB): BP_TileRow_C (BP_TileRow35)
[2026.03.12-21.59.07:624][562]Cmd: EDIT COPY
[2026.03.12-21.59.08:322][645]Cmd: EDIT PASTE
[2026.03.12-21.59.14:568][305]LogEditorViewport: Clicking on Actor (LMB): BP_Sky_Sphere_C (Sky Sphere2)
[2026.03.12-21.59.15:402][402]LogEditorViewport: Clicking on Actor (LMB): BP_TileRow_C (BP_TileRow37)
[2026.03.12-21.59.16:707][552]Cmd: EDIT COPY
[2026.03.12-21.59.16:912][576]Cmd: EDIT PASTE
[2026.03.12-21.59.20:937][978]Cmd: TRANSACTION UNDO
[2026.03.12-21.59.20:937][978]LogEditorTransaction: Undo Move Actors
[2026.03.12-21.59.21:478][ 12]LogEditorViewport: Clicking on Actor (LMB): BP_TileRow_C (BP_TileRow64)
[2026.03.12-21.59.23:463][241]Cmd: EDIT COPY
[2026.03.12-21.59.23:704][269]Cmd: EDIT PASTE
[2026.03.12-21.59.27:149][592]LogEditorViewport: Clicking on Actor (LMB): BP_Sky_Sphere_C (Sky Sphere2)
[2026.03.12-22.00.00:460][521]LogUObjectHash: Compacting FUObjectHashTables data took   1.49ms
[2026.03.12-22.00.00:844][521]LogSavePackage: Moving 'C:/Users/titan/Desktop/Titan_RoadHopper/RoadHopper4.27/Saved/MainLevel_Auto1BEEA91984CE525CC5955EDB88EBCE910.tmp' to 'C:/Users/titan/Desktop/Titan_RoadHopper/RoadHopper4.27/Saved/Autosaves/Game/Levels/MainLevel_Auto1.umap'
[2026.03.12-22.00.00:846][521]LogFileHelpers: Editor autosave (incl. external actors) for '/Game/Levels/MainLevel' took 0.499
[2026.03.12-22.00.00:846][521]LogFileHelpers: Editor autosave (incl. sublevels & external actors) for all levels took 0.499
[2026.03.12-22.04.15:375][ 57]LogEditorViewport: Clicking on Actor (LMB): BP_Sky_Sphere_C (Sky Sphere2)
[2026.03.12-22.04.20:624][676]LogUObjectHash: Compacting FUObjectHashTables data took   0.32ms
[2026.03.12-22.04.20:644][676]Cmd: OBJ SAVEPACKAGE PACKAGE="/Game/Levels/MainLevel" FILE="C:/Users/titan/Desktop/Titan_RoadHopper/RoadHopper4.27/Content/Levels/MainLevel.umap" SILENT=true AUTOSAVING=false KEEPDIRTY=false
[2026.03.12-22.04.20:649][676]LogUObjectHash: Compacting FUObjectHashTables data took   0.22ms
[2026.03.12-22.04.21:055][676]LogSavePackage: Moving 'C:/Users/titan/Desktop/Titan_RoadHopper/RoadHopper4.27/Saved/MainLevel8980126B456906071F8CCAADFEB60D76.tmp' to 'C:/Users/titan/Desktop/Titan_RoadHopper/RoadHopper4.27/Content/Levels/MainLevel.umap'
[2026.03.12-22.04.21:061][676]LogFileHelpers: Saving map 'MainLevel' took 0.419
[2026.03.12-22.04.21:075][676]AssetCheck: New page: Asset Save: MainLevel
[2026.03.12-22.04.21:075][676]LogContentValidation: Display: Validating World /Game/Levels/MainLevel.MainLevel
[2026.03.12-22.04.22:489][841]LogUObjectHash: Compacting FUObjectHashTables data took   0.82ms
[2026.03.12-22.04.22:520][841]LogSlate: Window 'RoadHopper - Unreal Editor' being destroyed
[2026.03.12-22.04.22:624][842]Cmd: QUIT_EDITOR
[2026.03.12-22.04.22:624][842]LogCore: Engine exit requested (reason: UUnrealEdEngine::CloseEditor())
[2026.03.12-22.04.22:628][842]LogCore: Engine exit requested (reason: EngineExit() was called; note: exit was already requested)
[2026.03.12-22.04.22:630][842]LogAudio: Display: Beginning Audio Device Manager Shutdown (Module: AudioMixerXAudio2)...
[2026.03.12-22.04.22:630][842]LogAudio: Display: Destroying 1 Remaining Audio Device(s)...
[2026.03.12-22.04.22:630][842]LogAudio: Display: Audio Device unregistered from world 'MainLevel'.
[2026.03.12-22.04.22:631][842]LogAudioMixer: FMixerPlatformXAudio2::StopAudioStream() called
[2026.03.12-22.04.22:632][842]LogAudioMixer: FMixerPlatformXAudio2::StopAudioStream() called
[2026.03.12-22.04.22:635][842]LogAudio: Display: Audio Device Manager Shutdown
[2026.03.12-22.04.22:636][842]LogWindowsTextInputMethodSystem: Display: IME system deactivated.
[2026.03.12-22.04.22:641][842]LogExit: Preparing to exit.
[2026.03.12-22.04.23:180][842]LogUObjectHash: Compacting FUObjectHashTables data took   0.60ms
[2026.03.12-22.04.23:318][842]LogDemo: Cleaned up 0 splitscreen connections with owner deletion
[2026.03.12-22.04.23:325][842]LogWorld: UWorld::CleanupWorld for None, bSessionEnded=true, bCleanupResources=true
[2026.03.12-22.04.23:326][842]LogExit: Editor shut down
[2026.03.12-22.04.23:327][842]LogExit: Transaction tracking system shut down
[2026.03.12-22.04.23:456][842]LogExit: Object subsystem successfully closed.
[2026.03.12-22.04.23:472][842]LogShaderCompilers: Display: === FShaderJobCache stats ===
[2026.03.12-22.04.23:472][842]LogShaderCompilers: Display: Total job queries 0, among them cache hits 0 (0.00%)
[2026.03.12-22.04.23:472][842]LogShaderCompilers: Display: Tracking 0 distinct input hashes that result in 0 distinct outputs (0.00%)
[2026.03.12-22.04.23:472][842]LogShaderCompilers: Display: RAM used: 0.00 MB (0.00 GB) of 1638.40 MB (1.60 GB) budget. Usage: 0.00%
[2026.03.12-22.04.23:472][842]LogShaderCompilers: Display: ================================================
[2026.03.12-22.04.23:482][842]LogShaderCompilers: Display: Shaders left to compile 0
[2026.03.12-22.04.23:497][842]LogModuleManager: Shutting down and abandoning module HierarchicalLODOutliner (870)
[2026.03.12-22.04.23:497][842]LogModuleManager: Shutting down and abandoning module SceneOutliner (868)
[2026.03.12-22.04.23:497][842]LogModuleManager: Shutting down and abandoning module AddContentDialog (866)
[2026.03.12-22.04.23:497][842]LogModuleManager: Shutting down and abandoning module WidgetCarousel (865)
[2026.03.12-22.04.23:497][842]LogModuleManager: Shutting down and abandoning module EditorWidgets (862)
[2026.03.12-22.04.23:497][842]LogModuleManager: Shutting down and abandoning module StatsViewer (860)
[2026.03.12-22.04.23:497][842]LogModuleManager: Shutting down and abandoning module PIEPreviewDeviceProfileSelector (858)
[2026.03.12-22.04.23:497][842]LogModuleManager: Shutting down and abandoning module SequenceRecorderSections (856)
[2026.03.12-22.04.23:497][842]LogModuleManager: Shutting down and abandoning module AutomationWorker (854)
[2026.03.12-22.04.23:497][842]LogModuleManager: Shutting down and abandoning module SteamVREditor (852)
[2026.03.12-22.04.23:497][842]LogModuleManager: Shutting down and abandoning module OculusMR (850)
[2026.03.12-22.04.23:497][842]LogModuleManager: Shutting down and abandoning module TakeRecorderSources (848)
[2026.03.12-22.04.23:498][842]LogModuleManager: Shutting down and abandoning module TakeRecorder (847)
[2026.03.12-22.04.23:498][842]LogModuleManager: Shutting down and abandoning module TakeTrackRecorders (844)
[2026.03.12-22.04.23:498][842]LogModuleManager: Shutting down and abandoning module TakesCore (842)
[2026.03.12-22.04.23:498][842]LogModuleManager: Shutting down and abandoning module OpenXRInput (840)
[2026.03.12-22.04.23:498][842]LogModuleManager: Shutting down and abandoning module GooglePADEditor (838)
[2026.03.12-22.04.23:498][842]LogModuleManager: Shutting down and abandoning module AudioCaptureEditor (836)
[2026.03.12-22.04.23:498][842]LogModuleManager: Shutting down and abandoning module TemplateSequenceEditor (834)
[2026.03.12-22.04.23:498][842]LogModuleManager: Shutting down and abandoning module MatineeToLevelSequence (832)
[2026.03.12-22.04.23:498][842]LogModuleManager: Shutting down and abandoning module LevelSequenceEditor (830)
[2026.03.12-22.04.23:498][842]LogModuleManager: Shutting down and abandoning module ActorSequenceEditor (828)
[2026.03.12-22.04.23:498][842]LogModuleManager: Shutting down and abandoning module WmfMediaFactory (826)
[2026.03.12-22.04.23:498][842]LogModuleManager: Shutting down and abandoning module WmfMediaEditor (824)
[2026.03.12-22.04.23:498][842]LogModuleManager: Shutting down and abandoning module WebMMediaFactory (822)
[2026.03.12-22.04.23:499][842]LogModuleManager: Shutting down and abandoning module WebMMediaEditor (820)
[2026.03.12-22.04.23:499][842]LogModuleManager: Shutting down and abandoning module WebMMedia (818)
[2026.03.12-22.04.23:499][842]LogModuleManager: Shutting down and abandoning module MagicLeapMediaCodecFactory (816)
[2026.03.12-22.04.23:499][842]LogModuleManager: Shutting down and abandoning module MagicLeapMediaFactory (814)
[2026.03.12-22.04.23:499][842]LogModuleManager: Shutting down and abandoning module MagicLeapMediaEditor (812)
[2026.03.12-22.04.23:499][842]LogModuleManager: Shutting down and abandoning module MediaPlayerEditor (810)
[2026.03.12-22.04.23:499][842]LogModuleManager: Shutting down and abandoning module MediaCompositingEditor (808)
[2026.03.12-22.04.23:499][842]LogModuleManager: Shutting down and abandoning module SequenceRecorder (807)
[2026.03.12-22.04.23:499][842]LogModuleManager: Shutting down and abandoning module OpenExrWrapper (804)
[2026.03.12-22.04.23:499][842]LogModuleManager: Shutting down and abandoning module ImgMediaFactory (802)
[2026.03.12-22.04.23:499][842]LogModuleManager: Shutting down and abandoning module ImgMediaEditor (800)
[2026.03.12-22.04.23:499][842]LogModuleManager: Shutting down and abandoning module AvfMediaFactory (798)
[2026.03.12-22.04.23:499][842]LogModuleManager: Shutting down and abandoning module AvfMediaEditor (796)
[2026.03.12-22.04.23:499][842]LogModuleManager: Shutting down and abandoning module AndroidMediaFactory (794)
[2026.03.12-22.04.23:499][842]LogModuleManager: Shutting down and abandoning module AndroidMediaEditor (792)
[2026.03.12-22.04.23:499][842]LogModuleManager: Shutting down and abandoning module PlanarCut (790)
[2026.03.12-22.04.23:499][842]LogModuleManager: Shutting down and abandoning module CharacterAI (788)
[2026.03.12-22.04.23:499][842]LogModuleManager: Shutting down and abandoning module TextureAlignMode (786)
[2026.03.12-22.04.23:499][842]LogModuleManager: Shutting down and abandoning module BspMode (784)
[2026.03.12-22.04.23:499][842]LogModuleManager: Shutting down and abandoning module GeometryMode (782)
[2026.03.12-22.04.23:499][842]LogModuleManager: Shutting down and abandoning module CameraShakePreviewer (780)
[2026.03.12-22.04.23:499][842]LogModuleManager: Shutting down and abandoning module SmartSnapping (778)
[2026.03.12-22.04.23:499][842]LogModuleManager: Shutting down and abandoning module SessionServices (776)
[2026.03.12-22.04.23:499][842]LogModuleManager: Shutting down and abandoning module MeshPaint (774)
[2026.03.12-22.04.23:499][842]LogModuleManager: Shutting down and abandoning module VirtualTexturingEditor (772)
[2026.03.12-22.04.23:499][842]LogModuleManager: Shutting down and abandoning module FoliageEdit (770)
[2026.03.12-22.04.23:499][842]LogModuleManager: Shutting down and abandoning module LandscapeEditor (768)
[2026.03.12-22.04.23:499][842]LogModuleManager: Shutting down and abandoning module MeshPaintMode (766)
[2026.03.12-22.04.23:499][842]LogModuleManager: Shutting down and abandoning module SceneDepthPickerMode (764)
[2026.03.12-22.04.23:499][842]LogModuleManager: Shutting down and abandoning module ActorPickerMode (762)
[2026.03.12-22.04.23:499][842]LogModuleManager: Shutting down and abandoning module PlacementMode (760)
[2026.03.12-22.04.23:499][842]LogModuleManager: Shutting down and abandoning module ViewportSnapping (758)
[2026.03.12-22.04.23:499][842]LogModuleManager: Shutting down and abandoning module ViewportInteraction (756)
[2026.03.12-22.04.23:499][842]LogModuleManager: Shutting down and abandoning module ClothPainter (754)
[2026.03.12-22.04.23:500][842]LogModuleManager: Shutting down and abandoning module SkeletalMeshEditor (753)
[2026.03.12-22.04.23:500][842]LogModuleManager: Shutting down and abandoning module LogVisualizer (750)
[2026.03.12-22.04.23:500][842]LogModuleManager: Shutting down and abandoning module IntroTutorials (748)
[2026.03.12-22.04.23:500][842]LogModuleManager: Shutting down and abandoning module GameProjectGeneration (747)
[2026.03.12-22.04.23:500][842]LogModuleManager: Shutting down and abandoning module LuminPlatformEditor (744)
[2026.03.12-22.04.23:500][842]LogModuleManager: Shutting down and abandoning module IOSPlatformEditor (742)
[2026.03.12-22.04.23:500][842]LogModuleManager: Shutting down and abandoning module AndroidPlatformEditor (740)
[2026.03.12-22.04.23:500][842]LogModuleManager: Shutting down and abandoning module AndroidDeviceDetection (739)
[2026.03.12-22.04.23:796][842]LogModuleManager: Shutting down and abandoning module WindowsPlatformEditor (736)
[2026.03.12-22.04.23:796][842]LogModuleManager: Shutting down and abandoning module LuminRuntimeSettings (734)
[2026.03.12-22.04.23:796][842]LogModuleManager: Shutting down and abandoning module IOSRuntimeSettings (732)
[2026.03.12-22.04.23:796][842]LogModuleManager: Shutting down and abandoning module AndroidRuntimeSettings (730)
[2026.03.12-22.04.23:796][842]LogModuleManager: Shutting down and abandoning module TraceInsights (728)
[2026.03.12-22.04.23:799][842]MemoryProfiler: Shutdown
[2026.03.12-22.04.23:799][842]NetworkingProfiler: Shutdown
[2026.03.12-22.04.23:799][842]LoadingProfiler: Shutdown
[2026.03.12-22.04.23:799][842]TimingProfiler: Shutdown
[2026.03.12-22.04.23:799][842]LogModuleManager: Shutting down and abandoning module TraceServices (727)
[2026.03.12-22.04.23:800][842]LogModuleManager: Shutting down and abandoning module EditorInteractiveToolsFramework (724)
[2026.03.12-22.04.23:800][842]LogModuleManager: Shutting down and abandoning module TimeManagementEditor (722)
[2026.03.12-22.04.23:800][842]LogModuleManager: Shutting down and abandoning module InputBindingEditor (720)
[2026.03.12-22.04.23:800][842]LogModuleManager: Shutting down and abandoning module MergeActors (718)
[2026.03.12-22.04.23:800][842]LogModuleManager: Shutting down and abandoning module LocalizationDashboard (716)
[2026.03.12-22.04.23:800][842]LogModuleManager: Shutting down and abandoning module LocalizationService (715)
[2026.03.12-22.04.23:800][842]LogModuleManager: Shutting down and abandoning module HardwareTargeting (712)
[2026.03.12-22.04.23:800][842]LogModuleManager: Shutting down and abandoning module DeviceProfileEditor (710)
[2026.03.12-22.04.23:800][842]LogModuleManager: Shutting down and abandoning module UndoHistory (708)
[2026.03.12-22.04.23:800][842]LogModuleManager: Shutting down and abandoning module XmlParser (706)
[2026.03.12-22.04.23:800][842]LogModuleManager: Shutting down and abandoning module Blutility (704)
[2026.03.12-22.04.23:800][842]LogModuleManager: Shutting down and abandoning module ProjectSettingsViewer (702)
[2026.03.12-22.04.23:800][842]LogModuleManager: Shutting down and abandoning module ProjectTargetPlatformEditor (701)
[2026.03.12-22.04.23:800][842]LogModuleManager: Shutting down and abandoning module EditorSettingsViewer (698)
[2026.03.12-22.04.23:800][842]LogModuleManager: Shutting down and abandoning module InternationalizationSettings (697)
[2026.03.12-22.04.23:800][842]LogModuleManager: Shutting down and abandoning module SettingsEditor (694)
[2026.03.12-22.04.23:800][842]LogModuleManager: Shutting down and abandoning module ProjectLauncher (692)
[2026.03.12-22.04.23:800][842]LogModuleManager: Shutting down and abandoning module SessionFrontend (690)
[2026.03.12-22.04.23:800][842]LogModuleManager: Shutting down and abandoning module ProfilerClient (688)
[2026.03.12-22.04.23:800][842]LogModuleManager: Shutting down and abandoning module DeviceManager (686)
[2026.03.12-22.04.23:800][842]LogModuleManager: Shutting down and abandoning module TargetDeviceServices (685)
[2026.03.12-22.04.23:831][842]LogModuleManager: Shutting down and abandoning module AutomationController (682)
[2026.03.12-22.04.23:831][842]LogModuleManager: Shutting down and abandoning module AutomationWindow (680)
[2026.03.12-22.04.23:832][842]LogModuleManager: Shutting down and abandoning module Layers (678)
[2026.03.12-22.04.23:832][842]LogModuleManager: Shutting down and abandoning module ComponentVisualizers (676)
[2026.03.12-22.04.23:833][842]LogModuleManager: Shutting down and abandoning module DetailCustomizations (674)
[2026.03.12-22.04.23:833][842]LogModuleManager: Shutting down and abandoning module PackagesDialog (672)
[2026.03.12-22.04.23:833][842]LogModuleManager: Shutting down and abandoning module AnimationBlueprintEditor (670)
[2026.03.12-22.04.23:834][842]LogModuleManager: Shutting down and abandoning module Persona (668)
[2026.03.12-22.04.23:834][842]LogModuleManager: Shutting down and abandoning module AdvancedPreviewScene (667)
[2026.03.12-22.04.23:834][842]LogModuleManager: Shutting down and abandoning module AnimGraph (665)
[2026.03.12-22.04.23:834][842]LogModuleManager: Shutting down and abandoning module Kismet (662)
[2026.03.12-22.04.23:835][842]LogModuleManager: Shutting down and abandoning module KismetWidgets (661)
[2026.03.12-22.04.23:835][842]LogModuleManager: Shutting down and abandoning module GraphEditor (658)
[2026.03.12-22.04.23:837][842]LogModuleManager: Shutting down and abandoning module StructViewer (656)
[2026.03.12-22.04.23:837][842]LogModuleManager: Shutting down and abandoning module ClassViewer (654)
[2026.03.12-22.04.23:837][842]LogModuleManager: Shutting down and abandoning module Toolbox (652)
[2026.03.12-22.04.23:837][842]LogModuleManager: Shutting down and abandoning module ModuleUI (650)
[2026.03.12-22.04.23:837][842]LogModuleManager: Shutting down and abandoning module OutputLog (648)
[2026.03.12-22.04.23:837][842]LogModuleManager: Shutting down and abandoning module GammaUI (646)
[2026.03.12-22.04.23:838][842]LogModuleManager: Shutting down and abandoning module Documentation (644)
[2026.03.12-22.04.23:838][842]LogModuleManager: Shutting down and abandoning module LiveCoding (642)
[2026.03.12-22.04.23:838][842]LogModuleManager: Shutting down and abandoning module LevelSequence (640)
[2026.03.12-22.04.23:838][842]LogModuleManager: Shutting down and abandoning module MovieSceneTracks (638)
[2026.03.12-22.04.23:838][842]LogModuleManager: Shutting down and abandoning module MovieScene (636)
[2026.03.12-22.04.23:838][842]LogModuleManager: Shutting down and abandoning module StreamingPauseRendering (634)
[2026.03.12-22.04.23:838][842]LogModuleManager: Shutting down and abandoning module LauncherPlatform (632)
[2026.03.12-22.04.23:838][842]LogModuleManager: Shutting down and abandoning module AnalyticsET (630)
[2026.03.12-22.04.23:838][842]LogModuleManager: Shutting down and abandoning module PortalServices (628)
[2026.03.12-22.04.23:838][842]LogModuleManager: Shutting down and abandoning module PortalRpc (626)
[2026.03.12-22.04.23:838][842]LogModuleManager: Shutting down and abandoning module MessagingRpc (624)
[2026.03.12-22.04.23:838][842]LogModuleManager: Shutting down and abandoning module AudioMixerXAudio2 (622)
[2026.03.12-22.04.23:838][842]LogModuleManager: Shutting down and abandoning module AudioMixerCore (621)
[2026.03.12-22.04.23:838][842]LogModuleManager: Shutting down and abandoning module AIModule (618)
[2026.03.12-22.04.23:838][842]LogModuleManager: Shutting down and abandoning module GameplayDebugger (617)
[2026.03.12-22.04.23:838][842]LogModuleManager: Shutting down and abandoning module AITestSuite (615)
[2026.03.12-22.04.23:838][842]LogModuleManager: Shutting down and abandoning module NavigationSystem (613)
[2026.03.12-22.04.23:838][842]LogModuleManager: Shutting down and abandoning module ImageWriteQueue (610)
[2026.03.12-22.04.23:845][842]LogModuleManager: Shutting down and abandoning module ProfilerService (608)
[2026.03.12-22.04.24:072][842]LogModuleManager: Shutting down and abandoning module TaskGraph (606)
[2026.03.12-22.04.24:073][842]LogModuleManager: Shutting down and abandoning module AudioSynesthesiaEditor (604)
[2026.03.12-22.04.24:073][842]LogModuleManager: Shutting down and abandoning module OculusEditor (602)
[2026.03.12-22.04.24:074][842]LogModuleManager: Shutting down and abandoning module OculusInput (600)
[2026.03.12-22.04.24:074][842]LogModuleManager: Shutting down and abandoning module ContentBrowserFileDataSource (598)
[2026.03.12-22.04.24:074][842]LogModuleManager: Shutting down and abandoning module ContentBrowserClassDataSource (596)
[2026.03.12-22.04.24:074][842]LogModuleManager: Shutting down and abandoning module ContentBrowserAssetDataSource (594)
[2026.03.12-22.04.24:074][842]LogModuleManager: Shutting down and abandoning module CollectionManager (593)
[2026.03.12-22.04.24:075][842]LogModuleManager: Shutting down and abandoning module TakeSequencer (590)
[2026.03.12-22.04.24:075][842]LogModuleManager: Shutting down and abandoning module TakeMovieScene (588)
[2026.03.12-22.04.24:075][842]LogModuleManager: Shutting down and abandoning module SynthesisEditor (586)
[2026.03.12-22.04.24:075][842]LogModuleManager: Shutting down and abandoning module Synthesis (584)
[2026.03.12-22.04.24:076][842]LogModuleManager: Shutting down and abandoning module ProceduralMeshComponentEditor (582)
[2026.03.12-22.04.24:076][842]LogModuleManager: Shutting down and abandoning module ProceduralMeshComponent (580)
[2026.03.12-22.04.24:076][842]LogModuleManager: Shutting down and abandoning module ScreenshotTools (578)
[2026.03.12-22.04.24:076][842]LogModuleManager: Shutting down and abandoning module OpenXREditor (576)
[2026.03.12-22.04.24:076][842]LogModuleManager: Shutting down and abandoning module MobilePatchingUtils (574)
[2026.03.12-22.04.24:076][842]LogModuleManager: Shutting down and abandoning module GooglePAD (572)
[2026.03.12-22.04.24:076][842]LogModuleManager: Shutting down and abandoning module EditableMesh (570)
[2026.03.12-22.04.24:076][842]LogModuleManager: Shutting down and abandoning module CustomMeshComponent (568)
[2026.03.12-22.04.24:076][842]LogModuleManager: Shutting down and abandoning module CableComponent (566)
[2026.03.12-22.04.24:076][842]LogModuleManager: Shutting down and abandoning module AudioCapture (564)
[2026.03.12-22.04.24:076][842]LogModuleManager: Shutting down and abandoning module AudioCaptureRtAudio (563)
[2026.03.12-22.04.24:076][842]LogModuleManager: Shutting down and abandoning module AssetTags (560)
[2026.03.12-22.04.24:076][842]LogModuleManager: Shutting down and abandoning module ArchVisCharacter (558)
[2026.03.12-22.04.24:076][842]LogModuleManager: Shutting down and abandoning module AppleImageUtilsBlueprintSupport (556)
[2026.03.12-22.04.24:077][842]LogModuleManager: Shutting down and abandoning module AppleImageUtils (554)
[2026.03.12-22.04.24:077][842]LogModuleManager: Shutting down and abandoning module AndroidPermission (552)
[2026.03.12-22.04.24:077][842]LogModuleManager: Shutting down and abandoning module ActorLayerUtilitiesEditor (550)
[2026.03.12-22.04.24:077][842]LogModuleManager: Shutting down and abandoning module ActorLayerUtilities (548)
[2026.03.12-22.04.24:077][842]LogModuleManager: Shutting down and abandoning module TemplateSequence (546)
[2026.03.12-22.04.24:077][842]LogModuleManager: Shutting down and abandoning module MagicLeapSharedWorld (544)
[2026.03.12-22.04.24:077][842]LogModuleManager: Shutting down and abandoning module MagicLeapLightEstimation (542)
[2026.03.12-22.04.24:077][842]LogModuleManager: Shutting down and abandoning module MagicLeapHelperVulkan (540)
[2026.03.12-22.04.24:077][842]LogModuleManager: Shutting down and abandoning module MagicLeapHelperOpenGL (538)
[2026.03.12-22.04.24:077][842]LogModuleManager: Shutting down and abandoning module MagicLeapAudio (536)
[2026.03.12-22.04.24:077][842]LogModuleManager: Shutting down and abandoning module MediaCompositing (534)
[2026.03.12-22.04.24:077][842]LogModuleManager: Shutting down and abandoning module ImgMedia (532)
[2026.03.12-22.04.24:077][842]LogModuleManager: Shutting down and abandoning module NiagaraEditorWidgets (530)
[2026.03.12-22.04.24:077][842]LogModuleManager: Shutting down and abandoning module OpenImageDenoise (528)
[2026.03.12-22.04.24:077][842]LogOpenImageDenoise: OIDN shutting down
[2026.03.12-22.04.24:077][842]LogModuleManager: Shutting down and abandoning module MotoSynthEditor (526)
[2026.03.12-22.04.24:077][842]LogModuleManager: Shutting down and abandoning module MotoSynth (524)
[2026.03.12-22.04.24:077][842]LogModuleManager: Shutting down and abandoning module MeshConversion (522)
[2026.03.12-22.04.24:077][842]LogModuleManager: Shutting down and abandoning module DynamicMesh (520)
[2026.03.12-22.04.24:077][842]LogModuleManager: Shutting down and abandoning module GeometryAlgorithms (518)
[2026.03.12-22.04.24:078][842]LogModuleManager: Shutting down and abandoning module GeometricObjects (516)
[2026.03.12-22.04.24:078][842]LogModuleManager: Shutting down and abandoning module GeometryCollectionTracks (514)
[2026.03.12-22.04.24:078][842]LogModuleManager: Shutting down and abandoning module GeometryCollectionSequencer (513)
[2026.03.12-22.04.24:078][842]LogModuleManager: Shutting down and abandoning module GeometryCollectionEditor (510)
[2026.03.12-22.04.24:078][842]LogModuleManager: Shutting down and abandoning module GeometryCacheTracks (508)
[2026.03.12-22.04.24:078][842]LogModuleManager: Shutting down and abandoning module GeometryCacheStreamer (506)
[2026.03.12-22.04.24:078][842]LogModuleManager: Shutting down and abandoning module GeometryCacheSequencer (504)
[2026.03.12-22.04.24:078][842]LogModuleManager: Shutting down and abandoning module ChaosSolverEditor (502)
[2026.03.12-22.04.24:078][842]LogModuleManager: Shutting down and abandoning module ChaosNiagara (500)
[2026.03.12-22.04.24:078][842]LogModuleManager: Shutting down and abandoning module FractureEditor (498)
[2026.03.12-22.04.24:079][842]LogModuleManager: Shutting down and abandoning module FieldSystemEngine (497)
[2026.03.12-22.04.24:079][842]LogModuleManager: Shutting down and abandoning module ChaosClothEditor (494)
[2026.03.12-22.04.24:079][842]LogModuleManager: Shutting down and abandoning module BackChannel (492)
[2026.03.12-22.04.24:079][842]LogModuleManager: Shutting down and abandoning module SpeedTreeImporter (490)
[2026.03.12-22.04.24:079][842]LogModuleManager: Shutting down and abandoning module AutomationUtilsEditor (488)
[2026.03.12-22.04.24:079][842]LogModuleManager: Shutting down and abandoning module AutomationUtils (486)
[2026.03.12-22.04.24:079][842]LogModuleManager: Shutting down and abandoning module PluginBrowser (484)
[2026.03.12-22.04.24:080][842]LogModuleManager: Shutting down and abandoning module MobileLauncherProfileWizard (482)
[2026.03.12-22.04.24:080][842]LogModuleManager: Shutting down and abandoning module MaterialAnalyzer (480)
[2026.03.12-22.04.24:080][842]LogModuleManager: Shutting down and abandoning module AlembicImporter (478)
[2026.03.12-22.04.24:080][842]LogModuleManager: Shutting down and abandoning module AlembicLibrary (477)
[2026.03.12-22.04.24:080][842]LogModuleManager: Shutting down and abandoning module GeometryCache (476)
[2026.03.12-22.04.24:080][842]LogModuleManager: Shutting down and abandoning module GeometryCacheEd (475)
[2026.03.12-22.04.24:080][842]LogModuleManager: Shutting down and abandoning module CryptoKeysOpenSSL (470)
[2026.03.12-22.04.24:080][842]LogModuleManager: Shutting down and abandoning module CryptoKeys (468)
[2026.03.12-22.04.24:080][842]LogModuleManager: Shutting down and abandoning module CurveEditorTools (466)
[2026.03.12-22.04.24:081][842]LogModuleManager: Shutting down and abandoning module VariantManagerContentEditor (464)
[2026.03.12-22.04.24:081][842]LogModuleManager: Shutting down and abandoning module VisualStudioCodeSourceCodeAccess (462)
[2026.03.12-22.04.24:081][842]LogModuleManager: Shutting down and abandoning module VisualStudioSourceCodeAccess (460)
[2026.03.12-22.04.24:081][842]LogModuleManager: Shutting down and abandoning module UObjectPlugin (458)
[2026.03.12-22.04.24:081][842]LogModuleManager: Shutting down and abandoning module SubversionSourceControl (456)
[2026.03.12-22.04.24:081][842]LogModuleManager: Shutting down and abandoning module RiderSourceCodeAccess (454)
[2026.03.12-22.04.24:081][842]LogModuleManager: Shutting down and abandoning module DatasmithContentEditor (452)
[2026.03.12-22.04.24:081][842]LogModuleManager: Shutting down and abandoning module PerforceSourceControl (450)
[2026.03.12-22.04.24:081][842]LogModuleManager: Shutting down and abandoning module PluginUtils (448)
[2026.03.12-22.04.24:081][842]LogModuleManager: Shutting down and abandoning module PlasticSourceControl (446)
[2026.03.12-22.04.24:081][842]LogModuleManager: Shutting down and abandoning module GitSourceControl (444)
[2026.03.12-22.04.24:082][842]LogModuleManager: Shutting down and abandoning module SourceControl (443)
[2026.03.12-22.04.24:082][842]LogModuleManager: Shutting down and abandoning module CLionSourceCodeAccess (440)
[2026.03.12-22.04.24:082][842]LogModuleManager: Shutting down and abandoning module AnimationSharingEd (438)
[2026.03.12-22.04.24:082][842]LogModuleManager: Shutting down and abandoning module LiveLinkSequencer (436)
[2026.03.12-22.04.24:082][842]LogModuleManager: Shutting down and abandoning module LiveLinkMovieScene (434)
[2026.03.12-22.04.24:082][842]LogModuleManager: Shutting down and abandoning module LiveLinkGraphNode (432)
[2026.03.12-22.04.24:082][842]LogModuleManager: Shutting down and abandoning module LiveLinkEditor (430)
[2026.03.12-22.04.24:082][842]LogModuleManager: Shutting down and abandoning module LiveLinkComponents (428)
[2026.03.12-22.04.24:082][842]LogModuleManager: Shutting down and abandoning module LiveLink (426)
[2026.03.12-22.04.24:714][842]LogModuleManager: Shutting down and abandoning module OodleNetworkHandlerComponent (424)
[2026.03.12-22.04.24:714][842]LogModuleManager: Shutting down and abandoning module LightPropagationVolumeEditor (422)
[2026.03.12-22.04.24:714][842]LogModuleManager: Shutting down and abandoning module PaperTiledImporter (420)
[2026.03.12-22.04.24:714][842]LogModuleManager: Shutting down and abandoning module PaperSpriteSheetImporter (418)
[2026.03.12-22.04.24:714][842]LogModuleManager: Shutting down and abandoning module Paper2DEditor (416)
[2026.03.12-22.04.24:714][842]LogModuleManager: Shutting down and abandoning module MeshPaintingToolset (414)
[2026.03.12-22.04.24:715][842]LogModuleManager: Shutting down and abandoning module MeshPaintEditorMode (412)
[2026.03.12-22.04.24:715][842]LogModuleManager: Shutting down and abandoning module SoundFields (410)
[2026.03.12-22.04.24:715][842]LogModuleManager: Shutting down and abandoning module SignificanceManager (408)
[2026.03.12-22.04.24:715][842]LogModuleManager: Shutting down and abandoning module RuntimePhysXCooking (406)
[2026.03.12-22.04.24:715][842]LogModuleManager: Shutting down and abandoning module PropertyAccessEditor (404)
[2026.03.12-22.04.24:715][842]LogModuleManager: Shutting down and abandoning module PhysXVehiclesEditor (402)
[2026.03.12-22.04.24:715][842]LogModuleManager: Shutting down and abandoning module LocationServicesBPLibrary (398)
[2026.03.12-22.04.24:715][842]LogModuleManager: Shutting down and abandoning module AudioSynesthesia (396)
[2026.03.12-22.04.24:715][842]LogModuleManager: Shutting down and abandoning module AudioSynesthesiaCore (394)
[2026.03.12-22.04.24:715][842]LogModuleManager: Shutting down and abandoning module MagicLeapARPin (392)
[2026.03.12-22.04.24:715][842]LogModuleManager: Shutting down and abandoning module UdpMessaging (390)
[2026.03.12-22.04.24:815][842]LogModuleManager: Shutting down and abandoning module ActorSequence (388)
[2026.03.12-22.04.24:815][842]LogModuleManager: Shutting down and abandoning module TcpMessaging (386)
[2026.03.12-22.04.24:915][842]LogModuleManager: Shutting down and abandoning module MagicLeapHandMeshing (384)
[2026.03.12-22.04.24:915][842]LogModuleManager: Shutting down and abandoning module MagicLeapSecureStorage (382)
[2026.03.12-22.04.24:915][842]LogModuleManager: Shutting down and abandoning module MagicLeapPrivileges (380)
[2026.03.12-22.04.24:915][842]LogModuleManager: Shutting down and abandoning module MagicLeapPlanes (378)
[2026.03.12-22.04.24:915][842]LogMagicLeapPlanes: Planes tracker already destroyed.
[2026.03.12-22.04.24:915][842]LogModuleManager: Shutting down and abandoning module MagicLeapImageTracker (376)
[2026.03.12-22.04.24:915][842]LogModuleManager: Shutting down and abandoning module MagicLeapIdentity (374)
[2026.03.12-22.04.24:915][842]LogModuleManager: Shutting down and abandoning module MagicLeapHandTracking (372)
[2026.03.12-22.04.24:915][842]LogModuleManager: Shutting down and abandoning module MagicLeapEyeTracker (370)
[2026.03.12-22.04.24:915][842]LogModuleManager: Shutting down and abandoning module MagicLeapController (368)
[2026.03.12-22.04.24:915][842]LogModuleManager: Shutting down and abandoning module MagicLeapARPinImpl (366)
[2026.03.12-22.04.24:915][842]LogModuleManager: Shutting down and abandoning module MagicLeapAR (364)
[2026.03.12-22.04.24:915][842]LogModuleManager: Shutting down and abandoning module ImgMediaEngine (362)
[2026.03.12-22.04.24:915][842]LogModuleManager: Shutting down and abandoning module NiagaraAnimNotifies (360)
[2026.03.12-22.04.24:915][842]LogModuleManager: Shutting down and abandoning module Niagara (358)
[2026.03.12-22.04.24:916][842]LogModuleManager: Shutting down and abandoning module SignalProcessing (357)
[2026.03.12-22.04.24:916][842]LogModuleManager: Shutting down and abandoning module NiagaraEditor (355)
[2026.03.12-22.04.24:916][842]LogModuleManager: Shutting down and abandoning module NiagaraCore (352)
[2026.03.12-22.04.24:916][842]LogModuleManager: Shutting down and abandoning module PythonScriptPlugin (350)
[2026.03.12-22.04.24:916][842]LogModuleManager: Shutting down and abandoning module GameplayTagsEditor (348)
[2026.03.12-22.04.24:916][842]LogModuleManager: Shutting down and abandoning module FacialAnimationEditor (346)
[2026.03.12-22.04.24:916][842]LogModuleManager: Shutting down and abandoning module FacialAnimation (344)
[2026.03.12-22.04.24:916][842]LogModuleManager: Shutting down and abandoning module DataValidation (342)
[2026.03.12-22.04.24:916][842]LogModuleManager: Shutting down and abandoning module AssetManagerEditor (340)
[2026.03.12-22.04.24:916][842]LogModuleManager: Shutting down and abandoning module LevelEditor (339)
[2026.03.12-22.04.24:917][842]LogModuleManager: Shutting down and abandoning module PixelInspectorModule (338)
[2026.03.12-22.04.24:917][842]LogModuleManager: Shutting down and abandoning module CommonMenuExtensions (336)
[2026.03.12-22.04.24:917][842]LogModuleManager: Shutting down and abandoning module MainFrame (334)
[2026.03.12-22.04.24:917][842]LogModuleManager: Shutting down and abandoning module HotReload (333)
[2026.03.12-22.04.24:918][842]LogModuleManager: Shutting down and abandoning module ToolMenus (329)
[2026.03.12-22.04.24:918][842]LogModuleManager: Shutting down and abandoning module ContentBrowser (327)
[2026.03.12-22.04.24:918][842]LogModuleManager: Shutting down and abandoning module ContentBrowserData (326)
[2026.03.12-22.04.24:918][842]LogModuleManager: Shutting down and abandoning module TreeMap (323)
[2026.03.12-22.04.24:918][842]LogModuleManager: Shutting down and abandoning module PropertyAccessNode (320)
[2026.03.12-22.04.24:918][842]LogModuleManager: Shutting down and abandoning module EnvironmentQueryEditor (318)
[2026.03.12-22.04.24:918][842]LogModuleManager: Shutting down and abandoning module AnimationSharing (316)
[2026.03.12-22.04.24:918][842]LogModuleManager: Shutting down and abandoning module GameplayCameras (314)
[2026.03.12-22.04.24:918][842]LogModuleManager: Shutting down and abandoning module LightPropagationVolumeRuntime (312)
[2026.03.12-22.04.24:918][842]LogModuleManager: Shutting down and abandoning module Paper2D (310)
[2026.03.12-22.04.24:919][842]LogModuleManager: Shutting down and abandoning module WindowsMoviePlayer (308)
[2026.03.12-22.04.24:920][842]LogModuleManager: Shutting down and abandoning module WebMMoviePlayer (306)
[2026.03.12-22.04.24:920][842]LogModuleManager: Shutting down and abandoning module NetworkReplayStreaming (304)
[2026.03.12-22.04.24:920][842]LogModuleManager: Shutting down and abandoning module PacketHandler (302)
[2026.03.12-22.04.24:920][842]LogModuleManager: Shutting down and abandoning module ClothingSystemEditor (300)
[2026.03.12-22.04.24:920][842]LogModuleManager: Shutting down and abandoning module ClothingSystemRuntimeNv (298)
[2026.03.12-22.04.24:920][842]LogModuleManager: Shutting down and abandoning module MediaAssets (296)
[2026.03.12-22.04.24:920][842]LogModuleManager: Shutting down and abandoning module Overlay (294)
[2026.03.12-22.04.24:920][842]LogModuleManager: Shutting down and abandoning module OverlayEditor (293)
[2026.03.12-22.04.24:920][842]LogModuleManager: Shutting down and abandoning module VREditor (290)
[2026.03.12-22.04.24:920][842]LogModuleManager: Shutting down and abandoning module StringTableEditor (288)
[2026.03.12-22.04.24:920][842]LogModuleManager: Shutting down and abandoning module GameplayTasksEditor (286)
[2026.03.12-22.04.24:920][842]LogModuleManager: Shutting down and abandoning module BehaviorTreeEditor (284)
[2026.03.12-22.04.24:921][842]LogModuleManager: Shutting down and abandoning module FunctionalTesting (282)
[2026.03.12-22.04.24:921][842]LogModuleManager: Shutting down and abandoning module CollisionAnalyzer (280)
[2026.03.12-22.04.24:921][842]LogModuleManager: Shutting down and abandoning module WorkspaceMenuStructure (279)
[2026.03.12-22.04.24:921][842]LogModuleManager: Shutting down and abandoning module UMG (276)
[2026.03.12-22.04.24:921][842]LogModuleManager: Shutting down and abandoning module UMGEditor (275)
[2026.03.12-22.04.24:921][842]LogModuleManager: Shutting down and abandoning module MessageLog (273)
[2026.03.12-22.04.24:921][842]LogModuleManager: Shutting down and abandoning module SlateReflector (268)
[2026.03.12-22.04.24:921][842]LogModuleManager: Shutting down and abandoning module Slate (266)
[2026.03.12-22.04.24:921][842]LogModuleManager: Shutting down and abandoning module SlateCore (264)
[2026.03.12-22.04.24:922][842]LogModuleManager: Shutting down and abandoning module LandscapeEditorUtilities (262)
[2026.03.12-22.04.24:922][842]LogModuleManager: Shutting down and abandoning module UnrealEd (260)
[2026.03.12-22.04.24:922][842]LogModuleManager: Shutting down and abandoning module MRMesh (258)
[2026.03.12-22.04.24:922][842]LogModuleManager: Shutting down and abandoning module SourceCodeAccess (256)
[2026.03.12-22.04.24:922][842]LogModuleManager: Shutting down and abandoning module HeadMountedDisplay (254)
[2026.03.12-22.04.24:922][842]LogModuleManager: Shutting down and abandoning module XAudio2 (252)
[2026.03.12-22.04.24:922][842]LogModuleManager: Shutting down and abandoning module Networking (250)
[2026.03.12-22.04.24:922][842]LogModuleManager: Shutting down and abandoning module Core (248)
[2026.03.12-22.04.24:922][842]LogModuleManager: Shutting down and abandoning module MaterialEditor (246)
[2026.03.12-22.04.24:922][842]LogModuleManager: Shutting down and abandoning module MovieSceneTools (244)
[2026.03.12-22.04.24:922][842]LogModuleManager: Shutting down and abandoning module CurveEditor (243)
[2026.03.12-22.04.24:923][842]LogModuleManager: Shutting down and abandoning module Sequencer (241)
[2026.03.12-22.04.24:923][842]LogModuleManager: Shutting down and abandoning module EditorStyle (240)
[2026.03.12-22.04.24:924][842]LogModuleManager: Shutting down and abandoning module KismetCompiler (236)
[2026.03.12-22.04.24:924][842]LogModuleManager: Shutting down and abandoning module MeshBuilder (234)
[2026.03.12-22.04.24:924][842]LogModuleManager: Shutting down and abandoning module MeshUtilities (232)
[2026.03.12-22.04.24:924][842]LogModuleManager: Shutting down and abandoning module MeshMergeUtilities (231)
[2026.03.12-22.04.24:924][842]LogModuleManager: Shutting down and abandoning module MeshReductionInterface (230)
[2026.03.12-22.04.24:924][842]LogModuleManager: Shutting down and abandoning module MeshBoneReduction (229)
[2026.03.12-22.04.24:924][842]LogModuleManager: Shutting down and abandoning module SkeletalMeshReduction (227)
[2026.03.12-22.04.24:924][842]LogModuleManager: Shutting down and abandoning module ProxyLODMeshReduction (225)
[2026.03.12-22.04.24:924][842]LogModuleManager: Shutting down and abandoning module QuadricMeshReduction (223)
[2026.03.12-22.04.24:925][842]LogModuleManager: Shutting down and abandoning module MaterialBaking (219)
[2026.03.12-22.04.24:925][842]LogModuleManager: Shutting down and abandoning module NullInstallBundleManager (214)
[2026.03.12-22.04.24:925][842]LogModuleManager: Shutting down and abandoning module DerivedDataCache (212)
[2026.03.12-22.04.24:925][842]LogModuleManager: Shutting down and abandoning module TargetPlatform (210)
[2026.03.12-22.04.24:925][842]LogModuleManager: Shutting down and abandoning module VulkanShaderFormat (209)
[2026.03.12-22.04.24:925][842]LogModuleManager: Shutting down and abandoning module ShaderFormatVectorVM (207)
[2026.03.12-22.04.24:925][842]LogModuleManager: Shutting down and abandoning module ShaderFormatOpenGL (205)
[2026.03.12-22.04.24:925][842]LogModuleManager: Shutting down and abandoning module ShaderFormatD3D (203)
[2026.03.12-22.04.24:925][842]LogModuleManager: Shutting down and abandoning module MetalShaderFormat (201)
[2026.03.12-22.04.24:925][842]LogModuleManager: Shutting down and abandoning module TextureFormatOodle (199)
[2026.03.12-22.04.24:925][842]LogModuleManager: Shutting down and abandoning module TextureFormatUncompressed (197)
[2026.03.12-22.04.24:925][842]LogModuleManager: Shutting down and abandoning module TextureFormatPVR (195)
[2026.03.12-22.04.24:925][842]LogModuleManager: Shutting down and abandoning module TextureFormatETC2 (193)
[2026.03.12-22.04.24:925][842]LogModuleManager: Shutting down and abandoning module TextureFormatDXT (191)
[2026.03.12-22.04.24:925][842]LogModuleManager: Shutting down and abandoning module TextureFormatIntelISPCTexComp (189)
[2026.03.12-22.04.24:925][842]LogModuleManager: Shutting down and abandoning module TextureFormatASTC (187)
[2026.03.12-22.04.24:925][842]LogModuleManager: Shutting down and abandoning module ImageWrapper (186)
[2026.03.12-22.04.24:925][842]LogModuleManager: Shutting down and abandoning module AudioFormatOpus (183)
[2026.03.12-22.04.24:925][842]LogModuleManager: Shutting down and abandoning module AudioFormatOgg (181)
[2026.03.12-22.04.24:925][842]LogModuleManager: Shutting down and abandoning module AudioFormatADPCM (179)
[2026.03.12-22.04.24:925][842]LogModuleManager: Shutting down and abandoning module WindowsServerTargetPlatform (177)
[2026.03.12-22.04.24:925][842]LogModuleManager: Shutting down and abandoning module WindowsClientTargetPlatform (175)
[2026.03.12-22.04.24:925][842]LogModuleManager: Shutting down and abandoning module WindowsTargetPlatform (173)
[2026.03.12-22.04.24:925][842]LogModuleManager: Shutting down and abandoning module WindowsNoEditorTargetPlatform (171)
[2026.03.12-22.04.24:925][842]LogModuleManager: Shutting down and abandoning module TVOSTargetPlatform (169)
[2026.03.12-22.04.24:926][842]LogModuleManager: Shutting down and abandoning module MacServerTargetPlatform (167)
[2026.03.12-22.04.24:926][842]LogModuleManager: Shutting down and abandoning module MacClientTargetPlatform (165)
[2026.03.12-22.04.24:926][842]LogModuleManager: Shutting down and abandoning module MacTargetPlatform (163)
[2026.03.12-22.04.24:926][842]LogModuleManager: Shutting down and abandoning module MacNoEditorTargetPlatform (161)
[2026.03.12-22.04.24:926][842]LogModuleManager: Shutting down and abandoning module LuminTargetPlatform (159)
[2026.03.12-22.04.24:927][842]LogModuleManager: Shutting down and abandoning module LinuxAArch64ServerTargetPlatform (157)
[2026.03.12-22.04.24:927][842]LogModuleManager: Shutting down and abandoning module LinuxAArch64ClientTargetPlatform (155)
[2026.03.12-22.04.24:927][842]LogModuleManager: Shutting down and abandoning module LinuxAArch64NoEditorTargetPlatform (153)
[2026.03.12-22.04.24:927][842]LogModuleManager: Shutting down and abandoning module LinuxServerTargetPlatform (151)
[2026.03.12-22.04.24:927][842]LogModuleManager: Shutting down and abandoning module LinuxClientTargetPlatform (149)
[2026.03.12-22.04.24:927][842]LogModuleManager: Shutting down and abandoning module LinuxNoEditorTargetPlatform (147)
[2026.03.12-22.04.24:927][842]LogModuleManager: Shutting down and abandoning module LinuxTargetPlatform (145)
[2026.03.12-22.04.24:927][842]LogModuleManager: Shutting down and abandoning module Messaging (143)
[2026.03.12-22.04.24:927][842]LogModuleManager: Shutting down and abandoning module IOSTargetPlatform (141)
[2026.03.12-22.04.24:927][842]LogModuleManager: Shutting down and abandoning module AndroidTargetPlatform (139)
[2026.03.12-22.04.24:930][842]LogModuleManager: Shutting down and abandoning module AllDesktopTargetPlatform (137)
[2026.03.12-22.04.24:930][842]LogModuleManager: Shutting down and abandoning module D3D11RHI (134)
[2026.03.12-22.04.24:930][842]LogModuleManager: Shutting down and abandoning module InputCore (132)
[2026.03.12-22.04.24:930][842]LogModuleManager: Shutting down and abandoning module Settings (130)
[2026.03.12-22.04.24:930][842]LogModuleManager: Shutting down and abandoning module DirectoryWatcher (128)
[2026.03.12-22.04.24:930][842]LogModuleManager: Shutting down and abandoning module PhysXCooking (126)
[2026.03.12-22.04.24:930][842]LogModuleManager: Shutting down and abandoning module Chaos (124)
[2026.03.12-22.04.24:931][842]LogModuleManager: Shutting down and abandoning module WindowsPlatformFeatures (122)
[2026.03.12-22.04.24:931][842]LogModuleManager: Shutting down and abandoning module GameplayMediaEncoder (121)
[2026.03.12-22.04.24:931][842]LogModuleManager: Shutting down and abandoning module AVEncoder (120)
[2026.03.12-22.04.24:931][842]LogModuleManager: Shutting down and abandoning module SteamVRInputDevice (116)
[2026.03.12-22.04.24:931][842]LogModuleManager: Shutting down and abandoning module SteamVRInput (114)
[2026.03.12-22.04.24:931][842]LogModuleManager: Shutting down and abandoning module SteamVR (112)
[2026.03.12-22.04.24:931][842]LogHMD: Freeing OpenVRDLLHandle.
[2026.03.12-22.04.24:931][842]LogModuleManager: Shutting down and abandoning module OculusHMD (110)
[2026.03.12-22.04.24:931][842]LogModuleManager: Shutting down and abandoning module OpenXRHandTracking (108)
[2026.03.12-22.04.24:931][842]LogSlate: Slate User Destroyed.  User Index 0, Is Virtual User: 0
[2026.03.12-22.04.24:931][842]LogModuleManager: Shutting down and abandoning module OpenXREyeTracker (106)
[2026.03.12-22.04.24:932][842]LogModuleManager: Shutting down and abandoning module OpenXRAR (104)
[2026.03.12-22.04.24:932][842]LogModuleManager: Shutting down and abandoning module AugmentedReality (103)
[2026.03.12-22.04.24:932][842]LogModuleManager: Shutting down and abandoning module OpenXRHMD (100)
[2026.03.12-22.04.24:932][842]LogModuleManager: Shutting down and abandoning module ExampleDeviceProfileSelector (98)
[2026.03.12-22.04.24:932][842]LogModuleManager: Shutting down and abandoning module ChunkDownloader (96)
[2026.03.12-22.04.24:932][842]LogModuleManager: Shutting down and abandoning module OnlineBlueprintSupport (94)
[2026.03.12-22.04.24:932][842]LogModuleManager: Shutting down and abandoning module LauncherChunkInstaller (90)
[2026.03.12-22.04.24:932][842]LogModuleManager: Shutting down and abandoning module OnlineSubsystem (88)
[2026.03.12-22.04.24:933][842]LogModuleManager: Shutting down and abandoning module XMPP (83)
[2026.03.12-22.04.24:933][842]LogModuleManager: Shutting down and abandoning module WebSockets (82)
[2026.03.12-22.04.24:952][842]LogModuleManager: Shutting down and abandoning module HTTP (79)
[2026.03.12-22.04.24:952][842]LogHttp: Display: Http module shutting down, but needs to wait on 1 outstanding Http requests:
[2026.03.12-22.04.24:952][842]LogHttp: Display: 	verb=[POST] url=[https://datarouter.ol.epicgames.com/datarouter/api/v1/public/data?SessionID=%7BD65CC4BA-4E89-A950-918B-46A0E420879A%7D&AppID=UEEditor.Rocket.Release&AppVersion=4.27.2-18319896%2B%2B%2BUE4%2BRelease-4.27&UserID=504006f14ff8eea1c5ef6a844afcb810%7Ce54e35c6cf81428ab071018d8aa2cafb%7Ce89cadd4-c3bb-4e27-b5a1-93be281c4197&AppEnvironment=datacollector-binary&UploadType=eteventstream] refs=[1] status=Processing
[2026.03.12-22.04.24:952][842]LogHttp: Display: cleaning up 1 outstanding Http requests.
[2026.03.12-22.04.24:958][842]LogModuleManager: Shutting down and abandoning module SSL (78)
[2026.03.12-22.04.24:959][842]LogModuleManager: Shutting down and abandoning module MLSDK (74)
[2026.03.12-22.04.24:959][842]LogModuleManager: Shutting down and abandoning module WmfMedia (72)
[2026.03.12-22.04.24:960][842]LogModuleManager: Shutting down and abandoning module Media (71)
[2026.03.12-22.04.24:961][842]LogModuleManager: Shutting down and abandoning module MediaInfo (70)
[2026.03.12-22.04.24:961][842]LogModuleManager: Shutting down and abandoning module MagicLeap (66)
[2026.03.12-22.04.24:961][842]LogModuleManager: Shutting down and abandoning module ExrReaderGpu (64)
[2026.03.12-22.04.24:961][842]LogModuleManager: Shutting down and abandoning module NiagaraVertexFactories (62)
[2026.03.12-22.04.24:961][842]LogModuleManager: Shutting down and abandoning module NiagaraShader (60)
[2026.03.12-22.04.24:961][842]LogModuleManager: Shutting down and abandoning module ChaosCloth (58)
[2026.03.12-22.04.24:961][842]LogModuleManager: Shutting down and abandoning module VariantManagerContent (56)
[2026.03.12-22.04.24:961][842]LogModuleManager: Shutting down and abandoning module DatasmithContent (54)
[2026.03.12-22.04.24:962][842]LogModuleManager: Shutting down and abandoning module PixWinPlugin (52)
[2026.03.12-22.04.24:962][842]LogModuleManager: Shutting down and abandoning module AISupportModule (50)
[2026.03.12-22.04.24:962][842]LogModuleManager: Shutting down and abandoning module DesktopPlatform (48)
[2026.03.12-22.04.24:962][842]LogModuleManager: Shutting down and abandoning module PythonScriptPluginPreload (46)
[2026.03.12-22.04.24:962][842]LogModuleManager: Shutting down and abandoning module PlatformCryptoOpenSSL (44)
[2026.03.12-22.04.24:962][842]LogModuleManager: Shutting down and abandoning module PlatformCryptoTypes (42)
[2026.03.12-22.04.24:962][842]LogModuleManager: Shutting down and abandoning module PlatformCrypto (40)
[2026.03.12-22.04.24:962][842]LogModuleManager: Shutting down and abandoning module OodleDataCompressionFormat (38)
[2026.03.12-22.04.24:962][842]LogModuleManager: Shutting down and abandoning module XGEController (36)
[2026.03.12-22.04.24:962][842]LogXGEController: Cleaning working directory: C:/Users/titan/AppData/Local/Temp/UnrealXGEWorkingDir/
[2026.03.12-22.04.24:962][842]LogModuleManager: Shutting down and abandoning module AnimationModifiers (34)
[2026.03.12-22.04.24:962][842]LogModuleManager: Shutting down and abandoning module AudioEditor (32)
[2026.03.12-22.04.24:962][842]LogModuleManager: Shutting down and abandoning module PropertyEditor (31)
[2026.03.12-22.04.24:962][842]LogModuleManager: Shutting down and abandoning module TextureCompressor (28)
[2026.03.12-22.04.24:962][842]LogModuleManager: Shutting down and abandoning module RenderCore (26)
[2026.03.12-22.04.24:962][842]LogModuleManager: Shutting down and abandoning module Landscape (24)
[2026.03.12-22.04.24:962][842]LogModuleManager: Shutting down and abandoning module SlateRHIRenderer (22)
[2026.03.12-22.04.24:963][842]LogModuleManager: Shutting down and abandoning module AnimGraphRuntime (20)
[2026.03.12-22.04.24:963][842]LogModuleManager: Shutting down and abandoning module Renderer (18)
[2026.03.12-22.04.24:963][842]LogModuleManager: Shutting down and abandoning module Engine (16)
[2026.03.12-22.04.24:963][842]LogModuleManager: Shutting down and abandoning module CoreUObject (14)
[2026.03.12-22.04.24:963][842]LogModuleManager: Shutting down and abandoning module NetworkFile (12)
[2026.03.12-22.04.24:963][842]LogModuleManager: Shutting down and abandoning module CookedIterativeFile (10)
[2026.03.12-22.04.24:963][842]LogModuleManager: Shutting down and abandoning module StreamingFile (8)
[2026.03.12-22.04.24:963][842]LogModuleManager: Shutting down and abandoning module SandboxFile (6)
[2026.03.12-22.04.24:963][842]LogModuleManager: Shutting down and abandoning module PakFile (4)
[2026.03.12-22.04.24:963][842]LogModuleManager: Shutting down and abandoning module RSA (3)
[2026.03.12-22.04.24:963][842]LogContentStreaming: Display: There are 1 unreleased StreamingManagers
[2026.03.12-22.04.24:983][842]LogD3D11RHI: Shutdown
[2026.03.12-22.04.24:984][842]LogD3D11RHI: CleanupD3DDevice
[2026.03.12-22.04.24:989][842]LogExit: Exiting.
[2026.03.12-22.04.24:994][842]Log file closed, 03/12/26 16:04:24
