Log file open, 03/15/26 18:08:39
LogWindows: Failed to load 'aqProf.dll' (GetLastError=126)
LogWindows: File 'aqProf.dll' does not exist
LogWindows: Failed to load 'VtuneApi.dll' (GetLastError=126)
LogWindows: File 'VtuneApi.dll' does not exist
LogWindows: Failed to load 'VtuneApi32e.dll' (GetLastError=126)
LogWindows: File 'VtuneApi32e.dll' does not exist
LogConsoleResponse: Display: Failed to find resolution value strings in scalability ini. Falling back to default.
LogConsoleResponse: Display: Failed to find resolution value strings in scalability ini. Falling back to default.
LogInit: Display: Running engine for game: RoadHopper
LogPlatformFile: Not using cached read wrapper
LogTaskGraph: Started task graph with 5 named threads and 47 total threads with 3 sets of task threads.
LogStats: Stats thread started at 0.198360
LogICUInternationalization: ICU TimeZone Detection - Raw Offset: -7:00, Platform Override: ''
LogInit: Display: Loading text-based GConfig....
LogPluginManager: Mounting plugin MeshPainting
LogPluginManager: Mounting plugin XGEController
LogPluginManager: Mounting plugin Paper2D
LogPluginManager: Mounting plugin LiveLink
LogPluginManager: Mounting plugin EnvironmentQueryEditor
LogPluginManager: Mounting plugin LightPropagationVolume
LogPluginManager: Mounting plugin CameraShakePreviewer
LogPluginManager: Mounting plugin GameplayCameras
LogPluginManager: Mounting plugin OodleData
LogPluginManager: Mounting plugin AnimationSharing
LogPluginManager: Mounting plugin AISupport
LogPluginManager: Mounting plugin OodleNetwork
LogPluginManager: Mounting plugin CodeLiteSourceCodeAccess
LogPluginManager: Mounting plugin CLionSourceCodeAccess
LogPluginManager: Mounting plugin GitSourceControl
LogPluginManager: Mounting plugin KDevelopSourceCodeAccess
LogPluginManager: Mounting plugin NullSourceCodeAccess
LogPluginManager: Mounting plugin PerforceSourceControl
LogPluginManager: Mounting plugin PlasticSourceControl
LogPluginManager: Mounting plugin PixWinPlugin
LogPluginManager: Mounting plugin PropertyAccessNode
LogPluginManager: Mounting plugin PluginUtils
LogPluginManager: Mounting plugin TextureFormatOodle
LogPluginManager: Mounting plugin RiderSourceCodeAccess
LogPluginManager: Mounting plugin SubversionSourceControl
LogPluginManager: Mounting plugin VisualStudioSourceCodeAccess
LogPluginManager: Mounting plugin DatasmithContent
LogPluginManager: Mounting plugin UObjectPlugin
LogPluginManager: Mounting plugin VisualStudioCodeSourceCodeAccess
LogPluginManager: Mounting plugin XCodeSourceCodeAccess
LogPluginManager: Mounting plugin Niagara
LogPluginManager: Mounting plugin AssetManagerEditor
LogPluginManager: Mounting plugin VariantManagerContent
LogPluginManager: Mounting plugin CurveEditorTools
LogPluginManager: Mounting plugin CryptoKeys
LogPluginManager: Mounting plugin DataValidation
LogPluginManager: Mounting plugin FacialAnimation
LogPluginManager: Mounting plugin GeometryMode
LogPluginManager: Mounting plugin GameplayTagsEditor
LogPluginManager: Mounting plugin LuminPlatformFeatures
LogPluginManager: Mounting plugin MaterialAnalyzer
LogPluginManager: Mounting plugin MacGraphicsSwitching
LogPluginManager: Mounting plugin MagicLeap
LogPluginManager: Mounting plugin MobileLauncherProfileWizard
LogPluginManager: Mounting plugin PluginBrowser
LogPluginManager: Mounting plugin SpeedTreeImporter
LogPluginManager: Mounting plugin MagicLeapLightEstimation
LogPluginManager: Mounting plugin AvfMedia
LogPluginManager: Mounting plugin MagicLeapMedia
LogPluginManager: Mounting plugin AndroidMedia
LogPluginManager: Mounting plugin MagicLeapPassableWorld
LogPluginManager: Mounting plugin AlembicImporter
LogPluginManager: Mounting plugin MLSDK
LogPluginManager: Mounting plugin AutomationUtils
LogPluginManager: Mounting plugin BackChannel
LogPluginManager: Mounting plugin ImgMedia
LogPluginManager: Mounting plugin ChaosCloth
LogPluginManager: Mounting plugin ChaosClothEditor
LogPluginManager: Mounting plugin MediaCompositing
LogPluginManager: Mounting plugin ChaosNiagara
LogPluginManager: Mounting plugin ChaosEditor
LogPluginManager: Mounting plugin ChaosSolverPlugin
LogPluginManager: Mounting plugin CharacterAI
LogPluginManager: Mounting plugin MediaPlayerEditor
LogPluginManager: Mounting plugin WmfMedia
LogPluginManager: Mounting plugin WebMMedia
LogPluginManager: Mounting plugin GeometryCollectionPlugin
LogPluginManager: Mounting plugin GeometryCache
LogPluginManager: Mounting plugin GeometryProcessing
LogPluginManager: Mounting plugin MotoSynth
LogPluginManager: Mounting plugin OpenImageDenoise
LogPluginManager: Mounting plugin PlanarCut
LogPluginManager: Mounting plugin PlatformCrypto
LogPluginManager: Mounting plugin ProxyLODPlugin
LogPluginManager: Mounting plugin PythonScriptPlugin
LogPluginManager: Mounting plugin SkeletalReduction
LogPluginManager: Mounting plugin TcpMessaging
LogPluginManager: Mounting plugin UdpMessaging
LogPluginManager: Mounting plugin LevelSequenceEditor
LogPluginManager: Mounting plugin ActorSequence
LogPluginManager: Mounting plugin MatineeToLevelSequence
LogPluginManager: Mounting plugin TemplateSequence
LogPluginManager: Mounting plugin OnlineSubsystem
LogPluginManager: Mounting plugin LauncherChunkInstaller
LogPluginManager: Mounting plugin OnlineSubsystemNull
LogPluginManager: Mounting plugin OnlineSubsystemUtils
LogPluginManager: Mounting plugin ScreenshotTools
LogPluginManager: Mounting plugin ActorLayerUtilities
LogPluginManager: Mounting plugin AndroidDeviceProfileSelector
LogPluginManager: Mounting plugin AndroidMoviePlayer
LogPluginManager: Mounting plugin Takes
LogPluginManager: Mounting plugin AndroidPermission
LogPluginManager: Mounting plugin AppleImageUtils
LogPluginManager: Mounting plugin ArchVisCharacter
LogPluginManager: Mounting plugin AppleMoviePlayer
LogPluginManager: Mounting plugin AudioCapture
LogPluginManager: Mounting plugin CableComponent
LogPluginManager: Mounting plugin AssetTags
LogPluginManager: Mounting plugin AudioSynesthesia
LogPluginManager: Mounting plugin ChunkDownloader
LogPluginManager: Mounting plugin CustomMeshComponent
LogPluginManager: Mounting plugin EditableMesh
LogPluginManager: Mounting plugin ExampleDeviceProfileSelector
LogPluginManager: Mounting plugin GoogleCloudMessaging
LogPluginManager: Mounting plugin GooglePAD
LogPluginManager: Mounting plugin IOSDeviceProfileSelector
LogPluginManager: Mounting plugin LinuxDeviceProfileSelector
LogPluginManager: Mounting plugin LocationServicesBPLibrary
LogPluginManager: Mounting plugin MobilePatchingUtils
LogPluginManager: Mounting plugin OpenXR
LogPluginManager: Mounting plugin OpenXREyeTracker
LogPluginManager: Mounting plugin OpenXRHandTracking
LogPluginManager: Mounting plugin PhysXVehicles
LogPluginManager: Mounting plugin PostSplashScreen
LogPluginManager: Mounting plugin ProceduralMeshComponent
LogPluginManager: Mounting plugin PropertyAccessEditor
LogPluginManager: Mounting plugin RuntimePhysXCooking
LogPluginManager: Mounting plugin SignificanceManager
LogPluginManager: Mounting plugin SoundFields
LogPluginManager: Mounting plugin Synthesis
LogPluginManager: Mounting plugin WebMMoviePlayer
LogPluginManager: Mounting plugin WindowsMoviePlayer
LogPluginManager: Mounting plugin ContentBrowserClassDataSource
LogPluginManager: Mounting plugin ContentBrowserAssetDataSource
LogPluginManager: Mounting plugin ContentBrowserFileDataSource
LogPluginManager: Mounting plugin OnlineSubsystemIOS
LogPluginManager: Mounting plugin OnlineSubsystemGooglePlay
LogPluginManager: Mounting plugin OculusVR
LogPluginManager: Mounting plugin SteamVR
PixWinPlugin: PIX capture plugin failed to initialize! Check that the process is launched from PIX.
LogInit: Using libcurl 7.55.1-DEV
LogInit:  - built for x86_64-pc-win32
LogInit:  - supports SSL with OpenSSL/1.1.1
LogInit:  - supports HTTP deflate (compression) using libz 1.2.8
LogInit:  - other features:
LogInit:      CURL_VERSION_SSL
LogInit:      CURL_VERSION_LIBZ
LogInit:      CURL_VERSION_IPV6
LogInit:      CURL_VERSION_ASYNCHDNS
LogInit:      CURL_VERSION_LARGEFILE
LogInit:      CURL_VERSION_IDN
LogInit:  CurlRequestOptions (configurable via config and command line):
LogInit:  - bVerifyPeer = true  - Libcurl will verify peer certificate
LogInit:  - bUseHttpProxy = false  - Libcurl will NOT use HTTP proxy
LogInit:  - bDontReuseConnections = false  - Libcurl will reuse connections
LogInit:  - MaxHostConnections = 16  - Libcurl will limit the number of connections to a host
LogInit:  - LocalHostAddr = Default
LogInit:  - BufferSize = 65536
LogOnline: OSS: Creating online subsystem instance for: NULL
LogInit: WinSock: version 1.1 (2.2), MaxSocks=32767, MaxUdp=65467
LogOnline: OSS: TryLoadSubsystemAndSetDefault: Loaded subsystem for module [NULL]
LogOculusPluginWrapper: OculusPlugin initialized successfully
LogHMD: Failed initializing OVRPlugin 1.59.0
LogInit: Build: ++UE4+Release-4.27-CL-18319896
LogInit: Engine Version: 4.27.2-18319896+++UE4+Release-4.27
LogInit: Compatible Engine Version: 4.27.0-17155196+++UE4+Release-4.27
LogInit: Net CL: 17155196
LogInit: OS: Windows 10 (Release 2009) (), CPU: 12th Gen Intel(R) Core(TM) i5-12600K, GPU: NVIDIA GeForce RTX 3080
LogInit: Compiled (64-bit): Nov 30 2021 07:12:08
LogInit: Compiled with Visual C++: 19.24.28315.00
LogInit: Build Configuration: Development
LogInit: Branch Name: ++UE4+Release-4.27
LogInit: Command Line: 
LogInit: Base Directory: D:/Epic Games/UE_4.27/Engine/Binaries/Win64/
LogInit: Allocator: TBB
LogInit: Installed Engine Build: 1
LogDevObjectVersion: Number of dev versions registered: 29
LogDevObjectVersion:   Dev-Blueprints (B0D832E4-1F89-4F0D-ACCF-7EB736FD4AA2): 10
LogDevObjectVersion:   Dev-Build (E1C64328-A22C-4D53-A36C-8E866417BD8C): 0
LogDevObjectVersion:   Dev-Core (375EC13C-06E4-48FB-B500-84F0262A717E): 4
LogDevObjectVersion:   Dev-Editor (E4B068ED-F494-42E9-A231-DA0B2E46BB41): 40
LogDevObjectVersion:   Dev-Framework (CFFC743F-43B0-4480-9391-14DF171D2073): 37
LogDevObjectVersion:   Dev-Mobile (B02B49B5-BB20-44E9-A304-32B752E40360): 3
LogDevObjectVersion:   Dev-Networking (A4E4105C-59A1-49B5-A7C5-40C4547EDFEE): 0
LogDevObjectVersion:   Dev-Online (39C831C9-5AE6-47DC-9A44-9C173E1C8E7C): 0
LogDevObjectVersion:   Dev-Physics (78F01B33-EBEA-4F98-B9B4-84EACCB95AA2): 14
LogDevObjectVersion:   Dev-Platform (6631380F-2D4D-43E0-8009-CF276956A95A): 0
LogDevObjectVersion:   Dev-Rendering (12F88B9F-8875-4AFC-A67C-D90C383ABD29): 45
LogDevObjectVersion:   Dev-Sequencer (7B5AE74C-D270-4C10-A958-57980B212A5A): 13
LogDevObjectVersion:   Dev-VR (D7296918-1DD6-4BDD-9DE2-64A83CC13884): 3
LogDevObjectVersion:   Dev-LoadTimes (C2A15278-BFE7-4AFE-6C17-90FF531DF755): 1
LogDevObjectVersion:   Private-Geometry (6EACA3D4-40EC-4CC1-B786-8BED09428FC5): 3
LogDevObjectVersion:   Dev-AnimPhys (29E575DD-E0A3-4627-9D10-D276232CDCEA): 17
LogDevObjectVersion:   Dev-Anim (AF43A65D-7FD3-4947-9873-3E8ED9C1BB05): 15
LogDevObjectVersion:   Dev-ReflectionCapture (6B266CEC-1EC7-4B8F-A30B-E4D90942FC07): 1
LogDevObjectVersion:   Dev-Automation (0DF73D61-A23F-47EA-B727-89E90C41499A): 1
LogDevObjectVersion:   FortniteMain (601D1886-AC64-4F84-AA16-D3DE0DEAC7D6): 47
LogDevObjectVersion:   FortniteRelease (E7086368-6B23-4C58-8439-1B7016265E91): 1
LogDevObjectVersion:   Dev-Enterprise (9DFFBCD6-494F-0158-E221-12823C92A888): 10
LogDevObjectVersion:   Dev-Niagara (F2AED0AC-9AFE-416F-8664-AA7FFA26D6FC): 1
LogDevObjectVersion:   Dev-Destruction (174F1F0B-B4C6-45A5-B13F-2EE8D0FB917D): 10
LogDevObjectVersion:   Dev-Physics-Ext (35F94A83-E258-406C-A318-09F59610247C): 41
LogDevObjectVersion:   Dev-PhysicsMaterial-Chaos (B68FC16E-8B1B-42E2-B453-215C058844FE): 1
LogDevObjectVersion:   Dev-CineCamera (B2E18506-4273-CFC2-A54E-F4BB758BBA07): 1
LogDevObjectVersion:   Dev-VirtualProduction (64F58936-FD1B-42BA-BA96-7289D5D0FA4E): 1
LogDevObjectVersion:   Dev-MediaFramework (6F0ED827-A609-4895-9C91-998D90180EA4): 2
LogInit: Presizing for max 25165824 objects, including 0 objects not considered by GC, pre-allocating 0 bytes for permanent pool.
LogConfig: Applying CVar settings from Section [/Script/Engine.StreamingSettings] File [C:/Users/titan/Desktop/Titan_RoadHopper/RoadHopper4.27/Saved/Config/Windows/Engine.ini]
LogConfig: Setting CVar [[s.MinBulkDataSizeForAsyncLoading:131072]]
LogConfig: Setting CVar [[s.AsyncLoadingThreadEnabled:0]]
LogConfig: Setting CVar [[s.EventDrivenLoaderEnabled:1]]
LogConfig: Setting CVar [[s.WarnIfTimeLimitExceeded:0]]
LogConfig: Setting CVar [[s.TimeLimitExceededMultiplier:1.5]]
LogConfig: Setting CVar [[s.TimeLimitExceededMinTime:0.005]]
LogConfig: Setting CVar [[s.UseBackgroundLevelStreaming:1]]
LogConfig: Setting CVar [[s.PriorityAsyncLoadingExtraTime:15.0]]
LogConfig: Setting CVar [[s.LevelStreamingActorsUpdateTimeLimit:5.0]]
LogConfig: Setting CVar [[s.PriorityLevelStreamingActorsUpdateExtraTime:5.0]]
LogConfig: Setting CVar [[s.LevelStreamingComponentsRegistrationGranularity:10]]
LogConfig: Setting CVar [[s.UnregisterComponentsTimeLimit:1.0]]
LogConfig: Setting CVar [[s.LevelStreamingComponentsUnregistrationGranularity:5]]
LogConfig: Setting CVar [[s.FlushStreamingOnExit:1]]
LogInit: Object subsystem initialized
LogConfig: Setting CVar [[con.DebugEarlyDefault:1]]
LogConfig: Setting CVar [[r.setres:1280x720]]
[2026.03.16-00.08.40:015][  0]LogConfig: Setting CVar [[r.VSync:0]]
[2026.03.16-00.08.40:015][  0]LogConfig: Setting CVar [[r.RHICmdBypass:0]]
[2026.03.16-00.08.40:015][  0]LogConfig: Applying CVar settings from Section [/Script/Engine.RendererSettings] File [C:/Users/titan/Desktop/Titan_RoadHopper/RoadHopper4.27/Saved/Config/Windows/Engine.ini]
[2026.03.16-00.08.40:015][  0]LogConfig: Setting CVar [[r.GPUCrashDebugging:0]]
[2026.03.16-00.08.40:015][  0]LogConfig: Setting CVar [[r.Mobile.DisableVertexFog:1]]
[2026.03.16-00.08.40:015][  0]LogConfig: Setting CVar [[r.Shadow.CSM.MaxMobileCascades:2]]
[2026.03.16-00.08.40:015][  0]LogConfig: Setting CVar [[r.MobileMSAA:1]]
[2026.03.16-00.08.40:015][  0]LogConfig: Setting CVar [[r.Mobile.AllowDitheredLODTransition:0]]
[2026.03.16-00.08.40:015][  0]LogConfig: Setting CVar [[r.Mobile.AllowSoftwareOcclusion:0]]
[2026.03.16-00.08.40:015][  0]LogConfig: Setting CVar [[r.Mobile.VirtualTextures:0]]
[2026.03.16-00.08.40:015][  0]LogConfig: Setting CVar [[r.DiscardUnusedQuality:0]]
[2026.03.16-00.08.40:015][  0]LogConfig: Setting CVar [[r.AllowOcclusionQueries:1]]
[2026.03.16-00.08.40:015][  0]LogConfig: Setting CVar [[r.MinScreenRadiusForLights:0.030000]]
[2026.03.16-00.08.40:015][  0]LogConfig: Setting CVar [[r.MinScreenRadiusForDepthPrepass:0.030000]]
[2026.03.16-00.08.40:015][  0]LogConfig: Setting CVar [[r.MinScreenRadiusForCSMDepth:0.010000]]
[2026.03.16-00.08.40:015][  0]LogConfig: Setting CVar [[r.PrecomputedVisibilityWarning:0]]
[2026.03.16-00.08.40:015][  0]LogConfig: Setting CVar [[r.TextureStreaming:1]]
[2026.03.16-00.08.40:015][  0]LogConfig: Setting CVar [[Compat.UseDXT5NormalMaps:0]]
[2026.03.16-00.08.40:015][  0]LogConfig: Setting CVar [[r.VirtualTextures:0]]
[2026.03.16-00.08.40:015][  0]LogConfig: Setting CVar [[r.VT.EnableAutoImport:1]]
[2026.03.16-00.08.40:015][  0]LogConfig: Setting CVar [[r.VirtualTexturedLightmaps:0]]
[2026.03.16-00.08.40:015][  0]LogConfig: Setting CVar [[r.VT.TileSize:128]]
[2026.03.16-00.08.40:015][  0]LogConfig: Setting CVar [[r.VT.TileBorderSize:4]]
[2026.03.16-00.08.40:015][  0]LogConfig: Setting CVar [[r.vt.FeedbackFactor:16]]
[2026.03.16-00.08.40:015][  0]LogConfig: Setting CVar [[r.VT.EnableCompressZlib:1]]
[2026.03.16-00.08.40:015][  0]LogConfig: Setting CVar [[r.VT.EnableCompressCrunch:0]]
[2026.03.16-00.08.40:015][  0]LogConfig: Setting CVar [[r.ClearCoatNormal:0]]
[2026.03.16-00.08.40:015][  0]LogConfig: Setting CVar [[r.ReflectionCaptureResolution:128]]
[2026.03.16-00.08.40:015][  0]LogConfig: Setting CVar [[r.Mobile.ReflectionCaptureCompression:0]]
[2026.03.16-00.08.40:015][  0]LogConfig: Setting CVar [[r.ReflectionEnvironmentLightmapMixBasedOnRoughness:1]]
[2026.03.16-00.08.40:015][  0]LogConfig: Setting CVar [[r.ForwardShading:0]]
[2026.03.16-00.08.40:015][  0]LogConfig: Setting CVar [[r.VertexFoggingForOpaque:1]]
[2026.03.16-00.08.40:015][  0]LogConfig: Setting CVar [[r.AllowStaticLighting:1]]
[2026.03.16-00.08.40:015][  0]LogConfig: Setting CVar [[r.NormalMapsForStaticLighting:0]]
[2026.03.16-00.08.40:015][  0]LogConfig: Setting CVar [[r.GenerateMeshDistanceFields:0]]
[2026.03.16-00.08.40:015][  0]LogConfig: Setting CVar [[r.DistanceFieldBuild.EightBit:0]]
[2026.03.16-00.08.40:015][  0]LogConfig: Setting CVar [[r.GenerateLandscapeGIData:0]]
[2026.03.16-00.08.40:015][  0]LogConfig: Setting CVar [[r.DistanceFieldBuild.Compress:0]]
[2026.03.16-00.08.40:015][  0]LogConfig: Setting CVar [[r.TessellationAdaptivePixelsPerTriangle:48.000000]]
[2026.03.16-00.08.40:015][  0]LogConfig: Setting CVar [[r.SeparateTranslucency:1]]
[2026.03.16-00.08.40:015][  0]LogConfig: Setting CVar [[r.TranslucentSortPolicy:0]]
[2026.03.16-00.08.40:015][  0]LogConfig: Setting CVar [[vr.VRS.HMDFixedFoveationLevel:0]]
[2026.03.16-00.08.40:015][  0]LogConfig: Setting CVar [[r.CustomDepth:1]]
[2026.03.16-00.08.40:015][  0]LogConfig: Setting CVar [[r.CustomDepthTemporalAAJitter:1]]
[2026.03.16-00.08.40:015][  0]LogConfig: Setting CVar [[r.PostProcessing.PropagateAlpha:0]]
[2026.03.16-00.08.40:015][  0]LogConfig: Setting CVar [[r.DefaultFeature.Bloom:1]]
[2026.03.16-00.08.40:015][  0]LogConfig: Setting CVar [[r.DefaultFeature.AmbientOcclusion:1]]
[2026.03.16-00.08.40:015][  0]LogConfig: Setting CVar [[r.DefaultFeature.AmbientOcclusionStaticFraction:1]]
[2026.03.16-00.08.40:015][  0]LogConfig: Setting CVar [[r.DefaultFeature.AutoExposure:0]]
[2026.03.16-00.08.40:015][  0]LogConfig: Setting CVar [[r.DefaultFeature.AutoExposure.Method:0]]
[2026.03.16-00.08.40:015][  0]LogConfig: Setting CVar [[r.DefaultFeature.AutoExposure.Bias:1.000000]]
[2026.03.16-00.08.40:015][  0]LogConfig: Setting CVar [[r.DefaultFeature.AutoExposure.ExtendDefaultLuminanceRange:0]]
[2026.03.16-00.08.40:015][  0]LogConfig: Setting CVar [[r.UsePreExposure:1]]
[2026.03.16-00.08.40:015][  0]LogConfig: Setting CVar [[r.EyeAdaptation.EditorOnly:0]]
[2026.03.16-00.08.40:015][  0]LogConfig: Setting CVar [[r.DefaultFeature.MotionBlur:0]]
[2026.03.16-00.08.40:015][  0]LogConfig: Setting CVar [[r.DefaultFeature.LensFlare:0]]
[2026.03.16-00.08.40:015][  0]LogConfig: Setting CVar [[r.TemporalAA.Upsampling:0]]
[2026.03.16-00.08.40:015][  0]LogConfig: Setting CVar [[r.SSGI.Enable:0]]
[2026.03.16-00.08.40:015][  0]LogConfig: Setting CVar [[r.DefaultFeature.AntiAliasing:0]]
[2026.03.16-00.08.40:015][  0]LogConfig: Setting CVar [[r.DefaultFeature.LightUnits:1]]
[2026.03.16-00.08.40:015][  0]LogConfig: Setting CVar [[r.DefaultBackBufferPixelFormat:4]]
[2026.03.16-00.08.40:015][  0]LogConfig: Setting CVar [[r.Shadow.UnbuiltPreviewInGame:1]]
[2026.03.16-00.08.40:015][  0]LogConfig: Setting CVar [[r.StencilForLODDither:0]]
[2026.03.16-00.08.40:015][  0]LogConfig: Setting CVar [[r.EarlyZPass:3]]
[2026.03.16-00.08.40:015][  0]LogConfig: Setting CVar [[r.EarlyZPassOnlyMaterialMasking:0]]
[2026.03.16-00.08.40:015][  0]LogConfig: Setting CVar [[r.DBuffer:1]]
[2026.03.16-00.08.40:015][  0]LogConfig: Setting CVar [[r.ClearSceneMethod:1]]
[2026.03.16-00.08.40:015][  0]LogConfig: Setting CVar [[r.BasePassOutputsVelocity:0]]
[2026.03.16-00.08.40:015][  0]LogConfig: Setting CVar [[r.VertexDeformationOutputsVelocity:0]]
[2026.03.16-00.08.40:015][  0]LogConfig: Setting CVar [[r.SelectiveBasePassOutputs:0]]
[2026.03.16-00.08.40:015][  0]LogConfig: Setting CVar [[fx.GPUSimulationTextureSizeX:1024]]
[2026.03.16-00.08.40:015][  0]LogConfig: Setting CVar [[fx.GPUSimulationTextureSizeY:1024]]
[2026.03.16-00.08.40:015][  0]LogConfig: Setting CVar [[r.AllowGlobalClipPlane:0]]
[2026.03.16-00.08.40:015][  0]LogConfig: Setting CVar [[r.GBufferFormat:1]]
[2026.03.16-00.08.40:015][  0]LogConfig: Setting CVar [[r.MorphTarget.Mode:1]]
[2026.03.16-00.08.40:015][  0]LogConfig: Setting CVar [[vr.InstancedStereo:0]]
[2026.03.16-00.08.40:015][  0]LogConfig: Setting CVar [[r.MobileHDR:1]]
[2026.03.16-00.08.40:015][  0]LogConfig: Setting CVar [[vr.MobileMultiView:0]]
[2026.03.16-00.08.40:015][  0]LogConfig: Setting CVar [[r.Mobile.UseHWsRGBEncoding:0]]
[2026.03.16-00.08.40:015][  0]LogConfig: Setting CVar [[vr.RoundRobinOcclusion:0]]
[2026.03.16-00.08.40:015][  0]LogConfig: Setting CVar [[vr.ODSCapture:0]]
[2026.03.16-00.08.40:015][  0]LogConfig: Setting CVar [[r.MeshStreaming:0]]
[2026.03.16-00.08.40:015][  0]LogConfig: Setting CVar [[r.WireframeCullThreshold:5.000000]]
[2026.03.16-00.08.40:015][  0]LogConfig: Setting CVar [[r.RayTracing:0]]
[2026.03.16-00.08.40:015][  0]LogConfig: Setting CVar [[r.RayTracing.UseTextureLod:0]]
[2026.03.16-00.08.40:015][  0]LogConfig: Setting CVar [[r.SupportStationarySkylight:1]]
[2026.03.16-00.08.40:015][  0]LogConfig: Setting CVar [[r.SupportLowQualityLightmaps:1]]
[2026.03.16-00.08.40:015][  0]LogConfig: Setting CVar [[r.SupportPointLightWholeSceneShadows:1]]
[2026.03.16-00.08.40:015][  0]LogConfig: Setting CVar [[r.SupportAtmosphericFog:1]]
[2026.03.16-00.08.40:015][  0]LogConfig: Setting CVar [[r.SupportSkyAtmosphere:1]]
[2026.03.16-00.08.40:015][  0]LogConfig: Setting CVar [[r.SupportSkyAtmosphereAffectsHeightFog:0]]
[2026.03.16-00.08.40:015][  0]LogConfig: Setting CVar [[r.SkinCache.CompileShaders:0]]
[2026.03.16-00.08.40:015][  0]LogConfig: Setting CVar [[r.SkinCache.DefaultBehavior:1]]
[2026.03.16-00.08.40:015][  0]LogConfig: Setting CVar [[r.SkinCache.SceneMemoryLimitInMB:128.000000]]
[2026.03.16-00.08.40:015][  0]LogConfig: Setting CVar [[r.Mobile.EnableStaticAndCSMShadowReceivers:1]]
[2026.03.16-00.08.40:015][  0]LogConfig: Setting CVar [[r.Mobile.EnableMovableLightCSMShaderCulling:1]]
[2026.03.16-00.08.40:015][  0]LogConfig: Setting CVar [[r.Mobile.AllowDistanceFieldShadows:1]]
[2026.03.16-00.08.40:015][  0]LogConfig: Setting CVar [[r.Mobile.AllowMovableDirectionalLights:1]]
[2026.03.16-00.08.40:015][  0]LogConfig: Setting CVar [[r.MobileNumDynamicPointLights:4]]
[2026.03.16-00.08.40:015][  0]LogConfig: Setting CVar [[r.MobileDynamicPointLightsUseStaticBranch:1]]
[2026.03.16-00.08.40:015][  0]LogConfig: Setting CVar [[r.Mobile.EnableMovableSpotlights:0]]
[2026.03.16-00.08.40:015][  0]LogConfig: Setting CVar [[r.Mobile.EnableMovableSpotlightsShadow:0]]
[2026.03.16-00.08.40:015][  0]LogConfig: Setting CVar [[r.GPUSkin.Support16BitBoneIndex:0]]
[2026.03.16-00.08.40:015][  0]LogConfig: Setting CVar [[r.GPUSkin.Limit2BoneInfluences:0]]
[2026.03.16-00.08.40:015][  0]LogConfig: Setting CVar [[r.SupportDepthOnlyIndexBuffers:1]]
[2026.03.16-00.08.40:015][  0]LogConfig: Setting CVar [[r.SupportReversedIndexBuffers:1]]
[2026.03.16-00.08.40:015][  0]LogConfig: Setting CVar [[r.LightPropagationVolume:0]]
[2026.03.16-00.08.40:015][  0]LogConfig: Setting CVar [[r.Mobile.AmbientOcclusion:0]]
[2026.03.16-00.08.40:015][  0]LogConfig: Setting CVar [[r.GPUSkin.UnlimitedBoneInfluences:0]]
[2026.03.16-00.08.40:015][  0]LogConfig: Setting CVar [[r.GPUSkin.UnlimitedBoneInfluencesThreshold:8]]
[2026.03.16-00.08.40:015][  0]LogConfig: Setting CVar [[r.Mobile.PlanarReflectionMode:0]]
[2026.03.16-00.08.40:015][  0]LogConfig: Setting CVar [[r.Mobile.SupportsGen4TAA:0]]
[2026.03.16-00.08.40:015][  0]LogConfig: Applying CVar settings from Section [/Script/Engine.RendererOverrideSettings] File [C:/Users/titan/Desktop/Titan_RoadHopper/RoadHopper4.27/Saved/Config/Windows/Engine.ini]
[2026.03.16-00.08.40:015][  0]LogConfig: Applying CVar settings from Section [/Script/Engine.StreamingSettings] File [C:/Users/titan/Desktop/Titan_RoadHopper/RoadHopper4.27/Saved/Config/Windows/Engine.ini]
[2026.03.16-00.08.40:015][  0]LogConfig: Setting CVar [[s.MinBulkDataSizeForAsyncLoading:131072]]
[2026.03.16-00.08.40:015][  0]LogConfig: Setting CVar [[s.AsyncLoadingThreadEnabled:0]]
[2026.03.16-00.08.40:015][  0]LogConfig: Setting CVar [[s.EventDrivenLoaderEnabled:1]]
[2026.03.16-00.08.40:015][  0]LogConfig: Setting CVar [[s.WarnIfTimeLimitExceeded:0]]
[2026.03.16-00.08.40:015][  0]LogConfig: Setting CVar [[s.TimeLimitExceededMultiplier:1.5]]
[2026.03.16-00.08.40:015][  0]LogConfig: Setting CVar [[s.TimeLimitExceededMinTime:0.005]]
[2026.03.16-00.08.40:015][  0]LogConfig: Setting CVar [[s.UseBackgroundLevelStreaming:1]]
[2026.03.16-00.08.40:015][  0]LogConfig: Setting CVar [[s.PriorityAsyncLoadingExtraTime:15.0]]
[2026.03.16-00.08.40:015][  0]LogConfig: Setting CVar [[s.LevelStreamingActorsUpdateTimeLimit:5.0]]
[2026.03.16-00.08.40:015][  0]LogConfig: Setting CVar [[s.PriorityLevelStreamingActorsUpdateExtraTime:5.0]]
[2026.03.16-00.08.40:015][  0]LogConfig: Setting CVar [[s.LevelStreamingComponentsRegistrationGranularity:10]]
[2026.03.16-00.08.40:015][  0]LogConfig: Setting CVar [[s.UnregisterComponentsTimeLimit:1.0]]
[2026.03.16-00.08.40:015][  0]LogConfig: Setting CVar [[s.LevelStreamingComponentsUnregistrationGranularity:5]]
[2026.03.16-00.08.40:015][  0]LogConfig: Setting CVar [[s.FlushStreamingOnExit:1]]
[2026.03.16-00.08.40:016][  0]LogConfig: Applying CVar settings from Section [/Script/Engine.GarbageCollectionSettings] File [C:/Users/titan/Desktop/Titan_RoadHopper/RoadHopper4.27/Saved/Config/Windows/Engine.ini]
[2026.03.16-00.08.40:016][  0]LogConfig: Setting CVar [[gc.MaxObjectsNotConsideredByGC:1]]
[2026.03.16-00.08.40:016][  0]LogConfig: Setting CVar [[gc.SizeOfPermanentObjectPool:0]]
[2026.03.16-00.08.40:016][  0]LogConfig: Setting CVar [[gc.FlushStreamingOnGC:0]]
[2026.03.16-00.08.40:016][  0]LogConfig: Setting CVar [[gc.NumRetriesBeforeForcingGC:10]]
[2026.03.16-00.08.40:016][  0]LogConfig: Setting CVar [[gc.AllowParallelGC:1]]
[2026.03.16-00.08.40:016][  0]LogConfig: Setting CVar [[gc.TimeBetweenPurgingPendingKillObjects:61.1]]
[2026.03.16-00.08.40:016][  0]LogConfig: Setting CVar [[gc.MaxObjectsInEditor:25165824]]
[2026.03.16-00.08.40:016][  0]LogConfig: Setting CVar [[gc.IncrementalBeginDestroyEnabled:1]]
[2026.03.16-00.08.40:016][  0]LogConfig: Setting CVar [[gc.CreateGCClusters:1]]
[2026.03.16-00.08.40:016][  0]LogConfig: Setting CVar [[gc.MinGCClusterSize:5]]
[2026.03.16-00.08.40:016][  0]LogConfig: Setting CVar [[gc.ActorClusteringEnabled:0]]
[2026.03.16-00.08.40:016][  0]LogConfig: Setting CVar [[gc.BlueprintClusteringEnabled:0]]
[2026.03.16-00.08.40:016][  0]LogConfig: Setting CVar [[gc.UseDisregardForGCOnDedicatedServers:0]]
[2026.03.16-00.08.40:016][  0]LogConfig: Setting CVar [[gc.MultithreadedDestructionEnabled:1]]
[2026.03.16-00.08.40:016][  0]LogConfig: Applying CVar settings from Section [/Script/Engine.NetworkSettings] File [C:/Users/titan/Desktop/Titan_RoadHopper/RoadHopper4.27/Saved/Config/Windows/Engine.ini]
[2026.03.16-00.08.40:016][  0]LogConfig: Applying CVar settings from Section [/Script/UnrealEd.CookerSettings] File [C:/Users/titan/Desktop/Titan_RoadHopper/RoadHopper4.27/Saved/Config/Windows/Engine.ini]
[2026.03.16-00.08.40:034][  0]LogConfig: Applying CVar settings from Section [ViewDistanceQuality@3] File [C:/Users/titan/Desktop/Titan_RoadHopper/RoadHopper4.27/Saved/Config/Windows/Scalability.ini]
[2026.03.16-00.08.40:034][  0]LogConfig: Setting CVar [[r.SkeletalMeshLODBias:0]]
[2026.03.16-00.08.40:034][  0]LogConfig: Setting CVar [[r.ViewDistanceScale:1.0]]
[2026.03.16-00.08.40:034][  0]LogConfig: Applying CVar settings from Section [AntiAliasingQuality@3] File [C:/Users/titan/Desktop/Titan_RoadHopper/RoadHopper4.27/Saved/Config/Windows/Scalability.ini]
[2026.03.16-00.08.40:034][  0]LogConfig: Setting CVar [[r.PostProcessAAQuality:4]]
[2026.03.16-00.08.40:034][  0]LogConfig: Applying CVar settings from Section [ShadowQuality@3] File [C:/Users/titan/Desktop/Titan_RoadHopper/RoadHopper4.27/Saved/Config/Windows/Scalability.ini]
[2026.03.16-00.08.40:034][  0]LogConfig: Setting CVar [[r.LightFunctionQuality:1]]
[2026.03.16-00.08.40:034][  0]LogConfig: Setting CVar [[r.ShadowQuality:5]]
[2026.03.16-00.08.40:034][  0]LogConfig: Setting CVar [[r.Shadow.CSM.MaxCascades:10]]
[2026.03.16-00.08.40:034][  0]LogConfig: Setting CVar [[r.Shadow.MaxResolution:2048]]
[2026.03.16-00.08.40:034][  0]LogConfig: Setting CVar [[r.Shadow.MaxCSMResolution:2048]]
[2026.03.16-00.08.40:034][  0]LogConfig: Setting CVar [[r.Shadow.RadiusThreshold:0.01]]
[2026.03.16-00.08.40:034][  0]LogConfig: Setting CVar [[r.Shadow.DistanceScale:1.0]]
[2026.03.16-00.08.40:034][  0]LogConfig: Setting CVar [[r.Shadow.CSM.TransitionScale:1.0]]
[2026.03.16-00.08.40:034][  0]LogConfig: Setting CVar [[r.Shadow.PreShadowResolutionFactor:1.0]]
[2026.03.16-00.08.40:034][  0]LogConfig: Setting CVar [[r.DistanceFieldShadowing:1]]
[2026.03.16-00.08.40:034][  0]LogConfig: Setting CVar [[r.DistanceFieldAO:1]]
[2026.03.16-00.08.40:034][  0]LogConfig: Setting CVar [[r.AOQuality:2]]
[2026.03.16-00.08.40:034][  0]LogConfig: Setting CVar [[r.VolumetricFog:1]]
[2026.03.16-00.08.40:034][  0]LogConfig: Setting CVar [[r.VolumetricFog.GridPixelSize:8]]
[2026.03.16-00.08.40:034][  0]LogConfig: Setting CVar [[r.VolumetricFog.GridSizeZ:128]]
[2026.03.16-00.08.40:034][  0]LogConfig: Setting CVar [[r.VolumetricFog.HistoryMissSupersampleCount:4]]
[2026.03.16-00.08.40:034][  0]LogConfig: Setting CVar [[r.LightMaxDrawDistanceScale:1]]
[2026.03.16-00.08.40:034][  0]LogConfig: Setting CVar [[r.CapsuleShadows:1]]
[2026.03.16-00.08.40:034][  0]LogConfig: Applying CVar settings from Section [PostProcessQuality@3] File [C:/Users/titan/Desktop/Titan_RoadHopper/RoadHopper4.27/Saved/Config/Windows/Scalability.ini]
[2026.03.16-00.08.40:034][  0]LogConfig: Setting CVar [[r.MotionBlurQuality:4]]
[2026.03.16-00.08.40:034][  0]LogConfig: Setting CVar [[r.AmbientOcclusionMipLevelFactor:0.4]]
[2026.03.16-00.08.40:034][  0]LogConfig: Setting CVar [[r.AmbientOcclusionMaxQuality:100]]
[2026.03.16-00.08.40:034][  0]LogConfig: Setting CVar [[r.AmbientOcclusionLevels:-1]]
[2026.03.16-00.08.40:034][  0]LogConfig: Setting CVar [[r.AmbientOcclusionRadiusScale:1.0]]
[2026.03.16-00.08.40:034][  0]LogConfig: Setting CVar [[r.DepthOfFieldQuality:2]]
[2026.03.16-00.08.40:034][  0]LogConfig: Setting CVar [[r.RenderTargetPoolMin:400]]
[2026.03.16-00.08.40:034][  0]LogConfig: Setting CVar [[r.LensFlareQuality:2]]
[2026.03.16-00.08.40:034][  0]LogConfig: Setting CVar [[r.SceneColorFringeQuality:1]]
[2026.03.16-00.08.40:034][  0]LogConfig: Setting CVar [[r.EyeAdaptationQuality:2]]
[2026.03.16-00.08.40:034][  0]LogConfig: Setting CVar [[r.BloomQuality:5]]
[2026.03.16-00.08.40:034][  0]LogConfig: Setting CVar [[r.FastBlurThreshold:100]]
[2026.03.16-00.08.40:034][  0]LogConfig: Setting CVar [[r.Upscale.Quality:3]]
[2026.03.16-00.08.40:034][  0]LogConfig: Setting CVar [[r.Tonemapper.GrainQuantization:1]]
[2026.03.16-00.08.40:034][  0]LogConfig: Setting CVar [[r.LightShaftQuality:1]]
[2026.03.16-00.08.40:034][  0]LogConfig: Setting CVar [[r.Filter.SizeScale:1]]
[2026.03.16-00.08.40:034][  0]LogConfig: Setting CVar [[r.Tonemapper.Quality:5]]
[2026.03.16-00.08.40:034][  0]LogConfig: Setting CVar [[r.DOF.Gather.AccumulatorQuality:1        ; higher gathering accumulator quality]]
[2026.03.16-00.08.40:034][  0]LogConfig: Setting CVar [[r.DOF.Gather.PostfilterMethod:1          ; Median3x3 postfilering method]]
[2026.03.16-00.08.40:034][  0]LogConfig: Setting CVar [[r.DOF.Gather.EnableBokehSettings:0       ; no bokeh simulation when gathering]]
[2026.03.16-00.08.40:034][  0]LogConfig: Setting CVar [[r.DOF.Gather.RingCount:4                 ; medium number of samples when gathering]]
[2026.03.16-00.08.40:034][  0]LogConfig: Setting CVar [[r.DOF.Scatter.ForegroundCompositing:1    ; additive foreground scattering]]
[2026.03.16-00.08.40:034][  0]LogConfig: Setting CVar [[r.DOF.Scatter.BackgroundCompositing:2    ; additive background scattering]]
[2026.03.16-00.08.40:034][  0]LogConfig: Setting CVar [[r.DOF.Scatter.EnableBokehSettings:1      ; bokeh simulation when scattering]]
[2026.03.16-00.08.40:034][  0]LogConfig: Setting CVar [[r.DOF.Scatter.MaxSpriteRatio:0.1         ; only a maximum of 10% of scattered bokeh]]
[2026.03.16-00.08.40:034][  0]LogConfig: Setting CVar [[r.DOF.Recombine.Quality:1                ; cheap slight out of focus]]
[2026.03.16-00.08.40:034][  0]LogConfig: Setting CVar [[r.DOF.Recombine.EnableBokehSettings:0    ; no bokeh simulation on slight out of focus]]
[2026.03.16-00.08.40:034][  0]LogConfig: Setting CVar [[r.DOF.TemporalAAQuality:1                ; more stable temporal accumulation]]
[2026.03.16-00.08.40:034][  0]LogConfig: Setting CVar [[r.DOF.Kernel.MaxForegroundRadius:0.025]]
[2026.03.16-00.08.40:034][  0]LogConfig: Setting CVar [[r.DOF.Kernel.MaxBackgroundRadius:0.025]]
[2026.03.16-00.08.40:034][  0]LogConfig: Applying CVar settings from Section [TextureQuality@3] File [C:/Users/titan/Desktop/Titan_RoadHopper/RoadHopper4.27/Saved/Config/Windows/Scalability.ini]
[2026.03.16-00.08.40:034][  0]LogConfig: Setting CVar [[r.Streaming.MipBias:0]]
[2026.03.16-00.08.40:034][  0]LogConfig: Setting CVar [[r.Streaming.AmortizeCPUToGPUCopy:0]]
[2026.03.16-00.08.40:034][  0]LogConfig: Setting CVar [[r.Streaming.MaxNumTexturesToStreamPerFrame:0]]
[2026.03.16-00.08.40:034][  0]LogConfig: Setting CVar [[r.Streaming.Boost:1]]
[2026.03.16-00.08.40:034][  0]LogConfig: Setting CVar [[r.MaxAnisotropy:8]]
[2026.03.16-00.08.40:034][  0]LogConfig: Setting CVar [[r.VT.MaxAnisotropy:8]]
[2026.03.16-00.08.40:034][  0]LogConfig: Setting CVar [[r.Streaming.LimitPoolSizeToVRAM:0]]
[2026.03.16-00.08.40:034][  0]LogConfig: Setting CVar [[r.Streaming.PoolSize:1000]]
[2026.03.16-00.08.40:034][  0]LogConfig: Setting CVar [[r.Streaming.MaxEffectiveScreenSize:0]]
[2026.03.16-00.08.40:034][  0]LogConfig: Applying CVar settings from Section [EffectsQuality@3] File [C:/Users/titan/Desktop/Titan_RoadHopper/RoadHopper4.27/Saved/Config/Windows/Scalability.ini]
[2026.03.16-00.08.40:034][  0]LogConfig: Setting CVar [[r.TranslucencyLightingVolumeDim:64]]
[2026.03.16-00.08.40:034][  0]LogConfig: Setting CVar [[r.RefractionQuality:2]]
[2026.03.16-00.08.40:034][  0]LogConfig: Setting CVar [[r.SSR.Quality:3]]
[2026.03.16-00.08.40:034][  0]LogConfig: Setting CVar [[r.SSR.HalfResSceneColor:0]]
[2026.03.16-00.08.40:034][  0]LogConfig: Setting CVar [[r.SceneColorFormat:4]]
[2026.03.16-00.08.40:034][  0]LogConfig: Setting CVar [[r.DetailMode:2]]
[2026.03.16-00.08.40:034][  0]LogConfig: Setting CVar [[r.TranslucencyVolumeBlur:1]]
[2026.03.16-00.08.40:034][  0]LogConfig: Setting CVar [[r.MaterialQualityLevel:1 ; High quality]]
[2026.03.16-00.08.40:034][  0]LogConfig: Setting CVar [[r.AnisotropicMaterials:1]]
[2026.03.16-00.08.40:034][  0]LogConfig: Setting CVar [[r.SSS.Scale:1]]
[2026.03.16-00.08.40:034][  0]LogConfig: Setting CVar [[r.SSS.SampleSet:2]]
[2026.03.16-00.08.40:035][  0]LogConfig: Setting CVar [[r.SSS.Quality:1]]
[2026.03.16-00.08.40:035][  0]LogConfig: Setting CVar [[r.SSS.HalfRes:0]]
[2026.03.16-00.08.40:035][  0]LogConfig: Setting CVar [[r.SSGI.Quality:3]]
[2026.03.16-00.08.40:035][  0]LogConfig: Setting CVar [[r.EmitterSpawnRateScale:1.0]]
[2026.03.16-00.08.40:035][  0]LogConfig: Setting CVar [[r.ParticleLightQuality:2]]
[2026.03.16-00.08.40:035][  0]LogConfig: Setting CVar [[r.SkyAtmosphere.AerialPerspectiveLUT.FastApplyOnOpaque:1 ; Always have FastSkyLUT 1 in this case to avoid wrong sky]]
[2026.03.16-00.08.40:035][  0]LogConfig: Setting CVar [[r.SkyAtmosphere.AerialPerspectiveLUT.SampleCountMaxPerSlice:4]]
[2026.03.16-00.08.40:035][  0]LogConfig: Setting CVar [[r.SkyAtmosphere.AerialPerspectiveLUT.DepthResolution:16.0]]
[2026.03.16-00.08.40:035][  0]LogConfig: Setting CVar [[r.SkyAtmosphere.FastSkyLUT:1]]
[2026.03.16-00.08.40:035][  0]LogConfig: Setting CVar [[r.SkyAtmosphere.FastSkyLUT.SampleCountMin:4.0]]
[2026.03.16-00.08.40:035][  0]LogConfig: Setting CVar [[r.SkyAtmosphere.FastSkyLUT.SampleCountMax:128.0]]
[2026.03.16-00.08.40:035][  0]LogConfig: Setting CVar [[r.SkyAtmosphere.SampleCountMin:4.0]]
[2026.03.16-00.08.40:035][  0]LogConfig: Setting CVar [[r.SkyAtmosphere.SampleCountMax:128.0]]
[2026.03.16-00.08.40:035][  0]LogConfig: Setting CVar [[r.SkyAtmosphere.TransmittanceLUT.UseSmallFormat:0]]
[2026.03.16-00.08.40:035][  0]LogConfig: Setting CVar [[r.SkyAtmosphere.TransmittanceLUT.SampleCount:10.0]]
[2026.03.16-00.08.40:035][  0]LogConfig: Setting CVar [[r.SkyAtmosphere.MultiScatteringLUT.SampleCount:15.0]]
[2026.03.16-00.08.40:035][  0]LogConfig: Setting CVar [[r.SkyLight.RealTimeReflectionCapture:1]]
[2026.03.16-00.08.40:035][  0]LogConfig: Applying CVar settings from Section [FoliageQuality@3] File [C:/Users/titan/Desktop/Titan_RoadHopper/RoadHopper4.27/Saved/Config/Windows/Scalability.ini]
[2026.03.16-00.08.40:035][  0]LogConfig: Setting CVar [[foliage.DensityScale:1.0]]
[2026.03.16-00.08.40:035][  0]LogConfig: Setting CVar [[grass.DensityScale:1.0]]
[2026.03.16-00.08.40:035][  0]LogConfig: Applying CVar settings from Section [ShadingQuality@3] File [C:/Users/titan/Desktop/Titan_RoadHopper/RoadHopper4.27/Saved/Config/Windows/Scalability.ini]
[2026.03.16-00.08.40:035][  0]LogConfig: Setting CVar [[r.HairStrands.SkyLighting.IntegrationType:2]]
[2026.03.16-00.08.40:035][  0]LogConfig: Setting CVar [[r.HairStrands.SkyAO.SampleCount:4]]
[2026.03.16-00.08.40:035][  0]LogConfig: Setting CVar [[r.HairStrands.Visibility.MSAA.SamplePerPixel:4]]
[2026.03.16-00.08.40:035][  0]LogInit: Selected Device Profile: [Windows]
[2026.03.16-00.08.40:035][  0]LogInit: Applying CVar settings loaded from the selected device profile: [Windows]
[2026.03.16-00.08.40:035][  0]LogHAL: Display: Platform has ~ 32 GB [34088599552 / 34359738368 / 32], which maps to Largest [LargestMinGB=32, LargerMinGB=12, DefaultMinGB=8, SmallerMinGB=6, SmallestMinGB=0)
[2026.03.16-00.08.40:035][  0]LogInit: Going up to parent DeviceProfile []
[2026.03.16-00.08.40:035][  0]LogConfig: Applying CVar settings from Section [ViewDistanceQuality@3] File [C:/Users/titan/Desktop/Titan_RoadHopper/RoadHopper4.27/Saved/Config/Windows/Scalability.ini]
[2026.03.16-00.08.40:035][  0]LogConfig: Setting CVar [[r.SkeletalMeshLODBias:0]]
[2026.03.16-00.08.40:035][  0]LogConfig: Setting CVar [[r.ViewDistanceScale:1.0]]
[2026.03.16-00.08.40:035][  0]LogConfig: Applying CVar settings from Section [AntiAliasingQuality@3] File [C:/Users/titan/Desktop/Titan_RoadHopper/RoadHopper4.27/Saved/Config/Windows/Scalability.ini]
[2026.03.16-00.08.40:035][  0]LogConfig: Setting CVar [[r.PostProcessAAQuality:4]]
[2026.03.16-00.08.40:035][  0]LogConfig: Applying CVar settings from Section [ShadowQuality@3] File [C:/Users/titan/Desktop/Titan_RoadHopper/RoadHopper4.27/Saved/Config/Windows/Scalability.ini]
[2026.03.16-00.08.40:035][  0]LogConfig: Setting CVar [[r.LightFunctionQuality:1]]
[2026.03.16-00.08.40:035][  0]LogConfig: Setting CVar [[r.ShadowQuality:5]]
[2026.03.16-00.08.40:035][  0]LogConfig: Setting CVar [[r.Shadow.CSM.MaxCascades:10]]
[2026.03.16-00.08.40:035][  0]LogConfig: Setting CVar [[r.Shadow.MaxResolution:2048]]
[2026.03.16-00.08.40:035][  0]LogConfig: Setting CVar [[r.Shadow.MaxCSMResolution:2048]]
[2026.03.16-00.08.40:035][  0]LogConfig: Setting CVar [[r.Shadow.RadiusThreshold:0.01]]
[2026.03.16-00.08.40:035][  0]LogConfig: Setting CVar [[r.Shadow.DistanceScale:1.0]]
[2026.03.16-00.08.40:035][  0]LogConfig: Setting CVar [[r.Shadow.CSM.TransitionScale:1.0]]
[2026.03.16-00.08.40:035][  0]LogConfig: Setting CVar [[r.Shadow.PreShadowResolutionFactor:1.0]]
[2026.03.16-00.08.40:035][  0]LogConfig: Setting CVar [[r.DistanceFieldShadowing:1]]
[2026.03.16-00.08.40:035][  0]LogConfig: Setting CVar [[r.DistanceFieldAO:1]]
[2026.03.16-00.08.40:035][  0]LogConfig: Setting CVar [[r.AOQuality:2]]
[2026.03.16-00.08.40:035][  0]LogConfig: Setting CVar [[r.VolumetricFog:1]]
[2026.03.16-00.08.40:035][  0]LogConfig: Setting CVar [[r.VolumetricFog.GridPixelSize:8]]
[2026.03.16-00.08.40:035][  0]LogConfig: Setting CVar [[r.VolumetricFog.GridSizeZ:128]]
[2026.03.16-00.08.40:035][  0]LogConfig: Setting CVar [[r.VolumetricFog.HistoryMissSupersampleCount:4]]
[2026.03.16-00.08.40:035][  0]LogConfig: Setting CVar [[r.LightMaxDrawDistanceScale:1]]
[2026.03.16-00.08.40:035][  0]LogConfig: Setting CVar [[r.CapsuleShadows:1]]
[2026.03.16-00.08.40:035][  0]LogConfig: Applying CVar settings from Section [PostProcessQuality@3] File [C:/Users/titan/Desktop/Titan_RoadHopper/RoadHopper4.27/Saved/Config/Windows/Scalability.ini]
[2026.03.16-00.08.40:035][  0]LogConfig: Setting CVar [[r.MotionBlurQuality:4]]
[2026.03.16-00.08.40:035][  0]LogConfig: Setting CVar [[r.AmbientOcclusionMipLevelFactor:0.4]]
[2026.03.16-00.08.40:035][  0]LogConfig: Setting CVar [[r.AmbientOcclusionMaxQuality:100]]
[2026.03.16-00.08.40:035][  0]LogConfig: Setting CVar [[r.AmbientOcclusionLevels:-1]]
[2026.03.16-00.08.40:035][  0]LogConfig: Setting CVar [[r.AmbientOcclusionRadiusScale:1.0]]
[2026.03.16-00.08.40:035][  0]LogConfig: Setting CVar [[r.DepthOfFieldQuality:2]]
[2026.03.16-00.08.40:035][  0]LogConfig: Setting CVar [[r.RenderTargetPoolMin:400]]
[2026.03.16-00.08.40:035][  0]LogConfig: Setting CVar [[r.LensFlareQuality:2]]
[2026.03.16-00.08.40:035][  0]LogConfig: Setting CVar [[r.SceneColorFringeQuality:1]]
[2026.03.16-00.08.40:035][  0]LogConfig: Setting CVar [[r.EyeAdaptationQuality:2]]
[2026.03.16-00.08.40:035][  0]LogConfig: Setting CVar [[r.BloomQuality:5]]
[2026.03.16-00.08.40:035][  0]LogConfig: Setting CVar [[r.FastBlurThreshold:100]]
[2026.03.16-00.08.40:035][  0]LogConfig: Setting CVar [[r.Upscale.Quality:3]]
[2026.03.16-00.08.40:035][  0]LogConfig: Setting CVar [[r.Tonemapper.GrainQuantization:1]]
[2026.03.16-00.08.40:035][  0]LogConfig: Setting CVar [[r.LightShaftQuality:1]]
[2026.03.16-00.08.40:035][  0]LogConfig: Setting CVar [[r.Filter.SizeScale:1]]
[2026.03.16-00.08.40:035][  0]LogConfig: Setting CVar [[r.Tonemapper.Quality:5]]
[2026.03.16-00.08.40:035][  0]LogConfig: Setting CVar [[r.DOF.Gather.AccumulatorQuality:1        ; higher gathering accumulator quality]]
[2026.03.16-00.08.40:035][  0]LogConfig: Setting CVar [[r.DOF.Gather.PostfilterMethod:1          ; Median3x3 postfilering method]]
[2026.03.16-00.08.40:035][  0]LogConfig: Setting CVar [[r.DOF.Gather.EnableBokehSettings:0       ; no bokeh simulation when gathering]]
[2026.03.16-00.08.40:035][  0]LogConfig: Setting CVar [[r.DOF.Gather.RingCount:4                 ; medium number of samples when gathering]]
[2026.03.16-00.08.40:035][  0]LogConfig: Setting CVar [[r.DOF.Scatter.ForegroundCompositing:1    ; additive foreground scattering]]
[2026.03.16-00.08.40:035][  0]LogConfig: Setting CVar [[r.DOF.Scatter.BackgroundCompositing:2    ; additive background scattering]]
[2026.03.16-00.08.40:035][  0]LogConfig: Setting CVar [[r.DOF.Scatter.EnableBokehSettings:1      ; bokeh simulation when scattering]]
[2026.03.16-00.08.40:035][  0]LogConfig: Setting CVar [[r.DOF.Scatter.MaxSpriteRatio:0.1         ; only a maximum of 10% of scattered bokeh]]
[2026.03.16-00.08.40:035][  0]LogConfig: Setting CVar [[r.DOF.Recombine.Quality:1                ; cheap slight out of focus]]
[2026.03.16-00.08.40:035][  0]LogConfig: Setting CVar [[r.DOF.Recombine.EnableBokehSettings:0    ; no bokeh simulation on slight out of focus]]
[2026.03.16-00.08.40:035][  0]LogConfig: Setting CVar [[r.DOF.TemporalAAQuality:1                ; more stable temporal accumulation]]
[2026.03.16-00.08.40:035][  0]LogConfig: Setting CVar [[r.DOF.Kernel.MaxForegroundRadius:0.025]]
[2026.03.16-00.08.40:035][  0]LogConfig: Setting CVar [[r.DOF.Kernel.MaxBackgroundRadius:0.025]]
[2026.03.16-00.08.40:035][  0]LogConfig: Applying CVar settings from Section [TextureQuality@3] File [C:/Users/titan/Desktop/Titan_RoadHopper/RoadHopper4.27/Saved/Config/Windows/Scalability.ini]
[2026.03.16-00.08.40:035][  0]LogConfig: Setting CVar [[r.Streaming.MipBias:0]]
[2026.03.16-00.08.40:035][  0]LogConfig: Setting CVar [[r.Streaming.AmortizeCPUToGPUCopy:0]]
[2026.03.16-00.08.40:035][  0]LogConfig: Setting CVar [[r.Streaming.MaxNumTexturesToStreamPerFrame:0]]
[2026.03.16-00.08.40:035][  0]LogConfig: Setting CVar [[r.Streaming.Boost:1]]
[2026.03.16-00.08.40:035][  0]LogConfig: Setting CVar [[r.MaxAnisotropy:8]]
[2026.03.16-00.08.40:035][  0]LogConfig: Setting CVar [[r.VT.MaxAnisotropy:8]]
[2026.03.16-00.08.40:035][  0]LogConfig: Setting CVar [[r.Streaming.LimitPoolSizeToVRAM:0]]
[2026.03.16-00.08.40:035][  0]LogConfig: Setting CVar [[r.Streaming.PoolSize:1000]]
[2026.03.16-00.08.40:035][  0]LogConfig: Setting CVar [[r.Streaming.MaxEffectiveScreenSize:0]]
[2026.03.16-00.08.40:035][  0]LogConfig: Applying CVar settings from Section [EffectsQuality@3] File [C:/Users/titan/Desktop/Titan_RoadHopper/RoadHopper4.27/Saved/Config/Windows/Scalability.ini]
[2026.03.16-00.08.40:035][  0]LogConfig: Setting CVar [[r.TranslucencyLightingVolumeDim:64]]
[2026.03.16-00.08.40:035][  0]LogConfig: Setting CVar [[r.RefractionQuality:2]]
[2026.03.16-00.08.40:035][  0]LogConfig: Setting CVar [[r.SSR.Quality:3]]
[2026.03.16-00.08.40:035][  0]LogConfig: Setting CVar [[r.SSR.HalfResSceneColor:0]]
[2026.03.16-00.08.40:035][  0]LogConfig: Setting CVar [[r.SceneColorFormat:4]]
[2026.03.16-00.08.40:035][  0]LogConfig: Setting CVar [[r.DetailMode:2]]
[2026.03.16-00.08.40:035][  0]LogConfig: Setting CVar [[r.TranslucencyVolumeBlur:1]]
[2026.03.16-00.08.40:035][  0]LogConfig: Setting CVar [[r.MaterialQualityLevel:1 ; High quality]]
[2026.03.16-00.08.40:035][  0]LogConfig: Setting CVar [[r.AnisotropicMaterials:1]]
[2026.03.16-00.08.40:035][  0]LogConfig: Setting CVar [[r.SSS.Scale:1]]
[2026.03.16-00.08.40:035][  0]LogConfig: Setting CVar [[r.SSS.SampleSet:2]]
[2026.03.16-00.08.40:035][  0]LogConfig: Setting CVar [[r.SSS.Quality:1]]
[2026.03.16-00.08.40:035][  0]LogConfig: Setting CVar [[r.SSS.HalfRes:0]]
[2026.03.16-00.08.40:035][  0]LogConfig: Setting CVar [[r.SSGI.Quality:3]]
[2026.03.16-00.08.40:035][  0]LogConfig: Setting CVar [[r.EmitterSpawnRateScale:1.0]]
[2026.03.16-00.08.40:035][  0]LogConfig: Setting CVar [[r.ParticleLightQuality:2]]
[2026.03.16-00.08.40:035][  0]LogConfig: Setting CVar [[r.SkyAtmosphere.AerialPerspectiveLUT.FastApplyOnOpaque:1 ; Always have FastSkyLUT 1 in this case to avoid wrong sky]]
[2026.03.16-00.08.40:035][  0]LogConfig: Setting CVar [[r.SkyAtmosphere.AerialPerspectiveLUT.SampleCountMaxPerSlice:4]]
[2026.03.16-00.08.40:035][  0]LogConfig: Setting CVar [[r.SkyAtmosphere.AerialPerspectiveLUT.DepthResolution:16.0]]
[2026.03.16-00.08.40:035][  0]LogConfig: Setting CVar [[r.SkyAtmosphere.FastSkyLUT:1]]
[2026.03.16-00.08.40:035][  0]LogConfig: Setting CVar [[r.SkyAtmosphere.FastSkyLUT.SampleCountMin:4.0]]
[2026.03.16-00.08.40:035][  0]LogConfig: Setting CVar [[r.SkyAtmosphere.FastSkyLUT.SampleCountMax:128.0]]
[2026.03.16-00.08.40:035][  0]LogConfig: Setting CVar [[r.SkyAtmosphere.SampleCountMin:4.0]]
[2026.03.16-00.08.40:035][  0]LogConfig: Setting CVar [[r.SkyAtmosphere.SampleCountMax:128.0]]
[2026.03.16-00.08.40:035][  0]LogConfig: Setting CVar [[r.SkyAtmosphere.TransmittanceLUT.UseSmallFormat:0]]
[2026.03.16-00.08.40:035][  0]LogConfig: Setting CVar [[r.SkyAtmosphere.TransmittanceLUT.SampleCount:10.0]]
[2026.03.16-00.08.40:035][  0]LogConfig: Setting CVar [[r.SkyAtmosphere.MultiScatteringLUT.SampleCount:15.0]]
[2026.03.16-00.08.40:035][  0]LogConfig: Setting CVar [[r.SkyLight.RealTimeReflectionCapture:1]]
[2026.03.16-00.08.40:035][  0]LogConfig: Applying CVar settings from Section [FoliageQuality@3] File [C:/Users/titan/Desktop/Titan_RoadHopper/RoadHopper4.27/Saved/Config/Windows/Scalability.ini]
[2026.03.16-00.08.40:035][  0]LogConfig: Setting CVar [[foliage.DensityScale:1.0]]
[2026.03.16-00.08.40:035][  0]LogConfig: Setting CVar [[grass.DensityScale:1.0]]
[2026.03.16-00.08.40:035][  0]LogConfig: Applying CVar settings from Section [ShadingQuality@3] File [C:/Users/titan/Desktop/Titan_RoadHopper/RoadHopper4.27/Saved/Config/Windows/Scalability.ini]
[2026.03.16-00.08.40:035][  0]LogConfig: Setting CVar [[r.HairStrands.SkyLighting.IntegrationType:2]]
[2026.03.16-00.08.40:035][  0]LogConfig: Setting CVar [[r.HairStrands.SkyAO.SampleCount:4]]
[2026.03.16-00.08.40:035][  0]LogConfig: Setting CVar [[r.HairStrands.Visibility.MSAA.SamplePerPixel:4]]
[2026.03.16-00.08.40:036][  0]LogConfig: Applying CVar settings from Section [Startup] File [../../../Engine/Config/ConsoleVariables.ini]
[2026.03.16-00.08.40:036][  0]LogConfig: Setting CVar [[net.UseAdaptiveNetUpdateFrequency:0]]
[2026.03.16-00.08.40:036][  0]LogConfig: Setting CVar [[p.chaos.AllowCreatePhysxBodies:1]]
[2026.03.16-00.08.40:036][  0]LogConfig: Setting CVar [[fx.SkipVectorVMBackendOptimizations:1]]
[2026.03.16-00.08.40:036][  0]LogConfig: Applying CVar settings from Section [ConsoleVariables] File [C:/Users/titan/Desktop/Titan_RoadHopper/RoadHopper4.27/Saved/Config/Windows/Engine.ini]
[2026.03.16-00.08.40:036][  0]LogConfig: Applying CVar settings from Section [ConsoleVariables] File [C:/Users/titan/Desktop/Titan_RoadHopper/RoadHopper4.27/Saved/Config/Windows/Editor.ini]
[2026.03.16-00.08.40:036][  0]LogInit: Computer: TITANPC
[2026.03.16-00.08.40:036][  0]LogInit: User: titan
[2026.03.16-00.08.40:036][  0]LogInit: CPU Page size=4096, Cores=10
[2026.03.16-00.08.40:036][  0]LogInit: High frequency timer resolution =10.000000 MHz
[2026.03.16-00.08.40:036][  0]LogMemory: Memory total: Physical=31.7GB (32GB approx)
[2026.03.16-00.08.40:036][  0]LogMemory: Platform Memory Stats for Windows
[2026.03.16-00.08.40:036][  0]LogMemory: Process Physical Memory: 153.43 MB used, 153.43 MB peak
[2026.03.16-00.08.40:036][  0]LogMemory: Process Virtual Memory: 131.60 MB used, 131.60 MB peak
[2026.03.16-00.08.40:036][  0]LogMemory: Physical Memory: 14547.30 MB used,  17962.12 MB free, 32509.42 MB total
[2026.03.16-00.08.40:036][  0]LogMemory: Virtual Memory: 134200672.00 MB used,  17053.70 MB free, 134217728.00 MB total
[2026.03.16-00.08.40:040][  0]LogWindows: WindowsPlatformFeatures enabled
[2026.03.16-00.08.40:073][  0]LogInit: Physics initialised using underlying interface: PhysX
[2026.03.16-00.08.40:074][  0]LogInit: Using OS detected language (en-US).
[2026.03.16-00.08.40:074][  0]LogInit: Using OS detected locale (en-CA).
[2026.03.16-00.08.40:076][  0]LogTextLocalizationManager: No specific localization for 'en-US' exists, so the 'en' localization will be used.
[2026.03.16-00.08.40:203][  0]LogInit: Setting process to per monitor DPI aware
[2026.03.16-00.08.40:219][  0]LogWindowsTextInputMethodSystem: Display: IME system deactivated.
[2026.03.16-00.08.40:231][  0]LogSlate: New Slate User Created.  User Index 0, Is Virtual User: 0
[2026.03.16-00.08.40:231][  0]LogSlate: Slate User Registered.  User Index 0, Is Virtual User: 0
[2026.03.16-00.08.40:371][  0]LogD3D11RHI: Loaded GFSDK_Aftermath_Lib.x64.dll
[2026.03.16-00.08.40:379][  0]LogHMD: Failed to initialize OpenVR with code 110
[2026.03.16-00.08.40:379][  0]LogD3D11RHI: D3D11 min allowed feature level: 11_0
[2026.03.16-00.08.40:379][  0]LogD3D11RHI: D3D11 max allowed feature level: 11_0
[2026.03.16-00.08.40:379][  0]LogD3D11RHI: D3D11 adapters:
[2026.03.16-00.08.40:531][  0]LogD3D11RHI:    0. 'NVIDIA GeForce RTX 3080' (Feature Level 11_0)
[2026.03.16-00.08.40:531][  0]LogD3D11RHI:       12093/0/16254 MB DedicatedVideo/DedicatedSystem/SharedSystem, Outputs:3, VendorId:0x10de
[2026.03.16-00.08.40:534][  0]LogD3D11RHI:    1. 'Microsoft Basic Render Driver' (Feature Level 11_0)
[2026.03.16-00.08.40:534][  0]LogD3D11RHI:       0/0/16254 MB DedicatedVideo/DedicatedSystem/SharedSystem, Outputs:0, VendorId:0x1414
[2026.03.16-00.08.40:534][  0]LogD3D11RHI: Chosen D3D11 Adapter:
[2026.03.16-00.08.40:534][  0]LogD3D11RHI:     Description : NVIDIA GeForce RTX 3080
[2026.03.16-00.08.40:534][  0]LogD3D11RHI:     VendorId    : 10de
[2026.03.16-00.08.40:534][  0]LogD3D11RHI:     DeviceId    : 220a
[2026.03.16-00.08.40:534][  0]LogD3D11RHI:     SubSysId    : 48773842
[2026.03.16-00.08.40:534][  0]LogD3D11RHI:     Revision    : 00a1
[2026.03.16-00.08.40:534][  0]LogD3D11RHI:     DedicatedVideoMemory : 12680429568 bytes
[2026.03.16-00.08.40:534][  0]LogD3D11RHI:     DedicatedSystemMemory : 0 bytes
[2026.03.16-00.08.40:534][  0]LogD3D11RHI:     SharedSystemMemory : 17044299776 bytes
[2026.03.16-00.08.40:534][  0]LogD3D11RHI:     AdapterLuid : 0 54500
[2026.03.16-00.08.40:540][  0]LogD3D11RHI: Creating new Direct3DDevice
[2026.03.16-00.08.40:540][  0]LogD3D11RHI:     GPU DeviceId: 0x220a (for the marketing name, search the web for "GPU Device Id")
[2026.03.16-00.08.40:540][  0]LogWindows: EnumDisplayDevices:
[2026.03.16-00.08.40:541][  0]LogWindows:    0. 'NVIDIA GeForce RTX 3080' (P:1 D:1)
[2026.03.16-00.08.40:541][  0]LogWindows:    1. 'NVIDIA GeForce RTX 3080' (P:0 D:1)
[2026.03.16-00.08.40:541][  0]LogWindows:    2. 'NVIDIA GeForce RTX 3080' (P:0 D:1)
[2026.03.16-00.08.40:541][  0]LogWindows:    3. 'NVIDIA GeForce RTX 3080' (P:0 D:0)
[2026.03.16-00.08.40:541][  0]LogWindows: DebugString: FoundDriverCount:4 
[2026.03.16-00.08.40:541][  0]LogD3D11RHI:     Adapter Name: NVIDIA GeForce RTX 3080
[2026.03.16-00.08.40:541][  0]LogD3D11RHI:   Driver Version: 591.86 (internal:32.0.15.9186, unified:591.86)
[2026.03.16-00.08.40:541][  0]LogD3D11RHI:      Driver Date: 1-20-2026
[2026.03.16-00.08.40:541][  0]LogRHI: Texture pool is 8465 MB (70% of 12093 MB)
[2026.03.16-00.08.40:541][  0]LogD3D11RHI: Creating D3DDevice using adapter:
[2026.03.16-00.08.40:541][  0]LogD3D11RHI:     Description : NVIDIA GeForce RTX 3080
[2026.03.16-00.08.40:541][  0]LogD3D11RHI:     VendorId    : 10de
[2026.03.16-00.08.40:541][  0]LogD3D11RHI:     DeviceId    : 220a
[2026.03.16-00.08.40:541][  0]LogD3D11RHI:     SubSysId    : 48773842
[2026.03.16-00.08.40:541][  0]LogD3D11RHI:     Revision    : 00a1
[2026.03.16-00.08.40:541][  0]LogD3D11RHI:     DedicatedVideoMemory : 12680429568 bytes
[2026.03.16-00.08.40:541][  0]LogD3D11RHI:     DedicatedSystemMemory : 0 bytes
[2026.03.16-00.08.40:541][  0]LogD3D11RHI:     SharedSystemMemory : 17044299776 bytes
[2026.03.16-00.08.40:541][  0]LogD3D11RHI:     AdapterLuid : 0 54500
[2026.03.16-00.08.40:647][  0]LogD3D11RHI: RHI has support for 64 bit atomics
[2026.03.16-00.08.40:647][  0]LogD3D11RHI: Async texture creation enabled
[2026.03.16-00.08.40:647][  0]LogD3D11RHI: Array index from any shader is supported
[2026.03.16-00.08.40:649][  0]LogD3D11RHI: HDR output is supported on display 0 (NvId: 0x80061082).
[2026.03.16-00.08.40:666][  0]LogD3D11RHI: GPU Timing Frequency: 1000.000000 (Debug: 2 2)
[2026.03.16-00.08.40:690][  0]LogRHI: GeForceNow SDK initialized: 1
[2026.03.16-00.08.40:911][  0]LogTargetPlatformManager: Display: Loaded TargetPlatform 'AllDesktop'
[2026.03.16-00.08.40:926][  0]LogTargetPlatformManager: Display: Loaded TargetPlatform 'Android'
[2026.03.16-00.08.40:927][  0]LogTargetPlatformManager: Display: Loaded TargetPlatform 'Android_ASTC'
[2026.03.16-00.08.40:927][  0]LogTargetPlatformManager: Display: Loaded TargetPlatform 'Android_DXT'
[2026.03.16-00.08.40:927][  0]LogTargetPlatformManager: Display: Loaded TargetPlatform 'Android_ETC2'
[2026.03.16-00.08.40:927][  0]LogTargetPlatformManager: Display: Loaded TargetPlatform 'AndroidClient'
[2026.03.16-00.08.40:927][  0]LogTargetPlatformManager: Display: Loaded TargetPlatform 'Android_ASTCClient'
[2026.03.16-00.08.40:927][  0]LogTargetPlatformManager: Display: Loaded TargetPlatform 'Android_DXTClient'
[2026.03.16-00.08.40:927][  0]LogTargetPlatformManager: Display: Loaded TargetPlatform 'Android_ETC2Client'
[2026.03.16-00.08.40:927][  0]LogTargetPlatformManager: Display: Loaded TargetPlatform 'Android_Multi'
[2026.03.16-00.08.40:927][  0]LogTargetPlatformManager: Display: Loaded TargetPlatform 'Android_MultiClient'
[2026.03.16-00.08.40:941][  0]LogTargetPlatformManager: Display: Loaded TargetPlatform 'IOSClient'
[2026.03.16-00.08.40:941][  0]LogTargetPlatformManager: Display: Loaded TargetPlatform 'IOS'
[2026.03.16-00.08.40:947][  0]LogTargetPlatformManager: Display: Loaded TargetPlatform 'Linux'
[2026.03.16-00.08.40:951][  0]LogTargetPlatformManager: Display: Loaded TargetPlatform 'LinuxNoEditor'
[2026.03.16-00.08.40:954][  0]LogTargetPlatformManager: Display: Loaded TargetPlatform 'LinuxClient'
[2026.03.16-00.08.40:958][  0]LogTargetPlatformManager: Display: Loaded TargetPlatform 'LinuxServer'
[2026.03.16-00.08.40:965][  0]LogTargetPlatformManager: Display: Loaded TargetPlatform 'LinuxAArch64NoEditor'
[2026.03.16-00.08.40:968][  0]LogTargetPlatformManager: Display: Loaded TargetPlatform 'LinuxAArch64Client'
[2026.03.16-00.08.40:972][  0]LogTargetPlatformManager: Display: Loaded TargetPlatform 'LinuxAArch64Server'
[2026.03.16-00.08.40:989][  0]LogTargetPlatformManager: Display: Loaded TargetPlatform 'Lumin'
[2026.03.16-00.08.40:989][  0]LogTargetPlatformManager: Display: Loaded TargetPlatform 'LuminClient'
[2026.03.16-00.08.40:996][  0]LogTargetPlatformManager: Display: Loaded TargetPlatform 'MacNoEditor'
[2026.03.16-00.08.40:999][  0]LogTargetPlatformManager: Display: Loaded TargetPlatform 'Mac'
[2026.03.16-00.08.41:003][  0]LogTargetPlatformManager: Display: Loaded TargetPlatform 'MacClient'
[2026.03.16-00.08.41:006][  0]LogTargetPlatformManager: Display: Loaded TargetPlatform 'MacServer'
[2026.03.16-00.08.41:012][  0]LogTargetPlatformManager: Display: Loaded TargetPlatform 'TVOSClient'
[2026.03.16-00.08.41:012][  0]LogTargetPlatformManager: Display: Loaded TargetPlatform 'TVOS'
[2026.03.16-00.08.41:019][  0]LogTargetPlatformManager: Display: Loaded TargetPlatform 'WindowsNoEditor'
[2026.03.16-00.08.41:023][  0]LogTargetPlatformManager: Display: Loaded TargetPlatform 'Windows'
[2026.03.16-00.08.41:026][  0]LogTargetPlatformManager: Display: Loaded TargetPlatform 'WindowsClient'
[2026.03.16-00.08.41:030][  0]LogTargetPlatformManager: Display: Loaded TargetPlatform 'WindowsServer'
[2026.03.16-00.08.41:030][  0]LogTargetPlatformManager: Display: Building Assets For Windows
[2026.03.16-00.08.41:036][  0]LogAudioDebug: Display: Lib vorbis DLL was dynamically loaded.
[2026.03.16-00.08.41:061][  0]LogTextureFormatOodle: Display: Oodle Texture 2.9.0 init RDO Off
[2026.03.16-00.08.41:088][  0]LogRendererCore: Ray tracing is disabled. Reason: r.RayTracing=0.
[2026.03.16-00.08.41:088][  0]LogShaderCompilers: Guid format shader working directory is -9 characters bigger than the processId version (C:/Users/titan/Desktop/Titan_RoadHopper/RoadHopper4.27/Intermediate/Shaders/WorkingDirectory/17836/).
[2026.03.16-00.08.41:088][  0]LogShaderCompilers: Cleaned the shader compiler working directory 'C:/Users/titan/AppData/Local/Temp/UnrealShaderWorkingDir/B1CCD60F4BBBAA5123DD7F8D438FEBF7/'.
[2026.03.16-00.08.41:088][  0]LogXGEController: Cannot use XGE Controller as Incredibuild is not installed on this machine.
[2026.03.16-00.08.41:088][  0]LogShaderCompilers: Cannot use XGE Shader Compiler as Incredibuild is not installed on this machine.
[2026.03.16-00.08.41:088][  0]LogShaderCompilers: Display: Using Local Shader Compiler.
[2026.03.16-00.08.41:633][  0]LogDerivedDataCache: Display: Max Cache Size: 512 MB
[2026.03.16-00.08.41:680][  0]LogDerivedDataCache: Loaded boot cache 0.05s 94MB C:/Users/titan/AppData/Local/UnrealEngine/4.27/DerivedDataCache/Boot.ddc.
[2026.03.16-00.08.41:680][  0]LogDerivedDataCache: Display: Loaded Boot cache: C:/Users/titan/AppData/Local/UnrealEngine/4.27/DerivedDataCache/Boot.ddc
[2026.03.16-00.08.41:681][  0]LogDerivedDataCache: FDerivedDataBackendGraph:  Pak pak cache file C:/Users/titan/Desktop/Titan_RoadHopper/RoadHopper4.27/DerivedDataCache/DDC.ddp not found, will not use a pak cache.
[2026.03.16-00.08.41:681][  0]LogDerivedDataCache: Unable to find inner node Pak for hierarchical cache Hierarchy.
[2026.03.16-00.08.41:681][  0]LogDerivedDataCache: FDerivedDataBackendGraph:  CompressedPak pak cache file C:/Users/titan/Desktop/Titan_RoadHopper/RoadHopper4.27/DerivedDataCache/Compressed.ddp not found, will not use a pak cache.
[2026.03.16-00.08.41:681][  0]LogDerivedDataCache: Unable to find inner node CompressedPak for hierarchical cache Hierarchy.
[2026.03.16-00.08.41:693][  0]LogDerivedDataCache: Display: Pak cache opened for reading ../../../Engine/DerivedDataCache/Compressed.ddp.
[2026.03.16-00.08.41:693][  0]LogDerivedDataCache: FDerivedDataBackendGraph:  EnterprisePak pak cache file ../../../Enterprise/DerivedDataCache/Compressed.ddp not found, will not use a pak cache.
[2026.03.16-00.08.41:693][  0]LogDerivedDataCache: Unable to find inner node EnterprisePak for hierarchical cache Hierarchy.
[2026.03.16-00.08.41:700][  0]LogDerivedDataCache: Speed tests for C:/Users/titan/AppData/Local/UnrealEngine/Common/DerivedDataCache took 0.01 seconds
[2026.03.16-00.08.41:700][  0]LogDerivedDataCache: Display: Performance to C:/Users/titan/AppData/Local/UnrealEngine/Common/DerivedDataCache: Latency=0.02ms. RandomReadSpeed=1258.38MBs, RandomWriteSpeed=168.60MBs. Assigned SpeedClass 'Local'
[2026.03.16-00.08.41:701][  0]LogDerivedDataCache: Using Local data cache path C:/Users/titan/AppData/Local/UnrealEngine/Common/DerivedDataCache: Writable
[2026.03.16-00.08.41:701][  0]LogDerivedDataCache: Shared data cache path not found in *engine.ini, will not use an Shared cache.
[2026.03.16-00.08.41:701][  0]LogDerivedDataCache: Unable to find inner node Shared for hierarchical cache Hierarchy.
[2026.03.16-00.08.41:733][  0]LogSlate: Using FreeType 2.10.0
[2026.03.16-00.08.41:734][  0]LogSlate: SlateFontServices - WITH_FREETYPE: 1, WITH_HARFBUZZ: 1
[2026.03.16-00.08.41:756][  0]LogAssetRegistry: FAssetRegistry took 0.0020 seconds to start up
[2026.03.16-00.08.41:906][  0]LogInit: Selected Device Profile: [Windows]
[2026.03.16-00.08.41:906][  0]LogInit: Active device profile: [000001CF189D4900][000001CF17002300 49] Windows
[2026.03.16-00.08.41:906][  0]LogInit: Profiles: [000001CF189D4900][000001CF17002300 49] Windows, [000001CF1898F800][000001CF174C6480 49] WindowsNoEditor, [000001CF189D7500][000001CF174CA600 49] WindowsServer, [000001CF1898CE00][000001CF174C2740 49] WindowsClient, [000001CF189D7800][000001CF174CE880 49] IOS, [000001CF1898E800][000001CF174D29C0 49] iPadAir, [000001CF189D6000][000001CF174D6B00 49] iPadAir2, [000001CF18940A00][000001CF174E2DC0 49] IPadPro, [000001CF18940B00][000001CF174DEE00 49] iPadAir3, [000001CF1898D900][000001CF174E6F80 49] iPadAir4, [000001CF18943400][000001CF174EB100 49] iPadMini2, [000001CF1898EA00][000001CF174EF280 49] iPadMini3, [000001CF18941700][000001CF174F3400 49] iPadMini4, [000001CF189D5100][000001CF174F7580 49] iPadMini5, [000001CF1896C300][000001CF196CF840 49] iPhone6, [000001CF1896C400][000001CF174FB880 49] iPodTouch6, [000001CF1892FF00][000001CF196D7B40 49] iPhone7, [000001CF1892FE00][000001CF196D3B80 49] iPodTouch7, [000001CF1898E000][000001CF196DA180 49] iPhone5S, [000001CF1892DA00][000001CF196DE300 49] iPhone6Plus, [000001CF1896C200][000001CF196E2480 49] iPhone6S, [000001CF1892C600][000001CF196E6600 49] iPhone6SPlus, [000001CF1896E900][000001CF196EA780 49] iPhone7Plus, [000001CF1892F100][000001CF196EE900 49] iPhoneSE, [000001CF1896E200][000001CF174DAA40 49] iPhone8, [000001CF1892FB00][000001CF196F2B80 49] iPhone8Plus, [000001CF1896CA00][000001CF196F6CC0 49] iPhoneX, [000001CF1892D400][000001CF196FEE40 49] iPhoneXS, [000001CF1896F900][000001CF19702FC0 49] iPhoneXSMax, [000001CF1892C900][000001CF19707140 49] iPhoneXR, [000001CF1896EF00][000001CF1970B2C0 49] iPhone11, [000001CF1892D300][000001CF1970F440 49] iPhone11Pro, [000001CF1896D000][000001CF197135C0 49] iPhone11ProMax, [000001CF1892EA00][000001CF19717740 49] iPhoneSE2, [000001CF1896D400][000001CF1971B8C0 49] iPhone12Mini, [000001CF1892E400][000001CF1971FA40 49] iPhone12, [000001CF1896CD00][000001CF19723BC0 49] iPhone12Pro, [000001CF1892EB00][000001CF197261C0 49] iPhone12ProMax, [000001CF1896F000][000001CF1972A340 49] iPadPro105, [000001CF1892C700][000001CF1972E4C0 49] iPadPro129, [000001CF1896E800][000001CF19736640 49] iPadPro97, [000001CF1892E600][000001CF197AA7C0 49] iPadPro2_129, [000001CF1896FC00][000001CF197AE940 49] iPad5, [000001CF1892E200][000001CF197F2AC0 49] iPad6, [000001CF1896CF00][000001CF196FAC00 49] iPad7, [000001CF1892ED00][000001CF0E142D40 49] iPad8, [000001CF1896D100][000001CF0DD5CE80 49] iPadPro11, [000001CF1892D600][000001CF0E162FC0 49] iPadPro2_11, [000001CF1896F400][000001CF19885140 49] iPadPro3_129, [000001CF1892E800][000001CF198892C0 49] iPadPro4_129, [000001CF1896FA00][000001CF1988D440 49] AppleTV, [000001CF1892E100][000001CF198915C0 49] AppleTV4K, [000001CF1896DF00][000001CF1705F740 49] TVOS, [000001CF1892F400][000001CF170678C0 49] Mac, [000001CF1896F800][000001CF1706BA40 49] MacClient, [000001CF1892DE00][000001CF1707FBC0 49] MacNoEditor, [000001CF1896FF00][000001CF170821C0 49] MacServer, [000001CF1892F500][000001CF17086340 49] Linux, [000001CF1896CC00][000001CF1708A4C0 49] LinuxAArch64, [000001CF1892EF00][000001CF1AD00640 49] LinuxNoEditor, [000001CF1896CB00][000001CF1AD047C0 49] LinuxAArch64NoEditor, [000001CF1892F700][000001CF1AD10940 49] LinuxClient, [000001CF1896DA00][000001CF1AD1CAC0 49] LinuxAArch64Client, [000001CF1892D000][000001CF1162CC40 49] LinuxServer, [000001CF1896E500][000001CF0E1BAD80 49] LinuxAArch64Server, [000001CF1892D900][000001CF11630EC0 49] Android, [000001CF1896D300][000001CF170A3000 49] Android_Low, [000001CF1892E700][000001CF19905140 49] Android_Mid, [000001CF1896EB00][000001CF1990D2C0 49] Android_High, [000001CF1892F800][000001CF170A7440 49] Android_Default, [000001CF1896D600][000001CF170AB5C0 49] Android_Adreno4xx, [000001CF1892D500][000001CF170AF740 49] Android_Adreno5xx_Low, [000001CF18943600][000001CF0E13D8C0 49] Android_Adreno5xx, [000001CF1898D800][000001CF197A5A40 49] Android_Adreno6xx, [000001CF18941200][000001CF19875BC0 49] Android_Adreno6xx_Vulkan, [000001CF1898FC00][000001CF198781C0 49] Android_Mali_T6xx, [000001CF18941100][000001CF1987C340 49] Android_Mali_T7xx, [000001CF1898D600][000001CF0DD3E4C0 49] Android_Mali_T8xx, [000001CF18941E00][000001CF0DD4A640 49] Android_Mali_G71, [000001CF1898C500][000001CF1379E7C0 49] Android_Mali_G72, [000001CF18940800][000001CF137BA940 49] Android_Mali_G72_Vulkan, [000001CF1898D300][000001CF137F4AC0 49] Android_Mali_G76, [000001CF18940100][000001CF13812C40 49] Android_Mali_G76_Vulkan, [000001CF1898DF00][000001CF13826DC0 49] Android_Mali_G77, [000001CF18941000][000001CF1382AF40 49] Android_Mali_G77_Vulkan, [000001CF1898CA00][000001CF19909080 49] Android_Mali_G78, [000001CF18942C00][000001CF1382F1C0 49] Android_Mali_G78_Vulkan, [000001CF1898F600][000001CF13833300 49] Android_Mali_G710, [000001CF18942A00][000001CF1AB79480 49] Android_Mali_G710_Vulkan, [000001CF1898FF00][000001CF1AB7D600 49] Android_Vulkan_SM5, [000001CF18943B00][000001CF19895780 49] Android_PowerVR_G6xxx, [000001CF1898FB00][000001CF19899900 49] Android_PowerVR_GT7xxx, [000001CF18943900][000001CF1989DA80 49] Android_PowerVR_GE8xxx, [000001CF1898CC00][000001CF198BBC00 49] Android_PowerVR_GM9xxx, [000001CF18942700][000001CF198C6200 49] Android_PowerVR_GM9xxx_Vulkan, [000001CF1898E700][000001CF198CA380 49] Android_TegraK1, [000001CF18940900][000001CF198CE500 49] Android_Unknown_Vulkan, [000001CF1898DD00][000001CF198D2680 49] Lumin, [000001CF18940500][000001CF198DA800 49] Lumin_Desktop, [000001CF1898F300][000001CF198DE980 49] HoloLens, 
[2026.03.16-00.08.41:997][  0]LogMeshReduction: Using QuadricMeshReduction for automatic static mesh reduction
[2026.03.16-00.08.41:997][  0]LogMeshReduction: Using SimplygonMeshReduction for automatic skeletal mesh reduction
[2026.03.16-00.08.41:997][  0]LogMeshReduction: Using ProxyLODMeshReduction for automatic mesh merging
[2026.03.16-00.08.41:997][  0]LogMeshReduction: No distributed automatic mesh merging module available
[2026.03.16-00.08.41:997][  0]LogMeshMerging: No distributed automatic mesh merging module available
[2026.03.16-00.08.42:009][  0]LogNetVersion: RoadHopper 1.0.0, NetCL: 17155196, EngineNetVer: 17, GameNetVer: 0 (Checksum: 3032267352)
[2026.03.16-00.08.42:311][  0]LogTexture: Default maximum texture size for cubemaps generated from long-lat sources has been changed from 512 to unlimited. In order to preserve old behaiour for '/Engine/MapTemplates/Sky/DaylightAmbientCubemap.DaylightAmbientCubemap', its maximum texture size has been explicitly set to 512.
[2026.03.16-00.08.42:350][  0]LogHMD: PokeAHoleMaterial loaded successfully
[2026.03.16-00.08.42:354][  0]LogUObjectArray: 17178 objects as part of root set at end of initial load.
[2026.03.16-00.08.42:354][  0]LogUObjectAllocator: 4302048 out of 0 bytes used by permanent object pool.
[2026.03.16-00.08.42:354][  0]LogUObjectArray: CloseDisregardForGC: 0/0 objects in disregard for GC pool
[2026.03.16-00.08.42:481][  0]LogNiagaraDebuggerClient: Niagara Debugger Client Initialized | Session: 91B9E0DF4BB772014C770D94D7CDB2F0 | Instance: 975724A4417F42A9A98B7EA399CF1860 (TITANPC-17836).
[2026.03.16-00.08.42:644][  0]LogPython: Using Python 3.7.7
[2026.03.16-00.08.42:979][  0]LogTcpMessaging: Initializing TcpMessaging bridge
[2026.03.16-00.08.42:983][  0]LogUdpMessaging: Initializing bridge on interface 0.0.0.0:0 to multicast group 230.0.0.1:6666.
[2026.03.16-00.08.43:091][  0]SourceControl: Source control is disabled
[2026.03.16-00.08.43:092][  0]SourceControl: Source control is disabled
[2026.03.16-00.08.43:093][  0]SourceControl: Source control is disabled
[2026.03.16-00.08.43:096][  0]SourceControl: Source control is disabled
[2026.03.16-00.08.43:103][  0]SourceControl: Source control is disabled
[2026.03.16-00.08.43:105][  0]LogUProjectInfo: Found projects:
[2026.03.16-00.08.43:108][  0]LogVSAccessor: Display: Unable to create Visual Studio setup instance: 80040154
[2026.03.16-00.08.43:109][  0]LogVSAccessor: Display: Unable to create Visual Studio setup instance: 80040154
[2026.03.16-00.08.43:110][  0]LogVSAccessor: Display: Unable to create Visual Studio setup instance: 80040154
[2026.03.16-00.08.43:278][  0]LogOpenImageDenoise: OIDN starting up
[2026.03.16-00.08.43:291][  0]LogAndroidPermission: UAndroidPermissionCallbackProxy::GetInstance
[2026.03.16-00.08.43:304][  0]LogAudioCaptureCore: Display: No Audio Capture implementations found. Audio input will be silent.
[2026.03.16-00.08.43:304][  0]LogAudioCaptureCore: Display: No Audio Capture implementations found. Audio input will be silent.
[2026.03.16-00.08.43:390][  0]LogCollectionManager: Loaded 0 collections in 0.000491 seconds
[2026.03.16-00.08.43:408][  0]LogFileCache: Scanning file cache for directory 'C:/Users/titan/Desktop/Titan_RoadHopper/RoadHopper4.27/Saved/Collections/' took 0.00s
[2026.03.16-00.08.43:408][  0]LogFileCache: Scanning file cache for directory 'C:/Users/titan/Desktop/Titan_RoadHopper/RoadHopper4.27/Content/Developers/titan/Collections/' took 0.00s
[2026.03.16-00.08.43:408][  0]LogFileCache: Scanning file cache for directory 'C:/Users/titan/Desktop/Titan_RoadHopper/RoadHopper4.27/Content/Collections/' took 0.00s
[2026.03.16-00.08.43:408][  0]LogOcInput: OculusInput pre-init called
[2026.03.16-00.08.43:589][  0]LogEngine: Initializing Engine...
[2026.03.16-00.08.43:591][  0]LogHMD: Failed to enumerate extensions. Please check that you have a valid OpenXR runtime installed.
[2026.03.16-00.08.43:592][  0]LogHMD: Failed to initialize OpenVR with code 110
[2026.03.16-00.08.43:592][  0]LogMagicLeap: Warning: VR disabled because ZI is not enabled.  To enable, in the editor, Edit -> Project Settings -> Plugins -> Magic Leap Plugin -> Enable Zero Iteration
[2026.03.16-00.08.43:592][  0]LogStats: UGameplayTagsManager::InitializeManager -  0.000 s
[2026.03.16-00.08.43:674][  0]LogInit: Initializing FReadOnlyCVARCache
[2026.03.16-00.08.43:681][  0]LogAIModule: Creating AISystem for world Untitled
[2026.03.16-00.08.43:691][  0]LogAudio: Display: Initializing Audio Device Manager...
[2026.03.16-00.08.43:693][  0]LogAudio: Display: Loading Default Audio Settings Objects...
[2026.03.16-00.08.43:694][  0]LogAudio: Display: No default SoundConcurrencyObject specified (or failed to load).
[2026.03.16-00.08.43:694][  0]LogAudio: Display: Audio Device Manager Initialized
[2026.03.16-00.08.43:694][  0]LogAudio: Display: Creating Audio Device:                 Id: 1, Scope: Shared, Realtime: True
[2026.03.16-00.08.43:694][  0]LogAudioMixer: Display: Audio Mixer Platform Settings:
[2026.03.16-00.08.43:694][  0]LogAudioMixer: Display: 	Sample Rate:						  48000
[2026.03.16-00.08.43:694][  0]LogAudioMixer: Display: 	Callback Buffer Frame Size Requested: 1024
[2026.03.16-00.08.43:694][  0]LogAudioMixer: Display: 	Callback Buffer Frame Size To Use:	  1024
[2026.03.16-00.08.43:694][  0]LogAudioMixer: Display: 	Number of buffers to queue:			  2
[2026.03.16-00.08.43:694][  0]LogAudioMixer: Display: 	Max Channels (voices):				  32
[2026.03.16-00.08.43:694][  0]LogAudioMixer: Display: 	Number of Async Source Workers:		  0
[2026.03.16-00.08.43:694][  0]LogAudio: Display: AudioDevice MaxSources: 32
[2026.03.16-00.08.43:695][  0]LogAudio: Display: Audio Spatialization Plugin: None (built-in).
[2026.03.16-00.08.43:695][  0]LogAudio: Display: Audio Reverb Plugin: None (built-in).
[2026.03.16-00.08.43:695][  0]LogAudio: Display: Audio Occlusion Plugin: None (built-in).
[2026.03.16-00.08.43:695][  0]LogAudioMixer: Display: Initializing audio mixer.
[2026.03.16-00.08.43:703][  0]LogAudioMixer: Display: 0: FrontLeft
[2026.03.16-00.08.43:703][  0]LogAudioMixer: Display: 1: FrontRight
[2026.03.16-00.08.43:703][  0]LogAudioMixer: Display: 2: FrontCenter
[2026.03.16-00.08.43:703][  0]LogAudioMixer: Display: 3: LowFrequency
[2026.03.16-00.08.43:703][  0]LogAudioMixer: Display: 4: BackLeft
[2026.03.16-00.08.43:703][  0]LogAudioMixer: Display: 5: BackRight
[2026.03.16-00.08.43:703][  0]LogAudioMixer: Display: 6: SideLeft
[2026.03.16-00.08.43:703][  0]LogAudioMixer: Display: 7: SideRight
[2026.03.16-00.08.43:717][  0]LogAudioMixer: Display: Using Audio Device Headset Earphone (CORSAIR VOID PRO Wireless Gaming Headset)
[2026.03.16-00.08.43:718][  0]LogAudioMixer: Display: Initializing Sound Submixes...
[2026.03.16-00.08.43:720][  0]LogAudioMixer: Display: Creating Master Submix 'MasterSubmixDefault'
[2026.03.16-00.08.43:720][  0]LogAudioMixer: Display: Creating Master Submix 'MasterReverbSubmixDefault'
[2026.03.16-00.08.43:721][  0]LogAudioMixer: Display: Creating Master Submix 'MasterEQSubmixDefault'
[2026.03.16-00.08.43:721][  0]LogAudioMixer: FMixerPlatformXAudio2::StartAudioStream() called
[2026.03.16-00.08.43:721][  0]LogAudioMixer: Display: Output buffers initialized: Frames=1024, Channels=8, Samples=8192
[2026.03.16-00.08.43:722][  0]LogAudioMixer: Display: Starting AudioMixerPlatformInterface::RunInternal()
[2026.03.16-00.08.43:722][  0]LogAudioMixer: Display: FMixerPlatformXAudio2::SubmitBuffer() called for the first time
[2026.03.16-00.08.43:722][  0]LogInit: FAudioDevice initialized.
[2026.03.16-00.08.43:722][  0]LogAudio: Display: Audio Device (ID: 1) registered with world 'Untitled'.
[2026.03.16-00.08.43:722][  0]LogNetVersion: Set ProjectVersion to 1.0.0.0. Version Checksum will be recalculated on next use.
[2026.03.16-00.08.43:793][  0]LogDerivedDataCache: Saved boot cache 0.07s 94MB C:/Users/titan/AppData/Local/UnrealEngine/4.27/DerivedDataCache/Boot.ddc.
[2026.03.16-00.08.43:794][  0]LogInit: Texture streaming: Enabled
[2026.03.16-00.08.43:803][  0]LogAnalytics: Display: [UEEditor.Rocket.Release] APIServer = https://datarouter.ol.epicgames.com/. AppVersion = 4.27.2-18319896+++UE4+Release-4.27
[2026.03.16-00.08.43:806][  0]LogEngineSessionManager: EngineSessionManager initialized
[2026.03.16-00.08.43:806][  0]LogEditorSessionSummary: Verbose: Initializing EditorSessionSummaryWriter for editor session tracking
[2026.03.16-00.08.43:807][  0]LogEditorSessionSummary: EditorSessionSummaryWriter initialized
[2026.03.16-00.08.43:826][  0]LogInit: Transaction tracking system initialized
[2026.03.16-00.08.43:843][  0]BlueprintLog: New page: Editor Load
[2026.03.16-00.08.43:884][  0]LocalizationService: Localization service is disabled
[2026.03.16-00.08.43:901][  0]TimingProfiler: Initialize
[2026.03.16-00.08.43:901][  0]TimingProfiler: OnSessionChanged
[2026.03.16-00.08.43:901][  0]LoadingProfiler: Initialize
[2026.03.16-00.08.43:901][  0]LoadingProfiler: OnSessionChanged
[2026.03.16-00.08.43:901][  0]NetworkingProfiler: Initialize
[2026.03.16-00.08.43:901][  0]NetworkingProfiler: OnSessionChanged
[2026.03.16-00.08.43:901][  0]MemoryProfiler: Initialize
[2026.03.16-00.08.43:901][  0]MemoryProfiler: OnSessionChanged
[2026.03.16-00.08.43:940][  0]LogVSAccessor: Display: Unable to create Visual Studio setup instance: 80040154
[2026.03.16-00.08.43:940][  0]LogVSAccessor: Display: Unable to create Visual Studio setup instance: 80040154
[2026.03.16-00.08.43:941][  0]LogVSAccessor: Display: Unable to create Visual Studio setup instance: 80040154
[2026.03.16-00.08.44:002][  0]LogCook: Display: CookSettings for Memory: MemoryMaxUsedVirtual 0MiB, MemoryMaxUsedPhysical 16384MiB, MemoryMinFreeVirtual 0MiB, MemoryMinFreePhysical 1024MiB
[2026.03.16-00.08.44:002][  0]LogCook: Display: Mobile HDR setting 1
[2026.03.16-00.08.44:139][  0]LogFileCache: Scanning file cache for directory 'C:/Users/titan/Desktop/Titan_RoadHopper/RoadHopper4.27/Content/' took 0.00s
[2026.03.16-00.08.44:285][  0]LogInit: Display: Engine is initialized. Leaving FEngineLoop::Init()
[2026.03.16-00.08.44:287][  0]SourceControl: Source control is disabled
[2026.03.16-00.08.44:287][  0]LogUnrealEdMisc: Loading editor; pre map load, took 5.289
[2026.03.16-00.08.44:287][  0]Cmd: MAP LOAD FILE="../../../Engine/Content/Maps/Templates/Template_Default.umap" TEMPLATE=1 SHOWPROGRESS=1 FEATURELEVEL=3
[2026.03.16-00.08.44:288][  0]LightingResults: New page: Lighting Build
[2026.03.16-00.08.44:288][  0]LogWorld: UWorld::CleanupWorld for Untitled, bSessionEnded=true, bCleanupResources=true
[2026.03.16-00.08.44:289][  0]LogSlate: InvalidateAllWidgets triggered.  All widgets were invalidated
[2026.03.16-00.08.44:289][  0]MapCheck: New page: Map Check
[2026.03.16-00.08.44:289][  0]LightingResults: New page: Lighting Build
[2026.03.16-00.08.44:292][  0]LogAudio: Display: Audio Device unregistered from world 'None'.
[2026.03.16-00.08.44:294][  0]LogUObjectHash: Compacting FUObjectHashTables data took   0.48ms
[2026.03.16-00.08.44:325][  0]LogTexture: Display: Building textures: DeprecatedTextureEB9CBE3C423008B5E8E130901E171C89 (BGRA8, 128X128)
[2026.03.16-00.08.44:330][  0]LogAudio: Display: Audio Device (ID: 1) registered with world 'Untitled_1'.
[2026.03.16-00.08.44:331][  0]LogAIModule: Creating AISystem for world Untitled_1
[2026.03.16-00.08.44:334][  0]LogEditorServer: Finished looking for orphan Actors (0.000 secs)
[2026.03.16-00.08.44:338][  0]LogUObjectHash: Compacting FUObjectHashTables data took   0.49ms
[2026.03.16-00.08.44:338][  0]Cmd: MAP CHECKDEP NOCLEARLOG
[2026.03.16-00.08.44:339][  0]MapCheck: Map check complete: 0 Error(s), 0 Warning(s), took 0.139ms to complete.
[2026.03.16-00.08.44:339][  0]LogFileHelpers: Loading map 'Template_Default' took 0.051
[2026.03.16-00.08.44:340][  0]LogUnrealEdMisc: Total Editor Startup Time, took 5.341
[2026.03.16-00.08.44:425][  0]LogSlate: Updating window title bar state: overlay mode, drag disabled, window buttons hidden, title bar hidden
[2026.03.16-00.08.44:429][  0]LogSlate: Updating window title bar state: overlay mode, drag disabled, window buttons hidden, title bar hidden
[2026.03.16-00.08.44:433][  0]LogSlate: Updating window title bar state: overlay mode, drag disabled, window buttons hidden, title bar hidden
[2026.03.16-00.08.44:436][  0]LogSlate: Updating window title bar state: overlay mode, drag disabled, window buttons hidden, title bar hidden
[2026.03.16-00.08.44:445][  0]LogNativeClassHierarchy: Verbose: Native class hierarchy populated in 0.0064 seconds. Added 3822 classes and 928 folders.
[2026.03.16-00.08.44:448][  0]LogNativeClassHierarchy: Verbose: Native class hierarchy updated for 'WidgetCarousel' in 0.0002 seconds. Added 0 classes and 0 folders.
[2026.03.16-00.08.44:449][  0]LogPakFile: PakFile PrimaryIndexSize=187
[2026.03.16-00.08.44:449][  0]LogPakFile: PakFile PathHashIndexSize=101
[2026.03.16-00.08.44:449][  0]LogPakFile: PakFile FullDirectoryIndexSize=148
[2026.03.16-00.08.44:449][  0]LogShaderLibrary: Display: ShaderCodeLibraryPakFileMountedCallback: PakFile 'D:/Epic Games/UE_4.27/FeaturePacks/FP_FirstPerson.upack' (chunk index -1, root 'root:/') mounted
[2026.03.16-00.08.44:449][  0]LogShaderLibrary: Display: ShaderCodeLibraryPakFileMountedCallback: pending pak file info (ChunkID:-1 Root:root:/ File:D:/Epic Games/UE_4.27/FeaturePacks/FP_FirstPerson.upack)
[2026.03.16-00.08.44:449][  0]LogPakFile: OnPakFileMounted2Time == 0.000126
[2026.03.16-00.08.44:450][  0]LogPakFile: PakFile PrimaryIndexSize=189
[2026.03.16-00.08.44:450][  0]LogPakFile: PakFile PathHashIndexSize=101
[2026.03.16-00.08.44:450][  0]LogPakFile: PakFile FullDirectoryIndexSize=152
[2026.03.16-00.08.44:450][  0]LogShaderLibrary: Display: ShaderCodeLibraryPakFileMountedCallback: PakFile 'D:/Epic Games/UE_4.27/FeaturePacks/FP_FirstPersonBP.upack' (chunk index -1, root 'root:/') mounted
[2026.03.16-00.08.44:450][  0]LogShaderLibrary: Display: ShaderCodeLibraryPakFileMountedCallback: pending pak file info (ChunkID:-1 Root:root:/ File:D:/Epic Games/UE_4.27/FeaturePacks/FP_FirstPersonBP.upack)
[2026.03.16-00.08.44:450][  0]LogPakFile: OnPakFileMounted2Time == 0.000026
[2026.03.16-00.08.44:450][  0]LogPakFile: PakFile PrimaryIndexSize=191
[2026.03.16-00.08.44:450][  0]LogPakFile: PakFile PathHashIndexSize=101
[2026.03.16-00.08.44:450][  0]LogPakFile: PakFile FullDirectoryIndexSize=160
[2026.03.16-00.08.44:450][  0]LogShaderLibrary: Display: ShaderCodeLibraryPakFileMountedCallback: PakFile 'D:/Epic Games/UE_4.27/FeaturePacks/MobileStarterContent.upack' (chunk index -1, root 'root:/') mounted
[2026.03.16-00.08.44:450][  0]LogShaderLibrary: Display: ShaderCodeLibraryPakFileMountedCallback: pending pak file info (ChunkID:-1 Root:root:/ File:D:/Epic Games/UE_4.27/FeaturePacks/MobileStarterContent.upack)
[2026.03.16-00.08.44:450][  0]LogPakFile: OnPakFileMounted2Time == 0.000021
[2026.03.16-00.08.44:451][  0]LogPakFile: PakFile PrimaryIndexSize=185
[2026.03.16-00.08.44:451][  0]LogPakFile: PakFile PathHashIndexSize=101
[2026.03.16-00.08.44:451][  0]LogPakFile: PakFile FullDirectoryIndexSize=148
[2026.03.16-00.08.44:451][  0]LogShaderLibrary: Display: ShaderCodeLibraryPakFileMountedCallback: PakFile 'D:/Epic Games/UE_4.27/FeaturePacks/StarterContent.upack' (chunk index -1, root 'root:/') mounted
[2026.03.16-00.08.44:451][  0]LogShaderLibrary: Display: ShaderCodeLibraryPakFileMountedCallback: pending pak file info (ChunkID:-1 Root:root:/ File:D:/Epic Games/UE_4.27/FeaturePacks/StarterContent.upack)
[2026.03.16-00.08.44:451][  0]LogPakFile: OnPakFileMounted2Time == 0.000023
[2026.03.16-00.08.44:451][  0]LogPakFile: PakFile PrimaryIndexSize=190
[2026.03.16-00.08.44:451][  0]LogPakFile: PakFile PathHashIndexSize=101
[2026.03.16-00.08.44:451][  0]LogPakFile: PakFile FullDirectoryIndexSize=154
[2026.03.16-00.08.44:451][  0]LogShaderLibrary: Display: ShaderCodeLibraryPakFileMountedCallback: PakFile 'D:/Epic Games/UE_4.27/FeaturePacks/TP_2DSideScroller.upack' (chunk index -1, root 'root:/') mounted
[2026.03.16-00.08.44:451][  0]LogShaderLibrary: Display: ShaderCodeLibraryPakFileMountedCallback: pending pak file info (ChunkID:-1 Root:root:/ File:D:/Epic Games/UE_4.27/FeaturePacks/TP_2DSideScroller.upack)
[2026.03.16-00.08.44:451][  0]LogPakFile: OnPakFileMounted2Time == 0.000021
[2026.03.16-00.08.44:452][  0]LogPakFile: PakFile PrimaryIndexSize=192
[2026.03.16-00.08.44:452][  0]LogPakFile: PakFile PathHashIndexSize=101
[2026.03.16-00.08.44:452][  0]LogPakFile: PakFile FullDirectoryIndexSize=158
[2026.03.16-00.08.44:452][  0]LogShaderLibrary: Display: ShaderCodeLibraryPakFileMountedCallback: PakFile 'D:/Epic Games/UE_4.27/FeaturePacks/TP_2DSideScrollerBP.upack' (chunk index -1, root 'root:/') mounted
[2026.03.16-00.08.44:452][  0]LogShaderLibrary: Display: ShaderCodeLibraryPakFileMountedCallback: pending pak file info (ChunkID:-1 Root:root:/ File:D:/Epic Games/UE_4.27/FeaturePacks/TP_2DSideScrollerBP.upack)
[2026.03.16-00.08.44:452][  0]LogPakFile: OnPakFileMounted2Time == 0.000020
[2026.03.16-00.08.44:452][  0]LogPakFile: PakFile PrimaryIndexSize=182
[2026.03.16-00.08.44:452][  0]LogPakFile: PakFile PathHashIndexSize=101
[2026.03.16-00.08.44:452][  0]LogPakFile: PakFile FullDirectoryIndexSize=138
[2026.03.16-00.08.44:452][  0]LogShaderLibrary: Display: ShaderCodeLibraryPakFileMountedCallback: PakFile 'D:/Epic Games/UE_4.27/FeaturePacks/TP_Flying.upack' (chunk index -1, root 'root:/') mounted
[2026.03.16-00.08.44:452][  0]LogShaderLibrary: Display: ShaderCodeLibraryPakFileMountedCallback: pending pak file info (ChunkID:-1 Root:root:/ File:D:/Epic Games/UE_4.27/FeaturePacks/TP_Flying.upack)
[2026.03.16-00.08.44:452][  0]LogPakFile: OnPakFileMounted2Time == 0.000020
[2026.03.16-00.08.44:453][  0]LogPakFile: PakFile PrimaryIndexSize=184
[2026.03.16-00.08.44:453][  0]LogPakFile: PakFile PathHashIndexSize=101
[2026.03.16-00.08.44:453][  0]LogPakFile: PakFile FullDirectoryIndexSize=142
[2026.03.16-00.08.44:453][  0]LogShaderLibrary: Display: ShaderCodeLibraryPakFileMountedCallback: PakFile 'D:/Epic Games/UE_4.27/FeaturePacks/TP_FlyingBP.upack' (chunk index -1, root 'root:/') mounted
[2026.03.16-00.08.44:453][  0]LogShaderLibrary: Display: ShaderCodeLibraryPakFileMountedCallback: pending pak file info (ChunkID:-1 Root:root:/ File:D:/Epic Games/UE_4.27/FeaturePacks/TP_FlyingBP.upack)
[2026.03.16-00.08.44:453][  0]LogPakFile: OnPakFileMounted2Time == 0.000020
[2026.03.16-00.08.44:453][  0]LogPakFile: PakFile PrimaryIndexSize=188
[2026.03.16-00.08.44:453][  0]LogPakFile: PakFile PathHashIndexSize=101
[2026.03.16-00.08.44:453][  0]LogPakFile: PakFile FullDirectoryIndexSize=150
[2026.03.16-00.08.44:453][  0]LogShaderLibrary: Display: ShaderCodeLibraryPakFileMountedCallback: PakFile 'D:/Epic Games/UE_4.27/FeaturePacks/TP_HandheldARBP.upack' (chunk index -1, root 'root:/') mounted
[2026.03.16-00.08.44:453][  0]LogShaderLibrary: Display: ShaderCodeLibraryPakFileMountedCallback: pending pak file info (ChunkID:-1 Root:root:/ File:D:/Epic Games/UE_4.27/FeaturePacks/TP_HandheldARBP.upack)
[2026.03.16-00.08.44:453][  0]LogPakFile: OnPakFileMounted2Time == 0.000020
[2026.03.16-00.08.44:454][  0]LogPakFile: PakFile PrimaryIndexSize=182
[2026.03.16-00.08.44:454][  0]LogPakFile: PakFile PathHashIndexSize=101
[2026.03.16-00.08.44:454][  0]LogPakFile: PakFile FullDirectoryIndexSize=138
[2026.03.16-00.08.44:454][  0]LogShaderLibrary: Display: ShaderCodeLibraryPakFileMountedCallback: PakFile 'D:/Epic Games/UE_4.27/FeaturePacks/TP_Puzzle.upack' (chunk index -1, root 'root:/') mounted
[2026.03.16-00.08.44:454][  0]LogShaderLibrary: Display: ShaderCodeLibraryPakFileMountedCallback: pending pak file info (ChunkID:-1 Root:root:/ File:D:/Epic Games/UE_4.27/FeaturePacks/TP_Puzzle.upack)
[2026.03.16-00.08.44:454][  0]LogPakFile: OnPakFileMounted2Time == 0.000022
[2026.03.16-00.08.44:454][  0]LogPakFile: PakFile PrimaryIndexSize=184
[2026.03.16-00.08.44:454][  0]LogPakFile: PakFile PathHashIndexSize=101
[2026.03.16-00.08.44:454][  0]LogPakFile: PakFile FullDirectoryIndexSize=142
[2026.03.16-00.08.44:454][  0]LogShaderLibrary: Display: ShaderCodeLibraryPakFileMountedCallback: PakFile 'D:/Epic Games/UE_4.27/FeaturePacks/TP_PuzzleBP.upack' (chunk index -1, root 'root:/') mounted
[2026.03.16-00.08.44:454][  0]LogShaderLibrary: Display: ShaderCodeLibraryPakFileMountedCallback: pending pak file info (ChunkID:-1 Root:root:/ File:D:/Epic Games/UE_4.27/FeaturePacks/TP_PuzzleBP.upack)
[2026.03.16-00.08.44:454][  0]LogPakFile: OnPakFileMounted2Time == 0.000020
[2026.03.16-00.08.44:455][  0]LogPakFile: PakFile PrimaryIndexSize=183
[2026.03.16-00.08.44:455][  0]LogPakFile: PakFile PathHashIndexSize=101
[2026.03.16-00.08.44:455][  0]LogPakFile: PakFile FullDirectoryIndexSize=140
[2026.03.16-00.08.44:455][  0]LogShaderLibrary: Display: ShaderCodeLibraryPakFileMountedCallback: PakFile 'D:/Epic Games/UE_4.27/FeaturePacks/TP_Rolling.upack' (chunk index -1, root 'root:/') mounted
[2026.03.16-00.08.44:455][  0]LogShaderLibrary: Display: ShaderCodeLibraryPakFileMountedCallback: pending pak file info (ChunkID:-1 Root:root:/ File:D:/Epic Games/UE_4.27/FeaturePacks/TP_Rolling.upack)
[2026.03.16-00.08.44:455][  0]LogPakFile: OnPakFileMounted2Time == 0.000021
[2026.03.16-00.08.44:455][  0]LogPakFile: PakFile PrimaryIndexSize=185
[2026.03.16-00.08.44:455][  0]LogPakFile: PakFile PathHashIndexSize=101
[2026.03.16-00.08.44:455][  0]LogPakFile: PakFile FullDirectoryIndexSize=144
[2026.03.16-00.08.44:455][  0]LogShaderLibrary: Display: ShaderCodeLibraryPakFileMountedCallback: PakFile 'D:/Epic Games/UE_4.27/FeaturePacks/TP_RollingBP.upack' (chunk index -1, root 'root:/') mounted
[2026.03.16-00.08.44:455][  0]LogShaderLibrary: Display: ShaderCodeLibraryPakFileMountedCallback: pending pak file info (ChunkID:-1 Root:root:/ File:D:/Epic Games/UE_4.27/FeaturePacks/TP_RollingBP.upack)
[2026.03.16-00.08.44:455][  0]LogPakFile: OnPakFileMounted2Time == 0.000020
[2026.03.16-00.08.44:456][  0]LogPakFile: PakFile PrimaryIndexSize=188
[2026.03.16-00.08.44:456][  0]LogPakFile: PakFile PathHashIndexSize=101
[2026.03.16-00.08.44:456][  0]LogPakFile: PakFile FullDirectoryIndexSize=150
[2026.03.16-00.08.44:456][  0]LogShaderLibrary: Display: ShaderCodeLibraryPakFileMountedCallback: PakFile 'D:/Epic Games/UE_4.27/FeaturePacks/TP_SideScroller.upack' (chunk index -1, root 'root:/') mounted
[2026.03.16-00.08.44:456][  0]LogShaderLibrary: Display: ShaderCodeLibraryPakFileMountedCallback: pending pak file info (ChunkID:-1 Root:root:/ File:D:/Epic Games/UE_4.27/FeaturePacks/TP_SideScroller.upack)
[2026.03.16-00.08.44:456][  0]LogPakFile: OnPakFileMounted2Time == 0.000020
[2026.03.16-00.08.44:456][  0]LogPakFile: PakFile PrimaryIndexSize=190
[2026.03.16-00.08.44:456][  0]LogPakFile: PakFile PathHashIndexSize=101
[2026.03.16-00.08.44:456][  0]LogPakFile: PakFile FullDirectoryIndexSize=154
[2026.03.16-00.08.44:456][  0]LogShaderLibrary: Display: ShaderCodeLibraryPakFileMountedCallback: PakFile 'D:/Epic Games/UE_4.27/FeaturePacks/TP_SideScrollerBP.upack' (chunk index -1, root 'root:/') mounted
[2026.03.16-00.08.44:456][  0]LogShaderLibrary: Display: ShaderCodeLibraryPakFileMountedCallback: pending pak file info (ChunkID:-1 Root:root:/ File:D:/Epic Games/UE_4.27/FeaturePacks/TP_SideScrollerBP.upack)
[2026.03.16-00.08.44:456][  0]LogPakFile: OnPakFileMounted2Time == 0.000020
[2026.03.16-00.08.44:456][  0]LogPakFile: PakFile PrimaryIndexSize=187
[2026.03.16-00.08.44:456][  0]LogPakFile: PakFile PathHashIndexSize=101
[2026.03.16-00.08.44:456][  0]LogPakFile: PakFile FullDirectoryIndexSize=148
[2026.03.16-00.08.44:456][  0]LogShaderLibrary: Display: ShaderCodeLibraryPakFileMountedCallback: PakFile 'D:/Epic Games/UE_4.27/FeaturePacks/TP_ThirdPerson.upack' (chunk index -1, root 'root:/') mounted
[2026.03.16-00.08.44:456][  0]LogShaderLibrary: Display: ShaderCodeLibraryPakFileMountedCallback: pending pak file info (ChunkID:-1 Root:root:/ File:D:/Epic Games/UE_4.27/FeaturePacks/TP_ThirdPerson.upack)
[2026.03.16-00.08.44:456][  0]LogPakFile: OnPakFileMounted2Time == 0.000020
[2026.03.16-00.08.44:457][  0]LogPakFile: PakFile PrimaryIndexSize=189
[2026.03.16-00.08.44:457][  0]LogPakFile: PakFile PathHashIndexSize=101
[2026.03.16-00.08.44:457][  0]LogPakFile: PakFile FullDirectoryIndexSize=152
[2026.03.16-00.08.44:457][  0]LogShaderLibrary: Display: ShaderCodeLibraryPakFileMountedCallback: PakFile 'D:/Epic Games/UE_4.27/FeaturePacks/TP_ThirdPersonBP.upack' (chunk index -1, root 'root:/') mounted
[2026.03.16-00.08.44:457][  0]LogShaderLibrary: Display: ShaderCodeLibraryPakFileMountedCallback: pending pak file info (ChunkID:-1 Root:root:/ File:D:/Epic Games/UE_4.27/FeaturePacks/TP_ThirdPersonBP.upack)
[2026.03.16-00.08.44:457][  0]LogPakFile: OnPakFileMounted2Time == 0.000019
[2026.03.16-00.08.44:458][  0]LogPakFile: PakFile PrimaryIndexSize=183
[2026.03.16-00.08.44:458][  0]LogPakFile: PakFile PathHashIndexSize=101
[2026.03.16-00.08.44:458][  0]LogPakFile: PakFile FullDirectoryIndexSize=140
[2026.03.16-00.08.44:458][  0]LogShaderLibrary: Display: ShaderCodeLibraryPakFileMountedCallback: PakFile 'D:/Epic Games/UE_4.27/FeaturePacks/TP_TopDown.upack' (chunk index -1, root 'root:/') mounted
[2026.03.16-00.08.44:458][  0]LogShaderLibrary: Display: ShaderCodeLibraryPakFileMountedCallback: pending pak file info (ChunkID:-1 Root:root:/ File:D:/Epic Games/UE_4.27/FeaturePacks/TP_TopDown.upack)
[2026.03.16-00.08.44:458][  0]LogPakFile: OnPakFileMounted2Time == 0.000024
[2026.03.16-00.08.44:458][  0]LogPakFile: PakFile PrimaryIndexSize=185
[2026.03.16-00.08.44:458][  0]LogPakFile: PakFile PathHashIndexSize=101
[2026.03.16-00.08.44:458][  0]LogPakFile: PakFile FullDirectoryIndexSize=144
[2026.03.16-00.08.44:458][  0]LogShaderLibrary: Display: ShaderCodeLibraryPakFileMountedCallback: PakFile 'D:/Epic Games/UE_4.27/FeaturePacks/TP_TopDownBP.upack' (chunk index -1, root 'root:/') mounted
[2026.03.16-00.08.44:458][  0]LogShaderLibrary: Display: ShaderCodeLibraryPakFileMountedCallback: pending pak file info (ChunkID:-1 Root:root:/ File:D:/Epic Games/UE_4.27/FeaturePacks/TP_TopDownBP.upack)
[2026.03.16-00.08.44:458][  0]LogPakFile: OnPakFileMounted2Time == 0.000019
[2026.03.16-00.08.44:459][  0]LogPakFile: PakFile PrimaryIndexSize=185
[2026.03.16-00.08.44:459][  0]LogPakFile: PakFile PathHashIndexSize=101
[2026.03.16-00.08.44:459][  0]LogPakFile: PakFile FullDirectoryIndexSize=144
[2026.03.16-00.08.44:459][  0]LogShaderLibrary: Display: ShaderCodeLibraryPakFileMountedCallback: PakFile 'D:/Epic Games/UE_4.27/FeaturePacks/TP_TwinStick.upack' (chunk index -1, root 'root:/') mounted
[2026.03.16-00.08.44:459][  0]LogShaderLibrary: Display: ShaderCodeLibraryPakFileMountedCallback: pending pak file info (ChunkID:-1 Root:root:/ File:D:/Epic Games/UE_4.27/FeaturePacks/TP_TwinStick.upack)
[2026.03.16-00.08.44:459][  0]LogPakFile: OnPakFileMounted2Time == 0.000021
[2026.03.16-00.08.44:459][  0]LogPakFile: PakFile PrimaryIndexSize=187
[2026.03.16-00.08.44:459][  0]LogPakFile: PakFile PathHashIndexSize=101
[2026.03.16-00.08.44:459][  0]LogPakFile: PakFile FullDirectoryIndexSize=148
[2026.03.16-00.08.44:459][  0]LogShaderLibrary: Display: ShaderCodeLibraryPakFileMountedCallback: PakFile 'D:/Epic Games/UE_4.27/FeaturePacks/TP_TwinStickBP.upack' (chunk index -1, root 'root:/') mounted
[2026.03.16-00.08.44:459][  0]LogShaderLibrary: Display: ShaderCodeLibraryPakFileMountedCallback: pending pak file info (ChunkID:-1 Root:root:/ File:D:/Epic Games/UE_4.27/FeaturePacks/TP_TwinStickBP.upack)
[2026.03.16-00.08.44:459][  0]LogPakFile: OnPakFileMounted2Time == 0.000020
[2026.03.16-00.08.44:459][  0]LogPakFile: PakFile PrimaryIndexSize=183
[2026.03.16-00.08.44:459][  0]LogPakFile: PakFile PathHashIndexSize=101
[2026.03.16-00.08.44:459][  0]LogPakFile: PakFile FullDirectoryIndexSize=140
[2026.03.16-00.08.44:459][  0]LogShaderLibrary: Display: ShaderCodeLibraryPakFileMountedCallback: PakFile 'D:/Epic Games/UE_4.27/FeaturePacks/TP_Vehicle.upack' (chunk index -1, root 'root:/') mounted
[2026.03.16-00.08.44:459][  0]LogShaderLibrary: Display: ShaderCodeLibraryPakFileMountedCallback: pending pak file info (ChunkID:-1 Root:root:/ File:D:/Epic Games/UE_4.27/FeaturePacks/TP_Vehicle.upack)
[2026.03.16-00.08.44:460][  0]LogPakFile: OnPakFileMounted2Time == 0.000024
[2026.03.16-00.08.44:460][  0]LogPakFile: PakFile PrimaryIndexSize=186
[2026.03.16-00.08.44:460][  0]LogPakFile: PakFile PathHashIndexSize=101
[2026.03.16-00.08.44:460][  0]LogPakFile: PakFile FullDirectoryIndexSize=146
[2026.03.16-00.08.44:460][  0]LogShaderLibrary: Display: ShaderCodeLibraryPakFileMountedCallback: PakFile 'D:/Epic Games/UE_4.27/FeaturePacks/TP_VehicleAdv.upack' (chunk index -1, root 'root:/') mounted
[2026.03.16-00.08.44:460][  0]LogShaderLibrary: Display: ShaderCodeLibraryPakFileMountedCallback: pending pak file info (ChunkID:-1 Root:root:/ File:D:/Epic Games/UE_4.27/FeaturePacks/TP_VehicleAdv.upack)
[2026.03.16-00.08.44:460][  0]LogPakFile: OnPakFileMounted2Time == 0.000021
[2026.03.16-00.08.44:461][  0]LogPakFile: PakFile PrimaryIndexSize=188
[2026.03.16-00.08.44:461][  0]LogPakFile: PakFile PathHashIndexSize=101
[2026.03.16-00.08.44:461][  0]LogPakFile: PakFile FullDirectoryIndexSize=150
[2026.03.16-00.08.44:461][  0]LogShaderLibrary: Display: ShaderCodeLibraryPakFileMountedCallback: PakFile 'D:/Epic Games/UE_4.27/FeaturePacks/TP_VehicleAdvBP.upack' (chunk index -1, root 'root:/') mounted
[2026.03.16-00.08.44:461][  0]LogShaderLibrary: Display: ShaderCodeLibraryPakFileMountedCallback: pending pak file info (ChunkID:-1 Root:root:/ File:D:/Epic Games/UE_4.27/FeaturePacks/TP_VehicleAdvBP.upack)
[2026.03.16-00.08.44:461][  0]LogPakFile: OnPakFileMounted2Time == 0.000020
[2026.03.16-00.08.44:461][  0]LogPakFile: PakFile PrimaryIndexSize=185
[2026.03.16-00.08.44:461][  0]LogPakFile: PakFile PathHashIndexSize=101
[2026.03.16-00.08.44:461][  0]LogPakFile: PakFile FullDirectoryIndexSize=144
[2026.03.16-00.08.44:461][  0]LogShaderLibrary: Display: ShaderCodeLibraryPakFileMountedCallback: PakFile 'D:/Epic Games/UE_4.27/FeaturePacks/TP_VehicleBP.upack' (chunk index -1, root 'root:/') mounted
[2026.03.16-00.08.44:461][  0]LogShaderLibrary: Display: ShaderCodeLibraryPakFileMountedCallback: pending pak file info (ChunkID:-1 Root:root:/ File:D:/Epic Games/UE_4.27/FeaturePacks/TP_VehicleBP.upack)
[2026.03.16-00.08.44:461][  0]LogPakFile: OnPakFileMounted2Time == 0.000020
[2026.03.16-00.08.44:461][  0]LogPakFile: PakFile PrimaryIndexSize=192
[2026.03.16-00.08.44:461][  0]LogPakFile: PakFile PathHashIndexSize=101
[2026.03.16-00.08.44:461][  0]LogPakFile: PakFile FullDirectoryIndexSize=158
[2026.03.16-00.08.44:461][  0]LogShaderLibrary: Display: ShaderCodeLibraryPakFileMountedCallback: PakFile 'D:/Epic Games/UE_4.27/FeaturePacks/TP_VirtualRealityBP.upack' (chunk index -1, root 'root:/') mounted
[2026.03.16-00.08.44:461][  0]LogShaderLibrary: Display: ShaderCodeLibraryPakFileMountedCallback: pending pak file info (ChunkID:-1 Root:root:/ File:D:/Epic Games/UE_4.27/FeaturePacks/TP_VirtualRealityBP.upack)
[2026.03.16-00.08.44:461][  0]LogPakFile: OnPakFileMounted2Time == 0.000022
[2026.03.16-00.08.44:501][  0]LogNativeClassHierarchy: Verbose: Native class hierarchy updated for 'AddContentDialog' in 0.0002 seconds. Added 0 classes and 0 folders.
[2026.03.16-00.08.44:502][  0]LogNativeClassHierarchy: Verbose: Native class hierarchy updated for 'SceneOutliner' in 0.0002 seconds. Added 2 classes and 0 folders.
[2026.03.16-00.08.44:521][  0]LogSlate: Took 0.000239 seconds to synchronously load lazily loaded font '../../../Engine/Content/Slate/Fonts/Roboto-Regular.ttf' (155K)
[2026.03.16-00.08.44:521][  0]LogSlate: Took 0.000182 seconds to synchronously load lazily loaded font '../../../Engine/Content/Editor/Slate/Fonts/FontAwesome.ttf' (139K)
[2026.03.16-00.08.44:522][  0]LogSlate: Took 0.000178 seconds to synchronously load lazily loaded font '../../../Engine/Content/Slate/Fonts/Roboto-Bold.ttf' (160K)
[2026.03.16-00.08.44:581][  0]LogRenderer: Reallocating scene render targets to support 1860x992 Format 10 NumSamples 1 (Frame:1).
[2026.03.16-00.08.44:638][  0]LogNativeClassHierarchy: Verbose: Native class hierarchy updated for 'HierarchicalLODOutliner' in 0.0002 seconds. Added 0 classes and 0 folders.
[2026.03.16-00.08.44:638][  0]LogLoad: (Engine Initialization) Total time: 5.64 seconds
[2026.03.16-00.08.44:638][  0]LogLoad: (Engine Initialization) Total Blueprint compile time: 0.00 seconds
[2026.03.16-00.08.44:673][  0]LogAssetRegistry: Asset discovery search completed in 2.9183 seconds
[2026.03.16-00.08.44:677][  0]LogCollectionManager: Fixed up redirectors for 0 collections in 0.000003 seconds (updated 0 objects)
[2026.03.16-00.08.44:679][  0]LogContentStreaming: Texture pool size now 1000 MB
[2026.03.16-00.08.44:754][  7]LogSlate: Took 0.000210 seconds to synchronously load lazily loaded font '../../../Engine/Content/Slate/Fonts/Roboto-Light.ttf' (167K)
[2026.03.16-00.08.51:475][799]LogUObjectHash: Compacting FUObjectHashTables data took   0.39ms
[2026.03.16-00.08.51:481][799]LogSlate: Took 0.000218 seconds to synchronously load lazily loaded font '../../../Engine/Content/Slate/Fonts/Roboto-Light.ttf' (167K)
[2026.03.16-00.08.51:512][799]LogLinker: Warning: Asset 'C:/Users/titan/Desktop/Titan_RoadHopper/RoadHopper4.27/Content/Models/Cars/colormap.uasset' has been saved with empty engine version. The asset will be loaded but may be incompatible.
[2026.03.16-00.08.51:513][799]LogLinker: Warning: Asset 'C:/Users/titan/Desktop/Titan_RoadHopper/RoadHopper4.27/Content/Models/Cars/colormap_ncl1_1.uasset' has been saved with empty engine version. The asset will be loaded but may be incompatible.
[2026.03.16-00.08.51:514][799]LogLinker: Warning: Asset 'C:/Users/titan/Desktop/Titan_RoadHopper/RoadHopper4.27/Content/Models/Cars/ambulance_body.uasset' has been saved with empty engine version. The asset will be loaded but may be incompatible.
[2026.03.16-00.08.51:514][799]LogLinker: Warning: Asset 'C:/Users/titan/Desktop/Titan_RoadHopper/RoadHopper4.27/Content/Models/Cars/ambulance_door-left.uasset' has been saved with empty engine version. The asset will be loaded but may be incompatible.
[2026.03.16-00.08.51:514][799]LogLinker: Warning: Asset 'C:/Users/titan/Desktop/Titan_RoadHopper/RoadHopper4.27/Content/Models/Cars/ambulance_door-right.uasset' has been saved with empty engine version. The asset will be loaded but may be incompatible.
[2026.03.16-00.08.51:515][799]LogLinker: Warning: Asset 'C:/Users/titan/Desktop/Titan_RoadHopper/RoadHopper4.27/Content/Models/Cars/ambulance_wheel-back-left.uasset' has been saved with empty engine version. The asset will be loaded but may be incompatible.
[2026.03.16-00.08.51:515][799]LogLinker: Warning: Asset 'C:/Users/titan/Desktop/Titan_RoadHopper/RoadHopper4.27/Content/Models/Cars/ambulance_wheel-back-right.uasset' has been saved with empty engine version. The asset will be loaded but may be incompatible.
[2026.03.16-00.08.51:515][799]LogLinker: Warning: Asset 'C:/Users/titan/Desktop/Titan_RoadHopper/RoadHopper4.27/Content/Models/Cars/ambulance_wheel-front-left.uasset' has been saved with empty engine version. The asset will be loaded but may be incompatible.
[2026.03.16-00.08.51:516][799]LogLinker: Warning: Asset 'C:/Users/titan/Desktop/Titan_RoadHopper/RoadHopper4.27/Content/Models/Cars/ambulance_wheel-front-right.uasset' has been saved with empty engine version. The asset will be loaded but may be incompatible.
[2026.03.16-00.08.51:519][799]LogLinker: Warning: Asset 'C:/Users/titan/Desktop/Titan_RoadHopper/RoadHopper4.27/Content/Models/Cars/delivery_body.uasset' has been saved with empty engine version. The asset will be loaded but may be incompatible.
[2026.03.16-00.08.51:519][799]LogLinker: Warning: Asset 'C:/Users/titan/Desktop/Titan_RoadHopper/RoadHopper4.27/Content/Models/Cars/delivery_door.uasset' has been saved with empty engine version. The asset will be loaded but may be incompatible.
[2026.03.16-00.08.51:520][799]LogLinker: Warning: Asset 'C:/Users/titan/Desktop/Titan_RoadHopper/RoadHopper4.27/Content/Models/Cars/delivery_wheel-back-left.uasset' has been saved with empty engine version. The asset will be loaded but may be incompatible.
[2026.03.16-00.08.51:520][799]LogLinker: Warning: Asset 'C:/Users/titan/Desktop/Titan_RoadHopper/RoadHopper4.27/Content/Models/Cars/delivery_wheel-back-right.uasset' has been saved with empty engine version. The asset will be loaded but may be incompatible.
[2026.03.16-00.08.51:520][799]LogLinker: Warning: Asset 'C:/Users/titan/Desktop/Titan_RoadHopper/RoadHopper4.27/Content/Models/Cars/delivery_wheel-front-left.uasset' has been saved with empty engine version. The asset will be loaded but may be incompatible.
[2026.03.16-00.08.51:521][799]LogLinker: Warning: Asset 'C:/Users/titan/Desktop/Titan_RoadHopper/RoadHopper4.27/Content/Models/Cars/delivery_wheel-front-right.uasset' has been saved with empty engine version. The asset will be loaded but may be incompatible.
[2026.03.16-00.08.51:524][799]LogLinker: Warning: Asset 'C:/Users/titan/Desktop/Titan_RoadHopper/RoadHopper4.27/Content/Models/Cars/sedan_body.uasset' has been saved with empty engine version. The asset will be loaded but may be incompatible.
[2026.03.16-00.08.51:524][799]LogLinker: Warning: Asset 'C:/Users/titan/Desktop/Titan_RoadHopper/RoadHopper4.27/Content/Models/Cars/sedan_wheel-back-left.uasset' has been saved with empty engine version. The asset will be loaded but may be incompatible.
[2026.03.16-00.08.51:524][799]LogLinker: Warning: Asset 'C:/Users/titan/Desktop/Titan_RoadHopper/RoadHopper4.27/Content/Models/Cars/sedan_wheel-back-right.uasset' has been saved with empty engine version. The asset will be loaded but may be incompatible.
[2026.03.16-00.08.51:525][799]LogLinker: Warning: Asset 'C:/Users/titan/Desktop/Titan_RoadHopper/RoadHopper4.27/Content/Models/Cars/sedan_wheel-front-left.uasset' has been saved with empty engine version. The asset will be loaded but may be incompatible.
[2026.03.16-00.08.51:525][799]LogLinker: Warning: Asset 'C:/Users/titan/Desktop/Titan_RoadHopper/RoadHopper4.27/Content/Models/Cars/sedan_wheel-front-right.uasset' has been saved with empty engine version. The asset will be loaded but may be incompatible.
[2026.03.16-00.08.51:528][799]LogLinker: Warning: Asset 'C:/Users/titan/Desktop/Titan_RoadHopper/RoadHopper4.27/Content/Models/Cars/truck-flat_body.uasset' has been saved with empty engine version. The asset will be loaded but may be incompatible.
[2026.03.16-00.08.51:528][799]LogLinker: Warning: Asset 'C:/Users/titan/Desktop/Titan_RoadHopper/RoadHopper4.27/Content/Models/Cars/truck-flat_wheel-back-left.uasset' has been saved with empty engine version. The asset will be loaded but may be incompatible.
[2026.03.16-00.08.51:529][799]LogLinker: Warning: Asset 'C:/Users/titan/Desktop/Titan_RoadHopper/RoadHopper4.27/Content/Models/Cars/truck-flat_wheel-back-right.uasset' has been saved with empty engine version. The asset will be loaded but may be incompatible.
[2026.03.16-00.08.51:529][799]LogLinker: Warning: Asset 'C:/Users/titan/Desktop/Titan_RoadHopper/RoadHopper4.27/Content/Models/Cars/truck-flat_wheel-front-left.uasset' has been saved with empty engine version. The asset will be loaded but may be incompatible.
[2026.03.16-00.08.51:529][799]LogLinker: Warning: Asset 'C:/Users/titan/Desktop/Titan_RoadHopper/RoadHopper4.27/Content/Models/Cars/truck-flat_wheel-front-right.uasset' has been saved with empty engine version. The asset will be loaded but may be incompatible.
[2026.03.16-00.08.51:535][799]LogLinker: Warning: Asset 'C:/Users/titan/Desktop/Titan_RoadHopper/RoadHopper4.27/Content/Blueprints/BP_Grass.uasset' has been saved with empty engine version. The asset will be loaded but may be incompatible.
[2026.03.16-00.08.51:535][799]LogLinker: Warning: Asset 'C:/Users/titan/Desktop/Titan_RoadHopper/RoadHopper4.27/Content/Models/MiniGolf/open.uasset' has been saved with empty engine version. The asset will be loaded but may be incompatible.
[2026.03.16-00.08.51:535][799]LogLinker: Warning: Asset 'C:/Users/titan/Desktop/Titan_RoadHopper/RoadHopper4.27/Content/Models/MiniGolf/colormap.uasset' has been saved with empty engine version. The asset will be loaded but may be incompatible.
[2026.03.16-00.08.51:535][799]LogLinker: Warning: Asset 'C:/Users/titan/Desktop/Titan_RoadHopper/RoadHopper4.27/Content/Models/MiniGolf/colormap_ncl1_1.uasset' has been saved with empty engine version. The asset will be loaded but may be incompatible.
[2026.03.16-00.08.51:539][799]LogLinker: Warning: Asset 'C:/Users/titan/Desktop/Titan_RoadHopper/RoadHopper4.27/Content/Models/MiniCharacters/character-female-d_head-mesh.uasset' has been saved with empty engine version. The asset will be loaded but may be incompatible.
[2026.03.16-00.08.51:540][799]LogLinker: Warning: Asset 'C:/Users/titan/Desktop/Titan_RoadHopper/RoadHopper4.27/Content/Models/MiniCharacters/colormap.uasset' has been saved with empty engine version. The asset will be loaded but may be incompatible.
[2026.03.16-00.08.51:540][799]LogLinker: Warning: Asset 'C:/Users/titan/Desktop/Titan_RoadHopper/RoadHopper4.27/Content/Models/MiniCharacters/colormap_ncl1_1.uasset' has been saved with empty engine version. The asset will be loaded but may be incompatible.
[2026.03.16-00.08.51:540][799]LogLinker: Warning: Asset 'C:/Users/titan/Desktop/Titan_RoadHopper/RoadHopper4.27/Content/Models/MiniCharacters/character-female-e_body-mesh.uasset' has been saved with empty engine version. The asset will be loaded but may be incompatible.
[2026.03.16-00.08.51:552][799]LogLinker: Warning: Asset 'C:/Users/titan/Desktop/Titan_RoadHopper/RoadHopper4.27/Content/Blueprints/BP_Road.uasset' has been saved with empty engine version. The asset will be loaded but may be incompatible.
[2026.03.16-00.08.51:553][799]LogLinker: Warning: Asset 'C:/Users/titan/Desktop/Titan_RoadHopper/RoadHopper4.27/Content/Models/City/driveway-long.uasset' has been saved with empty engine version. The asset will be loaded but may be incompatible.
[2026.03.16-00.08.51:553][799]LogLinker: Warning: Asset 'C:/Users/titan/Desktop/Titan_RoadHopper/RoadHopper4.27/Content/Models/City/colormap.uasset' has been saved with empty engine version. The asset will be loaded but may be incompatible.
[2026.03.16-00.08.51:553][799]LogLinker: Warning: Asset 'C:/Users/titan/Desktop/Titan_RoadHopper/RoadHopper4.27/Content/Models/City/colormap_ncl1_1.uasset' has been saved with empty engine version. The asset will be loaded but may be incompatible.
[2026.03.16-00.08.51:555][799]LogLinker: Warning: Asset 'C:/Users/titan/Desktop/Titan_RoadHopper/RoadHopper4.27/Content/Blueprints/BP_TileRow.uasset' has been saved with empty engine version. The asset will be loaded but may be incompatible.
[2026.03.16-00.08.51:564][799]LogBlueprint: Error: [AssetLog] C:\Users\titan\Desktop\Titan_RoadHopper\RoadHopper4.27\Content\Blueprints\GM_RoadHopper.uasset: [Compiler] The type of  Object  is undetermined.  Connect something to  Cast To BP_Player  to imply a specific type.
[2026.03.16-00.08.51:564][799]LogBlueprint: Error: [AssetLog] C:\Users\titan\Desktop\Titan_RoadHopper\RoadHopper4.27\Content\Blueprints\GM_RoadHopper.uasset: [Compiler] The type of  Object  is undetermined.  Connect something to  Cast To BP_Player  to imply a specific type.
[2026.03.16-00.08.51:564][799]LogBlueprint: Error: [AssetLog] C:\Users\titan\Desktop\Titan_RoadHopper\RoadHopper4.27\Content\Blueprints\GM_RoadHopper.uasset: [Compiler] The current value of the ' Object ' pin is invalid: Unsupported type Wildcard on pin Object
[2026.03.16-00.08.51:565][799]LogBlueprint: Error: [AssetLog] C:\Users\titan\Desktop\Titan_RoadHopper\RoadHopper4.27\Content\Blueprints\GM_RoadHopper.uasset: [Compiler] The current value of the ' Object ' pin is invalid: Unsupported type Wildcard on pin Object
[2026.03.16-00.08.51:566][799]LogLinker: Warning: Asset 'C:/Users/titan/Desktop/Titan_RoadHopper/RoadHopper4.27/Content/Models/City/tree-large.uasset' has been saved with empty engine version. The asset will be loaded but may be incompatible.
[2026.03.16-00.08.51:567][799]LogLinker: Warning: Asset 'C:/Users/titan/Desktop/Titan_RoadHopper/RoadHopper4.27/Content/Models/MiniCharacters/character-male-b_body-mesh.uasset' has been saved with empty engine version. The asset will be loaded but may be incompatible.
[2026.03.16-00.08.51:567][799]LogLinker: Warning: Asset 'C:/Users/titan/Desktop/Titan_RoadHopper/RoadHopper4.27/Content/Models/MiniCharacters/character-male-e_head-mesh.uasset' has been saved with empty engine version. The asset will be loaded but may be incompatible.
[2026.03.16-00.08.52:370][799]LogAssetEditorSubsystem: Opening Asset editor for World /Game/Levels/MainLevel.MainLevel
[2026.03.16-00.08.52:371][799]Cmd: MAP LOAD FILE="C:/Users/titan/Desktop/Titan_RoadHopper/RoadHopper4.27/Content/Levels/MainLevel.umap" TEMPLATE=0 SHOWPROGRESS=1 FEATURELEVEL=3
[2026.03.16-00.08.52:371][799]LightingResults: New page: Lighting Build
[2026.03.16-00.08.52:371][799]LoadErrors: New page: Loading map: MainLevel.umap
[2026.03.16-00.08.52:410][799]LogWorld: UWorld::CleanupWorld for Untitled_1, bSessionEnded=true, bCleanupResources=true
[2026.03.16-00.08.52:411][799]LogSlate: InvalidateAllWidgets triggered.  All widgets were invalidated
[2026.03.16-00.08.52:411][799]MapCheck: New page: Map Check
[2026.03.16-00.08.52:411][799]LightingResults: New page: Lighting Build
[2026.03.16-00.08.52:428][799]LogAudio: Display: Audio Device unregistered from world 'None'.
[2026.03.16-00.08.52:445][799]LogUObjectHash: Compacting FUObjectHashTables data took   1.14ms
[2026.03.16-00.08.52:445][799]LogAudio: Display: Audio Device (ID: 1) registered with world 'MainLevel'.
[2026.03.16-00.08.53:674][799]LogEditorServer: Finished looking for orphan Actors (0.001 secs)
[2026.03.16-00.08.53:675][799]LogAIModule: Creating AISystem for world MainLevel
[2026.03.16-00.08.53:749][799]LogUObjectHash: Compacting FUObjectHashTables data took   1.21ms
[2026.03.16-00.08.53:759][799]Cmd: MAP CHECKDEP NOCLEARLOG
[2026.03.16-00.08.53:759][799]MapCheck: Map check complete: 0 Error(s), 0 Warning(s), took 0.24ms to complete.
[2026.03.16-00.08.53:760][799]LogFileHelpers: Loading map 'MainLevel' took 1.389
[2026.03.16-00.09.13:395][795]LogAssetEditorSubsystem: Opening Asset editor for Blueprint /Game/Blueprints/BP_Player.BP_Player
[2026.03.16-00.09.13:532][795]LogNativeClassHierarchy: Verbose: Native class hierarchy updated for 'BlueprintGraph' in 0.0003 seconds. Added 126 classes and 0 folders.
[2026.03.16-00.09.14:043][795]LogSlate: Took 0.000296 seconds to synchronously load lazily loaded font '../../../Engine/Content/Slate/Fonts/Roboto-BoldCondensed.ttf' (158K)
[2026.03.16-00.09.14:130][796]LogSlate: Took 0.000354 seconds to synchronously load lazily loaded font '../../../Engine/Content/Slate/Fonts/Roboto-Italic.ttf' (157K)
[2026.03.16-00.09.14:754][844]LogAssetEditorSubsystem: Opening Asset editor for Blueprint /Game/Blueprints/GM_RoadHopper.GM_RoadHopper
[2026.03.16-00.09.15:001][844]LogSlate: Took 0.000223 seconds to synchronously load lazily loaded font '../../../Engine/Content/Slate/Fonts/DroidSansMono.ttf' (77K)
[2026.03.16-00.09.32:333][827]BlueprintLog: New page: Compile GM_RoadHopper
[2026.03.16-00.09.32:335][827]LogBlueprint: Warning: [AssetLog] C:\Users\titan\Desktop\Titan_RoadHopper\RoadHopper4.27\Content\Blueprints\GM_RoadHopper.uasset: [Compiler] 'BP Player' does not inherit from 'Scene Component' ( Cast To BP_Player  would always fail).
[2026.03.16-00.09.32:335][827]LogBlueprint: Error: [AssetLog] C:\Users\titan\Desktop\Titan_RoadHopper\RoadHopper4.27\Content\Blueprints\GM_RoadHopper.uasset: [Compiler] The type of  Object  is undetermined.  Connect something to  Cast To BP_Player  to imply a specific type.
[2026.03.16-00.09.32:336][827]LogBlueprint: Error: [AssetLog] C:\Users\titan\Desktop\Titan_RoadHopper\RoadHopper4.27\Content\Blueprints\GM_RoadHopper.uasset: [Compiler] The current value of the ' Object ' pin is invalid: Unsupported type Wildcard on pin Object
[2026.03.16-00.09.32:361][827]LogUObjectHash: Compacting FUObjectHashTables data took   1.56ms
[2026.03.16-00.17.19:011][777]BlueprintLog: New page: Compile GM_RoadHopper
[2026.03.16-00.17.19:047][777]LogUObjectHash: Compacting FUObjectHashTables data took   2.05ms
[2026.03.16-00.19.50:094][236]LogEditorClassViewer: Warning: Class /Engine/Tutorial/InWorldBlueprintEditing/TutorialAssets/IWBE_Blutility.IWBE_Blutility_C has parent /Script/Blutility.PlacedEditorUtilityBase, but this parent is not found. The Class will not be shown in ClassViewer.
[2026.03.16-00.19.52:425][510]LogSlate: Prevented a slow task dialog from being summoned while a context menu was open
[2026.03.16-00.20.39:569][863]LogAssetEditorSubsystem: Opening Asset editor for WidgetBlueprint /Game/Blueprints/WBP_Win.WBP_Win
[2026.03.16-00.21.15:769][997]LogSlate: Took 0.000285 seconds to synchronously load lazily loaded font '../../../Engine/Content/Slate/Fonts/Roboto-BoldCondensedItalic.ttf' (160K)
[2026.03.16-00.22.11:274][ 35]LogSlate: Window 'Change Variable Type' being destroyed
[2026.03.16-00.22.13:200][233]LogSlate: Window 'Find in Blueprints' being destroyed
[2026.03.16-00.22.13:205][233]LogSlate: Window 'Find in Blueprints' being destroyed
[2026.03.16-00.24.35:520][175]Cmd: OBJ SAVEPACKAGE PACKAGE="/Game/Blueprints/BP_Player" FILE="C:/Users/titan/Desktop/Titan_RoadHopper/RoadHopper4.27/Content/Blueprints/BP_Player.uasset" SILENT=true
[2026.03.16-00.24.35:554][175]LogSavePackage: Moving 'C:/Users/titan/Desktop/Titan_RoadHopper/RoadHopper4.27/Saved/BP_Player138016D9458218769B38DAA3438E69C6.tmp' to 'C:/Users/titan/Desktop/Titan_RoadHopper/RoadHopper4.27/Content/Blueprints/BP_Player.uasset'
[2026.03.16-00.24.35:568][175]AssetCheck: New page: Asset Save: BP_Player
[2026.03.16-00.24.35:568][175]LogContentValidation: Display: Validating Blueprint /Game/Blueprints/BP_Player.BP_Player
[2026.03.16-00.27.45:911][412]BlueprintLog: New page: Compile BP_Player
[2026.03.16-00.27.45:917][412]LogBlueprint: Warning: [AssetLog] C:\Users\titan\Desktop\Titan_RoadHopper\RoadHopper4.27\Content\Blueprints\BP_Player.uasset: [Compiler] Could not find a variable named "Score" in 'BP_Player_C'.
Make sure 'BP_Player_C' has been compiled for  Get Score
[2026.03.16-00.27.45:917][412]LogBlueprint: Warning: [AssetLog] C:\Users\titan\Desktop\Titan_RoadHopper\RoadHopper4.27\Content\Blueprints\BP_Player.uasset: [Compiler] Could not find a variable named "Score" in 'BP_Player_C'.
Make sure 'BP_Player_C' has been compiled for  Get Score
[2026.03.16-00.27.45:917][412]LogBlueprint: Warning: [AssetLog] C:\Users\titan\Desktop\Titan_RoadHopper\RoadHopper4.27\Content\Blueprints\BP_Player.uasset: [Compiler] Could not find a variable named "Score" in 'BP_Player_C'.
Make sure 'BP_Player_C' has been compiled for  Set Score
[2026.03.16-00.27.45:917][412]LogBlueprint: Warning: [AssetLog] C:\Users\titan\Desktop\Titan_RoadHopper\RoadHopper4.27\Content\Blueprints\BP_Player.uasset: [Compiler] Could not find a variable named "Score" in 'BP_Player_C'.
Make sure 'BP_Player_C' has been compiled for  Get Score
[2026.03.16-00.27.45:920][412]LogBlueprint: Error: [AssetLog] C:\Users\titan\Desktop\Titan_RoadHopper\RoadHopper4.27\Content\Blueprints\BP_Player.uasset: [Compiler] The property associated with  Score  could not be found in '/Game/Blueprints/BP_Player.BP_Player_C'
[2026.03.16-00.27.45:920][412]LogBlueprint: Error: [AssetLog] C:\Users\titan\Desktop\Titan_RoadHopper\RoadHopper4.27\Content\Blueprints\BP_Player.uasset: [Compiler] The property associated with  Final Score  could not be found in '/Game/Blueprints/BP_Player.BP_Player_C'
[2026.03.16-00.27.45:920][412]LogBlueprint: Error: [AssetLog] C:\Users\titan\Desktop\Titan_RoadHopper\RoadHopper4.27\Content\Blueprints\BP_Player.uasset: [Compiler] The property associated with  Score  could not be found in '/Game/Blueprints/BP_Player.BP_Player_C'
[2026.03.16-00.27.45:920][412]LogBlueprint: Error: [AssetLog] C:\Users\titan\Desktop\Titan_RoadHopper\RoadHopper4.27\Content\Blueprints\BP_Player.uasset: [Compiler] The property associated with  Score  could not be found in '/Game/Blueprints/BP_Player.BP_Player_C'
[2026.03.16-00.27.45:921][412]LogBlueprint: Error: [AssetLog] C:\Users\titan\Desktop\Titan_RoadHopper\RoadHopper4.27\Content\Blueprints\BP_Player.uasset: [Compiler] The property associated with  Score  could not be found in '/Game/Blueprints/BP_Player.BP_Player_C'
[2026.03.16-00.27.45:979][412]LogUObjectHash: Compacting FUObjectHashTables data took   2.79ms
[2026.03.16-00.29.24:165][  7]LogEditorTransaction: Undo Move Node
[2026.03.16-00.29.58:874][751]BlueprintLog: New page: Compile BP_Player
[2026.03.16-00.29.58:881][751]LogBlueprint: Error: [AssetLog] C:\Users\titan\Desktop\Titan_RoadHopper\RoadHopper4.27\Content\Blueprints\BP_Player.uasset: [Compiler] <Unnamed>  of type Integer doesn't match the property Score of type FloatProperty
[2026.03.16-00.29.58:882][751]LogBlueprint: Error: [AssetLog] C:\Users\titan\Desktop\Titan_RoadHopper\RoadHopper4.27\Content\Blueprints\BP_Player.uasset: [Compiler] Score  of type Integer doesn't match the property Score of type FloatProperty
[2026.03.16-00.29.58:882][751]LogBlueprint: Error: [AssetLog] C:\Users\titan\Desktop\Titan_RoadHopper\RoadHopper4.27\Content\Blueprints\BP_Player.uasset: [Compiler] Score  of type Integer doesn't match the property Score of type FloatProperty
[2026.03.16-00.29.58:882][751]LogBlueprint: Error: [AssetLog] C:\Users\titan\Desktop\Titan_RoadHopper\RoadHopper4.27\Content\Blueprints\BP_Player.uasset: [Compiler] Score  of type Integer doesn't match the property Score of type FloatProperty
[2026.03.16-00.29.58:882][751]LogBlueprint: Error: [AssetLog] C:\Users\titan\Desktop\Titan_RoadHopper\RoadHopper4.27\Content\Blueprints\BP_Player.uasset: [Compiler] Score  of type Integer doesn't match the property Score of type FloatProperty
[2026.03.16-00.29.58:882][751]LogBlueprint: Error: [AssetLog] C:\Users\titan\Desktop\Titan_RoadHopper\RoadHopper4.27\Content\Blueprints\BP_Player.uasset: [Compiler] The property associated with  Final Score  could not be found in '/Game/Blueprints/BP_Player.BP_Player_C'
[2026.03.16-00.29.58:919][751]LogUObjectHash: Compacting FUObjectHashTables data took   2.29ms
[2026.03.16-00.30.11:725][183]Cmd: OBJ SAVEPACKAGE PACKAGE="/Game/Blueprints/GM_RoadHopper" FILE="C:/Users/titan/Desktop/Titan_RoadHopper/RoadHopper4.27/Content/Blueprints/GM_RoadHopper.uasset" SILENT=true
[2026.03.16-00.30.11:727][183]LogSavePackage: Moving 'C:/Users/titan/Desktop/Titan_RoadHopper/RoadHopper4.27/Saved/GM_RoadHopperE8290ED14C68559EBB9971880116BE31.tmp' to 'C:/Users/titan/Desktop/Titan_RoadHopper/RoadHopper4.27/Content/Blueprints/GM_RoadHopper.uasset'
[2026.03.16-00.30.11:742][183]AssetCheck: New page: Asset Save: GM_RoadHopper
[2026.03.16-00.30.11:742][183]LogContentValidation: Display: Validating Blueprint /Game/Blueprints/GM_RoadHopper.GM_RoadHopper
[2026.03.16-00.30.13:245][341]BlueprintLog: New page: Compile GM_RoadHopper
[2026.03.16-00.30.13:293][341]LogUObjectHash: Compacting FUObjectHashTables data took   2.46ms
[2026.03.16-00.30.15:840][590]BlueprintLog: New page: Compile BP_Player
[2026.03.16-00.30.15:847][590]LogBlueprint: Error: [AssetLog] C:\Users\titan\Desktop\Titan_RoadHopper\RoadHopper4.27\Content\Blueprints\BP_Player.uasset: [Compiler] The property associated with  Final Score  could not be found in '/Game/Blueprints/BP_Player.BP_Player_C'
[2026.03.16-00.30.15:881][590]LogUObjectHash: Compacting FUObjectHashTables data took   2.92ms
[2026.03.16-00.31.21:422][873]BlueprintLog: New page: Compile BP_Player
[2026.03.16-00.31.21:429][873]LogBlueprint: Error: [AssetLog] C:\Users\titan\Desktop\Titan_RoadHopper\RoadHopper4.27\Content\Blueprints\BP_Player.uasset: [Compiler] This blueprint (self) is not a WBP_Win_C, therefore ' Target ' must have a connection.
[2026.03.16-00.31.21:430][873]LogBlueprint: Error: [AssetLog] C:\Users\titan\Desktop\Titan_RoadHopper\RoadHopper4.27\Content\Blueprints\BP_Player.uasset: [Compiler] Variable node  Set FinalScore  uses an invalid target.  It may depend on a node that is not connected to the execution chain, and got purged.
[2026.03.16-00.31.21:430][873]LogBlueprint: Error: [AssetLog] C:\Users\titan\Desktop\Titan_RoadHopper\RoadHopper4.27\Content\Blueprints\BP_Player.uasset: [Compiler] The property associated with  Final Score  could not be found in '/Game/Blueprints/BP_Player.BP_Player_C'
[2026.03.16-00.31.21:465][873]LogUObjectHash: Compacting FUObjectHashTables data took   2.40ms
[2026.03.16-00.31.35:810][434]BlueprintLog: New page: Compile BP_Player
[2026.03.16-00.31.35:818][434]LogBlueprint: Error: [AssetLog] C:\Users\titan\Desktop\Titan_RoadHopper\RoadHopper4.27\Content\Blueprints\BP_Player.uasset: [Compiler] The property associated with  Final Score  could not be found in '/Game/Blueprints/BP_Player.BP_Player_C'
[2026.03.16-00.31.35:850][434]LogUObjectHash: Compacting FUObjectHashTables data took   2.22ms
[2026.03.16-00.32.04:139][694]LogUObjectHash: Compacting FUObjectHashTables data took   2.05ms
[2026.03.16-00.32.04:807][694]LogSavePackage: Moving 'C:/Users/titan/Desktop/Titan_RoadHopper/RoadHopper4.27/Saved/MainLevel_Auto1ED77C09744E489D6F73BAAB25B544E5D.tmp' to 'C:/Users/titan/Desktop/Titan_RoadHopper/RoadHopper4.27/Saved/Autosaves/Game/Levels/MainLevel_Auto1.umap'
[2026.03.16-00.32.04:811][694]LogFileHelpers: Editor autosave (incl. external actors) for '/Game/Levels/MainLevel' took 0.695
[2026.03.16-00.32.04:812][694]LogFileHelpers: Editor autosave (incl. sublevels & external actors) for all levels took 0.695
[2026.03.16-00.32.04:813][694]OBJ SavePackage: Generating thumbnails for [2] asset(s) in package [/Game/Blueprints/BP_Player] ([2] browsable assets)...
[2026.03.16-00.32.04:818][694]OBJ SavePackage:     Rendered thumbnail for [Blueprint /Game/Blueprints/BP_Player.BP_Player]
[2026.03.16-00.32.04:819][694]OBJ SavePackage: Finished generating thumbnails for package [/Game/Blueprints/BP_Player]
[2026.03.16-00.32.04:819][694]Cmd: OBJ SAVEPACKAGE PACKAGE="/Game/Blueprints/BP_Player" FILE="C:/Users/titan/Desktop/Titan_RoadHopper/RoadHopper4.27/Saved/Autosaves/Game/Blueprints/BP_Player_Auto1.uasset" SILENT=false AUTOSAVING=true
[2026.03.16-00.32.04:851][694]LogSavePackage: Moving 'C:/Users/titan/Desktop/Titan_RoadHopper/RoadHopper4.27/Saved/BP_Player_Auto1FC974EAF4FC488B2377DFF93E93F5F86.tmp' to 'C:/Users/titan/Desktop/Titan_RoadHopper/RoadHopper4.27/Saved/Autosaves/Game/Blueprints/BP_Player_Auto1.uasset'
[2026.03.16-00.32.04:853][694]OBJ SavePackage: Generating thumbnails for [0] asset(s) in package [/Game/Blueprints/WBP_Win] ([2] browsable assets)...
[2026.03.16-00.32.04:853][694]OBJ SavePackage: Finished generating thumbnails for package [/Game/Blueprints/WBP_Win]
[2026.03.16-00.32.04:853][694]Cmd: OBJ SAVEPACKAGE PACKAGE="/Game/Blueprints/WBP_Win" FILE="C:/Users/titan/Desktop/Titan_RoadHopper/RoadHopper4.27/Saved/Autosaves/Game/Blueprints/WBP_Win_Auto1.uasset" SILENT=false AUTOSAVING=true
[2026.03.16-00.32.04:856][694]LogSavePackage: Moving 'C:/Users/titan/Desktop/Titan_RoadHopper/RoadHopper4.27/Saved/WBP_Win_Auto193F37419426B66830198FBA83A7738D9.tmp' to 'C:/Users/titan/Desktop/Titan_RoadHopper/RoadHopper4.27/Saved/Autosaves/Game/Blueprints/WBP_Win_Auto1.uasset'
[2026.03.16-00.32.04:856][694]LogFileHelpers: Auto-saving content packages took 0.044
[2026.03.16-00.41.15:431][312]BlueprintLog: New page: Compile BP_Player
[2026.03.16-00.41.15:438][312]LogBlueprint: Error: [AssetLog] C:\Users\titan\Desktop\Titan_RoadHopper\RoadHopper4.27\Content\Blueprints\BP_Player.uasset: [Compiler] The type of  Object  is undetermined.  Connect something to  Cast To WBP_Win  to imply a specific type.
[2026.03.16-00.41.15:439][312]LogBlueprint: Error: [AssetLog] C:\Users\titan\Desktop\Titan_RoadHopper\RoadHopper4.27\Content\Blueprints\BP_Player.uasset: [Compiler] The current value of the ' Object ' pin is invalid: Unsupported type Object Wildcard on pin Object
[2026.03.16-00.41.15:439][312]LogBlueprint: Error: [AssetLog] C:\Users\titan\Desktop\Titan_RoadHopper\RoadHopper4.27\Content\Blueprints\BP_Player.uasset: [Compiler] The property associated with  Final Score  could not be found in '/Game/Blueprints/BP_Player.BP_Player_C'
[2026.03.16-00.41.15:476][312]LogUObjectHash: Compacting FUObjectHashTables data took   2.24ms
[2026.03.16-00.41.30:344][920]BlueprintLog: New page: Compile BP_Player
[2026.03.16-00.41.30:351][920]LogBlueprint: Error: [AssetLog] C:\Users\titan\Desktop\Titan_RoadHopper\RoadHopper4.27\Content\Blueprints\BP_Player.uasset: [Compiler] The property associated with  Final Score  could not be found in '/Game/Blueprints/BP_Player.BP_Player_C'
[2026.03.16-00.41.30:384][920]LogUObjectHash: Compacting FUObjectHashTables data took   2.21ms
[2026.03.16-00.41.44:237][470]BlueprintLog: New page: Compile BP_Player
[2026.03.16-00.41.44:245][470]LogBlueprint: Error: [AssetLog] C:\Users\titan\Desktop\Titan_RoadHopper\RoadHopper4.27\Content\Blueprints\BP_Player.uasset: [Compiler] The property associated with  Final Score  could not be found in '/Game/Blueprints/BP_Player.BP_Player_C'
[2026.03.16-00.41.44:279][470]LogUObjectHash: Compacting FUObjectHashTables data took   2.28ms
[2026.03.16-00.42.13:193][587]LogEditorTransaction: Undo Move Node
[2026.03.16-00.43.19:238][914]BlueprintLog: New page: Compile BP_Player
[2026.03.16-00.43.19:282][914]LogUObjectHash: Compacting FUObjectHashTables data took   2.27ms
[2026.03.16-00.43.23:543][361]BlueprintLog: New page: Compile BP_Player
[2026.03.16-00.43.23:551][361]LogBlueprint: Error: [AssetLog] C:\Users\titan\Desktop\Titan_RoadHopper\RoadHopper4.27\Content\Blueprints\BP_Player.uasset: [Compiler] The property associated with  Final Score  could not be found in '/Game/Blueprints/BP_Player.BP_Player_C'
[2026.03.16-00.43.23:584][361]LogUObjectHash: Compacting FUObjectHashTables data took   2.11ms
[2026.03.16-00.44.29:116][622]BlueprintLog: New page: Compile BP_Player
[2026.03.16-00.44.29:123][622]LogBlueprint: Error: [AssetLog] C:\Users\titan\Desktop\Titan_RoadHopper\RoadHopper4.27\Content\Blueprints\BP_Player.uasset: [Compiler] The property associated with  Final Score  could not be found in '/Game/Blueprints/BP_Player.BP_Player_C'
[2026.03.16-00.44.29:157][622]LogUObjectHash: Compacting FUObjectHashTables data took   2.35ms
[2026.03.16-00.45.08:217][825]LogSlate: Window 'Delete Variable' being destroyed
[2026.03.16-00.46.18:423][915]LogUObjectHash: Compacting FUObjectHashTables data took   2.13ms
[2026.03.16-00.46.19:104][915]LogSavePackage: Moving 'C:/Users/titan/Desktop/Titan_RoadHopper/RoadHopper4.27/Saved/MainLevel_Auto217C55A1D4A3B63810CB769B6E7956535.tmp' to 'C:/Users/titan/Desktop/Titan_RoadHopper/RoadHopper4.27/Saved/Autosaves/Game/Levels/MainLevel_Auto2.umap'
[2026.03.16-00.46.19:108][915]LogFileHelpers: Editor autosave (incl. external actors) for '/Game/Levels/MainLevel' took 0.710
[2026.03.16-00.46.19:108][915]LogFileHelpers: Editor autosave (incl. sublevels & external actors) for all levels took 0.710
[2026.03.16-00.46.19:109][915]OBJ SavePackage: Generating thumbnails for [2] asset(s) in package [/Game/Blueprints/BP_Player] ([2] browsable assets)...
[2026.03.16-00.46.19:114][915]OBJ SavePackage:     Rendered thumbnail for [Blueprint /Game/Blueprints/BP_Player.BP_Player]
[2026.03.16-00.46.19:114][915]OBJ SavePackage: Finished generating thumbnails for package [/Game/Blueprints/BP_Player]
[2026.03.16-00.46.19:114][915]Cmd: OBJ SAVEPACKAGE PACKAGE="/Game/Blueprints/BP_Player" FILE="C:/Users/titan/Desktop/Titan_RoadHopper/RoadHopper4.27/Saved/Autosaves/Game/Blueprints/BP_Player_Auto2.uasset" SILENT=false AUTOSAVING=true
[2026.03.16-00.46.19:147][915]LogSavePackage: Moving 'C:/Users/titan/Desktop/Titan_RoadHopper/RoadHopper4.27/Saved/BP_Player_Auto284FFC2FC43AEEFB664E9D3A915A8EDC8.tmp' to 'C:/Users/titan/Desktop/Titan_RoadHopper/RoadHopper4.27/Saved/Autosaves/Game/Blueprints/BP_Player_Auto2.uasset'
[2026.03.16-00.46.19:148][915]LogFileHelpers: Auto-saving content packages took 0.039
[2026.03.16-00.47.26:385][377]BlueprintLog: New page: Compile BP_Player
[2026.03.16-00.47.26:393][377]LogBlueprint: Error: [AssetLog] C:\Users\titan\Desktop\Titan_RoadHopper\RoadHopper4.27\Content\Blueprints\BP_Player.uasset: [Compiler] The property associated with  Final Score  could not be found in '/Game/Blueprints/BP_Player.BP_Player_C'
[2026.03.16-00.47.26:427][377]LogUObjectHash: Compacting FUObjectHashTables data took   2.02ms
[2026.03.16-00.49.44:151][661]Cmd: OBJ SAVEPACKAGE PACKAGE="/Game/Blueprints/WBP_Win" FILE="C:/Users/titan/Desktop/Titan_RoadHopper/RoadHopper4.27/Content/Blueprints/WBP_Win.uasset" SILENT=true
[2026.03.16-00.49.44:156][661]LogSavePackage: Moving 'C:/Users/titan/Desktop/Titan_RoadHopper/RoadHopper4.27/Saved/WBP_WinB604E1114C586B121DAA379AE6CAC749.tmp' to 'C:/Users/titan/Desktop/Titan_RoadHopper/RoadHopper4.27/Content/Blueprints/WBP_Win.uasset'
[2026.03.16-00.49.44:175][661]AssetCheck: New page: Asset Save: WBP_Win
[2026.03.16-00.49.44:175][661]LogContentValidation: Display: Validating WidgetBlueprint /Game/Blueprints/WBP_Win.WBP_Win
[2026.03.16-00.51.55:469][785]BlueprintLog: New page: Compile BP_Player
[2026.03.16-00.51.55:476][785]LogBlueprint: Error: [AssetLog] C:\Users\titan\Desktop\Titan_RoadHopper\RoadHopper4.27\Content\Blueprints\BP_Player.uasset: [Compiler] This blueprint (self) is not a WBP_Win_C, therefore ' Target ' must have a connection.
[2026.03.16-00.51.55:476][785]LogBlueprint: Error: [AssetLog] C:\Users\titan\Desktop\Titan_RoadHopper\RoadHopper4.27\Content\Blueprints\BP_Player.uasset: [Compiler] Variable node  Set FinalScore  uses an invalid target.  It may depend on a node that is not connected to the execution chain, and got purged.
[2026.03.16-00.51.55:476][785]LogBlueprint: Error: [AssetLog] C:\Users\titan\Desktop\Titan_RoadHopper\RoadHopper4.27\Content\Blueprints\BP_Player.uasset: [Compiler] The property associated with  Final Score  could not be found in '/Game/Blueprints/BP_Player.BP_Player_C'
[2026.03.16-00.51.55:517][785]LogUObjectHash: Compacting FUObjectHashTables data took   2.64ms
[2026.03.16-00.52.07:635][118]BlueprintLog: New page: Compile BP_Player
[2026.03.16-00.52.07:643][118]LogBlueprint: Error: [AssetLog] C:\Users\titan\Desktop\Titan_RoadHopper\RoadHopper4.27\Content\Blueprints\BP_Player.uasset: [Compiler] The property associated with  Final Score  could not be found in '/Game/Blueprints/BP_Player.BP_Player_C'
[2026.03.16-00.52.07:677][118]LogUObjectHash: Compacting FUObjectHashTables data took   2.23ms
[2026.03.16-00.52.19:828][473]Cmd: OBJ SAVEPACKAGE PACKAGE="/Game/Blueprints/WBP_Win" FILE="C:/Users/titan/Desktop/Titan_RoadHopper/RoadHopper4.27/Content/Blueprints/WBP_Win.uasset" SILENT=true
[2026.03.16-00.52.19:832][473]LogSavePackage: Moving 'C:/Users/titan/Desktop/Titan_RoadHopper/RoadHopper4.27/Saved/WBP_Win40E574D4468CB13F77B0918EEDF23F4B.tmp' to 'C:/Users/titan/Desktop/Titan_RoadHopper/RoadHopper4.27/Content/Blueprints/WBP_Win.uasset'
[2026.03.16-00.52.19:846][473]AssetCheck: New page: Asset Save: WBP_Win
[2026.03.16-00.52.19:846][473]LogContentValidation: Display: Validating WidgetBlueprint /Game/Blueprints/WBP_Win.WBP_Win
[2026.03.16-00.52.21:642][662]BlueprintLog: New page: Compile BP_Player
[2026.03.16-00.52.21:649][662]LogBlueprint: Error: [AssetLog] C:\Users\titan\Desktop\Titan_RoadHopper\RoadHopper4.27\Content\Blueprints\BP_Player.uasset: [Compiler] The property associated with  Final Score  could not be found in '/Game/Blueprints/BP_Player.BP_Player_C'
[2026.03.16-00.52.21:685][662]LogUObjectHash: Compacting FUObjectHashTables data took   2.31ms
[2026.03.16-00.52.28:302][404]BlueprintLog: New page: Compile BP_Player
[2026.03.16-00.52.28:309][404]LogBlueprint: Error: [AssetLog] C:\Users\titan\Desktop\Titan_RoadHopper\RoadHopper4.27\Content\Blueprints\BP_Player.uasset: [Compiler] The property associated with  Final Score  could not be found in '/Game/Blueprints/BP_Player.BP_Player_C'
[2026.03.16-00.52.28:342][404]LogUObjectHash: Compacting FUObjectHashTables data took   2.43ms
[2026.03.16-00.52.31:227][720]BlueprintLog: New page: Compile WBP_Win
[2026.03.16-00.52.31:263][720]LogUObjectHash: Compacting FUObjectHashTables data took   2.27ms
[2026.03.16-00.52.32:788][871]BlueprintLog: New page: Compile BP_Player
[2026.03.16-00.52.32:832][871]LogUObjectHash: Compacting FUObjectHashTables data took   2.48ms
[2026.03.16-00.52.43:710][  4]BlueprintLog: New page: Compile BP_Player
[2026.03.16-00.52.43:716][  4]LogBlueprint: Error: [AssetLog] C:\Users\titan\Desktop\Titan_RoadHopper\RoadHopper4.27\Content\Blueprints\BP_Player.uasset: [Compiler] This blueprint (self) is not a UserWidget, therefore ' Target ' must have a connection.
[2026.03.16-00.52.43:752][  4]LogUObjectHash: Compacting FUObjectHashTables data took   2.16ms
[2026.03.16-00.52.47:591][387]BlueprintLog: New page: Compile BP_Player
[2026.03.16-00.52.47:636][387]LogUObjectHash: Compacting FUObjectHashTables data took   2.23ms
[2026.03.16-00.52.52:295][858]BlueprintLog: New page: Compile BP_Player
[2026.03.16-00.52.52:338][858]LogUObjectHash: Compacting FUObjectHashTables data took   2.32ms
[2026.03.16-00.52.55:164][163]LogEditorViewport: Clicking on Actor (LMB): BP_Player_C (BP_Player)
[2026.03.16-00.53.11:210][897]LogTemp: Repeating last play command: Selected Viewport
[2026.03.16-00.53.11:227][897]LogPlayLevel: PlayLevel: No blueprints needed recompiling
[2026.03.16-00.53.11:227][897]PIE: New page: PIE session: MainLevel (Mar. 15, 2026, 12:53:11 p.m.)
[2026.03.16-00.53.11:228][897]LogOnline: OSS: Creating online subsystem instance for: NULL
[2026.03.16-00.53.11:229][897]LogOnline: OSS: TryLoadSubsystemAndSetDefault: Loaded subsystem for module [NULL]
[2026.03.16-00.53.11:229][897]LogPlayLevel: Creating play world package: /Game/Levels/UEDPIE_0_MainLevel
[2026.03.16-00.53.11:395][897]LogPlayLevel: PIE: StaticDuplicateObject took: (0.165615s)
[2026.03.16-00.53.11:396][897]LogAIModule: Creating AISystem for world MainLevel
[2026.03.16-00.53.11:397][897]LogPlayLevel: PIE: World Init took: (0.001631s)
[2026.03.16-00.53.11:397][897]LogPlayLevel: PIE: Created PIE world by copying editor world from /Game/Levels/MainLevel.MainLevel to /Game/Levels/UEDPIE_0_MainLevel.MainLevel (0.167779s)
[2026.03.16-00.53.11:423][897]LogUObjectHash: Compacting FUObjectHashTables data took   2.27ms
[2026.03.16-00.53.11:427][897]LogAudio: Display: Creating Audio Device:                 Id: 2, Scope: Unique, Realtime: True
[2026.03.16-00.53.11:427][897]LogAudioMixer: Display: Audio Mixer Platform Settings:
[2026.03.16-00.53.11:427][897]LogAudioMixer: Display: 	Sample Rate:						  48000
[2026.03.16-00.53.11:427][897]LogAudioMixer: Display: 	Callback Buffer Frame Size Requested: 1024
[2026.03.16-00.53.11:427][897]LogAudioMixer: Display: 	Callback Buffer Frame Size To Use:	  1024
[2026.03.16-00.53.11:427][897]LogAudioMixer: Display: 	Number of buffers to queue:			  2
[2026.03.16-00.53.11:427][897]LogAudioMixer: Display: 	Max Channels (voices):				  32
[2026.03.16-00.53.11:428][897]LogAudioMixer: Display: 	Number of Async Source Workers:		  0
[2026.03.16-00.53.11:428][897]LogAudio: Display: AudioDevice MaxSources: 32
[2026.03.16-00.53.11:428][897]LogAudio: Display: Audio Spatialization Plugin: None (built-in).
[2026.03.16-00.53.11:428][897]LogAudio: Display: Audio Reverb Plugin: None (built-in).
[2026.03.16-00.53.11:428][897]LogAudio: Display: Audio Occlusion Plugin: None (built-in).
[2026.03.16-00.53.11:428][897]LogAudioMixer: Display: Initializing audio mixer.
[2026.03.16-00.53.11:431][897]LogAudioMixer: Display: 0: FrontLeft
[2026.03.16-00.53.11:431][897]LogAudioMixer: Display: 1: FrontRight
[2026.03.16-00.53.11:431][897]LogAudioMixer: Display: 2: FrontCenter
[2026.03.16-00.53.11:431][897]LogAudioMixer: Display: 3: LowFrequency
[2026.03.16-00.53.11:431][897]LogAudioMixer: Display: 4: BackLeft
[2026.03.16-00.53.11:431][897]LogAudioMixer: Display: 5: BackRight
[2026.03.16-00.53.11:431][897]LogAudioMixer: Display: 6: SideLeft
[2026.03.16-00.53.11:431][897]LogAudioMixer: Display: 7: SideRight
[2026.03.16-00.53.11:445][897]LogAudioMixer: Display: Using Audio Device Headset Earphone (CORSAIR VOID PRO Wireless Gaming Headset)
[2026.03.16-00.53.11:445][897]LogAudioMixer: Display: Initializing Sound Submixes...
[2026.03.16-00.53.11:445][897]LogAudioMixer: Display: Creating Master Submix 'MasterSubmixDefault'
[2026.03.16-00.53.11:445][897]LogAudioMixer: Display: Creating Master Submix 'MasterReverbSubmixDefault'
[2026.03.16-00.53.11:446][897]LogAudioMixer: Display: Creating Master Submix 'MasterEQSubmixDefault'
[2026.03.16-00.53.11:446][897]LogAudioMixer: FMixerPlatformXAudio2::StartAudioStream() called
[2026.03.16-00.53.11:446][897]LogAudioMixer: Display: Output buffers initialized: Frames=1024, Channels=8, Samples=8192
[2026.03.16-00.53.11:447][897]LogAudioMixer: Display: Starting AudioMixerPlatformInterface::RunInternal()
[2026.03.16-00.53.11:447][897]LogAudioMixer: Display: FMixerPlatformXAudio2::SubmitBuffer() called for the first time
[2026.03.16-00.53.11:447][897]LogInit: FAudioDevice initialized.
[2026.03.16-00.53.11:447][897]LogAudio: Display: Audio Device (ID: 2) registered with world 'MainLevel'.
[2026.03.16-00.53.11:458][897]LogLoad: Game class is 'GM_RoadHopper_C'
[2026.03.16-00.53.11:526][897]LogWorld: Bringing World /Game/Levels/UEDPIE_0_MainLevel.MainLevel up for play (max tick rate 0) at 2026.03.15-18.53.11
[2026.03.16-00.53.11:529][897]LogWorld: Bringing up level for play took: 0.070868
[2026.03.16-00.53.11:529][897]LogOnline: OSS: Creating online subsystem instance for: :Context_14
[2026.03.16-00.53.11:535][897]LogNativeClassHierarchy: Verbose: Native class hierarchy updated for 'MovieSceneCapture' in 0.0004 seconds. Added 20 classes and 0 folders.
[2026.03.16-00.53.11:550][897]PIE: Server logged in
[2026.03.16-00.53.11:550][897]PIE: Play in editor total start time 0.336 seconds.
[2026.03.16-00.53.16:781][376]LogSlate: Updating window title bar state: overlay mode, drag disabled, window buttons hidden, title bar hidden
[2026.03.16-00.53.16:781][376]LogWorld: BeginTearingDown for /Game/Levels/UEDPIE_0_MainLevel
[2026.03.16-00.53.16:784][376]LogWorld: UWorld::CleanupWorld for MainLevel, bSessionEnded=true, bCleanupResources=true
[2026.03.16-00.53.16:857][376]LogSlate: InvalidateAllWidgets triggered.  All widgets were invalidated
[2026.03.16-00.53.16:871][376]LogPlayLevel: Display: Shutting down PIE online subsystems
[2026.03.16-00.53.16:882][376]LogSlate: InvalidateAllWidgets triggered.  All widgets were invalidated
[2026.03.16-00.53.16:904][376]LogAudio: Display: Audio Device unregistered from world 'None'.
[2026.03.16-00.53.16:907][376]LogAudioMixer: FMixerPlatformXAudio2::StopAudioStream() called
[2026.03.16-00.53.16:908][376]LogAudioMixer: FMixerPlatformXAudio2::StopAudioStream() called
[2026.03.16-00.53.16:909][376]LogSlate: Updating window title bar state: overlay mode, drag disabled, window buttons hidden, title bar hidden
[2026.03.16-00.53.16:962][376]LogUObjectHash: Compacting FUObjectHashTables data took   2.91ms
[2026.03.16-00.53.16:995][377]LogPlayLevel: Display: Destroying online subsystem :Context_14
[2026.03.16-00.53.36:147][392]LogAssetEditorSubsystem: Opening Asset editor for WidgetBlueprint /Game/Blueprints/WBP_GameOver.WBP_GameOver
[2026.03.16-00.56.25:179][890]LogUObjectHash: Compacting FUObjectHashTables data took   3.10ms
[2026.03.16-00.56.25:874][890]LogSavePackage: Moving 'C:/Users/titan/Desktop/Titan_RoadHopper/RoadHopper4.27/Saved/MainLevel_Auto32F07884740AF796182A182B4538B7711.tmp' to 'C:/Users/titan/Desktop/Titan_RoadHopper/RoadHopper4.27/Saved/Autosaves/Game/Levels/MainLevel_Auto3.umap'
[2026.03.16-00.56.25:878][890]LogFileHelpers: Editor autosave (incl. external actors) for '/Game/Levels/MainLevel' took 0.746
[2026.03.16-00.56.25:878][890]LogFileHelpers: Editor autosave (incl. sublevels & external actors) for all levels took 0.746
[2026.03.16-00.56.25:879][890]OBJ SavePackage: Generating thumbnails for [2] asset(s) in package [/Game/Blueprints/BP_Player] ([2] browsable assets)...
[2026.03.16-00.56.25:893][890]OBJ SavePackage:     Rendered thumbnail for [Blueprint /Game/Blueprints/BP_Player.BP_Player]
[2026.03.16-00.56.25:893][890]OBJ SavePackage: Finished generating thumbnails for package [/Game/Blueprints/BP_Player]
[2026.03.16-00.56.25:893][890]Cmd: OBJ SAVEPACKAGE PACKAGE="/Game/Blueprints/BP_Player" FILE="C:/Users/titan/Desktop/Titan_RoadHopper/RoadHopper4.27/Saved/Autosaves/Game/Blueprints/BP_Player_Auto3.uasset" SILENT=false AUTOSAVING=true
[2026.03.16-00.56.25:926][890]LogSavePackage: Moving 'C:/Users/titan/Desktop/Titan_RoadHopper/RoadHopper4.27/Saved/BP_Player_Auto3619885EE4BCA7E874BDC25AFEE176E28.tmp' to 'C:/Users/titan/Desktop/Titan_RoadHopper/RoadHopper4.27/Saved/Autosaves/Game/Blueprints/BP_Player_Auto3.uasset'
[2026.03.16-00.56.25:928][890]LogFileHelpers: Auto-saving content packages took 0.050
[2026.03.16-01.02.17:483][190]LogEditorTransaction: Undo Move Node
[2026.03.16-01.02.19:057][289]BlueprintLog: New page: Compile BP_Player
[2026.03.16-01.02.19:123][289]LogUObjectHash: Compacting FUObjectHashTables data took   2.85ms
[2026.03.16-01.02.30:515][430]LogTemp: Repeating last play command: Selected Viewport
[2026.03.16-01.02.30:520][430]LogPlayLevel: PlayLevel: No blueprints needed recompiling
[2026.03.16-01.02.30:520][430]PIE: New page: PIE session: MainLevel (Mar. 15, 2026, 1:02:30 p.m.)
[2026.03.16-01.02.30:556][430]LogPlayLevel: Creating play world package: /Game/Levels/UEDPIE_0_MainLevel
[2026.03.16-01.02.30:714][430]LogPlayLevel: PIE: StaticDuplicateObject took: (0.157958s)
[2026.03.16-01.02.30:714][430]LogAIModule: Creating AISystem for world MainLevel
[2026.03.16-01.02.30:715][430]LogPlayLevel: PIE: World Init took: (0.001291s)
[2026.03.16-01.02.30:715][430]LogPlayLevel: PIE: Created PIE world by copying editor world from /Game/Levels/MainLevel.MainLevel to /Game/Levels/UEDPIE_0_MainLevel.MainLevel (0.159578s)
[2026.03.16-01.02.30:742][430]LogUObjectHash: Compacting FUObjectHashTables data took   2.41ms
[2026.03.16-01.02.30:744][430]LogAudio: Display: Creating Audio Device:                 Id: 3, Scope: Unique, Realtime: True
[2026.03.16-01.02.30:745][430]LogAudioMixer: Display: Audio Mixer Platform Settings:
[2026.03.16-01.02.30:745][430]LogAudioMixer: Display: 	Sample Rate:						  48000
[2026.03.16-01.02.30:745][430]LogAudioMixer: Display: 	Callback Buffer Frame Size Requested: 1024
[2026.03.16-01.02.30:745][430]LogAudioMixer: Display: 	Callback Buffer Frame Size To Use:	  1024
[2026.03.16-01.02.30:745][430]LogAudioMixer: Display: 	Number of buffers to queue:			  2
[2026.03.16-01.02.30:745][430]LogAudioMixer: Display: 	Max Channels (voices):				  32
[2026.03.16-01.02.30:745][430]LogAudioMixer: Display: 	Number of Async Source Workers:		  0
[2026.03.16-01.02.30:745][430]LogAudio: Display: AudioDevice MaxSources: 32
[2026.03.16-01.02.30:745][430]LogAudio: Display: Audio Spatialization Plugin: None (built-in).
[2026.03.16-01.02.30:745][430]LogAudio: Display: Audio Reverb Plugin: None (built-in).
[2026.03.16-01.02.30:745][430]LogAudio: Display: Audio Occlusion Plugin: None (built-in).
[2026.03.16-01.02.30:745][430]LogAudioMixer: Display: Initializing audio mixer.
[2026.03.16-01.02.30:748][430]LogAudioMixer: Display: 0: FrontLeft
[2026.03.16-01.02.30:748][430]LogAudioMixer: Display: 1: FrontRight
[2026.03.16-01.02.30:748][430]LogAudioMixer: Display: 2: FrontCenter
[2026.03.16-01.02.30:748][430]LogAudioMixer: Display: 3: LowFrequency
[2026.03.16-01.02.30:749][430]LogAudioMixer: Display: 4: BackLeft
[2026.03.16-01.02.30:749][430]LogAudioMixer: Display: 5: BackRight
[2026.03.16-01.02.30:749][430]LogAudioMixer: Display: 6: SideLeft
[2026.03.16-01.02.30:749][430]LogAudioMixer: Display: 7: SideRight
[2026.03.16-01.02.30:760][430]LogAudioMixer: Display: Using Audio Device Headset Earphone (CORSAIR VOID PRO Wireless Gaming Headset)
[2026.03.16-01.02.30:760][430]LogAudioMixer: Display: Initializing Sound Submixes...
[2026.03.16-01.02.30:760][430]LogAudioMixer: Display: Creating Master Submix 'MasterSubmixDefault'
[2026.03.16-01.02.30:760][430]LogAudioMixer: Display: Creating Master Submix 'MasterReverbSubmixDefault'
[2026.03.16-01.02.30:761][430]LogAudioMixer: Display: Creating Master Submix 'MasterEQSubmixDefault'
[2026.03.16-01.02.30:761][430]LogAudioMixer: FMixerPlatformXAudio2::StartAudioStream() called
[2026.03.16-01.02.30:761][430]LogAudioMixer: Display: Output buffers initialized: Frames=1024, Channels=8, Samples=8192
[2026.03.16-01.02.30:761][430]LogAudioMixer: Display: Starting AudioMixerPlatformInterface::RunInternal()
[2026.03.16-01.02.30:761][430]LogAudioMixer: Display: FMixerPlatformXAudio2::SubmitBuffer() called for the first time
[2026.03.16-01.02.30:761][430]LogInit: FAudioDevice initialized.
[2026.03.16-01.02.30:761][430]LogAudio: Display: Audio Device (ID: 3) registered with world 'MainLevel'.
[2026.03.16-01.02.30:773][430]LogLoad: Game class is 'GM_RoadHopper_C'
[2026.03.16-01.02.30:834][430]LogWorld: Bringing World /Game/Levels/UEDPIE_0_MainLevel.MainLevel up for play (max tick rate 0) at 2026.03.15-19.02.30
[2026.03.16-01.02.30:835][430]LogWorld: Bringing up level for play took: 0.061849
[2026.03.16-01.02.30:835][430]LogOnline: OSS: Creating online subsystem instance for: :Context_17
[2026.03.16-01.02.30:849][430]PIE: Server logged in
[2026.03.16-01.02.30:850][430]PIE: Play in editor total start time 0.331 seconds.
[2026.03.16-01.02.35:737][  5]LogSlate: Updating window title bar state: overlay mode, drag disabled, window buttons hidden, title bar hidden
[2026.03.16-01.02.35:737][  5]LogWorld: BeginTearingDown for /Game/Levels/UEDPIE_0_MainLevel
[2026.03.16-01.02.35:739][  5]LogWorld: UWorld::CleanupWorld for MainLevel, bSessionEnded=true, bCleanupResources=true
[2026.03.16-01.02.35:810][  5]LogSlate: InvalidateAllWidgets triggered.  All widgets were invalidated
[2026.03.16-01.02.35:833][  5]LogPlayLevel: Display: Shutting down PIE online subsystems
[2026.03.16-01.02.35:843][  5]LogSlate: InvalidateAllWidgets triggered.  All widgets were invalidated
[2026.03.16-01.02.35:870][  5]LogAudio: Display: Audio Device unregistered from world 'None'.
[2026.03.16-01.02.35:871][  5]LogAudioMixer: FMixerPlatformXAudio2::StopAudioStream() called
[2026.03.16-01.02.35:872][  5]LogAudioMixer: FMixerPlatformXAudio2::StopAudioStream() called
[2026.03.16-01.02.35:873][  5]LogSlate: Updating window title bar state: overlay mode, drag disabled, window buttons hidden, title bar hidden
[2026.03.16-01.02.35:890][  5]LogUObjectHash: Compacting FUObjectHashTables data took   1.92ms
[2026.03.16-01.02.35:922][  6]LogPlayLevel: Display: Destroying online subsystem :Context_17
[2026.03.16-01.03.17:004][918]LogEditorTransaction: Undo Reset to Default
[2026.03.16-01.03.28:964][ 20]LogTemp: Repeating last play command: Selected Viewport
[2026.03.16-01.03.28:969][ 20]BlueprintLog: New page: Pre-Play auto-recompile
[2026.03.16-01.03.28:982][ 20]LogPlayLevel: [PlayLevel] Compiling WBP_Win before play...
[2026.03.16-01.03.29:059][ 20]LogUObjectHash: Compacting FUObjectHashTables data took   2.46ms
[2026.03.16-01.03.29:062][ 20]LogPlayLevel: PlayLevel: Blueprint regeneration took 93 ms (1 blueprints)
[2026.03.16-01.03.29:062][ 20]PIE: New page: PIE session: MainLevel (Mar. 15, 2026, 1:03:29 p.m.)
[2026.03.16-01.03.29:062][ 20]LogPlayLevel: Creating play world package: /Game/Levels/UEDPIE_0_MainLevel
[2026.03.16-01.03.29:215][ 20]LogPlayLevel: PIE: StaticDuplicateObject took: (0.152266s)
[2026.03.16-01.03.29:215][ 20]LogAIModule: Creating AISystem for world MainLevel
[2026.03.16-01.03.29:216][ 20]LogPlayLevel: PIE: World Init took: (0.001139s)
[2026.03.16-01.03.29:216][ 20]LogPlayLevel: PIE: Created PIE world by copying editor world from /Game/Levels/MainLevel.MainLevel to /Game/Levels/UEDPIE_0_MainLevel.MainLevel (0.153721s)
[2026.03.16-01.03.29:239][ 20]LogUObjectHash: Compacting FUObjectHashTables data took   1.98ms
[2026.03.16-01.03.29:239][ 20]LogAudio: Display: Creating Audio Device:                 Id: 4, Scope: Unique, Realtime: True
[2026.03.16-01.03.29:239][ 20]LogAudioMixer: Display: Audio Mixer Platform Settings:
[2026.03.16-01.03.29:239][ 20]LogAudioMixer: Display: 	Sample Rate:						  48000
[2026.03.16-01.03.29:239][ 20]LogAudioMixer: Display: 	Callback Buffer Frame Size Requested: 1024
[2026.03.16-01.03.29:239][ 20]LogAudioMixer: Display: 	Callback Buffer Frame Size To Use:	  1024
[2026.03.16-01.03.29:239][ 20]LogAudioMixer: Display: 	Number of buffers to queue:			  2
[2026.03.16-01.03.29:239][ 20]LogAudioMixer: Display: 	Max Channels (voices):				  32
[2026.03.16-01.03.29:239][ 20]LogAudioMixer: Display: 	Number of Async Source Workers:		  0
[2026.03.16-01.03.29:239][ 20]LogAudio: Display: AudioDevice MaxSources: 32
[2026.03.16-01.03.29:239][ 20]LogAudio: Display: Audio Spatialization Plugin: None (built-in).
[2026.03.16-01.03.29:239][ 20]LogAudio: Display: Audio Reverb Plugin: None (built-in).
[2026.03.16-01.03.29:239][ 20]LogAudio: Display: Audio Occlusion Plugin: None (built-in).
[2026.03.16-01.03.29:239][ 20]LogAudioMixer: Display: Initializing audio mixer.
[2026.03.16-01.03.29:243][ 20]LogAudioMixer: Display: 0: FrontLeft
[2026.03.16-01.03.29:243][ 20]LogAudioMixer: Display: 1: FrontRight
[2026.03.16-01.03.29:243][ 20]LogAudioMixer: Display: 2: FrontCenter
[2026.03.16-01.03.29:243][ 20]LogAudioMixer: Display: 3: LowFrequency
[2026.03.16-01.03.29:243][ 20]LogAudioMixer: Display: 4: BackLeft
[2026.03.16-01.03.29:243][ 20]LogAudioMixer: Display: 5: BackRight
[2026.03.16-01.03.29:243][ 20]LogAudioMixer: Display: 6: SideLeft
[2026.03.16-01.03.29:243][ 20]LogAudioMixer: Display: 7: SideRight
[2026.03.16-01.03.29:254][ 20]LogAudioMixer: Display: Using Audio Device Headset Earphone (CORSAIR VOID PRO Wireless Gaming Headset)
[2026.03.16-01.03.29:254][ 20]LogAudioMixer: Display: Initializing Sound Submixes...
[2026.03.16-01.03.29:254][ 20]LogAudioMixer: Display: Creating Master Submix 'MasterSubmixDefault'
[2026.03.16-01.03.29:254][ 20]LogAudioMixer: Display: Creating Master Submix 'MasterReverbSubmixDefault'
[2026.03.16-01.03.29:255][ 20]LogAudioMixer: Display: Creating Master Submix 'MasterEQSubmixDefault'
[2026.03.16-01.03.29:255][ 20]LogAudioMixer: FMixerPlatformXAudio2::StartAudioStream() called
[2026.03.16-01.03.29:255][ 20]LogAudioMixer: Display: Output buffers initialized: Frames=1024, Channels=8, Samples=8192
[2026.03.16-01.03.29:255][ 20]LogAudioMixer: Display: Starting AudioMixerPlatformInterface::RunInternal()
[2026.03.16-01.03.29:255][ 20]LogAudioMixer: Display: FMixerPlatformXAudio2::SubmitBuffer() called for the first time
[2026.03.16-01.03.29:255][ 20]LogInit: FAudioDevice initialized.
[2026.03.16-01.03.29:255][ 20]LogAudio: Display: Audio Device (ID: 4) registered with world 'MainLevel'.
[2026.03.16-01.03.29:275][ 20]LogLoad: Game class is 'GM_RoadHopper_C'
[2026.03.16-01.03.29:336][ 20]LogWorld: Bringing World /Game/Levels/UEDPIE_0_MainLevel.MainLevel up for play (max tick rate 0) at 2026.03.15-19.03.29
[2026.03.16-01.03.29:338][ 20]LogWorld: Bringing up level for play took: 0.062144
[2026.03.16-01.03.29:338][ 20]LogOnline: OSS: Creating online subsystem instance for: :Context_18
[2026.03.16-01.03.29:352][ 20]PIE: Server logged in
[2026.03.16-01.03.29:353][ 20]PIE: Play in editor total start time 0.385 seconds.
[2026.03.16-01.03.32:347][352]LogSlate: Updating window title bar state: overlay mode, drag disabled, window buttons hidden, title bar hidden
[2026.03.16-01.03.32:347][352]LogWorld: BeginTearingDown for /Game/Levels/UEDPIE_0_MainLevel
[2026.03.16-01.03.32:349][352]LogWorld: UWorld::CleanupWorld for MainLevel, bSessionEnded=true, bCleanupResources=true
[2026.03.16-01.03.32:419][352]LogSlate: InvalidateAllWidgets triggered.  All widgets were invalidated
[2026.03.16-01.03.32:432][352]LogPlayLevel: Display: Shutting down PIE online subsystems
[2026.03.16-01.03.32:441][352]LogSlate: InvalidateAllWidgets triggered.  All widgets were invalidated
[2026.03.16-01.03.32:462][352]LogSlate: Updating window title bar state: overlay mode, drag disabled, window buttons hidden, title bar hidden
[2026.03.16-01.03.32:473][352]LogAudioMixer: FMixerPlatformXAudio2::StopAudioStream() called
[2026.03.16-01.03.32:474][352]LogAudioMixer: FMixerPlatformXAudio2::StopAudioStream() called
[2026.03.16-01.03.32:495][352]LogUObjectHash: Compacting FUObjectHashTables data took   1.90ms
[2026.03.16-01.03.32:527][353]LogPlayLevel: Display: Destroying online subsystem :Context_18
[2026.03.16-01.03.37:152][725]Cmd: OBJ SAVEPACKAGE PACKAGE="/Game/Blueprints/WBP_Win" FILE="C:/Users/titan/Desktop/Titan_RoadHopper/RoadHopper4.27/Content/Blueprints/WBP_Win.uasset" SILENT=true
[2026.03.16-01.03.37:156][725]LogSavePackage: Moving 'C:/Users/titan/Desktop/Titan_RoadHopper/RoadHopper4.27/Saved/WBP_Win00D06D58463A89930FABFDA005D6159F.tmp' to 'C:/Users/titan/Desktop/Titan_RoadHopper/RoadHopper4.27/Content/Blueprints/WBP_Win.uasset'
[2026.03.16-01.03.37:174][725]AssetCheck: New page: Asset Save: WBP_Win
[2026.03.16-01.03.37:174][725]LogContentValidation: Display: Validating WidgetBlueprint /Game/Blueprints/WBP_Win.WBP_Win
[2026.03.16-01.03.52:109][191]LogTemp: Repeating last play command: Selected Viewport
[2026.03.16-01.03.52:114][191]LogPlayLevel: PlayLevel: No blueprints needed recompiling
[2026.03.16-01.03.52:114][191]PIE: New page: PIE session: MainLevel (Mar. 15, 2026, 1:03:52 p.m.)
[2026.03.16-01.03.52:135][191]LogPlayLevel: Creating play world package: /Game/Levels/UEDPIE_0_MainLevel
[2026.03.16-01.03.52:295][191]LogPlayLevel: PIE: StaticDuplicateObject took: (0.159448s)
[2026.03.16-01.03.52:296][191]LogAIModule: Creating AISystem for world MainLevel
[2026.03.16-01.03.52:296][191]LogPlayLevel: PIE: World Init took: (0.001151s)
[2026.03.16-01.03.52:296][191]LogPlayLevel: PIE: Created PIE world by copying editor world from /Game/Levels/MainLevel.MainLevel to /Game/Levels/UEDPIE_0_MainLevel.MainLevel (0.160930s)
[2026.03.16-01.03.52:323][191]LogUObjectHash: Compacting FUObjectHashTables data took   2.00ms
[2026.03.16-01.03.52:326][191]LogAudio: Display: Creating Audio Device:                 Id: 5, Scope: Unique, Realtime: True
[2026.03.16-01.03.52:326][191]LogAudioMixer: Display: Audio Mixer Platform Settings:
[2026.03.16-01.03.52:326][191]LogAudioMixer: Display: 	Sample Rate:						  48000
[2026.03.16-01.03.52:326][191]LogAudioMixer: Display: 	Callback Buffer Frame Size Requested: 1024
[2026.03.16-01.03.52:326][191]LogAudioMixer: Display: 	Callback Buffer Frame Size To Use:	  1024
[2026.03.16-01.03.52:326][191]LogAudioMixer: Display: 	Number of buffers to queue:			  2
[2026.03.16-01.03.52:326][191]LogAudioMixer: Display: 	Max Channels (voices):				  32
[2026.03.16-01.03.52:326][191]LogAudioMixer: Display: 	Number of Async Source Workers:		  0
[2026.03.16-01.03.52:326][191]LogAudio: Display: AudioDevice MaxSources: 32
[2026.03.16-01.03.52:327][191]LogAudio: Display: Audio Spatialization Plugin: None (built-in).
[2026.03.16-01.03.52:327][191]LogAudio: Display: Audio Reverb Plugin: None (built-in).
[2026.03.16-01.03.52:327][191]LogAudio: Display: Audio Occlusion Plugin: None (built-in).
[2026.03.16-01.03.52:327][191]LogAudioMixer: Display: Initializing audio mixer.
[2026.03.16-01.03.52:329][191]LogAudioMixer: Display: 0: FrontLeft
[2026.03.16-01.03.52:329][191]LogAudioMixer: Display: 1: FrontRight
[2026.03.16-01.03.52:329][191]LogAudioMixer: Display: 2: FrontCenter
[2026.03.16-01.03.52:329][191]LogAudioMixer: Display: 3: LowFrequency
[2026.03.16-01.03.52:329][191]LogAudioMixer: Display: 4: BackLeft
[2026.03.16-01.03.52:329][191]LogAudioMixer: Display: 5: BackRight
[2026.03.16-01.03.52:330][191]LogAudioMixer: Display: 6: SideLeft
[2026.03.16-01.03.52:330][191]LogAudioMixer: Display: 7: SideRight
[2026.03.16-01.03.52:341][191]LogAudioMixer: Display: Using Audio Device Headset Earphone (CORSAIR VOID PRO Wireless Gaming Headset)
[2026.03.16-01.03.52:341][191]LogAudioMixer: Display: Initializing Sound Submixes...
[2026.03.16-01.03.52:341][191]LogAudioMixer: Display: Creating Master Submix 'MasterSubmixDefault'
[2026.03.16-01.03.52:341][191]LogAudioMixer: Display: Creating Master Submix 'MasterReverbSubmixDefault'
[2026.03.16-01.03.52:341][191]LogAudioMixer: Display: Creating Master Submix 'MasterEQSubmixDefault'
[2026.03.16-01.03.52:341][191]LogAudioMixer: FMixerPlatformXAudio2::StartAudioStream() called
[2026.03.16-01.03.52:341][191]LogAudioMixer: Display: Output buffers initialized: Frames=1024, Channels=8, Samples=8192
[2026.03.16-01.03.52:342][191]LogAudioMixer: Display: Starting AudioMixerPlatformInterface::RunInternal()
[2026.03.16-01.03.52:342][191]LogAudioMixer: Display: FMixerPlatformXAudio2::SubmitBuffer() called for the first time
[2026.03.16-01.03.52:342][191]LogInit: FAudioDevice initialized.
[2026.03.16-01.03.52:342][191]LogAudio: Display: Audio Device (ID: 5) registered with world 'MainLevel'.
[2026.03.16-01.03.52:349][191]LogLoad: Game class is 'GM_RoadHopper_C'
[2026.03.16-01.03.52:410][191]LogWorld: Bringing World /Game/Levels/UEDPIE_0_MainLevel.MainLevel up for play (max tick rate 0) at 2026.03.15-19.03.52
[2026.03.16-01.03.52:411][191]LogWorld: Bringing up level for play took: 0.061722
[2026.03.16-01.03.52:412][191]LogOnline: OSS: Creating online subsystem instance for: :Context_19
[2026.03.16-01.03.52:426][191]PIE: Server logged in
[2026.03.16-01.03.52:426][191]PIE: Play in editor total start time 0.313 seconds.
[2026.03.16-01.04.02:727][412]LogSlate: Updating window title bar state: overlay mode, drag disabled, window buttons hidden, title bar hidden
[2026.03.16-01.04.02:727][412]LogWorld: BeginTearingDown for /Game/Levels/UEDPIE_0_MainLevel
[2026.03.16-01.04.02:729][412]LogWorld: UWorld::CleanupWorld for MainLevel, bSessionEnded=true, bCleanupResources=true
[2026.03.16-01.04.02:805][412]LogSlate: InvalidateAllWidgets triggered.  All widgets were invalidated
[2026.03.16-01.04.02:829][412]LogPlayLevel: Display: Shutting down PIE online subsystems
[2026.03.16-01.04.02:839][412]LogSlate: InvalidateAllWidgets triggered.  All widgets were invalidated
[2026.03.16-01.04.02:862][412]LogAudio: Display: Audio Device unregistered from world 'None'.
[2026.03.16-01.04.02:864][412]LogAudioMixer: FMixerPlatformXAudio2::StopAudioStream() called
[2026.03.16-01.04.02:865][412]LogAudioMixer: FMixerPlatformXAudio2::StopAudioStream() called
[2026.03.16-01.04.02:871][412]LogSlate: Updating window title bar state: overlay mode, drag disabled, window buttons hidden, title bar hidden
[2026.03.16-01.04.02:897][412]LogUObjectHash: Compacting FUObjectHashTables data took   1.97ms
[2026.03.16-01.04.02:930][413]LogPlayLevel: Display: Destroying online subsystem :Context_19
[2026.03.16-01.04.03:646][494]LogTemp: Repeating last play command: Selected Viewport
[2026.03.16-01.04.03:650][494]LogPlayLevel: PlayLevel: No blueprints needed recompiling
[2026.03.16-01.04.03:651][494]PIE: New page: PIE session: MainLevel (Mar. 15, 2026, 1:04:03 p.m.)
[2026.03.16-01.04.03:675][494]LogPlayLevel: Creating play world package: /Game/Levels/UEDPIE_0_MainLevel
[2026.03.16-01.04.03:831][494]LogPlayLevel: PIE: StaticDuplicateObject took: (0.155434s)
[2026.03.16-01.04.03:832][494]LogAIModule: Creating AISystem for world MainLevel
[2026.03.16-01.04.03:833][494]LogPlayLevel: PIE: World Init took: (0.001378s)
[2026.03.16-01.04.03:833][494]LogPlayLevel: PIE: Created PIE world by copying editor world from /Game/Levels/MainLevel.MainLevel to /Game/Levels/UEDPIE_0_MainLevel.MainLevel (0.157174s)
[2026.03.16-01.04.03:856][494]LogUObjectHash: Compacting FUObjectHashTables data took   2.01ms
[2026.03.16-01.04.03:857][494]LogAudio: Display: Creating Audio Device:                 Id: 6, Scope: Unique, Realtime: True
[2026.03.16-01.04.03:857][494]LogAudioMixer: Display: Audio Mixer Platform Settings:
[2026.03.16-01.04.03:857][494]LogAudioMixer: Display: 	Sample Rate:						  48000
[2026.03.16-01.04.03:857][494]LogAudioMixer: Display: 	Callback Buffer Frame Size Requested: 1024
[2026.03.16-01.04.03:857][494]LogAudioMixer: Display: 	Callback Buffer Frame Size To Use:	  1024
[2026.03.16-01.04.03:857][494]LogAudioMixer: Display: 	Number of buffers to queue:			  2
[2026.03.16-01.04.03:857][494]LogAudioMixer: Display: 	Max Channels (voices):				  32
[2026.03.16-01.04.03:857][494]LogAudioMixer: Display: 	Number of Async Source Workers:		  0
[2026.03.16-01.04.03:857][494]LogAudio: Display: AudioDevice MaxSources: 32
[2026.03.16-01.04.03:857][494]LogAudio: Display: Audio Spatialization Plugin: None (built-in).
[2026.03.16-01.04.03:857][494]LogAudio: Display: Audio Reverb Plugin: None (built-in).
[2026.03.16-01.04.03:857][494]LogAudio: Display: Audio Occlusion Plugin: None (built-in).
[2026.03.16-01.04.03:857][494]LogAudioMixer: Display: Initializing audio mixer.
[2026.03.16-01.04.03:860][494]LogAudioMixer: Display: 0: FrontLeft
[2026.03.16-01.04.03:860][494]LogAudioMixer: Display: 1: FrontRight
[2026.03.16-01.04.03:860][494]LogAudioMixer: Display: 2: FrontCenter
[2026.03.16-01.04.03:860][494]LogAudioMixer: Display: 3: LowFrequency
[2026.03.16-01.04.03:860][494]LogAudioMixer: Display: 4: BackLeft
[2026.03.16-01.04.03:860][494]LogAudioMixer: Display: 5: BackRight
[2026.03.16-01.04.03:860][494]LogAudioMixer: Display: 6: SideLeft
[2026.03.16-01.04.03:860][494]LogAudioMixer: Display: 7: SideRight
[2026.03.16-01.04.03:872][494]LogAudioMixer: Display: Using Audio Device Headset Earphone (CORSAIR VOID PRO Wireless Gaming Headset)
[2026.03.16-01.04.03:873][494]LogAudioMixer: Display: Initializing Sound Submixes...
[2026.03.16-01.04.03:873][494]LogAudioMixer: Display: Creating Master Submix 'MasterSubmixDefault'
[2026.03.16-01.04.03:873][494]LogAudioMixer: Display: Creating Master Submix 'MasterReverbSubmixDefault'
[2026.03.16-01.04.03:873][494]LogAudioMixer: Display: Creating Master Submix 'MasterEQSubmixDefault'
[2026.03.16-01.04.03:873][494]LogAudioMixer: FMixerPlatformXAudio2::StartAudioStream() called
[2026.03.16-01.04.03:873][494]LogAudioMixer: Display: Output buffers initialized: Frames=1024, Channels=8, Samples=8192
[2026.03.16-01.04.03:874][494]LogAudioMixer: Display: Starting AudioMixerPlatformInterface::RunInternal()
[2026.03.16-01.04.03:874][494]LogAudioMixer: Display: FMixerPlatformXAudio2::SubmitBuffer() called for the first time
[2026.03.16-01.04.03:874][494]LogInit: FAudioDevice initialized.
[2026.03.16-01.04.03:874][494]LogAudio: Display: Audio Device (ID: 6) registered with world 'MainLevel'.
[2026.03.16-01.04.03:882][494]LogLoad: Game class is 'GM_RoadHopper_C'
[2026.03.16-01.04.03:943][494]LogWorld: Bringing World /Game/Levels/UEDPIE_0_MainLevel.MainLevel up for play (max tick rate 0) at 2026.03.15-19.04.03
[2026.03.16-01.04.03:943][494]LogWorld: Bringing up level for play took: 0.061222
[2026.03.16-01.04.03:944][494]LogOnline: OSS: Creating online subsystem instance for: :Context_20
[2026.03.16-01.04.03:958][494]PIE: Server logged in
[2026.03.16-01.04.03:959][494]PIE: Play in editor total start time 0.308 seconds.
[2026.03.16-01.04.22:687][592]LogSlate: Updating window title bar state: overlay mode, drag disabled, window buttons hidden, title bar hidden
[2026.03.16-01.04.22:687][592]LogWorld: BeginTearingDown for /Game/Levels/UEDPIE_0_MainLevel
[2026.03.16-01.04.22:689][592]LogWorld: UWorld::CleanupWorld for MainLevel, bSessionEnded=true, bCleanupResources=true
[2026.03.16-01.04.22:769][592]LogSlate: InvalidateAllWidgets triggered.  All widgets were invalidated
[2026.03.16-01.04.22:780][592]LogPlayLevel: Display: Shutting down PIE online subsystems
[2026.03.16-01.04.22:790][592]LogSlate: InvalidateAllWidgets triggered.  All widgets were invalidated
[2026.03.16-01.04.22:814][592]LogSlate: Updating window title bar state: overlay mode, drag disabled, window buttons hidden, title bar hidden
[2026.03.16-01.04.22:825][592]LogAudioMixer: FMixerPlatformXAudio2::StopAudioStream() called
[2026.03.16-01.04.22:826][592]LogAudioMixer: FMixerPlatformXAudio2::StopAudioStream() called
[2026.03.16-01.04.22:851][592]LogUObjectHash: Compacting FUObjectHashTables data took   2.49ms
[2026.03.16-01.04.22:883][593]LogPlayLevel: Display: Destroying online subsystem :Context_20
[2026.03.16-01.04.25:682][892]Cmd: OBJ SAVEPACKAGE PACKAGE="/Game/Levels/MainLevel" FILE="C:/Users/titan/Desktop/Titan_RoadHopper/RoadHopper4.27/Content/Levels/MainLevel.umap" SILENT=true AUTOSAVING=false KEEPDIRTY=false
[2026.03.16-01.04.25:703][892]LogUObjectHash: Compacting FUObjectHashTables data took   1.65ms
[2026.03.16-01.04.26:368][892]LogSavePackage: Moving 'C:/Users/titan/Desktop/Titan_RoadHopper/RoadHopper4.27/Saved/MainLevel1F16413540504F8FE5D1EB9ED065D726.tmp' to 'C:/Users/titan/Desktop/Titan_RoadHopper/RoadHopper4.27/Content/Levels/MainLevel.umap'
[2026.03.16-01.04.26:385][892]Cmd: OBJ SAVEPACKAGE PACKAGE="/Game/Levels/MainLevel_BuiltData" FILE="C:/Users/titan/Desktop/Titan_RoadHopper/RoadHopper4.27/Content/Levels/MainLevel_BuiltData.uasset" SILENT=true
[2026.03.16-01.04.26:397][892]LogSavePackage: Moving 'C:/Users/titan/Desktop/Titan_RoadHopper/RoadHopper4.27/Saved/MainLevel_BuiltDataA020892243D1297251FC918B47543CF9.tmp' to 'C:/Users/titan/Desktop/Titan_RoadHopper/RoadHopper4.27/Content/Levels/MainLevel_BuiltData.uasset'
[2026.03.16-01.04.26:423][892]AssetCheck: New page: Asset Save: multiple assets
[2026.03.16-01.04.26:423][892]LogContentValidation: Display: Validating MapBuildDataRegistry /Game/Levels/MainLevel_BuiltData.MainLevel_BuiltData
[2026.03.16-01.04.26:423][892]LogContentValidation: Display: Validating World /Game/Levels/MainLevel.MainLevel
[2026.03.16-01.05.11:435][644]LogTemp: Repeating last play command: Selected Viewport
[2026.03.16-01.05.11:440][644]LogPlayLevel: PlayLevel: No blueprints needed recompiling
[2026.03.16-01.05.11:440][644]PIE: New page: PIE session: MainLevel (Mar. 15, 2026, 1:05:11 p.m.)
[2026.03.16-01.05.11:476][644]LogPlayLevel: Creating play world package: /Game/Levels/UEDPIE_0_MainLevel
[2026.03.16-01.05.11:633][644]LogPlayLevel: PIE: StaticDuplicateObject took: (0.156834s)
[2026.03.16-01.05.11:634][644]LogAIModule: Creating AISystem for world MainLevel
[2026.03.16-01.05.11:634][644]LogPlayLevel: PIE: World Init took: (0.001117s)
[2026.03.16-01.05.11:635][644]LogPlayLevel: PIE: Created PIE world by copying editor world from /Game/Levels/MainLevel.MainLevel to /Game/Levels/UEDPIE_0_MainLevel.MainLevel (0.158301s)
[2026.03.16-01.05.11:659][644]LogUObjectHash: Compacting FUObjectHashTables data took   2.08ms
[2026.03.16-01.05.11:662][644]LogAudio: Display: Creating Audio Device:                 Id: 7, Scope: Unique, Realtime: True
[2026.03.16-01.05.11:662][644]LogAudioMixer: Display: Audio Mixer Platform Settings:
[2026.03.16-01.05.11:662][644]LogAudioMixer: Display: 	Sample Rate:						  48000
[2026.03.16-01.05.11:662][644]LogAudioMixer: Display: 	Callback Buffer Frame Size Requested: 1024
[2026.03.16-01.05.11:662][644]LogAudioMixer: Display: 	Callback Buffer Frame Size To Use:	  1024
[2026.03.16-01.05.11:662][644]LogAudioMixer: Display: 	Number of buffers to queue:			  2
[2026.03.16-01.05.11:662][644]LogAudioMixer: Display: 	Max Channels (voices):				  32
[2026.03.16-01.05.11:662][644]LogAudioMixer: Display: 	Number of Async Source Workers:		  0
[2026.03.16-01.05.11:662][644]LogAudio: Display: AudioDevice MaxSources: 32
[2026.03.16-01.05.11:662][644]LogAudio: Display: Audio Spatialization Plugin: None (built-in).
[2026.03.16-01.05.11:662][644]LogAudio: Display: Audio Reverb Plugin: None (built-in).
[2026.03.16-01.05.11:662][644]LogAudio: Display: Audio Occlusion Plugin: None (built-in).
[2026.03.16-01.05.11:662][644]LogAudioMixer: Display: Initializing audio mixer.
[2026.03.16-01.05.11:665][644]LogAudioMixer: Display: 0: FrontLeft
[2026.03.16-01.05.11:665][644]LogAudioMixer: Display: 1: FrontRight
[2026.03.16-01.05.11:665][644]LogAudioMixer: Display: 2: FrontCenter
[2026.03.16-01.05.11:665][644]LogAudioMixer: Display: 3: LowFrequency
[2026.03.16-01.05.11:665][644]LogAudioMixer: Display: 4: BackLeft
[2026.03.16-01.05.11:665][644]LogAudioMixer: Display: 5: BackRight
[2026.03.16-01.05.11:666][644]LogAudioMixer: Display: 6: SideLeft
[2026.03.16-01.05.11:666][644]LogAudioMixer: Display: 7: SideRight
[2026.03.16-01.05.11:677][644]LogAudioMixer: Display: Using Audio Device Headset Earphone (CORSAIR VOID PRO Wireless Gaming Headset)
[2026.03.16-01.05.11:678][644]LogAudioMixer: Display: Initializing Sound Submixes...
[2026.03.16-01.05.11:678][644]LogAudioMixer: Display: Creating Master Submix 'MasterSubmixDefault'
[2026.03.16-01.05.11:678][644]LogAudioMixer: Display: Creating Master Submix 'MasterReverbSubmixDefault'
[2026.03.16-01.05.11:678][644]LogAudioMixer: Display: Creating Master Submix 'MasterEQSubmixDefault'
[2026.03.16-01.05.11:678][644]LogAudioMixer: FMixerPlatformXAudio2::StartAudioStream() called
[2026.03.16-01.05.11:678][644]LogAudioMixer: Display: Output buffers initialized: Frames=1024, Channels=8, Samples=8192
[2026.03.16-01.05.11:679][644]LogAudioMixer: Display: Starting AudioMixerPlatformInterface::RunInternal()
[2026.03.16-01.05.11:679][644]LogAudioMixer: Display: FMixerPlatformXAudio2::SubmitBuffer() called for the first time
[2026.03.16-01.05.11:679][644]LogInit: FAudioDevice initialized.
[2026.03.16-01.05.11:679][644]LogAudio: Display: Audio Device (ID: 7) registered with world 'MainLevel'.
[2026.03.16-01.05.11:685][644]LogLoad: Game class is 'GM_RoadHopper_C'
[2026.03.16-01.05.11:747][644]LogWorld: Bringing World /Game/Levels/UEDPIE_0_MainLevel.MainLevel up for play (max tick rate 0) at 2026.03.15-19.05.11
[2026.03.16-01.05.11:748][644]LogWorld: Bringing up level for play took: 0.063517
[2026.03.16-01.05.11:749][644]LogOnline: OSS: Creating online subsystem instance for: :Context_21
[2026.03.16-01.05.11:763][644]PIE: Server logged in
[2026.03.16-01.05.11:763][644]PIE: Play in editor total start time 0.324 seconds.
[2026.03.16-01.05.15:887][123]LogSlate: Updating window title bar state: overlay mode, drag disabled, window buttons hidden, title bar hidden
[2026.03.16-01.05.15:887][123]LogWorld: BeginTearingDown for /Game/Levels/UEDPIE_0_MainLevel
[2026.03.16-01.05.15:889][123]LogWorld: UWorld::CleanupWorld for MainLevel, bSessionEnded=true, bCleanupResources=true
[2026.03.16-01.05.15:961][123]LogSlate: InvalidateAllWidgets triggered.  All widgets were invalidated
[2026.03.16-01.05.15:983][123]LogPlayLevel: Display: Shutting down PIE online subsystems
[2026.03.16-01.05.15:992][123]LogSlate: InvalidateAllWidgets triggered.  All widgets were invalidated
[2026.03.16-01.05.16:022][123]LogAudio: Display: Audio Device unregistered from world 'None'.
[2026.03.16-01.05.16:025][123]LogAudioMixer: FMixerPlatformXAudio2::StopAudioStream() called
[2026.03.16-01.05.16:026][123]LogAudioMixer: FMixerPlatformXAudio2::StopAudioStream() called
[2026.03.16-01.05.16:031][123]LogSlate: Updating window title bar state: overlay mode, drag disabled, window buttons hidden, title bar hidden
[2026.03.16-01.05.16:047][123]LogUObjectHash: Compacting FUObjectHashTables data took   1.89ms
[2026.03.16-01.05.16:078][124]LogPlayLevel: Display: Destroying online subsystem :Context_21
[2026.03.16-01.05.33:810][958]Cmd: SELECT NONE
[2026.03.16-01.05.34:769][ 72]LogEditorViewport: Clicking on Actor (LMB): BP_Player_C (BP_Player)
[2026.03.16-01.05.35:256][126]Cmd: TRANSACTION UNDO
[2026.03.16-01.05.35:256][126]LogEditorTransaction: Undo Clicking on Actors
[2026.03.16-01.05.36:670][263]LogEditorViewport: Clicking on Actor (LMB): BP_Player_C (BP_Player)
[2026.03.16-01.05.37:325][335]Cmd: TRANSACTION UNDO
[2026.03.16-01.05.37:325][335]LogEditorTransaction: Undo Clicking on Actors
[2026.03.16-01.05.37:474][352]Cmd: TRANSACTION UNDO
[2026.03.16-01.05.37:474][352]LogEditorTransaction: Undo Select None
[2026.03.16-01.05.38:003][410]Cmd: TRANSACTION UNDO
[2026.03.16-01.05.38:003][410]LogEditorTransaction: Undo Move Actors
[2026.03.16-01.06.54:136][ 71]BlueprintLog: New page: Compile BP_Player
[2026.03.16-01.06.54:196][ 71]LogUObjectHash: Compacting FUObjectHashTables data took   2.42ms
[2026.03.16-01.06.54:909][128]LogTemp: Repeating last play command: Selected Viewport
[2026.03.16-01.06.54:914][128]LogPlayLevel: PlayLevel: No blueprints needed recompiling
[2026.03.16-01.06.54:914][128]PIE: New page: PIE session: MainLevel (Mar. 15, 2026, 1:06:54 p.m.)
[2026.03.16-01.06.54:946][128]LogPlayLevel: Creating play world package: /Game/Levels/UEDPIE_0_MainLevel
[2026.03.16-01.06.55:100][128]LogPlayLevel: PIE: StaticDuplicateObject took: (0.154641s)
[2026.03.16-01.06.55:101][128]LogAIModule: Creating AISystem for world MainLevel
[2026.03.16-01.06.55:101][128]LogPlayLevel: PIE: World Init took: (0.001083s)
[2026.03.16-01.06.55:101][128]LogPlayLevel: PIE: Created PIE world by copying editor world from /Game/Levels/MainLevel.MainLevel to /Game/Levels/UEDPIE_0_MainLevel.MainLevel (0.156033s)
[2026.03.16-01.06.55:126][128]LogUObjectHash: Compacting FUObjectHashTables data took   2.53ms
[2026.03.16-01.06.55:126][128]LogAudio: Display: Creating Audio Device:                 Id: 8, Scope: Unique, Realtime: True
[2026.03.16-01.06.55:127][128]LogAudioMixer: Display: Audio Mixer Platform Settings:
[2026.03.16-01.06.55:127][128]LogAudioMixer: Display: 	Sample Rate:						  48000
[2026.03.16-01.06.55:127][128]LogAudioMixer: Display: 	Callback Buffer Frame Size Requested: 1024
[2026.03.16-01.06.55:127][128]LogAudioMixer: Display: 	Callback Buffer Frame Size To Use:	  1024
[2026.03.16-01.06.55:127][128]LogAudioMixer: Display: 	Number of buffers to queue:			  2
[2026.03.16-01.06.55:127][128]LogAudioMixer: Display: 	Max Channels (voices):				  32
[2026.03.16-01.06.55:127][128]LogAudioMixer: Display: 	Number of Async Source Workers:		  0
[2026.03.16-01.06.55:127][128]LogAudio: Display: AudioDevice MaxSources: 32
[2026.03.16-01.06.55:127][128]LogAudio: Display: Audio Spatialization Plugin: None (built-in).
[2026.03.16-01.06.55:127][128]LogAudio: Display: Audio Reverb Plugin: None (built-in).
[2026.03.16-01.06.55:127][128]LogAudio: Display: Audio Occlusion Plugin: None (built-in).
[2026.03.16-01.06.55:127][128]LogAudioMixer: Display: Initializing audio mixer.
[2026.03.16-01.06.55:130][128]LogAudioMixer: Display: 0: FrontLeft
[2026.03.16-01.06.55:130][128]LogAudioMixer: Display: 1: FrontRight
[2026.03.16-01.06.55:130][128]LogAudioMixer: Display: 2: FrontCenter
[2026.03.16-01.06.55:130][128]LogAudioMixer: Display: 3: LowFrequency
[2026.03.16-01.06.55:130][128]LogAudioMixer: Display: 4: BackLeft
[2026.03.16-01.06.55:130][128]LogAudioMixer: Display: 5: BackRight
[2026.03.16-01.06.55:130][128]LogAudioMixer: Display: 6: SideLeft
[2026.03.16-01.06.55:130][128]LogAudioMixer: Display: 7: SideRight
[2026.03.16-01.06.55:142][128]LogAudioMixer: Display: Using Audio Device Headset Earphone (CORSAIR VOID PRO Wireless Gaming Headset)
[2026.03.16-01.06.55:142][128]LogAudioMixer: Display: Initializing Sound Submixes...
[2026.03.16-01.06.55:142][128]LogAudioMixer: Display: Creating Master Submix 'MasterSubmixDefault'
[2026.03.16-01.06.55:142][128]LogAudioMixer: Display: Creating Master Submix 'MasterReverbSubmixDefault'
[2026.03.16-01.06.55:143][128]LogAudioMixer: Display: Creating Master Submix 'MasterEQSubmixDefault'
[2026.03.16-01.06.55:143][128]LogAudioMixer: FMixerPlatformXAudio2::StartAudioStream() called
[2026.03.16-01.06.55:143][128]LogAudioMixer: Display: Output buffers initialized: Frames=1024, Channels=8, Samples=8192
[2026.03.16-01.06.55:143][128]LogAudioMixer: Display: Starting AudioMixerPlatformInterface::RunInternal()
[2026.03.16-01.06.55:143][128]LogAudioMixer: Display: FMixerPlatformXAudio2::SubmitBuffer() called for the first time
[2026.03.16-01.06.55:143][128]LogInit: FAudioDevice initialized.
[2026.03.16-01.06.55:143][128]LogAudio: Display: Audio Device (ID: 8) registered with world 'MainLevel'.
[2026.03.16-01.06.55:155][128]LogLoad: Game class is 'GM_RoadHopper_C'
[2026.03.16-01.06.55:219][128]LogWorld: Bringing World /Game/Levels/UEDPIE_0_MainLevel.MainLevel up for play (max tick rate 0) at 2026.03.15-19.06.55
[2026.03.16-01.06.55:221][128]LogWorld: Bringing up level for play took: 0.065310
[2026.03.16-01.06.55:221][128]LogOnline: OSS: Creating online subsystem instance for: :Context_23
[2026.03.16-01.06.55:235][128]PIE: Server logged in
[2026.03.16-01.06.55:235][128]PIE: Play in editor total start time 0.322 seconds.
[2026.03.16-01.06.56:489][265]LogBlueprintUserMessages: [BP_Player_10] 1
[2026.03.16-01.06.56:497][266]LogBlueprintUserMessages: [BP_Player_10] 2
[2026.03.16-01.06.56:505][267]LogBlueprintUserMessages: [BP_Player_10] 3
[2026.03.16-01.06.56:514][268]LogBlueprintUserMessages: [BP_Player_10] 4
[2026.03.16-01.06.56:521][269]LogBlueprintUserMessages: [BP_Player_10] 5
[2026.03.16-01.06.56:530][270]LogBlueprintUserMessages: [BP_Player_10] 6
[2026.03.16-01.06.56:538][271]LogBlueprintUserMessages: [BP_Player_10] 7
[2026.03.16-01.06.56:547][272]LogBlueprintUserMessages: [BP_Player_10] 8
[2026.03.16-01.06.56:555][273]LogBlueprintUserMessages: [BP_Player_10] 9
[2026.03.16-01.06.56:563][274]LogBlueprintUserMessages: [BP_Player_10] 10
[2026.03.16-01.06.56:572][275]LogBlueprintUserMessages: [BP_Player_10] 11
[2026.03.16-01.06.56:580][276]LogBlueprintUserMessages: [BP_Player_10] 12
[2026.03.16-01.06.56:588][277]LogBlueprintUserMessages: [BP_Player_10] 13
[2026.03.16-01.06.56:597][278]LogBlueprintUserMessages: [BP_Player_10] 14
[2026.03.16-01.06.56:605][279]LogBlueprintUserMessages: [BP_Player_10] 15
[2026.03.16-01.06.56:613][280]LogBlueprintUserMessages: [BP_Player_10] 16
[2026.03.16-01.06.56:622][281]LogBlueprintUserMessages: [BP_Player_10] 17
[2026.03.16-01.06.56:630][282]LogBlueprintUserMessages: [BP_Player_10] 18
[2026.03.16-01.06.56:638][283]LogBlueprintUserMessages: [BP_Player_10] 19
[2026.03.16-01.06.56:647][284]LogBlueprintUserMessages: [BP_Player_10] 20
[2026.03.16-01.06.56:655][285]LogBlueprintUserMessages: [BP_Player_10] 21
[2026.03.16-01.06.56:663][286]LogBlueprintUserMessages: [BP_Player_10] 22
[2026.03.16-01.06.56:672][287]LogBlueprintUserMessages: [BP_Player_10] 23
[2026.03.16-01.06.56:680][288]LogBlueprintUserMessages: [BP_Player_10] 24
[2026.03.16-01.06.56:688][289]LogBlueprintUserMessages: [BP_Player_10] 25
[2026.03.16-01.06.56:697][290]LogBlueprintUserMessages: [BP_Player_10] 26
[2026.03.16-01.06.56:705][291]LogBlueprintUserMessages: [BP_Player_10] 27
[2026.03.16-01.06.56:713][292]LogBlueprintUserMessages: [BP_Player_10] 28
[2026.03.16-01.06.56:722][293]LogBlueprintUserMessages: [BP_Player_10] 29
[2026.03.16-01.06.56:730][294]LogBlueprintUserMessages: [BP_Player_10] 30
[2026.03.16-01.06.56:739][295]LogBlueprintUserMessages: [BP_Player_10] 31
[2026.03.16-01.06.56:747][296]LogBlueprintUserMessages: [BP_Player_10] 32
[2026.03.16-01.06.56:755][297]LogBlueprintUserMessages: [BP_Player_10] 33
[2026.03.16-01.06.56:764][298]LogBlueprintUserMessages: [BP_Player_10] 34
[2026.03.16-01.06.56:772][299]LogBlueprintUserMessages: [BP_Player_10] 35
[2026.03.16-01.06.56:780][300]LogBlueprintUserMessages: [BP_Player_10] 36
[2026.03.16-01.06.56:788][301]LogBlueprintUserMessages: [BP_Player_10] 37
[2026.03.16-01.06.56:797][302]LogBlueprintUserMessages: [BP_Player_10] 38
[2026.03.16-01.06.56:805][303]LogBlueprintUserMessages: [BP_Player_10] 39
[2026.03.16-01.06.56:813][304]LogBlueprintUserMessages: [BP_Player_10] 40
[2026.03.16-01.06.56:822][305]LogBlueprintUserMessages: [BP_Player_10] 41
[2026.03.16-01.06.56:830][306]LogBlueprintUserMessages: [BP_Player_10] 42
[2026.03.16-01.06.56:839][307]LogBlueprintUserMessages: [BP_Player_10] 43
[2026.03.16-01.06.56:847][308]LogBlueprintUserMessages: [BP_Player_10] 44
[2026.03.16-01.06.56:855][309]LogBlueprintUserMessages: [BP_Player_10] 45
[2026.03.16-01.06.56:864][310]LogBlueprintUserMessages: [BP_Player_10] 46
[2026.03.16-01.06.56:872][311]LogBlueprintUserMessages: [BP_Player_10] 47
[2026.03.16-01.06.56:881][312]LogBlueprintUserMessages: [BP_Player_10] 48
[2026.03.16-01.06.56:889][313]LogBlueprintUserMessages: [BP_Player_10] 49
[2026.03.16-01.06.56:897][314]LogBlueprintUserMessages: [BP_Player_10] 50
[2026.03.16-01.06.56:905][315]LogBlueprintUserMessages: [BP_Player_10] 51
[2026.03.16-01.06.56:914][316]LogBlueprintUserMessages: [BP_Player_10] 52
[2026.03.16-01.06.56:922][317]LogBlueprintUserMessages: [BP_Player_10] 53
[2026.03.16-01.06.56:930][318]LogBlueprintUserMessages: [BP_Player_10] 54
[2026.03.16-01.06.56:938][319]LogBlueprintUserMessages: [BP_Player_10] 55
[2026.03.16-01.06.56:947][320]LogBlueprintUserMessages: [BP_Player_10] 56
[2026.03.16-01.06.56:955][321]LogBlueprintUserMessages: [BP_Player_10] 57
[2026.03.16-01.06.56:971][322]LogBlueprintUserMessages: [BP_Player_10] 58
[2026.03.16-01.06.56:979][323]LogBlueprintUserMessages: [BP_Player_10] 59
[2026.03.16-01.06.56:988][324]LogBlueprintUserMessages: [BP_Player_10] 60
[2026.03.16-01.06.56:996][325]LogBlueprintUserMessages: [BP_Player_10] 61
[2026.03.16-01.06.57:004][326]LogBlueprintUserMessages: [BP_Player_10] 62
[2026.03.16-01.06.57:012][327]LogBlueprintUserMessages: [BP_Player_10] 63
[2026.03.16-01.06.57:021][328]LogBlueprintUserMessages: [BP_Player_10] 64
[2026.03.16-01.06.57:029][329]LogBlueprintUserMessages: [BP_Player_10] 65
[2026.03.16-01.06.57:037][330]LogBlueprintUserMessages: [BP_Player_10] 66
[2026.03.16-01.06.57:046][331]LogBlueprintUserMessages: [BP_Player_10] 67
[2026.03.16-01.06.57:054][332]LogBlueprintUserMessages: [BP_Player_10] 68
[2026.03.16-01.06.57:062][333]LogBlueprintUserMessages: [BP_Player_10] 69
[2026.03.16-01.06.57:071][334]LogBlueprintUserMessages: [BP_Player_10] 70
[2026.03.16-01.06.57:079][335]LogBlueprintUserMessages: [BP_Player_10] 71
[2026.03.16-01.06.57:087][336]LogBlueprintUserMessages: [BP_Player_10] 72
[2026.03.16-01.06.57:096][337]LogBlueprintUserMessages: [BP_Player_10] 73
[2026.03.16-01.06.57:103][338]LogBlueprintUserMessages: [BP_Player_10] 74
[2026.03.16-01.06.57:112][339]LogBlueprintUserMessages: [BP_Player_10] 75
[2026.03.16-01.06.57:121][340]LogBlueprintUserMessages: [BP_Player_10] 76
[2026.03.16-01.06.57:129][341]LogBlueprintUserMessages: [BP_Player_10] 77
[2026.03.16-01.06.57:137][342]LogBlueprintUserMessages: [BP_Player_10] 78
[2026.03.16-01.06.57:146][343]LogBlueprintUserMessages: [BP_Player_10] 79
[2026.03.16-01.06.57:154][344]LogBlueprintUserMessages: [BP_Player_10] 80
[2026.03.16-01.06.57:162][345]LogBlueprintUserMessages: [BP_Player_10] 81
[2026.03.16-01.06.57:171][346]LogBlueprintUserMessages: [BP_Player_10] 82
[2026.03.16-01.06.57:180][347]LogBlueprintUserMessages: [BP_Player_10] 83
[2026.03.16-01.06.57:188][348]LogBlueprintUserMessages: [BP_Player_10] 84
[2026.03.16-01.06.57:196][349]LogBlueprintUserMessages: [BP_Player_10] 85
[2026.03.16-01.06.57:204][350]LogBlueprintUserMessages: [BP_Player_10] 86
[2026.03.16-01.06.57:213][351]LogBlueprintUserMessages: [BP_Player_10] 87
[2026.03.16-01.06.57:221][352]LogBlueprintUserMessages: [BP_Player_10] 88
[2026.03.16-01.06.57:229][353]LogBlueprintUserMessages: [BP_Player_10] 89
[2026.03.16-01.06.57:237][354]LogBlueprintUserMessages: [BP_Player_10] 90
[2026.03.16-01.06.57:246][355]LogBlueprintUserMessages: [BP_Player_10] 91
[2026.03.16-01.06.57:254][356]LogBlueprintUserMessages: [BP_Player_10] 92
[2026.03.16-01.06.57:263][357]LogBlueprintUserMessages: [BP_Player_10] 93
[2026.03.16-01.06.57:271][358]LogBlueprintUserMessages: [BP_Player_10] 94
[2026.03.16-01.06.57:279][359]LogBlueprintUserMessages: [BP_Player_10] 95
[2026.03.16-01.06.57:288][360]LogBlueprintUserMessages: [BP_Player_10] 96
[2026.03.16-01.06.57:296][361]LogBlueprintUserMessages: [BP_Player_10] 97
[2026.03.16-01.06.57:303][362]LogBlueprintUserMessages: [BP_Player_10] 98
[2026.03.16-01.06.57:312][363]LogBlueprintUserMessages: [BP_Player_10] 99
[2026.03.16-01.06.57:321][364]LogBlueprintUserMessages: [BP_Player_10] 100
[2026.03.16-01.06.58:097][457]LogBlueprintUserMessages: [BP_Player_10] 101
[2026.03.16-01.06.58:105][458]LogBlueprintUserMessages: [BP_Player_10] 102
[2026.03.16-01.06.58:113][459]LogBlueprintUserMessages: [BP_Player_10] 103
[2026.03.16-01.06.58:122][460]LogBlueprintUserMessages: [BP_Player_10] 104
[2026.03.16-01.06.58:130][461]LogBlueprintUserMessages: [BP_Player_10] 105
[2026.03.16-01.06.58:138][462]LogBlueprintUserMessages: [BP_Player_10] 106
[2026.03.16-01.06.58:147][463]LogBlueprintUserMessages: [BP_Player_10] 107
[2026.03.16-01.06.58:155][464]LogBlueprintUserMessages: [BP_Player_10] 108
[2026.03.16-01.06.58:163][465]LogBlueprintUserMessages: [BP_Player_10] 109
[2026.03.16-01.06.58:172][466]LogBlueprintUserMessages: [BP_Player_10] 110
[2026.03.16-01.06.58:180][467]LogBlueprintUserMessages: [BP_Player_10] 111
[2026.03.16-01.06.58:188][468]LogBlueprintUserMessages: [BP_Player_10] 112
[2026.03.16-01.06.58:197][469]LogBlueprintUserMessages: [BP_Player_10] 113
[2026.03.16-01.06.58:205][470]LogBlueprintUserMessages: [BP_Player_10] 114
[2026.03.16-01.06.58:213][471]LogBlueprintUserMessages: [BP_Player_10] 115
[2026.03.16-01.06.58:221][472]LogBlueprintUserMessages: [BP_Player_10] 116
[2026.03.16-01.06.58:230][473]LogBlueprintUserMessages: [BP_Player_10] 117
[2026.03.16-01.06.58:238][474]LogBlueprintUserMessages: [BP_Player_10] 118
[2026.03.16-01.06.58:247][475]LogBlueprintUserMessages: [BP_Player_10] 119
[2026.03.16-01.06.58:255][476]LogBlueprintUserMessages: [BP_Player_10] 120
[2026.03.16-01.06.58:263][477]LogBlueprintUserMessages: [BP_Player_10] 121
[2026.03.16-01.06.58:272][478]LogBlueprintUserMessages: [BP_Player_10] 122
[2026.03.16-01.06.58:280][479]LogBlueprintUserMessages: [BP_Player_10] 123
[2026.03.16-01.06.58:288][480]LogBlueprintUserMessages: [BP_Player_10] 124
[2026.03.16-01.06.58:297][481]LogBlueprintUserMessages: [BP_Player_10] 125
[2026.03.16-01.06.58:305][482]LogBlueprintUserMessages: [BP_Player_10] 126
[2026.03.16-01.06.58:313][483]LogBlueprintUserMessages: [BP_Player_10] 127
[2026.03.16-01.06.58:322][484]LogBlueprintUserMessages: [BP_Player_10] 128
[2026.03.16-01.06.58:330][485]LogBlueprintUserMessages: [BP_Player_10] 129
[2026.03.16-01.06.58:338][486]LogBlueprintUserMessages: [BP_Player_10] 130
[2026.03.16-01.06.58:347][487]LogBlueprintUserMessages: [BP_Player_10] 131
[2026.03.16-01.06.58:355][488]LogBlueprintUserMessages: [BP_Player_10] 132
[2026.03.16-01.06.58:363][489]LogBlueprintUserMessages: [BP_Player_10] 133
[2026.03.16-01.06.58:371][490]LogBlueprintUserMessages: [BP_Player_10] 134
[2026.03.16-01.06.58:380][491]LogBlueprintUserMessages: [BP_Player_10] 135
[2026.03.16-01.06.58:388][492]LogBlueprintUserMessages: [BP_Player_10] 136
[2026.03.16-01.06.58:397][493]LogBlueprintUserMessages: [BP_Player_10] 137
[2026.03.16-01.06.58:405][494]LogBlueprintUserMessages: [BP_Player_10] 138
[2026.03.16-01.06.58:413][495]LogBlueprintUserMessages: [BP_Player_10] 139
[2026.03.16-01.06.58:422][496]LogBlueprintUserMessages: [BP_Player_10] 140
[2026.03.16-01.06.58:430][497]LogBlueprintUserMessages: [BP_Player_10] 141
[2026.03.16-01.06.58:438][498]LogBlueprintUserMessages: [BP_Player_10] 142
[2026.03.16-01.06.58:447][499]LogBlueprintUserMessages: [BP_Player_10] 143
[2026.03.16-01.06.58:455][500]LogBlueprintUserMessages: [BP_Player_10] 144
[2026.03.16-01.06.58:463][501]LogBlueprintUserMessages: [BP_Player_10] 145
[2026.03.16-01.06.58:472][502]LogBlueprintUserMessages: [BP_Player_10] 146
[2026.03.16-01.06.58:480][503]LogBlueprintUserMessages: [BP_Player_10] 147
[2026.03.16-01.06.58:489][504]LogBlueprintUserMessages: [BP_Player_10] 148
[2026.03.16-01.06.58:497][505]LogBlueprintUserMessages: [BP_Player_10] 149
[2026.03.16-01.06.58:505][506]LogBlueprintUserMessages: [BP_Player_10] 150
[2026.03.16-01.06.58:513][507]LogBlueprintUserMessages: [BP_Player_10] 151
[2026.03.16-01.06.58:522][508]LogBlueprintUserMessages: [BP_Player_10] 152
[2026.03.16-01.06.58:530][509]LogBlueprintUserMessages: [BP_Player_10] 153
[2026.03.16-01.06.58:538][510]LogBlueprintUserMessages: [BP_Player_10] 154
[2026.03.16-01.06.58:547][511]LogBlueprintUserMessages: [BP_Player_10] 155
[2026.03.16-01.06.58:555][512]LogBlueprintUserMessages: [BP_Player_10] 156
[2026.03.16-01.06.58:563][513]LogBlueprintUserMessages: [BP_Player_10] 157
[2026.03.16-01.06.58:572][514]LogBlueprintUserMessages: [BP_Player_10] 158
[2026.03.16-01.06.58:580][515]LogBlueprintUserMessages: [BP_Player_10] 159
[2026.03.16-01.06.58:588][516]LogBlueprintUserMessages: [BP_Player_10] 160
[2026.03.16-01.06.58:596][517]LogBlueprintUserMessages: [BP_Player_10] 161
[2026.03.16-01.06.58:605][518]LogBlueprintUserMessages: [BP_Player_10] 162
[2026.03.16-01.06.58:613][519]LogBlueprintUserMessages: [BP_Player_10] 163
[2026.03.16-01.06.58:622][520]LogBlueprintUserMessages: [BP_Player_10] 164
[2026.03.16-01.06.58:630][521]LogBlueprintUserMessages: [BP_Player_10] 165
[2026.03.16-01.06.58:638][522]LogBlueprintUserMessages: [BP_Player_10] 166
[2026.03.16-01.06.58:646][523]LogBlueprintUserMessages: [BP_Player_10] 167
[2026.03.16-01.06.58:655][524]LogBlueprintUserMessages: [BP_Player_10] 168
[2026.03.16-01.06.58:663][525]LogBlueprintUserMessages: [BP_Player_10] 169
[2026.03.16-01.06.58:671][526]LogBlueprintUserMessages: [BP_Player_10] 170
[2026.03.16-01.06.58:680][527]LogBlueprintUserMessages: [BP_Player_10] 171
[2026.03.16-01.06.58:688][528]LogBlueprintUserMessages: [BP_Player_10] 172
[2026.03.16-01.06.58:696][529]LogBlueprintUserMessages: [BP_Player_10] 173
[2026.03.16-01.06.58:705][530]LogBlueprintUserMessages: [BP_Player_10] 174
[2026.03.16-01.06.58:713][531]LogBlueprintUserMessages: [BP_Player_10] 175
[2026.03.16-01.06.58:721][532]LogBlueprintUserMessages: [BP_Player_10] 176
[2026.03.16-01.06.58:730][533]LogBlueprintUserMessages: [BP_Player_10] 177
[2026.03.16-01.06.58:738][534]LogBlueprintUserMessages: [BP_Player_10] 178
[2026.03.16-01.06.58:746][535]LogBlueprintUserMessages: [BP_Player_10] 179
[2026.03.16-01.06.58:755][536]LogBlueprintUserMessages: [BP_Player_10] 180
[2026.03.16-01.06.58:763][537]LogBlueprintUserMessages: [BP_Player_10] 181
[2026.03.16-01.06.58:772][538]LogBlueprintUserMessages: [BP_Player_10] 182
[2026.03.16-01.06.58:780][539]LogBlueprintUserMessages: [BP_Player_10] 183
[2026.03.16-01.06.58:788][540]LogBlueprintUserMessages: [BP_Player_10] 184
[2026.03.16-01.06.58:797][541]LogBlueprintUserMessages: [BP_Player_10] 185
[2026.03.16-01.06.58:805][542]LogBlueprintUserMessages: [BP_Player_10] 186
[2026.03.16-01.06.58:813][543]LogBlueprintUserMessages: [BP_Player_10] 187
[2026.03.16-01.06.58:821][544]LogBlueprintUserMessages: [BP_Player_10] 188
[2026.03.16-01.06.58:830][545]LogBlueprintUserMessages: [BP_Player_10] 189
[2026.03.16-01.06.58:838][546]LogBlueprintUserMessages: [BP_Player_10] 190
[2026.03.16-01.06.58:847][547]LogBlueprintUserMessages: [BP_Player_10] 191
[2026.03.16-01.06.58:855][548]LogBlueprintUserMessages: [BP_Player_10] 192
[2026.03.16-01.06.58:863][549]LogBlueprintUserMessages: [BP_Player_10] 193
[2026.03.16-01.06.58:871][550]LogBlueprintUserMessages: [BP_Player_10] 194
[2026.03.16-01.06.58:880][551]LogBlueprintUserMessages: [BP_Player_10] 195
[2026.03.16-01.06.58:889][552]LogBlueprintUserMessages: [BP_Player_10] 196
[2026.03.16-01.06.58:896][553]LogBlueprintUserMessages: [BP_Player_10] 197
[2026.03.16-01.06.58:905][554]LogBlueprintUserMessages: [BP_Player_10] 198
[2026.03.16-01.06.58:913][555]LogBlueprintUserMessages: [BP_Player_10] 199
[2026.03.16-01.06.58:922][556]LogBlueprintUserMessages: [BP_Player_10] 200
[2026.03.16-01.06.58:930][557]LogBlueprintUserMessages: [BP_Player_10] 201
[2026.03.16-01.06.58:938][558]LogBlueprintUserMessages: [BP_Player_10] 202
[2026.03.16-01.06.58:947][559]LogBlueprintUserMessages: [BP_Player_10] 203
[2026.03.16-01.06.58:955][560]LogBlueprintUserMessages: [BP_Player_10] 204
[2026.03.16-01.06.58:973][561]LogBlueprintUserMessages: [BP_Player_10] 205
[2026.03.16-01.06.58:980][562]LogBlueprintUserMessages: [BP_Player_10] 206
[2026.03.16-01.06.58:989][563]LogBlueprintUserMessages: [BP_Player_10] 207
[2026.03.16-01.06.58:997][564]LogBlueprintUserMessages: [BP_Player_10] 208
[2026.03.16-01.06.59:006][565]LogBlueprintUserMessages: [BP_Player_10] 209
[2026.03.16-01.06.59:014][566]LogBlueprintUserMessages: [BP_Player_10] 210
[2026.03.16-01.06.59:022][567]LogBlueprintUserMessages: [BP_Player_10] 211
[2026.03.16-01.06.59:031][568]LogBlueprintUserMessages: [BP_Player_10] 212
[2026.03.16-01.06.59:039][569]LogBlueprintUserMessages: [BP_Player_10] 213
[2026.03.16-01.06.59:047][570]LogBlueprintUserMessages: [BP_Player_10] 214
[2026.03.16-01.06.59:055][571]LogBlueprintUserMessages: [BP_Player_10] 215
[2026.03.16-01.06.59:064][572]LogBlueprintUserMessages: [BP_Player_10] 216
[2026.03.16-01.06.59:072][573]LogBlueprintUserMessages: [BP_Player_10] 217
[2026.03.16-01.06.59:081][574]LogBlueprintUserMessages: [BP_Player_10] 218
[2026.03.16-01.06.59:089][575]LogBlueprintUserMessages: [BP_Player_10] 219
[2026.03.16-01.06.59:097][576]LogBlueprintUserMessages: [BP_Player_10] 220
[2026.03.16-01.06.59:106][577]LogBlueprintUserMessages: [BP_Player_10] 221
[2026.03.16-01.06.59:114][578]LogBlueprintUserMessages: [BP_Player_10] 222
[2026.03.16-01.06.59:122][579]LogBlueprintUserMessages: [BP_Player_10] 223
[2026.03.16-01.06.59:130][580]LogBlueprintUserMessages: [BP_Player_10] 224
[2026.03.16-01.06.59:139][581]LogBlueprintUserMessages: [BP_Player_10] 225
[2026.03.16-01.06.59:147][582]LogBlueprintUserMessages: [BP_Player_10] 226
[2026.03.16-01.06.59:155][583]LogBlueprintUserMessages: [BP_Player_10] 227
[2026.03.16-01.06.59:163][584]LogBlueprintUserMessages: [BP_Player_10] 228
[2026.03.16-01.06.59:172][585]LogBlueprintUserMessages: [BP_Player_10] 229
[2026.03.16-01.06.59:181][586]LogBlueprintUserMessages: [BP_Player_10] 230
[2026.03.16-01.06.59:189][587]LogBlueprintUserMessages: [BP_Player_10] 231
[2026.03.16-01.06.59:197][588]LogBlueprintUserMessages: [BP_Player_10] 232
[2026.03.16-01.06.59:205][589]LogBlueprintUserMessages: [BP_Player_10] 233
[2026.03.16-01.06.59:214][590]LogBlueprintUserMessages: [BP_Player_10] 234
[2026.03.16-01.06.59:222][591]LogBlueprintUserMessages: [BP_Player_10] 235
[2026.03.16-01.06.59:230][592]LogBlueprintUserMessages: [BP_Player_10] 236
[2026.03.16-01.06.59:239][593]LogBlueprintUserMessages: [BP_Player_10] 237
[2026.03.16-01.06.59:247][594]LogBlueprintUserMessages: [BP_Player_10] 238
[2026.03.16-01.06.59:256][595]LogBlueprintUserMessages: [BP_Player_10] 239
[2026.03.16-01.06.59:264][596]LogBlueprintUserMessages: [BP_Player_10] 240
[2026.03.16-01.06.59:272][597]LogBlueprintUserMessages: [BP_Player_10] 241
[2026.03.16-01.06.59:280][598]LogBlueprintUserMessages: [BP_Player_10] 242
[2026.03.16-01.06.59:289][599]LogBlueprintUserMessages: [BP_Player_10] 243
[2026.03.16-01.06.59:297][600]LogBlueprintUserMessages: [BP_Player_10] 244
[2026.03.16-01.06.59:306][601]LogBlueprintUserMessages: [BP_Player_10] 245
[2026.03.16-01.06.59:313][602]LogBlueprintUserMessages: [BP_Player_10] 246
[2026.03.16-01.06.59:322][603]LogBlueprintUserMessages: [BP_Player_10] 247
[2026.03.16-01.06.59:330][604]LogBlueprintUserMessages: [BP_Player_10] 248
[2026.03.16-01.06.59:339][605]LogBlueprintUserMessages: [BP_Player_10] 249
[2026.03.16-01.06.59:347][606]LogBlueprintUserMessages: [BP_Player_10] 250
[2026.03.16-01.06.59:355][607]LogBlueprintUserMessages: [BP_Player_10] 251
[2026.03.16-01.06.59:364][608]LogBlueprintUserMessages: [BP_Player_10] 252
[2026.03.16-01.06.59:373][609]LogBlueprintUserMessages: [BP_Player_10] 253
[2026.03.16-01.06.59:381][610]LogBlueprintUserMessages: [BP_Player_10] 254
[2026.03.16-01.06.59:389][611]LogBlueprintUserMessages: [BP_Player_10] 255
[2026.03.16-01.06.59:397][612]LogBlueprintUserMessages: [BP_Player_10] 256
[2026.03.16-01.06.59:406][613]LogBlueprintUserMessages: [BP_Player_10] 257
[2026.03.16-01.06.59:414][614]LogBlueprintUserMessages: [BP_Player_10] 258
[2026.03.16-01.06.59:422][615]LogBlueprintUserMessages: [BP_Player_10] 259
[2026.03.16-01.06.59:430][616]LogBlueprintUserMessages: [BP_Player_10] 260
[2026.03.16-01.06.59:439][617]LogBlueprintUserMessages: [BP_Player_10] 261
[2026.03.16-01.06.59:447][618]LogBlueprintUserMessages: [BP_Player_10] 262
[2026.03.16-01.06.59:455][619]LogBlueprintUserMessages: [BP_Player_10] 263
[2026.03.16-01.06.59:463][620]LogBlueprintUserMessages: [BP_Player_10] 264
[2026.03.16-01.06.59:472][621]LogBlueprintUserMessages: [BP_Player_10] 265
[2026.03.16-01.06.59:480][622]LogBlueprintUserMessages: [BP_Player_10] 266
[2026.03.16-01.06.59:489][623]LogBlueprintUserMessages: [BP_Player_10] 267
[2026.03.16-01.06.59:497][624]LogBlueprintUserMessages: [BP_Player_10] 268
[2026.03.16-01.06.59:506][625]LogBlueprintUserMessages: [BP_Player_10] 269
[2026.03.16-01.06.59:514][626]LogBlueprintUserMessages: [BP_Player_10] 270
[2026.03.16-01.06.59:522][627]LogBlueprintUserMessages: [BP_Player_10] 271
[2026.03.16-01.06.59:531][628]LogBlueprintUserMessages: [BP_Player_10] 272
[2026.03.16-01.06.59:539][629]LogBlueprintUserMessages: [BP_Player_10] 273
[2026.03.16-01.06.59:547][630]LogBlueprintUserMessages: [BP_Player_10] 274
[2026.03.16-01.06.59:556][631]LogBlueprintUserMessages: [BP_Player_10] 275
[2026.03.16-01.06.59:563][632]LogBlueprintUserMessages: [BP_Player_10] 276
[2026.03.16-01.06.59:573][633]LogBlueprintUserMessages: [BP_Player_10] 277
[2026.03.16-01.06.59:580][634]LogBlueprintUserMessages: [BP_Player_10] 278
[2026.03.16-01.06.59:589][635]LogBlueprintUserMessages: [BP_Player_10] 279
[2026.03.16-01.06.59:597][636]LogBlueprintUserMessages: [BP_Player_10] 280
[2026.03.16-01.06.59:606][637]LogBlueprintUserMessages: [BP_Player_10] 281
[2026.03.16-01.06.59:614][638]LogBlueprintUserMessages: [BP_Player_10] 282
[2026.03.16-01.06.59:622][639]LogBlueprintUserMessages: [BP_Player_10] 283
[2026.03.16-01.06.59:631][640]LogBlueprintUserMessages: [BP_Player_10] 284
[2026.03.16-01.06.59:640][641]LogBlueprintUserMessages: [BP_Player_10] 285
[2026.03.16-01.06.59:647][642]LogBlueprintUserMessages: [BP_Player_10] 286
[2026.03.16-01.06.59:656][643]LogBlueprintUserMessages: [BP_Player_10] 287
[2026.03.16-01.06.59:664][644]LogBlueprintUserMessages: [BP_Player_10] 288
[2026.03.16-01.06.59:672][645]LogBlueprintUserMessages: [BP_Player_10] 289
[2026.03.16-01.06.59:681][646]LogBlueprintUserMessages: [BP_Player_10] 290
[2026.03.16-01.06.59:689][647]LogBlueprintUserMessages: [BP_Player_10] 291
[2026.03.16-01.06.59:697][648]LogBlueprintUserMessages: [BP_Player_10] 292
[2026.03.16-01.06.59:706][649]LogBlueprintUserMessages: [BP_Player_10] 293
[2026.03.16-01.06.59:714][650]LogBlueprintUserMessages: [BP_Player_10] 294
[2026.03.16-01.06.59:722][651]LogBlueprintUserMessages: [BP_Player_10] 295
[2026.03.16-01.06.59:731][652]LogBlueprintUserMessages: [BP_Player_10] 296
[2026.03.16-01.06.59:739][653]LogBlueprintUserMessages: [BP_Player_10] 297
[2026.03.16-01.06.59:748][654]LogBlueprintUserMessages: [BP_Player_10] 298
[2026.03.16-01.06.59:756][655]LogBlueprintUserMessages: [BP_Player_10] 299
[2026.03.16-01.06.59:764][656]LogBlueprintUserMessages: [BP_Player_10] 300
[2026.03.16-01.06.59:772][657]LogBlueprintUserMessages: [BP_Player_10] 301
[2026.03.16-01.06.59:781][658]LogBlueprintUserMessages: [BP_Player_10] 302
[2026.03.16-01.06.59:789][659]LogBlueprintUserMessages: [BP_Player_10] 303
[2026.03.16-01.06.59:798][660]LogBlueprintUserMessages: [BP_Player_10] 304
[2026.03.16-01.06.59:806][661]LogBlueprintUserMessages: [BP_Player_10] 305
[2026.03.16-01.06.59:814][662]LogBlueprintUserMessages: [BP_Player_10] 306
[2026.03.16-01.06.59:822][663]LogBlueprintUserMessages: [BP_Player_10] 307
[2026.03.16-01.06.59:830][664]LogBlueprintUserMessages: [BP_Player_10] 308
[2026.03.16-01.06.59:839][665]LogBlueprintUserMessages: [BP_Player_10] 309
[2026.03.16-01.06.59:847][666]LogBlueprintUserMessages: [BP_Player_10] 310
[2026.03.16-01.06.59:856][667]LogBlueprintUserMessages: [BP_Player_10] 311
[2026.03.16-01.06.59:864][668]LogBlueprintUserMessages: [BP_Player_10] 312
[2026.03.16-01.06.59:872][669]LogBlueprintUserMessages: [BP_Player_10] 313
[2026.03.16-01.06.59:881][670]LogBlueprintUserMessages: [BP_Player_10] 314
[2026.03.16-01.06.59:889][671]LogBlueprintUserMessages: [BP_Player_10] 315
[2026.03.16-01.06.59:897][672]LogBlueprintUserMessages: [BP_Player_10] 316
[2026.03.16-01.06.59:906][673]LogBlueprintUserMessages: [BP_Player_10] 317
[2026.03.16-01.06.59:913][674]LogBlueprintUserMessages: [BP_Player_10] 318
[2026.03.16-01.06.59:923][675]LogBlueprintUserMessages: [BP_Player_10] 319
[2026.03.16-01.06.59:931][676]LogBlueprintUserMessages: [BP_Player_10] 320
[2026.03.16-01.06.59:939][677]LogBlueprintUserMessages: [BP_Player_10] 321
[2026.03.16-01.06.59:947][678]LogBlueprintUserMessages: [BP_Player_10] 322
[2026.03.16-01.06.59:956][679]LogBlueprintUserMessages: [BP_Player_10] 323
[2026.03.16-01.06.59:964][680]LogBlueprintUserMessages: [BP_Player_10] 324
[2026.03.16-01.06.59:972][681]LogBlueprintUserMessages: [BP_Player_10] 325
[2026.03.16-01.06.59:981][682]LogBlueprintUserMessages: [BP_Player_10] 326
[2026.03.16-01.06.59:989][683]LogBlueprintUserMessages: [BP_Player_10] 327
[2026.03.16-01.06.59:998][684]LogBlueprintUserMessages: [BP_Player_10] 328
[2026.03.16-01.07.00:006][685]LogBlueprintUserMessages: [BP_Player_10] 329
[2026.03.16-01.07.00:014][686]LogBlueprintUserMessages: [BP_Player_10] 330
[2026.03.16-01.07.00:022][687]LogBlueprintUserMessages: [BP_Player_10] 331
[2026.03.16-01.07.00:031][688]LogBlueprintUserMessages: [BP_Player_10] 332
[2026.03.16-01.07.00:039][689]LogBlueprintUserMessages: [BP_Player_10] 333
[2026.03.16-01.07.00:047][690]LogBlueprintUserMessages: [BP_Player_10] 334
[2026.03.16-01.07.00:056][691]LogBlueprintUserMessages: [BP_Player_10] 335
[2026.03.16-01.07.00:064][692]LogBlueprintUserMessages: [BP_Player_10] 336
[2026.03.16-01.07.00:072][693]LogBlueprintUserMessages: [BP_Player_10] 337
[2026.03.16-01.07.00:081][694]LogBlueprintUserMessages: [BP_Player_10] 338
[2026.03.16-01.07.00:089][695]LogBlueprintUserMessages: [BP_Player_10] 339
[2026.03.16-01.07.00:097][696]LogBlueprintUserMessages: [BP_Player_10] 340
[2026.03.16-01.07.00:106][697]LogBlueprintUserMessages: [BP_Player_10] 341
[2026.03.16-01.07.00:113][698]LogBlueprintUserMessages: [BP_Player_10] 342
[2026.03.16-01.07.00:122][699]LogBlueprintUserMessages: [BP_Player_10] 343
[2026.03.16-01.07.00:130][700]LogBlueprintUserMessages: [BP_Player_10] 344
[2026.03.16-01.07.00:139][701]LogBlueprintUserMessages: [BP_Player_10] 345
[2026.03.16-01.07.00:147][702]LogBlueprintUserMessages: [BP_Player_10] 346
[2026.03.16-01.07.00:156][703]LogBlueprintUserMessages: [BP_Player_10] 347
[2026.03.16-01.07.00:164][704]LogBlueprintUserMessages: [BP_Player_10] 348
[2026.03.16-01.07.00:172][705]LogBlueprintUserMessages: [BP_Player_10] 349
[2026.03.16-01.07.00:181][706]LogBlueprintUserMessages: [BP_Player_10] 350
[2026.03.16-01.07.00:189][707]LogBlueprintUserMessages: [BP_Player_10] 351
[2026.03.16-01.07.00:197][708]LogBlueprintUserMessages: [BP_Player_10] 352
[2026.03.16-01.07.00:205][709]LogBlueprintUserMessages: [BP_Player_10] 353
[2026.03.16-01.07.00:214][710]LogBlueprintUserMessages: [BP_Player_10] 354
[2026.03.16-01.07.00:223][711]LogBlueprintUserMessages: [BP_Player_10] 355
[2026.03.16-01.07.00:231][712]LogBlueprintUserMessages: [BP_Player_10] 356
[2026.03.16-01.07.00:239][713]LogBlueprintUserMessages: [BP_Player_10] 357
[2026.03.16-01.07.00:247][714]LogBlueprintUserMessages: [BP_Player_10] 358
[2026.03.16-01.07.00:256][715]LogBlueprintUserMessages: [BP_Player_10] 359
[2026.03.16-01.07.00:263][716]LogBlueprintUserMessages: [BP_Player_10] 360
[2026.03.16-01.07.00:272][717]LogBlueprintUserMessages: [BP_Player_10] 361
[2026.03.16-01.07.00:281][718]LogBlueprintUserMessages: [BP_Player_10] 362
[2026.03.16-01.07.00:289][719]LogBlueprintUserMessages: [BP_Player_10] 363
[2026.03.16-01.07.00:297][720]LogBlueprintUserMessages: [BP_Player_10] 364
[2026.03.16-01.07.00:306][721]LogBlueprintUserMessages: [BP_Player_10] 365
[2026.03.16-01.07.00:314][722]LogBlueprintUserMessages: [BP_Player_10] 366
[2026.03.16-01.07.00:322][723]LogBlueprintUserMessages: [BP_Player_10] 367
[2026.03.16-01.07.00:331][724]LogBlueprintUserMessages: [BP_Player_10] 368
[2026.03.16-01.07.00:339][725]LogBlueprintUserMessages: [BP_Player_10] 369
[2026.03.16-01.07.00:347][726]LogBlueprintUserMessages: [BP_Player_10] 370
[2026.03.16-01.07.00:356][727]LogBlueprintUserMessages: [BP_Player_10] 371
[2026.03.16-01.07.00:363][728]LogBlueprintUserMessages: [BP_Player_10] 372
[2026.03.16-01.07.00:372][729]LogBlueprintUserMessages: [BP_Player_10] 373
[2026.03.16-01.07.00:381][730]LogBlueprintUserMessages: [BP_Player_10] 374
[2026.03.16-01.07.00:389][731]LogBlueprintUserMessages: [BP_Player_10] 375
[2026.03.16-01.07.00:397][732]LogBlueprintUserMessages: [BP_Player_10] 376
[2026.03.16-01.07.00:406][733]LogBlueprintUserMessages: [BP_Player_10] 377
[2026.03.16-01.07.00:414][734]LogBlueprintUserMessages: [BP_Player_10] 378
[2026.03.16-01.07.00:423][735]LogBlueprintUserMessages: [BP_Player_10] 379
[2026.03.16-01.07.00:430][736]LogBlueprintUserMessages: [BP_Player_10] 380
[2026.03.16-01.07.00:439][737]LogBlueprintUserMessages: [BP_Player_10] 381
[2026.03.16-01.07.00:447][738]LogBlueprintUserMessages: [BP_Player_10] 382
[2026.03.16-01.07.00:456][739]LogBlueprintUserMessages: [BP_Player_10] 383
[2026.03.16-01.07.00:463][740]LogBlueprintUserMessages: [BP_Player_10] 384
[2026.03.16-01.07.00:472][741]LogBlueprintUserMessages: [BP_Player_10] 385
[2026.03.16-01.07.00:480][742]LogBlueprintUserMessages: [BP_Player_10] 386
[2026.03.16-01.07.00:489][743]LogBlueprintUserMessages: [BP_Player_10] 387
[2026.03.16-01.07.00:498][744]LogBlueprintUserMessages: [BP_Player_10] 388
[2026.03.16-01.07.00:506][745]LogBlueprintUserMessages: [BP_Player_10] 389
[2026.03.16-01.07.00:514][746]LogBlueprintUserMessages: [BP_Player_10] 390
[2026.03.16-01.07.00:522][747]LogBlueprintUserMessages: [BP_Player_10] 391
[2026.03.16-01.07.00:531][748]LogBlueprintUserMessages: [BP_Player_10] 392
[2026.03.16-01.07.00:539][749]LogBlueprintUserMessages: [BP_Player_10] 393
[2026.03.16-01.07.00:548][750]LogBlueprintUserMessages: [BP_Player_10] 394
[2026.03.16-01.07.00:556][751]LogBlueprintUserMessages: [BP_Player_10] 395
[2026.03.16-01.07.00:563][752]LogBlueprintUserMessages: [BP_Player_10] 396
[2026.03.16-01.07.00:573][753]LogBlueprintUserMessages: [BP_Player_10] 397
[2026.03.16-01.07.00:581][754]LogBlueprintUserMessages: [BP_Player_10] 398
[2026.03.16-01.07.00:589][755]LogBlueprintUserMessages: [BP_Player_10] 399
[2026.03.16-01.07.00:597][756]LogBlueprintUserMessages: [BP_Player_10] 400
[2026.03.16-01.07.00:606][757]LogBlueprintUserMessages: [BP_Player_10] 401
[2026.03.16-01.07.00:613][758]LogBlueprintUserMessages: [BP_Player_10] 402
[2026.03.16-01.07.00:622][759]LogBlueprintUserMessages: [BP_Player_10] 403
[2026.03.16-01.07.00:631][760]LogBlueprintUserMessages: [BP_Player_10] 404
[2026.03.16-01.07.00:639][761]LogBlueprintUserMessages: [BP_Player_10] 405
[2026.03.16-01.07.00:647][762]LogBlueprintUserMessages: [BP_Player_10] 406
[2026.03.16-01.07.00:656][763]LogBlueprintUserMessages: [BP_Player_10] 407
[2026.03.16-01.07.00:664][764]LogBlueprintUserMessages: [BP_Player_10] 408
[2026.03.16-01.07.00:673][765]LogBlueprintUserMessages: [BP_Player_10] 409
[2026.03.16-01.07.00:681][766]LogBlueprintUserMessages: [BP_Player_10] 410
[2026.03.16-01.07.00:689][767]LogBlueprintUserMessages: [BP_Player_10] 411
[2026.03.16-01.07.00:697][768]LogBlueprintUserMessages: [BP_Player_10] 412
[2026.03.16-01.07.00:706][769]LogBlueprintUserMessages: [BP_Player_10] 413
[2026.03.16-01.07.00:714][770]LogBlueprintUserMessages: [BP_Player_10] 414
[2026.03.16-01.07.00:722][771]LogBlueprintUserMessages: [BP_Player_10] 415
[2026.03.16-01.07.00:731][772]LogBlueprintUserMessages: [BP_Player_10] 416
[2026.03.16-01.07.00:739][773]LogBlueprintUserMessages: [BP_Player_10] 417
[2026.03.16-01.07.00:748][774]LogBlueprintUserMessages: [BP_Player_10] 418
[2026.03.16-01.07.00:756][775]LogBlueprintUserMessages: [BP_Player_10] 419
[2026.03.16-01.07.00:764][776]LogBlueprintUserMessages: [BP_Player_10] 420
[2026.03.16-01.07.00:772][777]LogBlueprintUserMessages: [BP_Player_10] 421
[2026.03.16-01.07.00:780][778]LogBlueprintUserMessages: [BP_Player_10] 422
[2026.03.16-01.07.00:789][779]LogBlueprintUserMessages: [BP_Player_10] 423
[2026.03.16-01.07.00:797][780]LogBlueprintUserMessages: [BP_Player_10] 424
[2026.03.16-01.07.00:805][781]LogBlueprintUserMessages: [BP_Player_10] 425
[2026.03.16-01.07.00:813][782]LogBlueprintUserMessages: [BP_Player_10] 426
[2026.03.16-01.07.00:822][783]LogBlueprintUserMessages: [BP_Player_10] 427
[2026.03.16-01.07.00:830][784]LogBlueprintUserMessages: [BP_Player_10] 428
[2026.03.16-01.07.00:840][785]LogBlueprintUserMessages: [BP_Player_10] 429
[2026.03.16-01.07.00:847][786]LogBlueprintUserMessages: [BP_Player_10] 430
[2026.03.16-01.07.00:856][787]LogBlueprintUserMessages: [BP_Player_10] 431
[2026.03.16-01.07.00:864][788]LogBlueprintUserMessages: [BP_Player_10] 432
[2026.03.16-01.07.00:873][789]LogBlueprintUserMessages: [BP_Player_10] 433
[2026.03.16-01.07.00:881][790]LogBlueprintUserMessages: [BP_Player_10] 434
[2026.03.16-01.07.00:889][791]LogBlueprintUserMessages: [BP_Player_10] 435
[2026.03.16-01.07.00:897][792]LogBlueprintUserMessages: [BP_Player_10] 436
[2026.03.16-01.07.00:906][793]LogBlueprintUserMessages: [BP_Player_10] 437
[2026.03.16-01.07.00:914][794]LogBlueprintUserMessages: [BP_Player_10] 438
[2026.03.16-01.07.00:922][795]LogBlueprintUserMessages: [BP_Player_10] 439
[2026.03.16-01.07.00:930][796]LogBlueprintUserMessages: [BP_Player_10] 440
[2026.03.16-01.07.00:939][797]LogBlueprintUserMessages: [BP_Player_10] 441
[2026.03.16-01.07.00:947][798]LogBlueprintUserMessages: [BP_Player_10] 442
[2026.03.16-01.07.00:956][799]LogBlueprintUserMessages: [BP_Player_10] 443
[2026.03.16-01.07.00:973][800]LogBlueprintUserMessages: [BP_Player_10] 444
[2026.03.16-01.07.00:981][801]LogBlueprintUserMessages: [BP_Player_10] 445
[2026.03.16-01.07.00:989][802]LogBlueprintUserMessages: [BP_Player_10] 446
[2026.03.16-01.07.00:998][803]LogBlueprintUserMessages: [BP_Player_10] 447
[2026.03.16-01.07.01:006][804]LogBlueprintUserMessages: [BP_Player_10] 448
[2026.03.16-01.07.01:014][805]LogBlueprintUserMessages: [BP_Player_10] 449
[2026.03.16-01.07.01:023][806]LogBlueprintUserMessages: [BP_Player_10] 450
[2026.03.16-01.07.01:032][807]LogBlueprintUserMessages: [BP_Player_10] 451
[2026.03.16-01.07.01:039][808]LogBlueprintUserMessages: [BP_Player_10] 452
[2026.03.16-01.07.01:048][809]LogBlueprintUserMessages: [BP_Player_10] 453
[2026.03.16-01.07.01:056][810]LogBlueprintUserMessages: [BP_Player_10] 454
[2026.03.16-01.07.01:064][811]LogBlueprintUserMessages: [BP_Player_10] 455
[2026.03.16-01.07.01:073][812]LogBlueprintUserMessages: [BP_Player_10] 456
[2026.03.16-01.07.01:081][813]LogBlueprintUserMessages: [BP_Player_10] 457
[2026.03.16-01.07.01:089][814]LogBlueprintUserMessages: [BP_Player_10] 458
[2026.03.16-01.07.01:098][815]LogBlueprintUserMessages: [BP_Player_10] 459
[2026.03.16-01.07.01:106][816]LogBlueprintUserMessages: [BP_Player_10] 460
[2026.03.16-01.07.01:114][817]LogBlueprintUserMessages: [BP_Player_10] 461
[2026.03.16-01.07.01:123][818]LogBlueprintUserMessages: [BP_Player_10] 462
[2026.03.16-01.07.01:131][819]LogBlueprintUserMessages: [BP_Player_10] 463
[2026.03.16-01.07.01:140][820]LogBlueprintUserMessages: [BP_Player_10] 464
[2026.03.16-01.07.01:148][821]LogBlueprintUserMessages: [BP_Player_10] 465
[2026.03.16-01.07.01:156][822]LogBlueprintUserMessages: [BP_Player_10] 466
[2026.03.16-01.07.01:164][823]LogBlueprintUserMessages: [BP_Player_10] 467
[2026.03.16-01.07.01:173][824]LogBlueprintUserMessages: [BP_Player_10] 468
[2026.03.16-01.07.01:181][825]LogBlueprintUserMessages: [BP_Player_10] 469
[2026.03.16-01.07.01:190][826]LogBlueprintUserMessages: [BP_Player_10] 470
[2026.03.16-01.07.01:198][827]LogBlueprintUserMessages: [BP_Player_10] 471
[2026.03.16-01.07.01:206][828]LogBlueprintUserMessages: [BP_Player_10] 472
[2026.03.16-01.07.01:214][829]LogBlueprintUserMessages: [BP_Player_10] 473
[2026.03.16-01.07.01:223][830]LogBlueprintUserMessages: [BP_Player_10] 474
[2026.03.16-01.07.01:231][831]LogBlueprintUserMessages: [BP_Player_10] 475
[2026.03.16-01.07.01:240][832]LogBlueprintUserMessages: [BP_Player_10] 476
[2026.03.16-01.07.01:248][833]LogBlueprintUserMessages: [BP_Player_10] 477
[2026.03.16-01.07.01:256][834]LogBlueprintUserMessages: [BP_Player_10] 478
[2026.03.16-01.07.01:265][835]LogBlueprintUserMessages: [BP_Player_10] 479
[2026.03.16-01.07.01:273][836]LogBlueprintUserMessages: [BP_Player_10] 480
[2026.03.16-01.07.01:281][837]LogBlueprintUserMessages: [BP_Player_10] 481
[2026.03.16-01.07.01:289][838]LogBlueprintUserMessages: [BP_Player_10] 482
[2026.03.16-01.07.01:298][839]LogBlueprintUserMessages: [BP_Player_10] 483
[2026.03.16-01.07.01:306][840]LogBlueprintUserMessages: [BP_Player_10] 484
[2026.03.16-01.07.01:315][841]LogBlueprintUserMessages: [BP_Player_10] 485
[2026.03.16-01.07.01:323][842]LogBlueprintUserMessages: [BP_Player_10] 486
[2026.03.16-01.07.01:331][843]LogBlueprintUserMessages: [BP_Player_10] 487
[2026.03.16-01.07.01:340][844]LogBlueprintUserMessages: [BP_Player_10] 488
[2026.03.16-01.07.01:348][845]LogBlueprintUserMessages: [BP_Player_10] 489
[2026.03.16-01.07.01:356][846]LogBlueprintUserMessages: [BP_Player_10] 490
[2026.03.16-01.07.01:365][847]LogBlueprintUserMessages: [BP_Player_10] 491
[2026.03.16-01.07.01:373][848]LogBlueprintUserMessages: [BP_Player_10] 492
[2026.03.16-01.07.01:381][849]LogBlueprintUserMessages: [BP_Player_10] 493
[2026.03.16-01.07.01:389][850]LogBlueprintUserMessages: [BP_Player_10] 494
[2026.03.16-01.07.01:398][851]LogBlueprintUserMessages: [BP_Player_10] 495
[2026.03.16-01.07.01:406][852]LogBlueprintUserMessages: [BP_Player_10] 496
[2026.03.16-01.07.01:415][853]LogBlueprintUserMessages: [BP_Player_10] 497
[2026.03.16-01.07.01:423][854]LogBlueprintUserMessages: [BP_Player_10] 498
[2026.03.16-01.07.01:431][855]LogBlueprintUserMessages: [BP_Player_10] 499
[2026.03.16-01.07.01:440][856]LogBlueprintUserMessages: [BP_Player_10] 500
[2026.03.16-01.07.01:515][865]LogBlueprintUserMessages: [BP_Player_10] 501
[2026.03.16-01.07.01:523][866]LogBlueprintUserMessages: [BP_Player_10] 502
[2026.03.16-01.07.01:531][867]LogBlueprintUserMessages: [BP_Player_10] 503
[2026.03.16-01.07.01:540][868]LogBlueprintUserMessages: [BP_Player_10] 504
[2026.03.16-01.07.01:548][869]LogBlueprintUserMessages: [BP_Player_10] 505
[2026.03.16-01.07.01:556][870]LogBlueprintUserMessages: [BP_Player_10] 506
[2026.03.16-01.07.01:565][871]LogBlueprintUserMessages: [BP_Player_10] 507
[2026.03.16-01.07.01:573][872]LogBlueprintUserMessages: [BP_Player_10] 508
[2026.03.16-01.07.01:581][873]LogBlueprintUserMessages: [BP_Player_10] 509
[2026.03.16-01.07.01:590][874]LogBlueprintUserMessages: [BP_Player_10] 510
[2026.03.16-01.07.01:598][875]LogBlueprintUserMessages: [BP_Player_10] 511
[2026.03.16-01.07.01:606][876]LogBlueprintUserMessages: [BP_Player_10] 512
[2026.03.16-01.07.01:615][877]LogBlueprintUserMessages: [BP_Player_10] 513
[2026.03.16-01.07.01:623][878]LogBlueprintUserMessages: [BP_Player_10] 514
[2026.03.16-01.07.01:631][879]LogBlueprintUserMessages: [BP_Player_10] 515
[2026.03.16-01.07.01:639][880]LogBlueprintUserMessages: [BP_Player_10] 516
[2026.03.16-01.07.01:648][881]LogBlueprintUserMessages: [BP_Player_10] 517
[2026.03.16-01.07.01:656][882]LogBlueprintUserMessages: [BP_Player_10] 518
[2026.03.16-01.07.01:664][883]LogBlueprintUserMessages: [BP_Player_10] 519
[2026.03.16-01.07.01:673][884]LogBlueprintUserMessages: [BP_Player_10] 520
[2026.03.16-01.07.01:681][885]LogBlueprintUserMessages: [BP_Player_10] 521
[2026.03.16-01.07.01:689][886]LogBlueprintUserMessages: [BP_Player_10] 522
[2026.03.16-01.07.01:698][887]LogBlueprintUserMessages: [BP_Player_10] 523
[2026.03.16-01.07.01:706][888]LogBlueprintUserMessages: [BP_Player_10] 524
[2026.03.16-01.07.01:715][889]LogBlueprintUserMessages: [BP_Player_10] 525
[2026.03.16-01.07.01:723][890]LogBlueprintUserMessages: [BP_Player_10] 526
[2026.03.16-01.07.01:731][891]LogBlueprintUserMessages: [BP_Player_10] 527
[2026.03.16-01.07.01:740][892]LogBlueprintUserMessages: [BP_Player_10] 528
[2026.03.16-01.07.01:748][893]LogBlueprintUserMessages: [BP_Player_10] 529
[2026.03.16-01.07.01:756][894]LogBlueprintUserMessages: [BP_Player_10] 530
[2026.03.16-01.07.01:764][895]LogBlueprintUserMessages: [BP_Player_10] 531
[2026.03.16-01.07.01:773][896]LogBlueprintUserMessages: [BP_Player_10] 532
[2026.03.16-01.07.01:781][897]LogBlueprintUserMessages: [BP_Player_10] 533
[2026.03.16-01.07.01:790][898]LogBlueprintUserMessages: [BP_Player_10] 534
[2026.03.16-01.07.01:798][899]LogBlueprintUserMessages: [BP_Player_10] 535
[2026.03.16-01.07.01:806][900]LogBlueprintUserMessages: [BP_Player_10] 536
[2026.03.16-01.07.01:814][901]LogBlueprintUserMessages: [BP_Player_10] 537
[2026.03.16-01.07.01:823][902]LogBlueprintUserMessages: [BP_Player_10] 538
[2026.03.16-01.07.01:831][903]LogBlueprintUserMessages: [BP_Player_10] 539
[2026.03.16-01.07.01:839][904]LogBlueprintUserMessages: [BP_Player_10] 540
[2026.03.16-01.07.01:848][905]LogBlueprintUserMessages: [BP_Player_10] 541
[2026.03.16-01.07.01:856][906]LogBlueprintUserMessages: [BP_Player_10] 542
[2026.03.16-01.07.01:864][907]LogBlueprintUserMessages: [BP_Player_10] 543
[2026.03.16-01.07.01:873][908]LogBlueprintUserMessages: [BP_Player_10] 544
[2026.03.16-01.07.01:881][909]LogBlueprintUserMessages: [BP_Player_10] 545
[2026.03.16-01.07.01:890][910]LogBlueprintUserMessages: [BP_Player_10] 546
[2026.03.16-01.07.01:898][911]LogBlueprintUserMessages: [BP_Player_10] 547
[2026.03.16-01.07.01:906][912]LogBlueprintUserMessages: [BP_Player_10] 548
[2026.03.16-01.07.01:915][913]LogBlueprintUserMessages: [BP_Player_10] 549
[2026.03.16-01.07.01:923][914]LogBlueprintUserMessages: [BP_Player_10] 550
[2026.03.16-01.07.01:931][915]LogBlueprintUserMessages: [BP_Player_10] 551
[2026.03.16-01.07.01:940][916]LogBlueprintUserMessages: [BP_Player_10] 552
[2026.03.16-01.07.01:948][917]LogBlueprintUserMessages: [BP_Player_10] 553
[2026.03.16-01.07.01:956][918]LogBlueprintUserMessages: [BP_Player_10] 554
[2026.03.16-01.07.01:965][919]LogBlueprintUserMessages: [BP_Player_10] 555
[2026.03.16-01.07.01:973][920]LogBlueprintUserMessages: [BP_Player_10] 556
[2026.03.16-01.07.01:981][921]LogBlueprintUserMessages: [BP_Player_10] 557
[2026.03.16-01.07.01:989][922]LogBlueprintUserMessages: [BP_Player_10] 558
[2026.03.16-01.07.01:998][923]LogBlueprintUserMessages: [BP_Player_10] 559
[2026.03.16-01.07.02:006][924]LogBlueprintUserMessages: [BP_Player_10] 560
[2026.03.16-01.07.02:015][925]LogBlueprintUserMessages: [BP_Player_10] 561
[2026.03.16-01.07.02:023][926]LogBlueprintUserMessages: [BP_Player_10] 562
[2026.03.16-01.07.02:031][927]LogBlueprintUserMessages: [BP_Player_10] 563
[2026.03.16-01.07.02:040][928]LogBlueprintUserMessages: [BP_Player_10] 564
[2026.03.16-01.07.02:047][929]LogBlueprintUserMessages: [BP_Player_10] 565
[2026.03.16-01.07.02:056][930]LogBlueprintUserMessages: [BP_Player_10] 566
[2026.03.16-01.07.02:064][931]LogBlueprintUserMessages: [BP_Player_10] 567
[2026.03.16-01.07.02:073][932]LogBlueprintUserMessages: [BP_Player_10] 568
[2026.03.16-01.07.02:081][933]LogBlueprintUserMessages: [BP_Player_10] 569
[2026.03.16-01.07.02:090][934]LogBlueprintUserMessages: [BP_Player_10] 570
[2026.03.16-01.07.02:098][935]LogBlueprintUserMessages: [BP_Player_10] 571
[2026.03.16-01.07.02:106][936]LogBlueprintUserMessages: [BP_Player_10] 572
[2026.03.16-01.07.02:114][937]LogBlueprintUserMessages: [BP_Player_10] 573
[2026.03.16-01.07.02:123][938]LogBlueprintUserMessages: [BP_Player_10] 574
[2026.03.16-01.07.02:131][939]LogBlueprintUserMessages: [BP_Player_10] 575
[2026.03.16-01.07.02:140][940]LogBlueprintUserMessages: [BP_Player_10] 576
[2026.03.16-01.07.02:148][941]LogBlueprintUserMessages: [BP_Player_10] 577
[2026.03.16-01.07.02:157][942]LogBlueprintUserMessages: [BP_Player_10] 578
[2026.03.16-01.07.02:165][943]LogBlueprintUserMessages: [BP_Player_10] 579
[2026.03.16-01.07.02:173][944]LogBlueprintUserMessages: [BP_Player_10] 580
[2026.03.16-01.07.02:181][945]LogBlueprintUserMessages: [BP_Player_10] 581
[2026.03.16-01.07.02:190][946]LogBlueprintUserMessages: [BP_Player_10] 582
[2026.03.16-01.07.02:199][947]LogBlueprintUserMessages: [BP_Player_10] 583
[2026.03.16-01.07.02:206][948]LogBlueprintUserMessages: [BP_Player_10] 584
[2026.03.16-01.07.02:215][949]LogBlueprintUserMessages: [BP_Player_10] 585
[2026.03.16-01.07.02:223][950]LogBlueprintUserMessages: [BP_Player_10] 586
[2026.03.16-01.07.02:231][951]LogBlueprintUserMessages: [BP_Player_10] 587
[2026.03.16-01.07.02:239][952]LogBlueprintUserMessages: [BP_Player_10] 588
[2026.03.16-01.07.02:248][953]LogBlueprintUserMessages: [BP_Player_10] 589
[2026.03.16-01.07.02:256][954]LogBlueprintUserMessages: [BP_Player_10] 590
[2026.03.16-01.07.02:264][955]LogBlueprintUserMessages: [BP_Player_10] 591
[2026.03.16-01.07.02:273][956]LogBlueprintUserMessages: [BP_Player_10] 592
[2026.03.16-01.07.02:281][957]LogBlueprintUserMessages: [BP_Player_10] 593
[2026.03.16-01.07.02:289][958]LogBlueprintUserMessages: [BP_Player_10] 594
[2026.03.16-01.07.02:298][959]LogBlueprintUserMessages: [BP_Player_10] 595
[2026.03.16-01.07.02:326][959]LogSlate: Updating window title bar state: overlay mode, drag disabled, window buttons hidden, title bar hidden
[2026.03.16-01.07.02:327][959]LogWorld: BeginTearingDown for /Game/Levels/UEDPIE_0_MainLevel
[2026.03.16-01.07.02:329][959]LogWorld: UWorld::CleanupWorld for MainLevel, bSessionEnded=true, bCleanupResources=true
[2026.03.16-01.07.02:402][959]LogSlate: InvalidateAllWidgets triggered.  All widgets were invalidated
[2026.03.16-01.07.02:425][959]LogPlayLevel: Display: Shutting down PIE online subsystems
[2026.03.16-01.07.02:435][959]LogSlate: InvalidateAllWidgets triggered.  All widgets were invalidated
[2026.03.16-01.07.02:467][959]LogAudio: Display: Audio Device unregistered from world 'None'.
[2026.03.16-01.07.02:467][959]LogAudioMixer: FMixerPlatformXAudio2::StopAudioStream() called
[2026.03.16-01.07.02:468][959]LogAudioMixer: FMixerPlatformXAudio2::StopAudioStream() called
[2026.03.16-01.07.02:470][959]LogSlate: Updating window title bar state: overlay mode, drag disabled, window buttons hidden, title bar hidden
[2026.03.16-01.07.02:486][959]LogUObjectHash: Compacting FUObjectHashTables data took   2.02ms
[2026.03.16-01.07.02:519][960]LogPlayLevel: Display: Destroying online subsystem :Context_23
[2026.03.16-01.10.27:468][174]LogEditorTransaction: Undo Create Pin Link
[2026.03.16-01.13.11:328][793]LogTemp: Repeating last play command: Selected Viewport
[2026.03.16-01.13.11:332][793]BlueprintLog: New page: Pre-Play auto-recompile
[2026.03.16-01.13.11:333][793]LogPlayLevel: [PlayLevel] Compiling BP_Player before play...
[2026.03.16-01.13.11:421][793]LogUObjectHash: Compacting FUObjectHashTables data took   2.75ms
[2026.03.16-01.13.11:423][793]LogPlayLevel: PlayLevel: Blueprint regeneration took 90 ms (1 blueprints)
[2026.03.16-01.13.11:423][793]PIE: New page: PIE session: MainLevel (Mar. 15, 2026, 1:13:11 p.m.)
[2026.03.16-01.13.11:456][793]LogPlayLevel: Creating play world package: /Game/Levels/UEDPIE_0_MainLevel
[2026.03.16-01.13.11:612][793]LogPlayLevel: PIE: StaticDuplicateObject took: (0.156838s)
[2026.03.16-01.13.11:613][793]LogAIModule: Creating AISystem for world MainLevel
[2026.03.16-01.13.11:613][793]LogPlayLevel: PIE: World Init took: (0.001355s)
[2026.03.16-01.13.11:614][793]LogPlayLevel: PIE: Created PIE world by copying editor world from /Game/Levels/MainLevel.MainLevel to /Game/Levels/UEDPIE_0_MainLevel.MainLevel (0.158642s)
[2026.03.16-01.13.11:638][793]LogUObjectHash: Compacting FUObjectHashTables data took   1.94ms
[2026.03.16-01.13.11:638][793]LogAudio: Display: Creating Audio Device:                 Id: 9, Scope: Unique, Realtime: True
[2026.03.16-01.13.11:638][793]LogAudioMixer: Display: Audio Mixer Platform Settings:
[2026.03.16-01.13.11:638][793]LogAudioMixer: Display: 	Sample Rate:						  48000
[2026.03.16-01.13.11:638][793]LogAudioMixer: Display: 	Callback Buffer Frame Size Requested: 1024
[2026.03.16-01.13.11:638][793]LogAudioMixer: Display: 	Callback Buffer Frame Size To Use:	  1024
[2026.03.16-01.13.11:638][793]LogAudioMixer: Display: 	Number of buffers to queue:			  2
[2026.03.16-01.13.11:638][793]LogAudioMixer: Display: 	Max Channels (voices):				  32
[2026.03.16-01.13.11:638][793]LogAudioMixer: Display: 	Number of Async Source Workers:		  0
[2026.03.16-01.13.11:638][793]LogAudio: Display: AudioDevice MaxSources: 32
[2026.03.16-01.13.11:639][793]LogAudio: Display: Audio Spatialization Plugin: None (built-in).
[2026.03.16-01.13.11:639][793]LogAudio: Display: Audio Reverb Plugin: None (built-in).
[2026.03.16-01.13.11:639][793]LogAudio: Display: Audio Occlusion Plugin: None (built-in).
[2026.03.16-01.13.11:639][793]LogAudioMixer: Display: Initializing audio mixer.
[2026.03.16-01.13.11:642][793]LogAudioMixer: Display: 0: FrontLeft
[2026.03.16-01.13.11:642][793]LogAudioMixer: Display: 1: FrontRight
[2026.03.16-01.13.11:642][793]LogAudioMixer: Display: 2: FrontCenter
[2026.03.16-01.13.11:642][793]LogAudioMixer: Display: 3: LowFrequency
[2026.03.16-01.13.11:642][793]LogAudioMixer: Display: 4: BackLeft
[2026.03.16-01.13.11:642][793]LogAudioMixer: Display: 5: BackRight
[2026.03.16-01.13.11:642][793]LogAudioMixer: Display: 6: SideLeft
[2026.03.16-01.13.11:642][793]LogAudioMixer: Display: 7: SideRight
[2026.03.16-01.13.11:655][793]LogAudioMixer: Display: Using Audio Device Headset Earphone (CORSAIR VOID PRO Wireless Gaming Headset)
[2026.03.16-01.13.11:655][793]LogAudioMixer: Display: Initializing Sound Submixes...
[2026.03.16-01.13.11:655][793]LogAudioMixer: Display: Creating Master Submix 'MasterSubmixDefault'
[2026.03.16-01.13.11:656][793]LogAudioMixer: Display: Creating Master Submix 'MasterReverbSubmixDefault'
[2026.03.16-01.13.11:656][793]LogAudioMixer: Display: Creating Master Submix 'MasterEQSubmixDefault'
[2026.03.16-01.13.11:656][793]LogAudioMixer: FMixerPlatformXAudio2::StartAudioStream() called
[2026.03.16-01.13.11:656][793]LogAudioMixer: Display: Output buffers initialized: Frames=1024, Channels=8, Samples=8192
[2026.03.16-01.13.11:657][793]LogAudioMixer: Display: Starting AudioMixerPlatformInterface::RunInternal()
[2026.03.16-01.13.11:657][793]LogAudioMixer: Display: FMixerPlatformXAudio2::SubmitBuffer() called for the first time
[2026.03.16-01.13.11:657][793]LogInit: FAudioDevice initialized.
[2026.03.16-01.13.11:657][793]LogAudio: Display: Audio Device (ID: 9) registered with world 'MainLevel'.
[2026.03.16-01.13.11:670][793]LogLoad: Game class is 'GM_RoadHopper_C'
[2026.03.16-01.13.11:733][793]LogWorld: Bringing World /Game/Levels/UEDPIE_0_MainLevel.MainLevel up for play (max tick rate 0) at 2026.03.15-19.13.11
[2026.03.16-01.13.11:735][793]LogWorld: Bringing up level for play took: 0.064095
[2026.03.16-01.13.11:735][793]LogOnline: OSS: Creating online subsystem instance for: :Context_24
[2026.03.16-01.13.11:749][793]PIE: Server logged in
[2026.03.16-01.13.11:750][793]PIE: Play in editor total start time 0.418 seconds.
[2026.03.16-01.13.14:389][ 39]LogBlueprintUserMessages: [BP_Player_10] 1
[2026.03.16-01.13.14:398][ 40]LogBlueprintUserMessages: [BP_Player_10] 2
[2026.03.16-01.13.14:406][ 41]LogBlueprintUserMessages: [BP_Player_10] 3
[2026.03.16-01.13.14:414][ 42]LogBlueprintUserMessages: [BP_Player_10] 4
[2026.03.16-01.13.14:422][ 43]LogBlueprintUserMessages: [BP_Player_10] 5
[2026.03.16-01.13.14:431][ 44]LogBlueprintUserMessages: [BP_Player_10] 6
[2026.03.16-01.13.14:439][ 45]LogBlueprintUserMessages: [BP_Player_10] 7
[2026.03.16-01.13.14:447][ 46]LogBlueprintUserMessages: [BP_Player_10] 8
[2026.03.16-01.13.14:456][ 47]LogBlueprintUserMessages: [BP_Player_10] 9
[2026.03.16-01.13.14:464][ 48]LogBlueprintUserMessages: [BP_Player_10] 10
[2026.03.16-01.13.14:472][ 49]LogBlueprintUserMessages: [BP_Player_10] 11
[2026.03.16-01.13.14:481][ 50]LogBlueprintUserMessages: [BP_Player_10] 12
[2026.03.16-01.13.14:489][ 51]LogBlueprintUserMessages: [BP_Player_10] 13
[2026.03.16-01.13.14:497][ 52]LogBlueprintUserMessages: [BP_Player_10] 14
[2026.03.16-01.13.14:506][ 53]LogBlueprintUserMessages: [BP_Player_10] 15
[2026.03.16-01.13.14:514][ 54]LogBlueprintUserMessages: [BP_Player_10] 16
[2026.03.16-01.13.14:522][ 55]LogBlueprintUserMessages: [BP_Player_10] 17
[2026.03.16-01.13.14:531][ 56]LogBlueprintUserMessages: [BP_Player_10] 18
[2026.03.16-01.13.14:539][ 57]LogBlueprintUserMessages: [BP_Player_10] 19
[2026.03.16-01.13.14:548][ 58]LogBlueprintUserMessages: [BP_Player_10] 20
[2026.03.16-01.13.14:556][ 59]LogBlueprintUserMessages: [BP_Player_10] 21
[2026.03.16-01.13.14:564][ 60]LogBlueprintUserMessages: [BP_Player_10] 22
[2026.03.16-01.13.14:572][ 61]LogBlueprintUserMessages: [BP_Player_10] 23
[2026.03.16-01.13.14:581][ 62]LogBlueprintUserMessages: [BP_Player_10] 24
[2026.03.16-01.13.14:589][ 63]LogBlueprintUserMessages: [BP_Player_10] 25
[2026.03.16-01.13.14:597][ 64]LogBlueprintUserMessages: [BP_Player_10] 26
[2026.03.16-01.13.14:606][ 65]LogBlueprintUserMessages: [BP_Player_10] 27
[2026.03.16-01.13.14:614][ 66]LogBlueprintUserMessages: [BP_Player_10] 28
[2026.03.16-01.13.14:623][ 67]LogBlueprintUserMessages: [BP_Player_10] 29
[2026.03.16-01.13.14:631][ 68]LogBlueprintUserMessages: [BP_Player_10] 30
[2026.03.16-01.13.14:639][ 69]LogBlueprintUserMessages: [BP_Player_10] 31
[2026.03.16-01.13.14:647][ 70]LogBlueprintUserMessages: [BP_Player_10] 32
[2026.03.16-01.13.14:656][ 71]LogBlueprintUserMessages: [BP_Player_10] 33
[2026.03.16-01.13.14:664][ 72]LogBlueprintUserMessages: [BP_Player_10] 34
[2026.03.16-01.13.14:672][ 73]LogBlueprintUserMessages: [BP_Player_10] 35
[2026.03.16-01.13.14:681][ 74]LogBlueprintUserMessages: [BP_Player_10] 36
[2026.03.16-01.13.14:689][ 75]LogBlueprintUserMessages: [BP_Player_10] 37
[2026.03.16-01.13.14:697][ 76]LogBlueprintUserMessages: [BP_Player_10] 38
[2026.03.16-01.13.14:706][ 77]LogBlueprintUserMessages: [BP_Player_10] 39
[2026.03.16-01.13.14:714][ 78]LogBlueprintUserMessages: [BP_Player_10] 40
[2026.03.16-01.13.14:722][ 79]LogBlueprintUserMessages: [BP_Player_10] 41
[2026.03.16-01.13.14:731][ 80]LogBlueprintUserMessages: [BP_Player_10] 42
[2026.03.16-01.13.14:739][ 81]LogBlueprintUserMessages: [BP_Player_10] 43
[2026.03.16-01.13.14:748][ 82]LogBlueprintUserMessages: [BP_Player_10] 44
[2026.03.16-01.13.14:756][ 83]LogBlueprintUserMessages: [BP_Player_10] 45
[2026.03.16-01.13.14:764][ 84]LogBlueprintUserMessages: [BP_Player_10] 46
[2026.03.16-01.13.14:773][ 85]LogBlueprintUserMessages: [BP_Player_10] 47
[2026.03.16-01.13.14:781][ 86]LogBlueprintUserMessages: [BP_Player_10] 48
[2026.03.16-01.13.14:789][ 87]LogBlueprintUserMessages: [BP_Player_10] 49
[2026.03.16-01.13.14:798][ 88]LogBlueprintUserMessages: [BP_Player_10] 50
[2026.03.16-01.13.14:806][ 89]LogBlueprintUserMessages: [BP_Player_10] 51
[2026.03.16-01.13.14:814][ 90]LogBlueprintUserMessages: [BP_Player_10] 52
[2026.03.16-01.13.14:822][ 91]LogBlueprintUserMessages: [BP_Player_10] 53
[2026.03.16-01.13.14:831][ 92]LogBlueprintUserMessages: [BP_Player_10] 54
[2026.03.16-01.13.14:839][ 93]LogBlueprintUserMessages: [BP_Player_10] 55
[2026.03.16-01.13.14:847][ 94]LogBlueprintUserMessages: [BP_Player_10] 56
[2026.03.16-01.13.14:856][ 95]LogBlueprintUserMessages: [BP_Player_10] 57
[2026.03.16-01.13.14:864][ 96]LogBlueprintUserMessages: [BP_Player_10] 58
[2026.03.16-01.13.14:873][ 97]LogBlueprintUserMessages: [BP_Player_10] 59
[2026.03.16-01.13.14:881][ 98]LogBlueprintUserMessages: [BP_Player_10] 60
[2026.03.16-01.13.14:889][ 99]LogBlueprintUserMessages: [BP_Player_10] 61
[2026.03.16-01.13.14:897][100]LogBlueprintUserMessages: [BP_Player_10] 62
[2026.03.16-01.13.14:906][101]LogBlueprintUserMessages: [BP_Player_10] 63
[2026.03.16-01.13.14:914][102]LogBlueprintUserMessages: [BP_Player_10] 64
[2026.03.16-01.13.14:923][103]LogBlueprintUserMessages: [BP_Player_10] 65
[2026.03.16-01.13.14:931][104]LogBlueprintUserMessages: [BP_Player_10] 66
[2026.03.16-01.13.14:939][105]LogBlueprintUserMessages: [BP_Player_10] 67
[2026.03.16-01.13.14:947][106]LogBlueprintUserMessages: [BP_Player_10] 68
[2026.03.16-01.13.14:956][107]LogBlueprintUserMessages: [BP_Player_10] 69
[2026.03.16-01.13.14:963][108]LogBlueprintUserMessages: [BP_Player_10] 70
[2026.03.16-01.13.14:972][109]LogBlueprintUserMessages: [BP_Player_10] 71
[2026.03.16-01.13.14:980][110]LogBlueprintUserMessages: [BP_Player_10] 72
[2026.03.16-01.13.14:989][111]LogBlueprintUserMessages: [BP_Player_10] 73
[2026.03.16-01.13.14:997][112]LogBlueprintUserMessages: [BP_Player_10] 74
[2026.03.16-01.13.15:006][113]LogBlueprintUserMessages: [BP_Player_10] 75
[2026.03.16-01.13.15:014][114]LogBlueprintUserMessages: [BP_Player_10] 76
[2026.03.16-01.13.15:022][115]LogBlueprintUserMessages: [BP_Player_10] 77
[2026.03.16-01.13.15:031][116]LogBlueprintUserMessages: [BP_Player_10] 78
[2026.03.16-01.13.15:039][117]LogBlueprintUserMessages: [BP_Player_10] 79
[2026.03.16-01.13.15:047][118]LogBlueprintUserMessages: [BP_Player_10] 80
[2026.03.16-01.13.15:056][119]LogBlueprintUserMessages: [BP_Player_10] 81
[2026.03.16-01.13.15:064][120]LogBlueprintUserMessages: [BP_Player_10] 82
[2026.03.16-01.13.15:073][121]LogBlueprintUserMessages: [BP_Player_10] 83
[2026.03.16-01.13.15:081][122]LogBlueprintUserMessages: [BP_Player_10] 84
[2026.03.16-01.13.15:089][123]LogBlueprintUserMessages: [BP_Player_10] 85
[2026.03.16-01.13.15:097][124]LogBlueprintUserMessages: [BP_Player_10] 86
[2026.03.16-01.13.15:106][125]LogBlueprintUserMessages: [BP_Player_10] 87
[2026.03.16-01.13.15:114][126]LogBlueprintUserMessages: [BP_Player_10] 88
[2026.03.16-01.13.15:122][127]LogBlueprintUserMessages: [BP_Player_10] 89
[2026.03.16-01.13.15:130][128]LogBlueprintUserMessages: [BP_Player_10] 90
[2026.03.16-01.13.15:139][129]LogBlueprintUserMessages: [BP_Player_10] 91
[2026.03.16-01.13.15:147][130]LogBlueprintUserMessages: [BP_Player_10] 92
[2026.03.16-01.13.15:156][131]LogBlueprintUserMessages: [BP_Player_10] 93
[2026.03.16-01.13.15:163][132]LogBlueprintUserMessages: [BP_Player_10] 94
[2026.03.16-01.13.15:172][133]LogBlueprintUserMessages: [BP_Player_10] 95
[2026.03.16-01.13.15:181][134]LogBlueprintUserMessages: [BP_Player_10] 96
[2026.03.16-01.13.15:189][135]LogBlueprintUserMessages: [BP_Player_10] 97
[2026.03.16-01.13.15:197][136]LogBlueprintUserMessages: [BP_Player_10] 98
[2026.03.16-01.13.15:206][137]LogBlueprintUserMessages: [BP_Player_10] 99
[2026.03.16-01.13.15:214][138]LogBlueprintUserMessages: [BP_Player_10] 100
[2026.03.16-01.13.18:131][483]LogBlueprintUserMessages: [BP_Player_10] 101
[2026.03.16-01.13.18:139][484]LogBlueprintUserMessages: [BP_Player_10] 102
[2026.03.16-01.13.18:148][485]LogBlueprintUserMessages: [BP_Player_10] 103
[2026.03.16-01.13.18:156][486]LogBlueprintUserMessages: [BP_Player_10] 104
[2026.03.16-01.13.18:164][487]LogBlueprintUserMessages: [BP_Player_10] 105
[2026.03.16-01.13.18:172][488]LogBlueprintUserMessages: [BP_Player_10] 106
[2026.03.16-01.13.18:181][489]LogBlueprintUserMessages: [BP_Player_10] 107
[2026.03.16-01.13.18:189][490]LogBlueprintUserMessages: [BP_Player_10] 108
[2026.03.16-01.13.18:198][491]LogBlueprintUserMessages: [BP_Player_10] 109
[2026.03.16-01.13.18:206][492]LogBlueprintUserMessages: [BP_Player_10] 110
[2026.03.16-01.13.18:214][493]LogBlueprintUserMessages: [BP_Player_10] 111
[2026.03.16-01.13.18:222][494]LogBlueprintUserMessages: [BP_Player_10] 112
[2026.03.16-01.13.18:231][495]LogBlueprintUserMessages: [BP_Player_10] 113
[2026.03.16-01.13.18:239][496]LogBlueprintUserMessages: [BP_Player_10] 114
[2026.03.16-01.13.18:247][497]LogBlueprintUserMessages: [BP_Player_10] 115
[2026.03.16-01.13.18:256][498]LogBlueprintUserMessages: [BP_Player_10] 116
[2026.03.16-01.13.18:263][499]LogBlueprintUserMessages: [BP_Player_10] 117
[2026.03.16-01.13.18:273][500]LogBlueprintUserMessages: [BP_Player_10] 118
[2026.03.16-01.13.18:281][501]LogBlueprintUserMessages: [BP_Player_10] 119
[2026.03.16-01.13.18:289][502]LogBlueprintUserMessages: [BP_Player_10] 120
[2026.03.16-01.13.18:297][503]LogBlueprintUserMessages: [BP_Player_10] 121
[2026.03.16-01.13.18:306][504]LogBlueprintUserMessages: [BP_Player_10] 122
[2026.03.16-01.13.18:313][505]LogBlueprintUserMessages: [BP_Player_10] 123
[2026.03.16-01.13.18:322][506]LogBlueprintUserMessages: [BP_Player_10] 124
[2026.03.16-01.13.18:331][507]LogBlueprintUserMessages: [BP_Player_10] 125
[2026.03.16-01.13.18:339][508]LogBlueprintUserMessages: [BP_Player_10] 126
[2026.03.16-01.13.18:348][509]LogBlueprintUserMessages: [BP_Player_10] 127
[2026.03.16-01.13.18:356][510]LogBlueprintUserMessages: [BP_Player_10] 128
[2026.03.16-01.13.18:364][511]LogBlueprintUserMessages: [BP_Player_10] 129
[2026.03.16-01.13.18:372][512]LogBlueprintUserMessages: [BP_Player_10] 130
[2026.03.16-01.13.18:381][513]LogBlueprintUserMessages: [BP_Player_10] 131
[2026.03.16-01.13.18:389][514]LogBlueprintUserMessages: [BP_Player_10] 132
[2026.03.16-01.13.18:398][515]LogBlueprintUserMessages: [BP_Player_10] 133
[2026.03.16-01.13.18:406][516]LogBlueprintUserMessages: [BP_Player_10] 134
[2026.03.16-01.13.18:413][517]LogBlueprintUserMessages: [BP_Player_10] 135
[2026.03.16-01.13.18:422][518]LogBlueprintUserMessages: [BP_Player_10] 136
[2026.03.16-01.13.18:431][519]LogBlueprintUserMessages: [BP_Player_10] 137
[2026.03.16-01.13.18:439][520]LogBlueprintUserMessages: [BP_Player_10] 138
[2026.03.16-01.13.18:448][521]LogBlueprintUserMessages: [BP_Player_10] 139
[2026.03.16-01.13.18:456][522]LogBlueprintUserMessages: [BP_Player_10] 140
[2026.03.16-01.13.18:464][523]LogBlueprintUserMessages: [BP_Player_10] 141
[2026.03.16-01.13.18:472][524]LogBlueprintUserMessages: [BP_Player_10] 142
[2026.03.16-01.13.18:481][525]LogBlueprintUserMessages: [BP_Player_10] 143
[2026.03.16-01.13.18:489][526]LogBlueprintUserMessages: [BP_Player_10] 144
[2026.03.16-01.13.18:497][527]LogBlueprintUserMessages: [BP_Player_10] 145
[2026.03.16-01.13.18:506][528]LogBlueprintUserMessages: [BP_Player_10] 146
[2026.03.16-01.13.18:513][529]LogBlueprintUserMessages: [BP_Player_10] 147
[2026.03.16-01.13.18:523][530]LogBlueprintUserMessages: [BP_Player_10] 148
[2026.03.16-01.13.18:531][531]LogBlueprintUserMessages: [BP_Player_10] 149
[2026.03.16-01.13.18:539][532]LogBlueprintUserMessages: [BP_Player_10] 150
[2026.03.16-01.13.18:548][533]LogBlueprintUserMessages: [BP_Player_10] 151
[2026.03.16-01.13.18:556][534]LogBlueprintUserMessages: [BP_Player_10] 152
[2026.03.16-01.13.18:564][535]LogBlueprintUserMessages: [BP_Player_10] 153
[2026.03.16-01.13.18:572][536]LogBlueprintUserMessages: [BP_Player_10] 154
[2026.03.16-01.13.18:581][537]LogBlueprintUserMessages: [BP_Player_10] 155
[2026.03.16-01.13.18:589][538]LogBlueprintUserMessages: [BP_Player_10] 156
[2026.03.16-01.13.18:598][539]LogBlueprintUserMessages: [BP_Player_10] 157
[2026.03.16-01.13.18:606][540]LogBlueprintUserMessages: [BP_Player_10] 158
[2026.03.16-01.13.18:614][541]LogBlueprintUserMessages: [BP_Player_10] 159
[2026.03.16-01.13.18:623][542]LogBlueprintUserMessages: [BP_Player_10] 160
[2026.03.16-01.13.18:631][543]LogBlueprintUserMessages: [BP_Player_10] 161
[2026.03.16-01.13.18:639][544]LogBlueprintUserMessages: [BP_Player_10] 162
[2026.03.16-01.13.18:647][545]LogBlueprintUserMessages: [BP_Player_10] 163
[2026.03.16-01.13.18:656][546]LogBlueprintUserMessages: [BP_Player_10] 164
[2026.03.16-01.13.18:665][547]LogBlueprintUserMessages: [BP_Player_10] 165
[2026.03.16-01.13.18:672][548]LogBlueprintUserMessages: [BP_Player_10] 166
[2026.03.16-01.13.18:681][549]LogBlueprintUserMessages: [BP_Player_10] 167
[2026.03.16-01.13.18:689][550]LogBlueprintUserMessages: [BP_Player_10] 168
[2026.03.16-01.13.18:698][551]LogBlueprintUserMessages: [BP_Player_10] 169
[2026.03.16-01.13.18:706][552]LogBlueprintUserMessages: [BP_Player_10] 170
[2026.03.16-01.13.18:714][553]LogBlueprintUserMessages: [BP_Player_10] 171
[2026.03.16-01.13.18:723][554]LogBlueprintUserMessages: [BP_Player_10] 172
[2026.03.16-01.13.18:731][555]LogBlueprintUserMessages: [BP_Player_10] 173
[2026.03.16-01.13.18:739][556]LogBlueprintUserMessages: [BP_Player_10] 174
[2026.03.16-01.13.18:748][557]LogBlueprintUserMessages: [BP_Player_10] 175
[2026.03.16-01.13.18:756][558]LogBlueprintUserMessages: [BP_Player_10] 176
[2026.03.16-01.13.18:764][559]LogBlueprintUserMessages: [BP_Player_10] 177
[2026.03.16-01.13.18:773][560]LogBlueprintUserMessages: [BP_Player_10] 178
[2026.03.16-01.13.18:781][561]LogBlueprintUserMessages: [BP_Player_10] 179
[2026.03.16-01.13.18:789][562]LogBlueprintUserMessages: [BP_Player_10] 180
[2026.03.16-01.13.18:798][563]LogBlueprintUserMessages: [BP_Player_10] 181
[2026.03.16-01.13.18:806][564]LogBlueprintUserMessages: [BP_Player_10] 182
[2026.03.16-01.13.18:813][565]LogBlueprintUserMessages: [BP_Player_10] 183
[2026.03.16-01.13.18:822][566]LogBlueprintUserMessages: [BP_Player_10] 184
[2026.03.16-01.13.18:831][567]LogBlueprintUserMessages: [BP_Player_10] 185
[2026.03.16-01.13.18:840][568]LogBlueprintUserMessages: [BP_Player_10] 186
[2026.03.16-01.13.18:848][569]LogBlueprintUserMessages: [BP_Player_10] 187
[2026.03.16-01.13.18:856][570]LogBlueprintUserMessages: [BP_Player_10] 188
[2026.03.16-01.13.18:863][571]LogBlueprintUserMessages: [BP_Player_10] 189
[2026.03.16-01.13.18:872][572]LogBlueprintUserMessages: [BP_Player_10] 190
[2026.03.16-01.13.18:881][573]LogBlueprintUserMessages: [BP_Player_10] 191
[2026.03.16-01.13.18:889][574]LogBlueprintUserMessages: [BP_Player_10] 192
[2026.03.16-01.13.18:897][575]LogBlueprintUserMessages: [BP_Player_10] 193
[2026.03.16-01.13.18:906][576]LogBlueprintUserMessages: [BP_Player_10] 194
[2026.03.16-01.13.18:913][577]LogBlueprintUserMessages: [BP_Player_10] 195
[2026.03.16-01.13.18:922][578]LogBlueprintUserMessages: [BP_Player_10] 196
[2026.03.16-01.13.18:931][579]LogBlueprintUserMessages: [BP_Player_10] 197
[2026.03.16-01.13.18:939][580]LogBlueprintUserMessages: [BP_Player_10] 198
[2026.03.16-01.13.18:948][581]LogBlueprintUserMessages: [BP_Player_10] 199
[2026.03.16-01.13.18:956][582]LogBlueprintUserMessages: [BP_Player_10] 200
[2026.03.16-01.13.23:306][921]LogSlate: Updating window title bar state: overlay mode, drag disabled, window buttons hidden, title bar hidden
[2026.03.16-01.13.23:306][921]LogWorld: BeginTearingDown for /Game/Levels/UEDPIE_0_MainLevel
[2026.03.16-01.13.23:309][921]LogWorld: UWorld::CleanupWorld for MainLevel, bSessionEnded=true, bCleanupResources=true
[2026.03.16-01.13.23:386][921]LogSlate: InvalidateAllWidgets triggered.  All widgets were invalidated
[2026.03.16-01.13.23:405][921]LogPlayLevel: Display: Shutting down PIE online subsystems
[2026.03.16-01.13.23:415][921]LogSlate: InvalidateAllWidgets triggered.  All widgets were invalidated
[2026.03.16-01.13.23:437][921]LogSlate: Updating window title bar state: overlay mode, drag disabled, window buttons hidden, title bar hidden
[2026.03.16-01.13.23:448][921]LogAudioMixer: FMixerPlatformXAudio2::StopAudioStream() called
[2026.03.16-01.13.23:449][921]LogAudioMixer: FMixerPlatformXAudio2::StopAudioStream() called
[2026.03.16-01.13.23:463][921]LogUObjectHash: Compacting FUObjectHashTables data took   2.01ms
[2026.03.16-01.13.23:521][922]LogPlayLevel: Display: Destroying online subsystem :Context_24
[2026.03.16-01.14.32:883][489]LogSlate: Window 'Delete Variable' being destroyed
[2026.03.16-01.14.37:773][951]BlueprintLog: New page: Compile BP_Player
[2026.03.16-01.14.37:831][951]LogUObjectHash: Compacting FUObjectHashTables data took   2.38ms
[2026.03.16-01.14.40:316][168]LogEditorViewport: Clicking on Actor (LMB): BP_TileRow_C (BP_TileRow5)
[2026.03.16-01.14.41:095][256]LogTemp: Repeating last play command: Selected Viewport
[2026.03.16-01.14.41:100][256]LogPlayLevel: PlayLevel: No blueprints needed recompiling
[2026.03.16-01.14.41:100][256]PIE: New page: PIE session: MainLevel (Mar. 15, 2026, 1:14:41 p.m.)
[2026.03.16-01.14.41:100][256]LogPlayLevel: Creating play world package: /Game/Levels/UEDPIE_0_MainLevel
[2026.03.16-01.14.41:254][256]LogPlayLevel: PIE: StaticDuplicateObject took: (0.154564s)
[2026.03.16-01.14.41:255][256]LogAIModule: Creating AISystem for world MainLevel
[2026.03.16-01.14.41:255][256]LogPlayLevel: PIE: World Init took: (0.001095s)
[2026.03.16-01.14.41:255][256]LogPlayLevel: PIE: Created PIE world by copying editor world from /Game/Levels/MainLevel.MainLevel to /Game/Levels/UEDPIE_0_MainLevel.MainLevel (0.155932s)
[2026.03.16-01.14.41:282][256]LogUObjectHash: Compacting FUObjectHashTables data took   2.54ms
[2026.03.16-01.14.41:283][256]LogAudio: Display: Creating Audio Device:                 Id: 10, Scope: Unique, Realtime: True
[2026.03.16-01.14.41:283][256]LogAudioMixer: Display: Audio Mixer Platform Settings:
[2026.03.16-01.14.41:283][256]LogAudioMixer: Display: 	Sample Rate:						  48000
[2026.03.16-01.14.41:283][256]LogAudioMixer: Display: 	Callback Buffer Frame Size Requested: 1024
[2026.03.16-01.14.41:283][256]LogAudioMixer: Display: 	Callback Buffer Frame Size To Use:	  1024
[2026.03.16-01.14.41:283][256]LogAudioMixer: Display: 	Number of buffers to queue:			  2
[2026.03.16-01.14.41:283][256]LogAudioMixer: Display: 	Max Channels (voices):				  32
[2026.03.16-01.14.41:283][256]LogAudioMixer: Display: 	Number of Async Source Workers:		  0
[2026.03.16-01.14.41:283][256]LogAudio: Display: AudioDevice MaxSources: 32
[2026.03.16-01.14.41:283][256]LogAudio: Display: Audio Spatialization Plugin: None (built-in).
[2026.03.16-01.14.41:283][256]LogAudio: Display: Audio Reverb Plugin: None (built-in).
[2026.03.16-01.14.41:283][256]LogAudio: Display: Audio Occlusion Plugin: None (built-in).
[2026.03.16-01.14.41:283][256]LogAudioMixer: Display: Initializing audio mixer.
[2026.03.16-01.14.41:286][256]LogAudioMixer: Display: 0: FrontLeft
[2026.03.16-01.14.41:286][256]LogAudioMixer: Display: 1: FrontRight
[2026.03.16-01.14.41:286][256]LogAudioMixer: Display: 2: FrontCenter
[2026.03.16-01.14.41:286][256]LogAudioMixer: Display: 3: LowFrequency
[2026.03.16-01.14.41:286][256]LogAudioMixer: Display: 4: BackLeft
[2026.03.16-01.14.41:286][256]LogAudioMixer: Display: 5: BackRight
[2026.03.16-01.14.41:286][256]LogAudioMixer: Display: 6: SideLeft
[2026.03.16-01.14.41:287][256]LogAudioMixer: Display: 7: SideRight
[2026.03.16-01.14.41:299][256]LogAudioMixer: Display: Using Audio Device Headset Earphone (CORSAIR VOID PRO Wireless Gaming Headset)
[2026.03.16-01.14.41:299][256]LogAudioMixer: Display: Initializing Sound Submixes...
[2026.03.16-01.14.41:299][256]LogAudioMixer: Display: Creating Master Submix 'MasterSubmixDefault'
[2026.03.16-01.14.41:299][256]LogAudioMixer: Display: Creating Master Submix 'MasterReverbSubmixDefault'
[2026.03.16-01.14.41:299][256]LogAudioMixer: Display: Creating Master Submix 'MasterEQSubmixDefault'
[2026.03.16-01.14.41:299][256]LogAudioMixer: FMixerPlatformXAudio2::StartAudioStream() called
[2026.03.16-01.14.41:299][256]LogAudioMixer: Display: Output buffers initialized: Frames=1024, Channels=8, Samples=8192
[2026.03.16-01.14.41:300][256]LogAudioMixer: Display: Starting AudioMixerPlatformInterface::RunInternal()
[2026.03.16-01.14.41:300][256]LogAudioMixer: Display: FMixerPlatformXAudio2::SubmitBuffer() called for the first time
[2026.03.16-01.14.41:300][256]LogInit: FAudioDevice initialized.
[2026.03.16-01.14.41:300][256]LogAudio: Display: Audio Device (ID: 10) registered with world 'MainLevel'.
[2026.03.16-01.14.41:311][256]LogLoad: Game class is 'GM_RoadHopper_C'
[2026.03.16-01.14.41:375][256]LogWorld: Bringing World /Game/Levels/UEDPIE_0_MainLevel.MainLevel up for play (max tick rate 0) at 2026.03.15-19.14.41
[2026.03.16-01.14.41:376][256]LogWorld: Bringing up level for play took: 0.064165
[2026.03.16-01.14.41:376][256]LogOnline: OSS: Creating online subsystem instance for: :Context_25
[2026.03.16-01.14.41:390][256]PIE: Server logged in
[2026.03.16-01.14.41:391][256]PIE: Play in editor total start time 0.292 seconds.
[2026.03.16-01.14.41:950][320]LogBlueprintUserMessages: [BP_Player_10] 1
[2026.03.16-01.14.42:575][395]LogBlueprintUserMessages: [BP_Player_10] 2
[2026.03.16-01.14.44:007][562]LogSlate: Updating window title bar state: overlay mode, drag disabled, window buttons hidden, title bar hidden
[2026.03.16-01.14.44:007][562]LogWorld: BeginTearingDown for /Game/Levels/UEDPIE_0_MainLevel
[2026.03.16-01.14.44:009][562]LogWorld: UWorld::CleanupWorld for MainLevel, bSessionEnded=true, bCleanupResources=true
[2026.03.16-01.14.44:080][562]LogSlate: InvalidateAllWidgets triggered.  All widgets were invalidated
[2026.03.16-01.14.44:101][562]LogPlayLevel: Display: Shutting down PIE online subsystems
[2026.03.16-01.14.44:110][562]LogSlate: InvalidateAllWidgets triggered.  All widgets were invalidated
[2026.03.16-01.14.44:140][562]LogAudio: Display: Audio Device unregistered from world 'None'.
[2026.03.16-01.14.44:141][562]LogAudioMixer: FMixerPlatformXAudio2::StopAudioStream() called
[2026.03.16-01.14.44:142][562]LogAudioMixer: FMixerPlatformXAudio2::StopAudioStream() called
[2026.03.16-01.14.44:143][562]LogSlate: Updating window title bar state: overlay mode, drag disabled, window buttons hidden, title bar hidden
[2026.03.16-01.14.44:153][562]LogUObjectHash: Compacting FUObjectHashTables data took   2.14ms
[2026.03.16-01.14.44:186][563]LogPlayLevel: Display: Destroying online subsystem :Context_25
[2026.03.16-01.14.45:551][723]LogTemp: Repeating last play command: Selected Viewport
[2026.03.16-01.14.45:556][723]LogPlayLevel: PlayLevel: No blueprints needed recompiling
[2026.03.16-01.14.45:556][723]PIE: New page: PIE session: MainLevel (Mar. 15, 2026, 1:14:45 p.m.)
[2026.03.16-01.14.45:575][723]LogPlayLevel: Creating play world package: /Game/Levels/UEDPIE_0_MainLevel
[2026.03.16-01.14.45:733][723]LogPlayLevel: PIE: StaticDuplicateObject took: (0.157322s)
[2026.03.16-01.14.45:733][723]LogAIModule: Creating AISystem for world MainLevel
[2026.03.16-01.14.45:733][723]LogPlayLevel: PIE: World Init took: (0.001078s)
[2026.03.16-01.14.45:733][723]LogPlayLevel: PIE: Created PIE world by copying editor world from /Game/Levels/MainLevel.MainLevel to /Game/Levels/UEDPIE_0_MainLevel.MainLevel (0.158726s)
[2026.03.16-01.14.45:757][723]LogUObjectHash: Compacting FUObjectHashTables data took   1.85ms
[2026.03.16-01.14.45:759][723]LogAudio: Display: Creating Audio Device:                 Id: 11, Scope: Unique, Realtime: True
[2026.03.16-01.14.45:760][723]LogAudioMixer: Display: Audio Mixer Platform Settings:
[2026.03.16-01.14.45:760][723]LogAudioMixer: Display: 	Sample Rate:						  48000
[2026.03.16-01.14.45:760][723]LogAudioMixer: Display: 	Callback Buffer Frame Size Requested: 1024
[2026.03.16-01.14.45:760][723]LogAudioMixer: Display: 	Callback Buffer Frame Size To Use:	  1024
[2026.03.16-01.14.45:760][723]LogAudioMixer: Display: 	Number of buffers to queue:			  2
[2026.03.16-01.14.45:760][723]LogAudioMixer: Display: 	Max Channels (voices):				  32
[2026.03.16-01.14.45:760][723]LogAudioMixer: Display: 	Number of Async Source Workers:		  0
[2026.03.16-01.14.45:760][723]LogAudio: Display: AudioDevice MaxSources: 32
[2026.03.16-01.14.45:760][723]LogAudio: Display: Audio Spatialization Plugin: None (built-in).
[2026.03.16-01.14.45:760][723]LogAudio: Display: Audio Reverb Plugin: None (built-in).
[2026.03.16-01.14.45:760][723]LogAudio: Display: Audio Occlusion Plugin: None (built-in).
[2026.03.16-01.14.45:760][723]LogAudioMixer: Display: Initializing audio mixer.
[2026.03.16-01.14.45:763][723]LogAudioMixer: Display: 0: FrontLeft
[2026.03.16-01.14.45:763][723]LogAudioMixer: Display: 1: FrontRight
[2026.03.16-01.14.45:763][723]LogAudioMixer: Display: 2: FrontCenter
[2026.03.16-01.14.45:763][723]LogAudioMixer: Display: 3: LowFrequency
[2026.03.16-01.14.45:763][723]LogAudioMixer: Display: 4: BackLeft
[2026.03.16-01.14.45:763][723]LogAudioMixer: Display: 5: BackRight
[2026.03.16-01.14.45:763][723]LogAudioMixer: Display: 6: SideLeft
[2026.03.16-01.14.45:763][723]LogAudioMixer: Display: 7: SideRight
[2026.03.16-01.14.45:775][723]LogAudioMixer: Display: Using Audio Device Headset Earphone (CORSAIR VOID PRO Wireless Gaming Headset)
[2026.03.16-01.14.45:775][723]LogAudioMixer: Display: Initializing Sound Submixes...
[2026.03.16-01.14.45:775][723]LogAudioMixer: Display: Creating Master Submix 'MasterSubmixDefault'
[2026.03.16-01.14.45:775][723]LogAudioMixer: Display: Creating Master Submix 'MasterReverbSubmixDefault'
[2026.03.16-01.14.45:775][723]LogAudioMixer: Display: Creating Master Submix 'MasterEQSubmixDefault'
[2026.03.16-01.14.45:775][723]LogAudioMixer: FMixerPlatformXAudio2::StartAudioStream() called
[2026.03.16-01.14.45:776][723]LogAudioMixer: Display: Output buffers initialized: Frames=1024, Channels=8, Samples=8192
[2026.03.16-01.14.45:776][723]LogAudioMixer: Display: Starting AudioMixerPlatformInterface::RunInternal()
[2026.03.16-01.14.45:776][723]LogAudioMixer: Display: FMixerPlatformXAudio2::SubmitBuffer() called for the first time
[2026.03.16-01.14.45:776][723]LogInit: FAudioDevice initialized.
[2026.03.16-01.14.45:776][723]LogAudio: Display: Audio Device (ID: 11) registered with world 'MainLevel'.
[2026.03.16-01.14.45:786][723]LogLoad: Game class is 'GM_RoadHopper_C'
[2026.03.16-01.14.45:846][723]LogWorld: Bringing World /Game/Levels/UEDPIE_0_MainLevel.MainLevel up for play (max tick rate 0) at 2026.03.15-19.14.45
[2026.03.16-01.14.45:848][723]LogWorld: Bringing up level for play took: 0.061240
[2026.03.16-01.14.45:848][723]LogOnline: OSS: Creating online subsystem instance for: :Context_26
[2026.03.16-01.14.45:862][723]PIE: Server logged in
[2026.03.16-01.14.45:863][723]PIE: Play in editor total start time 0.308 seconds.
[2026.03.16-01.14.47:227][884]LogBlueprintUserMessages: [BP_Player_10] 1
[2026.03.16-01.14.47:377][902]LogBlueprintUserMessages: [BP_Player_10] 2
[2026.03.16-01.14.47:952][970]LogBlueprintUserMessages: [BP_Player_10] 3
[2026.03.16-01.14.48:403][ 24]LogBlueprintUserMessages: [BP_Player_10] 4
[2026.03.16-01.14.48:536][ 40]LogBlueprintUserMessages: [BP_Player_10] 5
[2026.03.16-01.14.48:653][ 54]LogBlueprintUserMessages: [BP_Player_10] 6
[2026.03.16-01.14.48:786][ 70]LogBlueprintUserMessages: [BP_Player_10] 7
[2026.03.16-01.14.48:919][ 86]LogBlueprintUserMessages: [BP_Player_10] 8
[2026.03.16-01.14.49:053][102]LogBlueprintUserMessages: [BP_Player_10] 9
[2026.03.16-01.14.49:178][117]LogBlueprintUserMessages: [BP_Player_10] 10
[2026.03.16-01.14.49:303][132]LogBlueprintUserMessages: [BP_Player_10] 11
[2026.03.16-01.14.49:436][148]LogBlueprintUserMessages: [BP_Player_10] 12
[2026.03.16-01.14.49:578][164]LogBlueprintUserMessages: [BP_Player_10] 13
[2026.03.16-01.14.49:695][178]LogBlueprintUserMessages: [BP_Player_10] 14
[2026.03.16-01.14.49:820][193]LogBlueprintUserMessages: [BP_Player_10] 15
[2026.03.16-01.14.49:953][209]LogBlueprintUserMessages: [BP_Player_10] 16
[2026.03.16-01.14.50:086][225]LogBlueprintUserMessages: [BP_Player_10] 17
[2026.03.16-01.14.50:229][242]LogBlueprintUserMessages: [BP_Player_10] 18
[2026.03.16-01.14.50:370][259]LogBlueprintUserMessages: [BP_Player_10] 19
[2026.03.16-01.14.50:511][276]LogBlueprintUserMessages: [BP_Player_10] 20
[2026.03.16-01.14.50:636][291]LogBlueprintUserMessages: [BP_Player_10] 21
[2026.03.16-01.14.50:786][309]LogBlueprintUserMessages: [BP_Player_10] 22
[2026.03.16-01.14.50:920][325]LogBlueprintUserMessages: [BP_Player_10] 23
[2026.03.16-01.14.51:070][343]LogBlueprintUserMessages: [BP_Player_10] 24
[2026.03.16-01.14.51:211][360]LogBlueprintUserMessages: [BP_Player_10] 25
[2026.03.16-01.14.51:353][377]LogBlueprintUserMessages: [BP_Player_10] 26
[2026.03.16-01.14.51:487][393]LogBlueprintUserMessages: [BP_Player_10] 27
[2026.03.16-01.14.51:630][409]LogBlueprintUserMessages: [BP_Player_10] 28
[2026.03.16-01.14.52:439][506]LogBlueprintUserMessages: [BP_Player_10] 29
[2026.03.16-01.14.52:580][523]LogBlueprintUserMessages: [BP_Player_10] 30
[2026.03.16-01.14.52:713][539]LogBlueprintUserMessages: [BP_Player_10] 31
[2026.03.16-01.14.52:838][554]LogBlueprintUserMessages: [BP_Player_10] 32
[2026.03.16-01.14.52:972][570]LogBlueprintUserMessages: [BP_Player_10] 33
[2026.03.16-01.14.53:105][586]LogBlueprintUserMessages: [BP_Player_10] 34
[2026.03.16-01.14.53:247][603]LogBlueprintUserMessages: [BP_Player_10] 35
[2026.03.16-01.14.53:530][637]LogBlueprintUserMessages: [BP_Player_10] 36
[2026.03.16-01.14.54:501][752]LogBlueprintUserMessages: [BP_Player_10] 37
[2026.03.16-01.14.54:626][767]LogBlueprintUserMessages: [BP_Player_10] 38
[2026.03.16-01.14.54:759][783]LogBlueprintUserMessages: [BP_Player_10] 39
[2026.03.16-01.14.56:272][961]LogBlueprintUserMessages: [BP_Player_10] 40
[2026.03.16-01.14.56:983][ 45]LogBlueprintUserMessages: [BP_Player_10] 41
[2026.03.16-01.14.57:112][ 60]LogBlueprintUserMessages: [BP_Player_10] 42
[2026.03.16-01.14.57:246][ 76]LogBlueprintUserMessages: [BP_Player_10] 43
[2026.03.16-01.14.57:382][ 92]LogBlueprintUserMessages: [BP_Player_10] 44
[2026.03.16-01.14.57:544][111]LogBlueprintUserMessages: [BP_Player_10] 45
[2026.03.16-01.14.57:816][139]LogBlueprintUserMessages: [BP_Player_10] 46
[2026.03.16-01.14.58:419][205]LogBlueprintUserMessages: [BP_Player_10] 47
[2026.03.16-01.14.58:797][246]LogBlueprintUserMessages: [BP_Player_10] 48
[2026.03.16-01.14.58:942][262]LogBlueprintUserMessages: [BP_Player_10] 49
[2026.03.16-01.14.59:080][277]LogBlueprintUserMessages: [BP_Player_10] 50
[2026.03.16-01.15.00:816][449]LogSlate: Updating window title bar state: overlay mode, drag disabled, window buttons hidden, title bar hidden
[2026.03.16-01.15.00:816][449]LogWorld: BeginTearingDown for /Game/Levels/UEDPIE_0_MainLevel
[2026.03.16-01.15.00:819][449]LogWorld: UWorld::CleanupWorld for MainLevel, bSessionEnded=true, bCleanupResources=true
[2026.03.16-01.15.00:895][449]LogSlate: InvalidateAllWidgets triggered.  All widgets were invalidated
[2026.03.16-01.15.00:907][449]LogPlayLevel: Display: Shutting down PIE online subsystems
[2026.03.16-01.15.00:918][449]LogSlate: InvalidateAllWidgets triggered.  All widgets were invalidated
[2026.03.16-01.15.00:940][449]LogSlate: Updating window title bar state: overlay mode, drag disabled, window buttons hidden, title bar hidden
[2026.03.16-01.15.00:943][449]LogAudioMixer: FMixerPlatformXAudio2::StopAudioStream() called
[2026.03.16-01.15.00:944][449]LogAudioMixer: FMixerPlatformXAudio2::StopAudioStream() called
[2026.03.16-01.15.00:969][449]LogUObjectHash: Compacting FUObjectHashTables data took   1.91ms
[2026.03.16-01.15.01:003][450]LogPlayLevel: Display: Destroying online subsystem :Context_26
[2026.03.16-01.17.18:998][404]BlueprintLog: New page: Compile BP_Player
[2026.03.16-01.17.19:047][404]LogUObjectHash: Compacting FUObjectHashTables data took   2.56ms
[2026.03.16-01.17.20:737][543]LogEditorViewport: Clicking on Actor (LMB): BP_TileRow_C (BP_TileRow41)
[2026.03.16-01.17.54:871][ 71]LogTemp: Repeating last play command: Selected Viewport
[2026.03.16-01.17.54:876][ 71]LogPlayLevel: PlayLevel: No blueprints needed recompiling
[2026.03.16-01.17.54:876][ 71]PIE: New page: PIE session: MainLevel (Mar. 15, 2026, 1:17:54 p.m.)
[2026.03.16-01.17.54:905][ 71]LogPlayLevel: Creating play world package: /Game/Levels/UEDPIE_0_MainLevel
[2026.03.16-01.17.55:064][ 71]LogPlayLevel: PIE: StaticDuplicateObject took: (0.158685s)
[2026.03.16-01.17.55:065][ 71]LogAIModule: Creating AISystem for world MainLevel
[2026.03.16-01.17.55:066][ 71]LogPlayLevel: PIE: World Init took: (0.001279s)
[2026.03.16-01.17.55:066][ 71]LogPlayLevel: PIE: Created PIE world by copying editor world from /Game/Levels/MainLevel.MainLevel to /Game/Levels/UEDPIE_0_MainLevel.MainLevel (0.160315s)
[2026.03.16-01.17.55:089][ 71]LogUObjectHash: Compacting FUObjectHashTables data took   2.57ms
[2026.03.16-01.17.55:092][ 71]LogAudio: Display: Creating Audio Device:                 Id: 12, Scope: Unique, Realtime: True
[2026.03.16-01.17.55:092][ 71]LogAudioMixer: Display: Audio Mixer Platform Settings:
[2026.03.16-01.17.55:092][ 71]LogAudioMixer: Display: 	Sample Rate:						  48000
[2026.03.16-01.17.55:092][ 71]LogAudioMixer: Display: 	Callback Buffer Frame Size Requested: 1024
[2026.03.16-01.17.55:092][ 71]LogAudioMixer: Display: 	Callback Buffer Frame Size To Use:	  1024
[2026.03.16-01.17.55:092][ 71]LogAudioMixer: Display: 	Number of buffers to queue:			  2
[2026.03.16-01.17.55:092][ 71]LogAudioMixer: Display: 	Max Channels (voices):				  32
[2026.03.16-01.17.55:092][ 71]LogAudioMixer: Display: 	Number of Async Source Workers:		  0
[2026.03.16-01.17.55:092][ 71]LogAudio: Display: AudioDevice MaxSources: 32
[2026.03.16-01.17.55:092][ 71]LogAudio: Display: Audio Spatialization Plugin: None (built-in).
[2026.03.16-01.17.55:092][ 71]LogAudio: Display: Audio Reverb Plugin: None (built-in).
[2026.03.16-01.17.55:092][ 71]LogAudio: Display: Audio Occlusion Plugin: None (built-in).
[2026.03.16-01.17.55:092][ 71]LogAudioMixer: Display: Initializing audio mixer.
[2026.03.16-01.17.55:096][ 71]LogAudioMixer: Display: 0: FrontLeft
[2026.03.16-01.17.55:096][ 71]LogAudioMixer: Display: 1: FrontRight
[2026.03.16-01.17.55:096][ 71]LogAudioMixer: Display: 2: FrontCenter
[2026.03.16-01.17.55:096][ 71]LogAudioMixer: Display: 3: LowFrequency
[2026.03.16-01.17.55:096][ 71]LogAudioMixer: Display: 4: BackLeft
[2026.03.16-01.17.55:096][ 71]LogAudioMixer: Display: 5: BackRight
[2026.03.16-01.17.55:096][ 71]LogAudioMixer: Display: 6: SideLeft
[2026.03.16-01.17.55:096][ 71]LogAudioMixer: Display: 7: SideRight
[2026.03.16-01.17.55:108][ 71]LogAudioMixer: Display: Using Audio Device Headset Earphone (CORSAIR VOID PRO Wireless Gaming Headset)
[2026.03.16-01.17.55:108][ 71]LogAudioMixer: Display: Initializing Sound Submixes...
[2026.03.16-01.17.55:108][ 71]LogAudioMixer: Display: Creating Master Submix 'MasterSubmixDefault'
[2026.03.16-01.17.55:108][ 71]LogAudioMixer: Display: Creating Master Submix 'MasterReverbSubmixDefault'
[2026.03.16-01.17.55:108][ 71]LogAudioMixer: Display: Creating Master Submix 'MasterEQSubmixDefault'
[2026.03.16-01.17.55:108][ 71]LogAudioMixer: FMixerPlatformXAudio2::StartAudioStream() called
[2026.03.16-01.17.55:108][ 71]LogAudioMixer: Display: Output buffers initialized: Frames=1024, Channels=8, Samples=8192
[2026.03.16-01.17.55:109][ 71]LogAudioMixer: Display: Starting AudioMixerPlatformInterface::RunInternal()
[2026.03.16-01.17.55:109][ 71]LogAudioMixer: Display: FMixerPlatformXAudio2::SubmitBuffer() called for the first time
[2026.03.16-01.17.55:109][ 71]LogInit: FAudioDevice initialized.
[2026.03.16-01.17.55:109][ 71]LogAudio: Display: Audio Device (ID: 12) registered with world 'MainLevel'.
[2026.03.16-01.17.55:116][ 71]LogLoad: Game class is 'GM_RoadHopper_C'
[2026.03.16-01.17.55:177][ 71]LogWorld: Bringing World /Game/Levels/UEDPIE_0_MainLevel.MainLevel up for play (max tick rate 0) at 2026.03.15-19.17.55
[2026.03.16-01.17.55:178][ 71]LogWorld: Bringing up level for play took: 0.061796
[2026.03.16-01.17.55:178][ 71]LogOnline: OSS: Creating online subsystem instance for: :Context_27
[2026.03.16-01.17.55:192][ 71]PIE: Server logged in
[2026.03.16-01.17.55:193][ 71]PIE: Play in editor total start time 0.317 seconds.
[2026.03.16-01.18.33:746][591]LogSlate: Updating window title bar state: overlay mode, drag disabled, window buttons hidden, title bar hidden
[2026.03.16-01.18.33:746][591]LogWorld: BeginTearingDown for /Game/Levels/UEDPIE_0_MainLevel
[2026.03.16-01.18.33:749][591]LogWorld: UWorld::CleanupWorld for MainLevel, bSessionEnded=true, bCleanupResources=true
[2026.03.16-01.18.33:829][591]LogSlate: InvalidateAllWidgets triggered.  All widgets were invalidated
[2026.03.16-01.18.33:852][591]LogPlayLevel: Display: Shutting down PIE online subsystems
[2026.03.16-01.18.33:862][591]LogSlate: InvalidateAllWidgets triggered.  All widgets were invalidated
[2026.03.16-01.18.33:890][591]LogSlate: Updating window title bar state: overlay mode, drag disabled, window buttons hidden, title bar hidden
[2026.03.16-01.18.33:897][591]LogAudioMixer: FMixerPlatformXAudio2::StopAudioStream() called
[2026.03.16-01.18.33:898][591]LogAudioMixer: FMixerPlatformXAudio2::StopAudioStream() called
[2026.03.16-01.18.33:912][591]LogUObjectHash: Compacting FUObjectHashTables data took   2.13ms
[2026.03.16-01.18.33:946][592]LogPlayLevel: Display: Destroying online subsystem :Context_27
[2026.03.16-01.18.46:581][709]LogAssetEditorSubsystem: Opening Asset editor for Blueprint /Game/Blueprints/BP_CarSpawner.BP_CarSpawner
[2026.03.16-01.18.53:305][338]BlueprintLog: New page: Compile BP_CarSpawner
[2026.03.16-01.18.53:350][338]LogUObjectHash: Compacting FUObjectHashTables data took   1.98ms
[2026.03.16-01.18.54:634][440]LogTemp: Repeating last play command: Selected Viewport
[2026.03.16-01.18.54:639][440]LogPlayLevel: PlayLevel: No blueprints needed recompiling
[2026.03.16-01.18.54:639][440]PIE: New page: PIE session: MainLevel (Mar. 15, 2026, 1:18:54 p.m.)
[2026.03.16-01.18.54:665][440]LogPlayLevel: Creating play world package: /Game/Levels/UEDPIE_0_MainLevel
[2026.03.16-01.18.54:813][440]LogPlayLevel: PIE: StaticDuplicateObject took: (0.148370s)
[2026.03.16-01.18.54:814][440]LogAIModule: Creating AISystem for world MainLevel
[2026.03.16-01.18.54:815][440]LogPlayLevel: PIE: World Init took: (0.001048s)
[2026.03.16-01.18.54:815][440]LogPlayLevel: PIE: Created PIE world by copying editor world from /Game/Levels/MainLevel.MainLevel to /Game/Levels/UEDPIE_0_MainLevel.MainLevel (0.149722s)
[2026.03.16-01.18.54:840][440]LogUObjectHash: Compacting FUObjectHashTables data took   2.39ms
[2026.03.16-01.18.54:840][440]LogAudio: Display: Creating Audio Device:                 Id: 13, Scope: Unique, Realtime: True
[2026.03.16-01.18.54:840][440]LogAudioMixer: Display: Audio Mixer Platform Settings:
[2026.03.16-01.18.54:840][440]LogAudioMixer: Display: 	Sample Rate:						  48000
[2026.03.16-01.18.54:840][440]LogAudioMixer: Display: 	Callback Buffer Frame Size Requested: 1024
[2026.03.16-01.18.54:840][440]LogAudioMixer: Display: 	Callback Buffer Frame Size To Use:	  1024
[2026.03.16-01.18.54:840][440]LogAudioMixer: Display: 	Number of buffers to queue:			  2
[2026.03.16-01.18.54:840][440]LogAudioMixer: Display: 	Max Channels (voices):				  32
[2026.03.16-01.18.54:840][440]LogAudioMixer: Display: 	Number of Async Source Workers:		  0
[2026.03.16-01.18.54:840][440]LogAudio: Display: AudioDevice MaxSources: 32
[2026.03.16-01.18.54:841][440]LogAudio: Display: Audio Spatialization Plugin: None (built-in).
[2026.03.16-01.18.54:841][440]LogAudio: Display: Audio Reverb Plugin: None (built-in).
[2026.03.16-01.18.54:841][440]LogAudio: Display: Audio Occlusion Plugin: None (built-in).
[2026.03.16-01.18.54:841][440]LogAudioMixer: Display: Initializing audio mixer.
[2026.03.16-01.18.54:843][440]LogAudioMixer: Display: 0: FrontLeft
[2026.03.16-01.18.54:843][440]LogAudioMixer: Display: 1: FrontRight
[2026.03.16-01.18.54:843][440]LogAudioMixer: Display: 2: FrontCenter
[2026.03.16-01.18.54:843][440]LogAudioMixer: Display: 3: LowFrequency
[2026.03.16-01.18.54:843][440]LogAudioMixer: Display: 4: BackLeft
[2026.03.16-01.18.54:843][440]LogAudioMixer: Display: 5: BackRight
[2026.03.16-01.18.54:843][440]LogAudioMixer: Display: 6: SideLeft
[2026.03.16-01.18.54:843][440]LogAudioMixer: Display: 7: SideRight
[2026.03.16-01.18.54:854][440]LogAudioMixer: Display: Using Audio Device Headset Earphone (CORSAIR VOID PRO Wireless Gaming Headset)
[2026.03.16-01.18.54:854][440]LogAudioMixer: Display: Initializing Sound Submixes...
[2026.03.16-01.18.54:855][440]LogAudioMixer: Display: Creating Master Submix 'MasterSubmixDefault'
[2026.03.16-01.18.54:855][440]LogAudioMixer: Display: Creating Master Submix 'MasterReverbSubmixDefault'
[2026.03.16-01.18.54:855][440]LogAudioMixer: Display: Creating Master Submix 'MasterEQSubmixDefault'
[2026.03.16-01.18.54:855][440]LogAudioMixer: FMixerPlatformXAudio2::StartAudioStream() called
[2026.03.16-01.18.54:855][440]LogAudioMixer: Display: Output buffers initialized: Frames=1024, Channels=8, Samples=8192
[2026.03.16-01.18.54:856][440]LogAudioMixer: Display: Starting AudioMixerPlatformInterface::RunInternal()
[2026.03.16-01.18.54:856][440]LogAudioMixer: Display: FMixerPlatformXAudio2::SubmitBuffer() called for the first time
[2026.03.16-01.18.54:856][440]LogInit: FAudioDevice initialized.
[2026.03.16-01.18.54:856][440]LogAudio: Display: Audio Device (ID: 13) registered with world 'MainLevel'.
[2026.03.16-01.18.54:870][440]LogLoad: Game class is 'GM_RoadHopper_C'
[2026.03.16-01.18.54:933][440]LogWorld: Bringing World /Game/Levels/UEDPIE_0_MainLevel.MainLevel up for play (max tick rate 0) at 2026.03.15-19.18.54
[2026.03.16-01.18.54:934][440]LogWorld: Bringing up level for play took: 0.062459
[2026.03.16-01.18.54:934][440]LogOnline: OSS: Creating online subsystem instance for: :Context_29
[2026.03.16-01.18.54:948][440]PIE: Server logged in
[2026.03.16-01.18.54:949][440]PIE: Play in editor total start time 0.31 seconds.
[2026.03.16-01.19.21:866][209]LogSlate: Updating window title bar state: overlay mode, drag disabled, window buttons hidden, title bar hidden
[2026.03.16-01.19.21:866][209]LogWorld: BeginTearingDown for /Game/Levels/UEDPIE_0_MainLevel
[2026.03.16-01.19.21:869][209]LogWorld: UWorld::CleanupWorld for MainLevel, bSessionEnded=true, bCleanupResources=true
[2026.03.16-01.19.21:943][209]LogSlate: InvalidateAllWidgets triggered.  All widgets were invalidated
[2026.03.16-01.19.21:964][209]LogPlayLevel: Display: Shutting down PIE online subsystems
[2026.03.16-01.19.21:973][209]LogSlate: InvalidateAllWidgets triggered.  All widgets were invalidated
[2026.03.16-01.19.21:998][209]LogAudio: Display: Audio Device unregistered from world 'None'.
[2026.03.16-01.19.22:010][209]LogAudioMixer: FMixerPlatformXAudio2::StopAudioStream() called
[2026.03.16-01.19.22:011][209]LogAudioMixer: FMixerPlatformXAudio2::StopAudioStream() called
[2026.03.16-01.19.22:017][209]LogSlate: Updating window title bar state: overlay mode, drag disabled, window buttons hidden, title bar hidden
[2026.03.16-01.19.22:035][209]LogUObjectHash: Compacting FUObjectHashTables data took   1.94ms
[2026.03.16-01.19.22:072][210]LogPlayLevel: Display: Destroying online subsystem :Context_29
[2026.03.16-01.19.37:388][269]LogUObjectHash: Compacting FUObjectHashTables data took   1.61ms
[2026.03.16-01.19.37:413][269]Cmd: OBJ SAVEPACKAGE PACKAGE="/Game/Levels/MainLevel" FILE="C:/Users/titan/Desktop/Titan_RoadHopper/RoadHopper4.27/Content/Levels/MainLevel.umap" SILENT=true AUTOSAVING=false KEEPDIRTY=false
[2026.03.16-01.19.37:433][269]LogUObjectHash: Compacting FUObjectHashTables data took   0.49ms
[2026.03.16-01.19.38:080][269]LogSavePackage: Moving 'C:/Users/titan/Desktop/Titan_RoadHopper/RoadHopper4.27/Saved/MainLevel1B4D138049D5D8C068E3CEAE86064182.tmp' to 'C:/Users/titan/Desktop/Titan_RoadHopper/RoadHopper4.27/Content/Levels/MainLevel.umap'
[2026.03.16-01.19.38:093][269]LogFileHelpers: Saving map 'MainLevel' took 0.683
[2026.03.16-01.19.38:093][269]Cmd: OBJ SAVEPACKAGE PACKAGE="/Game/Blueprints/BP_CarSpawner" FILE="C:/Users/titan/Desktop/Titan_RoadHopper/RoadHopper4.27/Content/Blueprints/BP_CarSpawner.uasset" SILENT=true
[2026.03.16-01.19.38:099][269]LogSavePackage: Moving 'C:/Users/titan/Desktop/Titan_RoadHopper/RoadHopper4.27/Saved/BP_CarSpawnerB4E8DB104319D7F199D0C29B4BBA1DF2.tmp' to 'C:/Users/titan/Desktop/Titan_RoadHopper/RoadHopper4.27/Content/Blueprints/BP_CarSpawner.uasset'
[2026.03.16-01.19.38:105][269]Cmd: OBJ SAVEPACKAGE PACKAGE="/Game/Blueprints/BP_Player" FILE="C:/Users/titan/Desktop/Titan_RoadHopper/RoadHopper4.27/Content/Blueprints/BP_Player.uasset" SILENT=true
[2026.03.16-01.19.38:137][269]LogSavePackage: Moving 'C:/Users/titan/Desktop/Titan_RoadHopper/RoadHopper4.27/Saved/BP_Player5F050DCC4602CDECD27D78B3629DFF44.tmp' to 'C:/Users/titan/Desktop/Titan_RoadHopper/RoadHopper4.27/Content/Blueprints/BP_Player.uasset'
[2026.03.16-01.19.38:174][269]AssetCheck: New page: Asset Save: multiple assets
[2026.03.16-01.19.38:174][269]LogContentValidation: Display: Validating Blueprint /Game/Blueprints/BP_CarSpawner.BP_CarSpawner
[2026.03.16-01.19.38:174][269]LogContentValidation: Display: Validating Blueprint /Game/Blueprints/BP_Player.BP_Player
[2026.03.16-01.19.38:174][269]LogContentValidation: Display: Validating World /Game/Levels/MainLevel.MainLevel
[2026.03.16-01.20.11:495][742]BlueprintLog: New page: Compile WBP_Win
[2026.03.16-01.20.11:535][742]LogUObjectHash: Compacting FUObjectHashTables data took   2.21ms
[2026.03.16-01.20.21:971][699]Cmd: OBJ SAVEPACKAGE PACKAGE="/Game/Blueprints/WBP_Win" FILE="C:/Users/titan/Desktop/Titan_RoadHopper/RoadHopper4.27/Content/Blueprints/WBP_Win.uasset" SILENT=true
[2026.03.16-01.20.21:975][699]LogSavePackage: Moving 'C:/Users/titan/Desktop/Titan_RoadHopper/RoadHopper4.27/Saved/WBP_Win2AA4E3B4437B109B7C045CBD13A66901.tmp' to 'C:/Users/titan/Desktop/Titan_RoadHopper/RoadHopper4.27/Content/Blueprints/WBP_Win.uasset'
[2026.03.16-01.20.21:991][699]AssetCheck: New page: Asset Save: WBP_Win
[2026.03.16-01.20.21:991][699]LogContentValidation: Display: Validating WidgetBlueprint /Game/Blueprints/WBP_Win.WBP_Win
[2026.03.16-01.21.32:095][ 14]LogUObjectHash: Compacting FUObjectHashTables data took   2.57ms
[2026.03.16-01.21.32:128][ 14]Cmd: OBJ SAVEPACKAGE PACKAGE="/Game/Levels/MainLevel" FILE="C:/Users/titan/Desktop/Titan_RoadHopper/RoadHopper4.27/Content/Levels/MainLevel.umap" SILENT=true AUTOSAVING=false KEEPDIRTY=false
[2026.03.16-01.21.32:151][ 14]LogUObjectHash: Compacting FUObjectHashTables data took   0.54ms
[2026.03.16-01.21.32:816][ 14]LogSavePackage: Moving 'C:/Users/titan/Desktop/Titan_RoadHopper/RoadHopper4.27/Saved/MainLevel9C9C54F042CBB009503E7FBC7398AAE1.tmp' to 'C:/Users/titan/Desktop/Titan_RoadHopper/RoadHopper4.27/Content/Levels/MainLevel.umap'
[2026.03.16-01.21.32:829][ 14]LogFileHelpers: Saving map 'MainLevel' took 0.703
[2026.03.16-01.21.32:829][ 14]Cmd: OBJ SAVEPACKAGE PACKAGE="/Game/Blueprints/BP_CarSpawner" FILE="C:/Users/titan/Desktop/Titan_RoadHopper/RoadHopper4.27/Content/Blueprints/BP_CarSpawner.uasset" SILENT=true
[2026.03.16-01.21.32:834][ 14]LogSavePackage: Moving 'C:/Users/titan/Desktop/Titan_RoadHopper/RoadHopper4.27/Saved/BP_CarSpawner7009083F4C812C5E80DB0CBAE2B06AD4.tmp' to 'C:/Users/titan/Desktop/Titan_RoadHopper/RoadHopper4.27/Content/Blueprints/BP_CarSpawner.uasset'
[2026.03.16-01.21.32:881][ 14]AssetCheck: New page: Asset Save: multiple assets
[2026.03.16-01.21.32:881][ 14]LogContentValidation: Display: Validating Blueprint /Game/Blueprints/BP_CarSpawner.BP_CarSpawner
[2026.03.16-01.21.32:881][ 14]LogContentValidation: Display: Validating World /Game/Levels/MainLevel.MainLevel
[2026.03.16-01.21.36:878][356]LogAssetEditorSubsystem: Opening Asset editor for Blueprint /Game/Blueprints/BP_Car.BP_Car
[2026.03.16-01.22.12:042][ 77]BlueprintLog: New page: Compile BP_CarSpawner
[2026.03.16-01.22.12:086][ 77]LogUObjectHash: Compacting FUObjectHashTables data took   2.25ms
[2026.03.16-01.22.14:879][352]LogUObjectHash: Compacting FUObjectHashTables data took   2.40ms
[2026.03.16-01.22.14:907][352]Cmd: OBJ SAVEPACKAGE PACKAGE="/Game/Levels/MainLevel" FILE="C:/Users/titan/Desktop/Titan_RoadHopper/RoadHopper4.27/Content/Levels/MainLevel.umap" SILENT=true AUTOSAVING=false KEEPDIRTY=false
[2026.03.16-01.22.14:929][352]LogUObjectHash: Compacting FUObjectHashTables data took   0.51ms
[2026.03.16-01.22.15:571][352]LogSavePackage: Moving 'C:/Users/titan/Desktop/Titan_RoadHopper/RoadHopper4.27/Saved/MainLevelF439FB86402178E00838C6B86206DCA3.tmp' to 'C:/Users/titan/Desktop/Titan_RoadHopper/RoadHopper4.27/Content/Levels/MainLevel.umap'
[2026.03.16-01.22.15:576][352]LogFileHelpers: Saving map 'MainLevel' took 0.673
[2026.03.16-01.22.15:583][352]Cmd: OBJ SAVEPACKAGE PACKAGE="/Game/Blueprints/BP_Car" FILE="C:/Users/titan/Desktop/Titan_RoadHopper/RoadHopper4.27/Content/Blueprints/BP_Car.uasset" SILENT=true
[2026.03.16-01.22.15:593][352]LogSavePackage: Moving 'C:/Users/titan/Desktop/Titan_RoadHopper/RoadHopper4.27/Saved/BP_Car71718DA24E8475A15F0253A9253A148B.tmp' to 'C:/Users/titan/Desktop/Titan_RoadHopper/RoadHopper4.27/Content/Blueprints/BP_Car.uasset'
[2026.03.16-01.22.15:594][352]Cmd: OBJ SAVEPACKAGE PACKAGE="/Game/Blueprints/BP_CarSpawner" FILE="C:/Users/titan/Desktop/Titan_RoadHopper/RoadHopper4.27/Content/Blueprints/BP_CarSpawner.uasset" SILENT=true
[2026.03.16-01.22.15:601][352]LogSavePackage: Moving 'C:/Users/titan/Desktop/Titan_RoadHopper/RoadHopper4.27/Saved/BP_CarSpawner310F2ECA40FB1338E28583BB9C272D94.tmp' to 'C:/Users/titan/Desktop/Titan_RoadHopper/RoadHopper4.27/Content/Blueprints/BP_CarSpawner.uasset'
[2026.03.16-01.22.15:652][352]AssetCheck: New page: Asset Save: multiple assets
[2026.03.16-01.22.15:652][352]LogContentValidation: Display: Validating Blueprint /Game/Blueprints/BP_Car.BP_Car
[2026.03.16-01.22.15:652][352]LogContentValidation: Display: Validating Blueprint /Game/Blueprints/BP_CarSpawner.BP_CarSpawner
[2026.03.16-01.22.15:652][352]LogContentValidation: Display: Validating World /Game/Levels/MainLevel.MainLevel
[2026.03.16-01.23.36:460][526]LogTemp: Repeating last play command: Selected Viewport
[2026.03.16-01.23.36:466][526]LogPlayLevel: PlayLevel: No blueprints needed recompiling
[2026.03.16-01.23.36:466][526]PIE: New page: PIE session: MainLevel (Mar. 15, 2026, 1:23:36 p.m.)
[2026.03.16-01.23.36:495][526]LogPlayLevel: Creating play world package: /Game/Levels/UEDPIE_0_MainLevel
[2026.03.16-01.23.36:649][526]LogPlayLevel: PIE: StaticDuplicateObject took: (0.154117s)
[2026.03.16-01.23.36:650][526]LogAIModule: Creating AISystem for world MainLevel
[2026.03.16-01.23.36:651][526]LogPlayLevel: PIE: World Init took: (0.001165s)
[2026.03.16-01.23.36:651][526]LogPlayLevel: PIE: Created PIE world by copying editor world from /Game/Levels/MainLevel.MainLevel to /Game/Levels/UEDPIE_0_MainLevel.MainLevel (0.155596s)
[2026.03.16-01.23.36:676][526]LogUObjectHash: Compacting FUObjectHashTables data took   2.16ms
[2026.03.16-01.23.36:677][526]LogAudio: Display: Creating Audio Device:                 Id: 14, Scope: Unique, Realtime: True
[2026.03.16-01.23.36:677][526]LogAudioMixer: Display: Audio Mixer Platform Settings:
[2026.03.16-01.23.36:677][526]LogAudioMixer: Display: 	Sample Rate:						  48000
[2026.03.16-01.23.36:677][526]LogAudioMixer: Display: 	Callback Buffer Frame Size Requested: 1024
[2026.03.16-01.23.36:677][526]LogAudioMixer: Display: 	Callback Buffer Frame Size To Use:	  1024
[2026.03.16-01.23.36:677][526]LogAudioMixer: Display: 	Number of buffers to queue:			  2
[2026.03.16-01.23.36:677][526]LogAudioMixer: Display: 	Max Channels (voices):				  32
[2026.03.16-01.23.36:677][526]LogAudioMixer: Display: 	Number of Async Source Workers:		  0
[2026.03.16-01.23.36:677][526]LogAudio: Display: AudioDevice MaxSources: 32
[2026.03.16-01.23.36:677][526]LogAudio: Display: Audio Spatialization Plugin: None (built-in).
[2026.03.16-01.23.36:677][526]LogAudio: Display: Audio Reverb Plugin: None (built-in).
[2026.03.16-01.23.36:677][526]LogAudio: Display: Audio Occlusion Plugin: None (built-in).
[2026.03.16-01.23.36:677][526]LogAudioMixer: Display: Initializing audio mixer.
[2026.03.16-01.23.36:680][526]LogAudioMixer: Display: 0: FrontLeft
[2026.03.16-01.23.36:680][526]LogAudioMixer: Display: 1: FrontRight
[2026.03.16-01.23.36:680][526]LogAudioMixer: Display: 2: FrontCenter
[2026.03.16-01.23.36:680][526]LogAudioMixer: Display: 3: LowFrequency
[2026.03.16-01.23.36:680][526]LogAudioMixer: Display: 4: BackLeft
[2026.03.16-01.23.36:680][526]LogAudioMixer: Display: 5: BackRight
[2026.03.16-01.23.36:680][526]LogAudioMixer: Display: 6: SideLeft
[2026.03.16-01.23.36:680][526]LogAudioMixer: Display: 7: SideRight
[2026.03.16-01.23.36:692][526]LogAudioMixer: Display: Using Audio Device Headset Earphone (CORSAIR VOID PRO Wireless Gaming Headset)
[2026.03.16-01.23.36:693][526]LogAudioMixer: Display: Initializing Sound Submixes...
[2026.03.16-01.23.36:693][526]LogAudioMixer: Display: Creating Master Submix 'MasterSubmixDefault'
[2026.03.16-01.23.36:693][526]LogAudioMixer: Display: Creating Master Submix 'MasterReverbSubmixDefault'
[2026.03.16-01.23.36:693][526]LogAudioMixer: Display: Creating Master Submix 'MasterEQSubmixDefault'
[2026.03.16-01.23.36:693][526]LogAudioMixer: FMixerPlatformXAudio2::StartAudioStream() called
[2026.03.16-01.23.36:693][526]LogAudioMixer: Display: Output buffers initialized: Frames=1024, Channels=8, Samples=8192
[2026.03.16-01.23.36:694][526]LogAudioMixer: Display: Starting AudioMixerPlatformInterface::RunInternal()
[2026.03.16-01.23.36:694][526]LogAudioMixer: Display: FMixerPlatformXAudio2::SubmitBuffer() called for the first time
[2026.03.16-01.23.36:694][526]LogInit: FAudioDevice initialized.
[2026.03.16-01.23.36:694][526]LogAudio: Display: Audio Device (ID: 14) registered with world 'MainLevel'.
[2026.03.16-01.23.36:713][526]LogLoad: Game class is 'GM_RoadHopper_C'
[2026.03.16-01.23.36:774][526]LogWorld: Bringing World /Game/Levels/UEDPIE_0_MainLevel.MainLevel up for play (max tick rate 0) at 2026.03.15-19.23.36
[2026.03.16-01.23.36:775][526]LogWorld: Bringing up level for play took: 0.061857
[2026.03.16-01.23.36:776][526]LogOnline: OSS: Creating online subsystem instance for: :Context_31
[2026.03.16-01.23.36:789][526]PIE: Server logged in
[2026.03.16-01.23.36:790][526]PIE: Play in editor total start time 0.324 seconds.
[2026.03.16-01.23.41:896][120]LogSlate: Updating window title bar state: overlay mode, drag disabled, window buttons hidden, title bar hidden
[2026.03.16-01.23.41:896][120]LogWorld: BeginTearingDown for /Game/Levels/UEDPIE_0_MainLevel
[2026.03.16-01.23.41:898][120]LogWorld: UWorld::CleanupWorld for MainLevel, bSessionEnded=true, bCleanupResources=true
[2026.03.16-01.23.41:969][120]LogSlate: InvalidateAllWidgets triggered.  All widgets were invalidated
[2026.03.16-01.23.41:988][120]LogPlayLevel: Display: Shutting down PIE online subsystems
[2026.03.16-01.23.41:998][120]LogSlate: InvalidateAllWidgets triggered.  All widgets were invalidated
[2026.03.16-01.23.42:023][120]LogSlate: Updating window title bar state: overlay mode, drag disabled, window buttons hidden, title bar hidden
[2026.03.16-01.23.42:032][120]LogAudioMixer: FMixerPlatformXAudio2::StopAudioStream() called
[2026.03.16-01.23.42:033][120]LogAudioMixer: FMixerPlatformXAudio2::StopAudioStream() called
[2026.03.16-01.23.42:044][120]LogUObjectHash: Compacting FUObjectHashTables data took   1.92ms
[2026.03.16-01.23.42:076][121]LogPlayLevel: Display: Destroying online subsystem :Context_31
[2026.03.16-01.27.13:731][ 17]BlueprintLog: New page: Compile WBP_GameOver
[2026.03.16-01.27.13:745][ 17]LogBlueprint: Error: [AssetLog] C:\Users\titan\Desktop\Titan_RoadHopper\RoadHopper4.27\Content\Blueprints\WBP_GameOver.uasset: [Compiler] The type of  Object  is undetermined.  Connect something to  Cast To WBP_Win  to imply a specific type.
[2026.03.16-01.27.13:745][ 17]LogBlueprint: Error: [AssetLog] C:\Users\titan\Desktop\Titan_RoadHopper\RoadHopper4.27\Content\Blueprints\WBP_GameOver.uasset: [Compiler] The current value of the ' Object ' pin is invalid: Unsupported type Object Wildcard on pin Object
[2026.03.16-01.27.13:778][ 17]LogUObjectHash: Compacting FUObjectHashTables data took   2.89ms
[2026.03.16-01.30.54:461][620]BlueprintLog: New page: Compile WBP_GameOver
[2026.03.16-01.30.54:508][620]LogUObjectHash: Compacting FUObjectHashTables data took   2.87ms
[2026.03.16-01.31.04:472][558]LogSlate: Window 'Delete Variable' being destroyed
[2026.03.16-01.31.17:754][930]BlueprintLog: New page: Compile WBP_GameOver
[2026.03.16-01.31.17:783][930]LogUObjectHash: Compacting FUObjectHashTables data took   2.46ms
[2026.03.16-01.35.32:628][489]BlueprintLog: New page: Compile BP_Player
[2026.03.16-01.35.32:682][489]LogUObjectHash: Compacting FUObjectHashTables data took   2.82ms
[2026.03.16-01.35.37:103][822]LogTemp: Repeating last play command: Selected Viewport
[2026.03.16-01.35.37:110][822]LogPlayLevel: PlayLevel: No blueprints needed recompiling
[2026.03.16-01.35.37:110][822]PIE: New page: PIE session: MainLevel (Mar. 15, 2026, 1:35:37 p.m.)
[2026.03.16-01.35.37:135][822]LogPlayLevel: Creating play world package: /Game/Levels/UEDPIE_0_MainLevel
[2026.03.16-01.35.37:293][822]LogPlayLevel: PIE: StaticDuplicateObject took: (0.157429s)
[2026.03.16-01.35.37:293][822]LogAIModule: Creating AISystem for world MainLevel
[2026.03.16-01.35.37:293][822]LogPlayLevel: PIE: World Init took: (0.001191s)
[2026.03.16-01.35.37:294][822]LogPlayLevel: PIE: Created PIE world by copying editor world from /Game/Levels/MainLevel.MainLevel to /Game/Levels/UEDPIE_0_MainLevel.MainLevel (0.158961s)
[2026.03.16-01.35.37:321][822]LogUObjectHash: Compacting FUObjectHashTables data took   2.37ms
[2026.03.16-01.35.37:322][822]LogAudio: Display: Creating Audio Device:                 Id: 15, Scope: Unique, Realtime: True
[2026.03.16-01.35.37:322][822]LogAudioMixer: Display: Audio Mixer Platform Settings:
[2026.03.16-01.35.37:322][822]LogAudioMixer: Display: 	Sample Rate:						  48000
[2026.03.16-01.35.37:322][822]LogAudioMixer: Display: 	Callback Buffer Frame Size Requested: 1024
[2026.03.16-01.35.37:322][822]LogAudioMixer: Display: 	Callback Buffer Frame Size To Use:	  1024
[2026.03.16-01.35.37:322][822]LogAudioMixer: Display: 	Number of buffers to queue:			  2
[2026.03.16-01.35.37:322][822]LogAudioMixer: Display: 	Max Channels (voices):				  32
[2026.03.16-01.35.37:322][822]LogAudioMixer: Display: 	Number of Async Source Workers:		  0
[2026.03.16-01.35.37:322][822]LogAudio: Display: AudioDevice MaxSources: 32
[2026.03.16-01.35.37:322][822]LogAudio: Display: Audio Spatialization Plugin: None (built-in).
[2026.03.16-01.35.37:323][822]LogAudio: Display: Audio Reverb Plugin: None (built-in).
[2026.03.16-01.35.37:323][822]LogAudio: Display: Audio Occlusion Plugin: None (built-in).
[2026.03.16-01.35.37:323][822]LogAudioMixer: Display: Initializing audio mixer.
[2026.03.16-01.35.37:326][822]LogAudioMixer: Display: 0: FrontLeft
[2026.03.16-01.35.37:326][822]LogAudioMixer: Display: 1: FrontRight
[2026.03.16-01.35.37:326][822]LogAudioMixer: Display: 2: FrontCenter
[2026.03.16-01.35.37:326][822]LogAudioMixer: Display: 3: LowFrequency
[2026.03.16-01.35.37:326][822]LogAudioMixer: Display: 4: BackLeft
[2026.03.16-01.35.37:326][822]LogAudioMixer: Display: 5: BackRight
[2026.03.16-01.35.37:326][822]LogAudioMixer: Display: 6: SideLeft
[2026.03.16-01.35.37:326][822]LogAudioMixer: Display: 7: SideRight
[2026.03.16-01.35.37:338][822]LogAudioMixer: Display: Using Audio Device Headset Earphone (CORSAIR VOID PRO Wireless Gaming Headset)
[2026.03.16-01.35.37:338][822]LogAudioMixer: Display: Initializing Sound Submixes...
[2026.03.16-01.35.37:338][822]LogAudioMixer: Display: Creating Master Submix 'MasterSubmixDefault'
[2026.03.16-01.35.37:338][822]LogAudioMixer: Display: Creating Master Submix 'MasterReverbSubmixDefault'
[2026.03.16-01.35.37:339][822]LogAudioMixer: Display: Creating Master Submix 'MasterEQSubmixDefault'
[2026.03.16-01.35.37:339][822]LogAudioMixer: FMixerPlatformXAudio2::StartAudioStream() called
[2026.03.16-01.35.37:339][822]LogAudioMixer: Display: Output buffers initialized: Frames=1024, Channels=8, Samples=8192
[2026.03.16-01.35.37:340][822]LogAudioMixer: Display: Starting AudioMixerPlatformInterface::RunInternal()
[2026.03.16-01.35.37:340][822]LogAudioMixer: Display: FMixerPlatformXAudio2::SubmitBuffer() called for the first time
[2026.03.16-01.35.37:340][822]LogInit: FAudioDevice initialized.
[2026.03.16-01.35.37:340][822]LogAudio: Display: Audio Device (ID: 15) registered with world 'MainLevel'.
[2026.03.16-01.35.37:357][822]LogLoad: Game class is 'GM_RoadHopper_C'
[2026.03.16-01.35.37:421][822]LogWorld: Bringing World /Game/Levels/UEDPIE_0_MainLevel.MainLevel up for play (max tick rate 0) at 2026.03.15-19.35.37
[2026.03.16-01.35.37:422][822]LogWorld: Bringing up level for play took: 0.064603
[2026.03.16-01.35.37:422][822]LogOnline: OSS: Creating online subsystem instance for: :Context_32
[2026.03.16-01.35.37:437][822]PIE: Server logged in
[2026.03.16-01.35.37:438][822]PIE: Play in editor total start time 0.328 seconds.
[2026.03.16-01.35.45:636][775]LogSlate: Updating window title bar state: overlay mode, drag disabled, window buttons hidden, title bar hidden
[2026.03.16-01.35.45:636][775]LogWorld: BeginTearingDown for /Game/Levels/UEDPIE_0_MainLevel
[2026.03.16-01.35.45:638][775]LogWorld: UWorld::CleanupWorld for MainLevel, bSessionEnded=true, bCleanupResources=true
[2026.03.16-01.35.45:709][775]LogSlate: InvalidateAllWidgets triggered.  All widgets were invalidated
[2026.03.16-01.35.45:732][775]LogPlayLevel: Display: Shutting down PIE online subsystems
[2026.03.16-01.35.45:742][775]LogSlate: InvalidateAllWidgets triggered.  All widgets were invalidated
[2026.03.16-01.35.45:768][775]LogAudio: Display: Audio Device unregistered from world 'None'.
[2026.03.16-01.35.45:769][775]LogAudioMixer: FMixerPlatformXAudio2::StopAudioStream() called
[2026.03.16-01.35.45:770][775]LogAudioMixer: FMixerPlatformXAudio2::StopAudioStream() called
[2026.03.16-01.35.45:771][775]LogSlate: Updating window title bar state: overlay mode, drag disabled, window buttons hidden, title bar hidden
[2026.03.16-01.35.45:790][775]LogUObjectHash: Compacting FUObjectHashTables data took   2.02ms
[2026.03.16-01.35.45:823][776]LogPlayLevel: Display: Destroying online subsystem :Context_32
[2026.03.16-01.36.00:408][  6]LogUObjectHash: Compacting FUObjectHashTables data took   1.73ms
[2026.03.16-01.36.00:436][  6]Cmd: OBJ SAVEPACKAGE PACKAGE="/Game/Levels/MainLevel" FILE="C:/Users/titan/Desktop/Titan_RoadHopper/RoadHopper4.27/Content/Levels/MainLevel.umap" SILENT=true AUTOSAVING=false KEEPDIRTY=false
[2026.03.16-01.36.00:459][  6]LogUObjectHash: Compacting FUObjectHashTables data took   0.51ms
[2026.03.16-01.36.01:142][  6]LogSavePackage: Moving 'C:/Users/titan/Desktop/Titan_RoadHopper/RoadHopper4.27/Saved/MainLevelE8C10C794BE9457A7AFB9DB365CED906.tmp' to 'C:/Users/titan/Desktop/Titan_RoadHopper/RoadHopper4.27/Content/Levels/MainLevel.umap'
[2026.03.16-01.36.01:154][  6]LogFileHelpers: Saving map 'MainLevel' took 0.721
[2026.03.16-01.36.01:165][  6]Cmd: OBJ SAVEPACKAGE PACKAGE="/Game/Blueprints/BP_Player" FILE="C:/Users/titan/Desktop/Titan_RoadHopper/RoadHopper4.27/Content/Blueprints/BP_Player.uasset" SILENT=true
[2026.03.16-01.36.01:198][  6]LogSavePackage: Moving 'C:/Users/titan/Desktop/Titan_RoadHopper/RoadHopper4.27/Saved/BP_Player56616AEA4BB96FE6299C31AC19547EF1.tmp' to 'C:/Users/titan/Desktop/Titan_RoadHopper/RoadHopper4.27/Content/Blueprints/BP_Player.uasset'
[2026.03.16-01.36.01:199][  6]Cmd: OBJ SAVEPACKAGE PACKAGE="/Game/Blueprints/WBP_GameOver" FILE="C:/Users/titan/Desktop/Titan_RoadHopper/RoadHopper4.27/Content/Blueprints/WBP_GameOver.uasset" SILENT=true
[2026.03.16-01.36.01:203][  6]LogSavePackage: Moving 'C:/Users/titan/Desktop/Titan_RoadHopper/RoadHopper4.27/Saved/WBP_GameOver14D2C6C545F04C8B4A55DA8593ABDC90.tmp' to 'C:/Users/titan/Desktop/Titan_RoadHopper/RoadHopper4.27/Content/Blueprints/WBP_GameOver.uasset'
[2026.03.16-01.36.01:227][  6]AssetCheck: New page: Asset Save: multiple assets
[2026.03.16-01.36.01:227][  6]LogContentValidation: Display: Validating WidgetBlueprint /Game/Blueprints/WBP_GameOver.WBP_GameOver
[2026.03.16-01.36.01:228][  6]LogContentValidation: Display: Validating Blueprint /Game/Blueprints/BP_Player.BP_Player
[2026.03.16-01.36.01:228][  6]LogContentValidation: Display: Validating World /Game/Levels/MainLevel.MainLevel
[2026.03.16-01.36.08:886][499]LogEditorTransaction: Undo Convert to Pure Cast
[2026.03.16-01.36.28:523][881]BlueprintLog: New page: Compile BP_Player
[2026.03.16-01.36.28:575][881]LogUObjectHash: Compacting FUObjectHashTables data took   2.60ms
[2026.03.16-01.36.55:163][227]LogTemp: Repeating last play command: Selected Viewport
[2026.03.16-01.36.55:169][227]LogPlayLevel: PlayLevel: No blueprints needed recompiling
[2026.03.16-01.36.55:169][227]PIE: New page: PIE session: MainLevel (Mar. 15, 2026, 1:36:55 p.m.)
[2026.03.16-01.36.55:195][227]LogPlayLevel: Creating play world package: /Game/Levels/UEDPIE_0_MainLevel
[2026.03.16-01.36.55:347][227]LogPlayLevel: PIE: StaticDuplicateObject took: (0.152259s)
[2026.03.16-01.36.55:348][227]LogAIModule: Creating AISystem for world MainLevel
[2026.03.16-01.36.55:349][227]LogPlayLevel: PIE: World Init took: (0.001167s)
[2026.03.16-01.36.55:349][227]LogPlayLevel: PIE: Created PIE world by copying editor world from /Game/Levels/MainLevel.MainLevel to /Game/Levels/UEDPIE_0_MainLevel.MainLevel (0.153748s)
[2026.03.16-01.36.55:377][227]LogUObjectHash: Compacting FUObjectHashTables data took   2.42ms
[2026.03.16-01.36.55:378][227]LogAudio: Display: Creating Audio Device:                 Id: 16, Scope: Unique, Realtime: True
[2026.03.16-01.36.55:378][227]LogAudioMixer: Display: Audio Mixer Platform Settings:
[2026.03.16-01.36.55:378][227]LogAudioMixer: Display: 	Sample Rate:						  48000
[2026.03.16-01.36.55:378][227]LogAudioMixer: Display: 	Callback Buffer Frame Size Requested: 1024
[2026.03.16-01.36.55:378][227]LogAudioMixer: Display: 	Callback Buffer Frame Size To Use:	  1024
[2026.03.16-01.36.55:378][227]LogAudioMixer: Display: 	Number of buffers to queue:			  2
[2026.03.16-01.36.55:378][227]LogAudioMixer: Display: 	Max Channels (voices):				  32
[2026.03.16-01.36.55:378][227]LogAudioMixer: Display: 	Number of Async Source Workers:		  0
[2026.03.16-01.36.55:378][227]LogAudio: Display: AudioDevice MaxSources: 32
[2026.03.16-01.36.55:379][227]LogAudio: Display: Audio Spatialization Plugin: None (built-in).
[2026.03.16-01.36.55:379][227]LogAudio: Display: Audio Reverb Plugin: None (built-in).
[2026.03.16-01.36.55:379][227]LogAudio: Display: Audio Occlusion Plugin: None (built-in).
[2026.03.16-01.36.55:379][227]LogAudioMixer: Display: Initializing audio mixer.
[2026.03.16-01.36.55:382][227]LogAudioMixer: Display: 0: FrontLeft
[2026.03.16-01.36.55:382][227]LogAudioMixer: Display: 1: FrontRight
[2026.03.16-01.36.55:382][227]LogAudioMixer: Display: 2: FrontCenter
[2026.03.16-01.36.55:382][227]LogAudioMixer: Display: 3: LowFrequency
[2026.03.16-01.36.55:382][227]LogAudioMixer: Display: 4: BackLeft
[2026.03.16-01.36.55:382][227]LogAudioMixer: Display: 5: BackRight
[2026.03.16-01.36.55:382][227]LogAudioMixer: Display: 6: SideLeft
[2026.03.16-01.36.55:382][227]LogAudioMixer: Display: 7: SideRight
[2026.03.16-01.36.55:393][227]LogAudioMixer: Display: Using Audio Device Headset Earphone (CORSAIR VOID PRO Wireless Gaming Headset)
[2026.03.16-01.36.55:393][227]LogAudioMixer: Display: Initializing Sound Submixes...
[2026.03.16-01.36.55:393][227]LogAudioMixer: Display: Creating Master Submix 'MasterSubmixDefault'
[2026.03.16-01.36.55:393][227]LogAudioMixer: Display: Creating Master Submix 'MasterReverbSubmixDefault'
[2026.03.16-01.36.55:393][227]LogAudioMixer: Display: Creating Master Submix 'MasterEQSubmixDefault'
[2026.03.16-01.36.55:393][227]LogAudioMixer: FMixerPlatformXAudio2::StartAudioStream() called
[2026.03.16-01.36.55:393][227]LogAudioMixer: Display: Output buffers initialized: Frames=1024, Channels=8, Samples=8192
[2026.03.16-01.36.55:394][227]LogAudioMixer: Display: Starting AudioMixerPlatformInterface::RunInternal()
[2026.03.16-01.36.55:394][227]LogAudioMixer: Display: FMixerPlatformXAudio2::SubmitBuffer() called for the first time
[2026.03.16-01.36.55:394][227]LogInit: FAudioDevice initialized.
[2026.03.16-01.36.55:394][227]LogAudio: Display: Audio Device (ID: 16) registered with world 'MainLevel'.
[2026.03.16-01.36.55:401][227]LogLoad: Game class is 'GM_RoadHopper_C'
[2026.03.16-01.36.55:461][227]LogWorld: Bringing World /Game/Levels/UEDPIE_0_MainLevel.MainLevel up for play (max tick rate 0) at 2026.03.15-19.36.55
[2026.03.16-01.36.55:462][227]LogWorld: Bringing up level for play took: 0.060851
[2026.03.16-01.36.55:463][227]LogOnline: OSS: Creating online subsystem instance for: :Context_33
[2026.03.16-01.36.55:476][227]PIE: Server logged in
[2026.03.16-01.36.55:477][227]PIE: Play in editor total start time 0.309 seconds.
[2026.03.16-01.37.06:296][511]LogSlate: Updating window title bar state: overlay mode, drag disabled, window buttons hidden, title bar hidden
[2026.03.16-01.37.06:296][511]LogWorld: BeginTearingDown for /Game/Levels/UEDPIE_0_MainLevel
[2026.03.16-01.37.06:298][511]LogWorld: UWorld::CleanupWorld for MainLevel, bSessionEnded=true, bCleanupResources=true
[2026.03.16-01.37.06:368][511]LogSlate: InvalidateAllWidgets triggered.  All widgets were invalidated
[2026.03.16-01.37.06:391][511]LogPlayLevel: Display: Shutting down PIE online subsystems
[2026.03.16-01.37.06:400][511]LogSlate: InvalidateAllWidgets triggered.  All widgets were invalidated
[2026.03.16-01.37.06:434][511]LogAudio: Display: Audio Device unregistered from world 'None'.
[2026.03.16-01.37.06:435][511]LogAudioMixer: FMixerPlatformXAudio2::StopAudioStream() called
[2026.03.16-01.37.06:436][511]LogAudioMixer: FMixerPlatformXAudio2::StopAudioStream() called
[2026.03.16-01.37.06:437][511]LogSlate: Updating window title bar state: overlay mode, drag disabled, window buttons hidden, title bar hidden
[2026.03.16-01.37.06:447][511]LogUObjectHash: Compacting FUObjectHashTables data took   2.08ms
[2026.03.16-01.37.06:479][512]LogPlayLevel: Display: Destroying online subsystem :Context_33
[2026.03.16-01.39.13:731][ 82]LogUObjectHash: Compacting FUObjectHashTables data took   1.86ms
[2026.03.16-01.39.13:756][ 82]Cmd: OBJ SAVEPACKAGE PACKAGE="/Game/Levels/MainLevel" FILE="C:/Users/titan/Desktop/Titan_RoadHopper/RoadHopper4.27/Content/Levels/MainLevel.umap" SILENT=true AUTOSAVING=false KEEPDIRTY=false
[2026.03.16-01.39.13:780][ 82]LogUObjectHash: Compacting FUObjectHashTables data took   0.54ms
[2026.03.16-01.39.14:438][ 82]LogSavePackage: Moving 'C:/Users/titan/Desktop/Titan_RoadHopper/RoadHopper4.27/Saved/MainLevelD921912641413BF30272EBAC37127C87.tmp' to 'C:/Users/titan/Desktop/Titan_RoadHopper/RoadHopper4.27/Content/Levels/MainLevel.umap'
[2026.03.16-01.39.14:451][ 82]LogFileHelpers: Saving map 'MainLevel' took 0.697
[2026.03.16-01.39.14:463][ 82]Cmd: OBJ SAVEPACKAGE PACKAGE="/Game/Blueprints/BP_Player" FILE="C:/Users/titan/Desktop/Titan_RoadHopper/RoadHopper4.27/Content/Blueprints/BP_Player.uasset" SILENT=true
[2026.03.16-01.39.14:496][ 82]LogSavePackage: Moving 'C:/Users/titan/Desktop/Titan_RoadHopper/RoadHopper4.27/Saved/BP_PlayerA36685984D709606002DCDB0B87FEC93.tmp' to 'C:/Users/titan/Desktop/Titan_RoadHopper/RoadHopper4.27/Content/Blueprints/BP_Player.uasset'
[2026.03.16-01.39.14:540][ 82]AssetCheck: New page: Asset Save: multiple assets
[2026.03.16-01.39.14:540][ 82]LogContentValidation: Display: Validating Blueprint /Game/Blueprints/BP_Player.BP_Player
[2026.03.16-01.39.14:540][ 82]LogContentValidation: Display: Validating World /Game/Levels/MainLevel.MainLevel
[2026.03.16-01.40.19:891][363]LogEditorViewport: Clicking on Actor (LMB): BP_Ambulance_C (BP_Ambulance)
[2026.03.16-01.40.26:810][178]Cmd: TRANSACTION UNDO
[2026.03.16-01.40.26:810][178]LogEditorTransaction: Undo Move Actors
[2026.03.16-01.40.43:076][798]BlueprintLog: New page: Compile BP_Car
[2026.03.16-01.40.43:154][798]LogUObjectHash: Compacting FUObjectHashTables data took   2.38ms
[2026.03.16-01.40.43:704][847]LogTemp: Repeating last play command: Selected Viewport
[2026.03.16-01.40.43:709][847]LogPlayLevel: PlayLevel: No blueprints needed recompiling
[2026.03.16-01.40.43:709][847]PIE: New page: PIE session: MainLevel (Mar. 15, 2026, 1:40:43 p.m.)
[2026.03.16-01.40.43:745][847]LogPlayLevel: Creating play world package: /Game/Levels/UEDPIE_0_MainLevel
[2026.03.16-01.40.43:897][847]LogPlayLevel: PIE: StaticDuplicateObject took: (0.152356s)
[2026.03.16-01.40.43:898][847]LogAIModule: Creating AISystem for world MainLevel
[2026.03.16-01.40.43:898][847]LogPlayLevel: PIE: World Init took: (0.001130s)
[2026.03.16-01.40.43:899][847]LogPlayLevel: PIE: Created PIE world by copying editor world from /Game/Levels/MainLevel.MainLevel to /Game/Levels/UEDPIE_0_MainLevel.MainLevel (0.153801s)
[2026.03.16-01.40.43:925][847]LogUObjectHash: Compacting FUObjectHashTables data took   2.54ms
[2026.03.16-01.40.43:926][847]LogAudio: Display: Creating Audio Device:                 Id: 17, Scope: Unique, Realtime: True
[2026.03.16-01.40.43:926][847]LogAudioMixer: Display: Audio Mixer Platform Settings:
[2026.03.16-01.40.43:926][847]LogAudioMixer: Display: 	Sample Rate:						  48000
[2026.03.16-01.40.43:926][847]LogAudioMixer: Display: 	Callback Buffer Frame Size Requested: 1024
[2026.03.16-01.40.43:926][847]LogAudioMixer: Display: 	Callback Buffer Frame Size To Use:	  1024
[2026.03.16-01.40.43:926][847]LogAudioMixer: Display: 	Number of buffers to queue:			  2
[2026.03.16-01.40.43:926][847]LogAudioMixer: Display: 	Max Channels (voices):				  32
[2026.03.16-01.40.43:926][847]LogAudioMixer: Display: 	Number of Async Source Workers:		  0
[2026.03.16-01.40.43:926][847]LogAudio: Display: AudioDevice MaxSources: 32
[2026.03.16-01.40.43:926][847]LogAudio: Display: Audio Spatialization Plugin: None (built-in).
[2026.03.16-01.40.43:926][847]LogAudio: Display: Audio Reverb Plugin: None (built-in).
[2026.03.16-01.40.43:926][847]LogAudio: Display: Audio Occlusion Plugin: None (built-in).
[2026.03.16-01.40.43:926][847]LogAudioMixer: Display: Initializing audio mixer.
[2026.03.16-01.40.43:929][847]LogAudioMixer: Display: 0: FrontLeft
[2026.03.16-01.40.43:929][847]LogAudioMixer: Display: 1: FrontRight
[2026.03.16-01.40.43:929][847]LogAudioMixer: Display: 2: FrontCenter
[2026.03.16-01.40.43:929][847]LogAudioMixer: Display: 3: LowFrequency
[2026.03.16-01.40.43:929][847]LogAudioMixer: Display: 4: BackLeft
[2026.03.16-01.40.43:929][847]LogAudioMixer: Display: 5: BackRight
[2026.03.16-01.40.43:929][847]LogAudioMixer: Display: 6: SideLeft
[2026.03.16-01.40.43:929][847]LogAudioMixer: Display: 7: SideRight
[2026.03.16-01.40.43:941][847]LogAudioMixer: Display: Using Audio Device Headset Earphone (CORSAIR VOID PRO Wireless Gaming Headset)
[2026.03.16-01.40.43:941][847]LogAudioMixer: Display: Initializing Sound Submixes...
[2026.03.16-01.40.43:941][847]LogAudioMixer: Display: Creating Master Submix 'MasterSubmixDefault'
[2026.03.16-01.40.43:941][847]LogAudioMixer: Display: Creating Master Submix 'MasterReverbSubmixDefault'
[2026.03.16-01.40.43:942][847]LogAudioMixer: Display: Creating Master Submix 'MasterEQSubmixDefault'
[2026.03.16-01.40.43:942][847]LogAudioMixer: FMixerPlatformXAudio2::StartAudioStream() called
[2026.03.16-01.40.43:942][847]LogAudioMixer: Display: Output buffers initialized: Frames=1024, Channels=8, Samples=8192
[2026.03.16-01.40.43:942][847]LogAudioMixer: Display: Starting AudioMixerPlatformInterface::RunInternal()
[2026.03.16-01.40.43:942][847]LogAudioMixer: Display: FMixerPlatformXAudio2::SubmitBuffer() called for the first time
[2026.03.16-01.40.43:942][847]LogInit: FAudioDevice initialized.
[2026.03.16-01.40.43:942][847]LogAudio: Display: Audio Device (ID: 17) registered with world 'MainLevel'.
[2026.03.16-01.40.43:957][847]LogLoad: Game class is 'GM_RoadHopper_C'
[2026.03.16-01.40.44:018][847]LogWorld: Bringing World /Game/Levels/UEDPIE_0_MainLevel.MainLevel up for play (max tick rate 0) at 2026.03.15-19.40.44
[2026.03.16-01.40.44:020][847]LogWorld: Bringing up level for play took: 0.061831
[2026.03.16-01.40.44:020][847]LogOnline: OSS: Creating online subsystem instance for: :Context_34
[2026.03.16-01.40.44:034][847]PIE: Server logged in
[2026.03.16-01.40.44:035][847]PIE: Play in editor total start time 0.326 seconds.
[2026.03.16-01.40.58:277][533]LogSlate: Updating window title bar state: overlay mode, drag disabled, window buttons hidden, title bar hidden
[2026.03.16-01.40.58:277][533]LogWorld: BeginTearingDown for /Game/Levels/UEDPIE_0_MainLevel
[2026.03.16-01.40.58:279][533]LogWorld: UWorld::CleanupWorld for MainLevel, bSessionEnded=true, bCleanupResources=true
[2026.03.16-01.40.58:346][533]LogSlate: InvalidateAllWidgets triggered.  All widgets were invalidated
[2026.03.16-01.40.58:356][533]LogPlayLevel: Display: Shutting down PIE online subsystems
[2026.03.16-01.40.58:366][533]LogSlate: InvalidateAllWidgets triggered.  All widgets were invalidated
[2026.03.16-01.40.58:400][533]LogAudio: Display: Audio Device unregistered from world 'None'.
[2026.03.16-01.40.58:400][533]LogAudioMixer: FMixerPlatformXAudio2::StopAudioStream() called
[2026.03.16-01.40.58:401][533]LogAudioMixer: FMixerPlatformXAudio2::StopAudioStream() called
[2026.03.16-01.40.58:402][533]LogSlate: Updating window title bar state: overlay mode, drag disabled, window buttons hidden, title bar hidden
[2026.03.16-01.40.58:413][533]LogUObjectHash: Compacting FUObjectHashTables data took   2.04ms
[2026.03.16-01.40.58:445][534]LogPlayLevel: Display: Destroying online subsystem :Context_34
[2026.03.16-01.41.40:353][ 68]LogEditorViewport: Clicking on Actor (LMB): BP_CarSpawner_C (BP_CarSpawner)
[2026.03.16-01.41.42:420][254]LogEditorViewport: Clicking on Actor (LMB): BP_CarSpawner_C (BP_CarSpawner2)
[2026.03.16-01.41.43:680][355]LogEditorViewport: Clicking on Actor (LMB): BP_CarSpawner_C (BP_CarSpawner)
[2026.03.16-01.41.48:509][776]Cmd: POLY SELECT ADJACENT WALLS
[2026.03.16-01.42.36:063][170]LogEditorViewport: Clicking on Actor (LMB): BP_Sky_Sphere_C (Sky Sphere3)
[2026.03.16-01.42.44:373][121]LogEditorViewport: Clicking on Actor (LMB): BP_Sky_Sphere_C (Sky Sphere3)
[2026.03.16-01.43.17:173][793]LogEditorViewport: Clicking on Actor (LMB): BP_Sky_Sphere_C (Sky Sphere3)
[2026.03.16-01.43.24:838][638]LogEditorViewport: Clicking on Actor (LMB): BP_Sky_Sphere_C (Sky Sphere7)
[2026.03.16-01.43.25:897][754]Cmd: TRANSACTION UNDO
[2026.03.16-01.43.25:897][754]LogEditorTransaction: Undo Move Actors
[2026.03.16-01.43.26:290][773]Cmd: TRANSACTION UNDO
[2026.03.16-01.43.26:290][773]LogEditorTransaction: Undo Clicking on Actors
[2026.03.16-01.43.26:726][812]Cmd: TRANSACTION UNDO
[2026.03.16-01.43.26:726][812]LogEditorTransaction: Undo Clicking on Actors
[2026.03.16-01.43.29:564][130]Cmd: TRANSACTION UNDO
[2026.03.16-01.43.29:564][130]LogEditorTransaction: Undo Clicking on Actors
[2026.03.16-01.43.30:397][228]Cmd: TRANSACTION UNDO
[2026.03.16-01.43.30:397][228]LogEditorTransaction: Undo Clicking on Actors
[2026.03.16-01.43.33:208][535]Cmd: TRANSACTION UNDO
[2026.03.16-01.43.33:208][535]LogEditorTransaction: Undo Clicking on Actors
[2026.03.16-01.43.33:584][571]Cmd: TRANSACTION UNDO
[2026.03.16-01.43.33:584][571]LogEditorTransaction: Undo Clicking on Actors
[2026.03.16-01.43.34:176][631]Cmd: TRANSACTION UNDO
[2026.03.16-01.43.34:176][631]LogEditorTransaction: Undo Clicking on Actors
[2026.03.16-01.43.34:773][689]Cmd: TRANSACTION UNDO
[2026.03.16-01.43.34:773][689]LogEditorTransaction: Undo Clicking on Actors
[2026.03.16-01.43.36:666][876]Cmd: TRANSACTION UNDO
[2026.03.16-01.43.36:666][876]LogEditorTransaction: Undo Set Location
[2026.03.16-01.43.51:581][446]Cmd: TRANSACTION UNDO
[2026.03.16-01.43.51:581][446]LogEditorTransaction: Undo Set Location
[2026.03.16-01.44.06:125][ 34]LogEditorViewport: Clicking on Actor (LMB): BP_Sky_Sphere_C (Sky Sphere7)
[2026.03.16-01.44.55:025][265]LogEditorViewport: Clicking on Actor (LMB): BP_Sky_Sphere_C (Sky Sphere9)
[2026.03.16-01.44.55:273][289]Cmd: TRANSACTION UNDO
[2026.03.16-01.44.55:273][289]LogEditorTransaction: Undo Clicking on Actors
[2026.03.16-01.44.56:142][349]Cmd: TRANSACTION UNDO
[2026.03.16-01.44.56:142][349]LogEditorTransaction: Undo Set Location
[2026.03.16-01.44.56:717][404]Cmd: TRANSACTION UNDO
[2026.03.16-01.44.56:717][404]LogEditorTransaction: Undo Clicking on Actors
[2026.03.16-01.45.05:502][390]Cmd: EDIT CUT
[2026.03.16-01.45.05:599][390]LogEditorActor: Deleted Actor: BP_Sky_Sphere_C
[2026.03.16-01.45.05:600][390]LogEditorActor: Deleted Actor: BP_CarSpawner_C
[2026.03.16-01.45.05:600][390]LogEditorActor: Deleted Actor: BP_CarSpawner_C
[2026.03.16-01.45.05:600][390]LogEditorActor: Deleted Actor: BP_CarSpawner_C
[2026.03.16-01.45.05:601][390]LogEditorActor: Deleted Actor: BP_CarSpawner_C
[2026.03.16-01.45.05:601][390]LogEditorActor: Deleted Actor: BP_CarSpawner_C
[2026.03.16-01.45.05:601][390]LogEditorActor: Deleted Actor: BP_CarSpawner_C
[2026.03.16-01.45.05:601][390]LogEditorActor: Deleted Actor: BP_CarSpawner_C
[2026.03.16-01.45.05:601][390]LogEditorActor: Deleted Actor: BP_CarSpawner_C
[2026.03.16-01.45.05:602][390]LogEditorActor: Deleted Actor: BP_CarSpawner_C
[2026.03.16-01.45.05:602][390]LogEditorActor: Deleted Actor: BP_CarSpawner_C
[2026.03.16-01.45.05:602][390]LogEditorActor: Deleted Actor: BP_CarSpawner_C
[2026.03.16-01.45.05:602][390]LogEditorActor: Deleted Actor: BP_CarSpawner_C
[2026.03.16-01.45.05:602][390]LogEditorActor: Deleted Actor: BP_CarSpawner_C
[2026.03.16-01.45.05:603][390]LogEditorActor: Deleted Actor: BP_CarSpawner_C
[2026.03.16-01.45.05:603][390]LogEditorActor: Deleted Actor: BP_CarSpawner_C
[2026.03.16-01.45.05:636][390]LogUObjectHash: Compacting FUObjectHashTables data took   2.12ms
[2026.03.16-01.45.05:641][390]LogEditorActor: Deleted 16 Actors (0.137 secs)
[2026.03.16-01.45.25:847][774]Cmd: EDIT PASTE
[2026.03.16-01.45.31:438][389]Cmd: TRANSACTION UNDO
[2026.03.16-01.45.31:438][389]LogEditorTransaction: Undo Move Actors
[2026.03.16-01.45.32:389][458]LogEditorViewport: Clicking on Actor (LMB): BP_Sky_Sphere_C (Sky Sphere7)
[2026.03.16-01.45.49:929][419]Cmd: EDIT CUT
[2026.03.16-01.45.50:025][419]LogEditorActor: Deleted Actor: BP_CarSpawner_C
[2026.03.16-01.45.50:026][419]LogEditorActor: Deleted Actor: BP_CarSpawner_C
[2026.03.16-01.45.50:026][419]LogEditorActor: Deleted Actor: BP_CarSpawner_C
[2026.03.16-01.45.50:026][419]LogEditorActor: Deleted Actor: BP_CarSpawner_C
[2026.03.16-01.45.50:027][419]LogEditorActor: Deleted Actor: BP_CarSpawner_C
[2026.03.16-01.45.50:027][419]LogEditorActor: Deleted Actor: BP_CarSpawner_C
[2026.03.16-01.45.50:027][419]LogEditorActor: Deleted Actor: BP_CarSpawner_C
[2026.03.16-01.45.50:027][419]LogEditorActor: Deleted Actor: BP_CarSpawner_C
[2026.03.16-01.45.50:027][419]LogEditorActor: Deleted Actor: BP_CarSpawner_C
[2026.03.16-01.45.50:028][419]LogEditorActor: Deleted Actor: BP_CarSpawner_C
[2026.03.16-01.45.50:028][419]LogEditorActor: Deleted Actor: BP_CarSpawner_C
[2026.03.16-01.45.50:028][419]LogEditorActor: Deleted Actor: BP_CarSpawner_C
[2026.03.16-01.45.50:028][419]LogEditorActor: Deleted Actor: BP_CarSpawner_C
[2026.03.16-01.45.50:028][419]LogEditorActor: Deleted Actor: BP_CarSpawner_C
[2026.03.16-01.45.50:029][419]LogEditorActor: Deleted Actor: BP_CarSpawner_C
[2026.03.16-01.45.50:056][419]LogUObjectHash: Compacting FUObjectHashTables data took   1.95ms
[2026.03.16-01.45.50:059][419]LogEditorActor: Deleted 15 Actors (0.129 secs)
[2026.03.16-01.45.52:748][726]Cmd: EDIT PASTE
[2026.03.16-01.45.58:042][328]Cmd: TRANSACTION UNDO
[2026.03.16-01.45.58:042][328]LogEditorTransaction: Undo Clicking on Actors
[2026.03.16-01.46.00:169][508]Cmd: EDIT CUT
[2026.03.16-01.46.00:261][508]LogEditorActor: Deleted Actor: BP_CarSpawner_C
[2026.03.16-01.46.00:261][508]LogEditorActor: Deleted Actor: BP_CarSpawner_C
[2026.03.16-01.46.00:262][508]LogEditorActor: Deleted Actor: BP_CarSpawner_C
[2026.03.16-01.46.00:262][508]LogEditorActor: Deleted Actor: BP_CarSpawner_C
[2026.03.16-01.46.00:262][508]LogEditorActor: Deleted Actor: BP_CarSpawner_C
[2026.03.16-01.46.00:262][508]LogEditorActor: Deleted Actor: BP_CarSpawner_C
[2026.03.16-01.46.00:262][508]LogEditorActor: Deleted Actor: BP_CarSpawner_C
[2026.03.16-01.46.00:263][508]LogEditorActor: Deleted Actor: BP_CarSpawner_C
[2026.03.16-01.46.00:263][508]LogEditorActor: Deleted Actor: BP_CarSpawner_C
[2026.03.16-01.46.00:263][508]LogEditorActor: Deleted Actor: BP_CarSpawner_C
[2026.03.16-01.46.00:263][508]LogEditorActor: Deleted Actor: BP_CarSpawner_C
[2026.03.16-01.46.00:263][508]LogEditorActor: Deleted Actor: BP_CarSpawner_C
[2026.03.16-01.46.00:264][508]LogEditorActor: Deleted Actor: BP_CarSpawner_C
[2026.03.16-01.46.00:264][508]LogEditorActor: Deleted Actor: BP_CarSpawner_C
[2026.03.16-01.46.00:264][508]LogEditorActor: Deleted Actor: BP_CarSpawner_C
[2026.03.16-01.46.00:286][508]LogUObjectHash: Compacting FUObjectHashTables data took   1.53ms
[2026.03.16-01.46.00:289][508]LogEditorActor: Deleted 15 Actors (0.118 secs)
[2026.03.16-01.46.07:924][280]Cmd: DELETE
[2026.03.16-01.46.07:924][280]Cmd: ACTOR DELETE
[2026.03.16-01.46.07:959][280]LogUObjectHash: Compacting FUObjectHashTables data took   0.51ms
[2026.03.16-01.46.07:961][280]LogEditorActor: Deleted 0 Actors (0.037 secs)
[2026.03.16-01.46.12:332][783]Cmd: EDIT PASTE
[2026.03.16-01.46.43:280][ 93]LogEditorViewport: Clicking on Actor (LMB): BP_Sky_Sphere_C (Sky Sphere7)
[2026.03.16-01.46.52:610][934]BlueprintLog: New page: Compile BP_Car
[2026.03.16-01.46.52:667][934]LogUObjectHash: Compacting FUObjectHashTables data took   2.03ms
[2026.03.16-01.46.59:726][632]BlueprintLog: New page: Compile BP_Car
[2026.03.16-01.46.59:778][632]LogUObjectHash: Compacting FUObjectHashTables data took   2.46ms
[2026.03.16-01.47.02:197][840]LogTemp: Repeating last play command: Selected Viewport
[2026.03.16-01.47.02:202][840]LogPlayLevel: PlayLevel: No blueprints needed recompiling
[2026.03.16-01.47.02:202][840]PIE: New page: PIE session: MainLevel (Mar. 15, 2026, 1:47:02 p.m.)
[2026.03.16-01.47.02:236][840]LogPlayLevel: Creating play world package: /Game/Levels/UEDPIE_0_MainLevel
[2026.03.16-01.47.02:390][840]LogPlayLevel: PIE: StaticDuplicateObject took: (0.154464s)
[2026.03.16-01.47.02:391][840]LogAIModule: Creating AISystem for world MainLevel
[2026.03.16-01.47.02:392][840]LogPlayLevel: PIE: World Init took: (0.001169s)
[2026.03.16-01.47.02:392][840]LogPlayLevel: PIE: Created PIE world by copying editor world from /Game/Levels/MainLevel.MainLevel to /Game/Levels/UEDPIE_0_MainLevel.MainLevel (0.155953s)
[2026.03.16-01.47.02:418][840]LogUObjectHash: Compacting FUObjectHashTables data took   2.41ms
[2026.03.16-01.47.02:420][840]LogAudio: Display: Creating Audio Device:                 Id: 18, Scope: Unique, Realtime: True
[2026.03.16-01.47.02:420][840]LogAudioMixer: Display: Audio Mixer Platform Settings:
[2026.03.16-01.47.02:420][840]LogAudioMixer: Display: 	Sample Rate:						  48000
[2026.03.16-01.47.02:420][840]LogAudioMixer: Display: 	Callback Buffer Frame Size Requested: 1024
[2026.03.16-01.47.02:420][840]LogAudioMixer: Display: 	Callback Buffer Frame Size To Use:	  1024
[2026.03.16-01.47.02:420][840]LogAudioMixer: Display: 	Number of buffers to queue:			  2
[2026.03.16-01.47.02:420][840]LogAudioMixer: Display: 	Max Channels (voices):				  32
[2026.03.16-01.47.02:420][840]LogAudioMixer: Display: 	Number of Async Source Workers:		  0
[2026.03.16-01.47.02:420][840]LogAudio: Display: AudioDevice MaxSources: 32
[2026.03.16-01.47.02:420][840]LogAudio: Display: Audio Spatialization Plugin: None (built-in).
[2026.03.16-01.47.02:420][840]LogAudio: Display: Audio Reverb Plugin: None (built-in).
[2026.03.16-01.47.02:420][840]LogAudio: Display: Audio Occlusion Plugin: None (built-in).
[2026.03.16-01.47.02:420][840]LogAudioMixer: Display: Initializing audio mixer.
[2026.03.16-01.47.02:423][840]LogAudioMixer: Display: 0: FrontLeft
[2026.03.16-01.47.02:423][840]LogAudioMixer: Display: 1: FrontRight
[2026.03.16-01.47.02:423][840]LogAudioMixer: Display: 2: FrontCenter
[2026.03.16-01.47.02:423][840]LogAudioMixer: Display: 3: LowFrequency
[2026.03.16-01.47.02:423][840]LogAudioMixer: Display: 4: BackLeft
[2026.03.16-01.47.02:423][840]LogAudioMixer: Display: 5: BackRight
[2026.03.16-01.47.02:423][840]LogAudioMixer: Display: 6: SideLeft
[2026.03.16-01.47.02:423][840]LogAudioMixer: Display: 7: SideRight
[2026.03.16-01.47.02:435][840]LogAudioMixer: Display: Using Audio Device Headset Earphone (CORSAIR VOID PRO Wireless Gaming Headset)
[2026.03.16-01.47.02:436][840]LogAudioMixer: Display: Initializing Sound Submixes...
[2026.03.16-01.47.02:436][840]LogAudioMixer: Display: Creating Master Submix 'MasterSubmixDefault'
[2026.03.16-01.47.02:436][840]LogAudioMixer: Display: Creating Master Submix 'MasterReverbSubmixDefault'
[2026.03.16-01.47.02:436][840]LogAudioMixer: Display: Creating Master Submix 'MasterEQSubmixDefault'
[2026.03.16-01.47.02:436][840]LogAudioMixer: FMixerPlatformXAudio2::StartAudioStream() called
[2026.03.16-01.47.02:436][840]LogAudioMixer: Display: Output buffers initialized: Frames=1024, Channels=8, Samples=8192
[2026.03.16-01.47.02:437][840]LogAudioMixer: Display: Starting AudioMixerPlatformInterface::RunInternal()
[2026.03.16-01.47.02:437][840]LogAudioMixer: Display: FMixerPlatformXAudio2::SubmitBuffer() called for the first time
[2026.03.16-01.47.02:437][840]LogInit: FAudioDevice initialized.
[2026.03.16-01.47.02:437][840]LogAudio: Display: Audio Device (ID: 18) registered with world 'MainLevel'.
[2026.03.16-01.47.02:449][840]LogLoad: Game class is 'GM_RoadHopper_C'
[2026.03.16-01.47.02:509][840]LogWorld: Bringing World /Game/Levels/UEDPIE_0_MainLevel.MainLevel up for play (max tick rate 0) at 2026.03.15-19.47.02
[2026.03.16-01.47.02:511][840]LogWorld: Bringing up level for play took: 0.060985
[2026.03.16-01.47.02:511][840]LogOnline: OSS: Creating online subsystem instance for: :Context_35
[2026.03.16-01.47.02:525][840]PIE: Server logged in
[2026.03.16-01.47.02:525][840]PIE: Play in editor total start time 0.324 seconds.
[2026.03.16-01.47.18:586][730]LogSlate: Updating window title bar state: overlay mode, drag disabled, window buttons hidden, title bar hidden
[2026.03.16-01.47.18:586][730]LogWorld: BeginTearingDown for /Game/Levels/UEDPIE_0_MainLevel
[2026.03.16-01.47.18:588][730]LogWorld: UWorld::CleanupWorld for MainLevel, bSessionEnded=true, bCleanupResources=true
[2026.03.16-01.47.18:659][730]LogSlate: InvalidateAllWidgets triggered.  All widgets were invalidated
[2026.03.16-01.47.18:667][730]LogPlayLevel: Display: Shutting down PIE online subsystems
[2026.03.16-01.47.18:678][730]LogSlate: InvalidateAllWidgets triggered.  All widgets were invalidated
[2026.03.16-01.47.18:705][730]LogAudio: Display: Audio Device unregistered from world 'None'.
[2026.03.16-01.47.18:706][730]LogAudioMixer: FMixerPlatformXAudio2::StopAudioStream() called
[2026.03.16-01.47.18:707][730]LogAudioMixer: FMixerPlatformXAudio2::StopAudioStream() called
[2026.03.16-01.47.18:708][730]LogSlate: Updating window title bar state: overlay mode, drag disabled, window buttons hidden, title bar hidden
[2026.03.16-01.47.18:732][730]LogUObjectHash: Compacting FUObjectHashTables data took   2.04ms
[2026.03.16-01.47.18:765][731]LogPlayLevel: Display: Destroying online subsystem :Context_35
[2026.03.16-01.47.21:670][ 73]LogTemp: Repeating last play command: Selected Viewport
[2026.03.16-01.47.21:674][ 73]LogPlayLevel: PlayLevel: No blueprints needed recompiling
[2026.03.16-01.47.21:674][ 73]PIE: New page: PIE session: MainLevel (Mar. 15, 2026, 1:47:21 p.m.)
[2026.03.16-01.47.21:695][ 73]LogPlayLevel: Creating play world package: /Game/Levels/UEDPIE_0_MainLevel
[2026.03.16-01.47.21:845][ 73]LogPlayLevel: PIE: StaticDuplicateObject took: (0.150322s)
[2026.03.16-01.47.21:846][ 73]LogAIModule: Creating AISystem for world MainLevel
[2026.03.16-01.47.21:846][ 73]LogPlayLevel: PIE: World Init took: (0.001094s)
[2026.03.16-01.47.21:847][ 73]LogPlayLevel: PIE: Created PIE world by copying editor world from /Game/Levels/MainLevel.MainLevel to /Game/Levels/UEDPIE_0_MainLevel.MainLevel (0.151733s)
[2026.03.16-01.47.21:870][ 73]LogUObjectHash: Compacting FUObjectHashTables data took   1.79ms
[2026.03.16-01.47.21:871][ 73]LogAudio: Display: Creating Audio Device:                 Id: 19, Scope: Unique, Realtime: True
[2026.03.16-01.47.21:871][ 73]LogAudioMixer: Display: Audio Mixer Platform Settings:
[2026.03.16-01.47.21:871][ 73]LogAudioMixer: Display: 	Sample Rate:						  48000
[2026.03.16-01.47.21:871][ 73]LogAudioMixer: Display: 	Callback Buffer Frame Size Requested: 1024
[2026.03.16-01.47.21:871][ 73]LogAudioMixer: Display: 	Callback Buffer Frame Size To Use:	  1024
[2026.03.16-01.47.21:872][ 73]LogAudioMixer: Display: 	Number of buffers to queue:			  2
[2026.03.16-01.47.21:872][ 73]LogAudioMixer: Display: 	Max Channels (voices):				  32
[2026.03.16-01.47.21:872][ 73]LogAudioMixer: Display: 	Number of Async Source Workers:		  0
[2026.03.16-01.47.21:872][ 73]LogAudio: Display: AudioDevice MaxSources: 32
[2026.03.16-01.47.21:872][ 73]LogAudio: Display: Audio Spatialization Plugin: None (built-in).
[2026.03.16-01.47.21:872][ 73]LogAudio: Display: Audio Reverb Plugin: None (built-in).
[2026.03.16-01.47.21:872][ 73]LogAudio: Display: Audio Occlusion Plugin: None (built-in).
[2026.03.16-01.47.21:872][ 73]LogAudioMixer: Display: Initializing audio mixer.
[2026.03.16-01.47.21:875][ 73]LogAudioMixer: Display: 0: FrontLeft
[2026.03.16-01.47.21:875][ 73]LogAudioMixer: Display: 1: FrontRight
[2026.03.16-01.47.21:875][ 73]LogAudioMixer: Display: 2: FrontCenter
[2026.03.16-01.47.21:875][ 73]LogAudioMixer: Display: 3: LowFrequency
[2026.03.16-01.47.21:875][ 73]LogAudioMixer: Display: 4: BackLeft
[2026.03.16-01.47.21:875][ 73]LogAudioMixer: Display: 5: BackRight
[2026.03.16-01.47.21:875][ 73]LogAudioMixer: Display: 6: SideLeft
[2026.03.16-01.47.21:875][ 73]LogAudioMixer: Display: 7: SideRight
[2026.03.16-01.47.21:886][ 73]LogAudioMixer: Display: Using Audio Device Headset Earphone (CORSAIR VOID PRO Wireless Gaming Headset)
[2026.03.16-01.47.21:887][ 73]LogAudioMixer: Display: Initializing Sound Submixes...
[2026.03.16-01.47.21:887][ 73]LogAudioMixer: Display: Creating Master Submix 'MasterSubmixDefault'
[2026.03.16-01.47.21:887][ 73]LogAudioMixer: Display: Creating Master Submix 'MasterReverbSubmixDefault'
[2026.03.16-01.47.21:887][ 73]LogAudioMixer: Display: Creating Master Submix 'MasterEQSubmixDefault'
[2026.03.16-01.47.21:887][ 73]LogAudioMixer: FMixerPlatformXAudio2::StartAudioStream() called
[2026.03.16-01.47.21:887][ 73]LogAudioMixer: Display: Output buffers initialized: Frames=1024, Channels=8, Samples=8192
[2026.03.16-01.47.21:888][ 73]LogAudioMixer: Display: Starting AudioMixerPlatformInterface::RunInternal()
[2026.03.16-01.47.21:888][ 73]LogAudioMixer: Display: FMixerPlatformXAudio2::SubmitBuffer() called for the first time
[2026.03.16-01.47.21:888][ 73]LogInit: FAudioDevice initialized.
[2026.03.16-01.47.21:888][ 73]LogAudio: Display: Audio Device (ID: 19) registered with world 'MainLevel'.
[2026.03.16-01.47.21:895][ 73]LogLoad: Game class is 'GM_RoadHopper_C'
[2026.03.16-01.47.21:955][ 73]LogWorld: Bringing World /Game/Levels/UEDPIE_0_MainLevel.MainLevel up for play (max tick rate 0) at 2026.03.15-19.47.21
[2026.03.16-01.47.21:956][ 73]LogWorld: Bringing up level for play took: 0.060993
[2026.03.16-01.47.21:956][ 73]LogOnline: OSS: Creating online subsystem instance for: :Context_36
[2026.03.16-01.47.21:971][ 73]PIE: Server logged in
[2026.03.16-01.47.21:972][ 73]PIE: Play in editor total start time 0.298 seconds.
[2026.03.16-01.47.39:446][ 92]LogSlate: Updating window title bar state: overlay mode, drag disabled, window buttons hidden, title bar hidden
[2026.03.16-01.47.39:446][ 92]LogWorld: BeginTearingDown for /Game/Levels/UEDPIE_0_MainLevel
[2026.03.16-01.47.39:448][ 92]LogWorld: UWorld::CleanupWorld for MainLevel, bSessionEnded=true, bCleanupResources=true
[2026.03.16-01.47.39:521][ 92]LogSlate: InvalidateAllWidgets triggered.  All widgets were invalidated
[2026.03.16-01.47.39:533][ 92]LogPlayLevel: Display: Shutting down PIE online subsystems
[2026.03.16-01.47.39:544][ 92]LogSlate: InvalidateAllWidgets triggered.  All widgets were invalidated
[2026.03.16-01.47.39:576][ 92]LogAudio: Display: Audio Device unregistered from world 'None'.
[2026.03.16-01.47.39:576][ 92]LogAudioMixer: FMixerPlatformXAudio2::StopAudioStream() called
[2026.03.16-01.47.39:577][ 92]LogAudioMixer: FMixerPlatformXAudio2::StopAudioStream() called
[2026.03.16-01.47.39:583][ 92]LogSlate: Updating window title bar state: overlay mode, drag disabled, window buttons hidden, title bar hidden
[2026.03.16-01.47.39:604][ 92]LogUObjectHash: Compacting FUObjectHashTables data took   1.90ms
[2026.03.16-01.47.39:640][ 93]LogPlayLevel: Display: Destroying online subsystem :Context_36
[2026.03.16-01.48.21:455][835]LogEditorViewport: Clicking on Actor (LMB): BP_Sky_Sphere_C (Sky Sphere7)
[2026.03.16-01.48.32:670][894]BlueprintLog: New page: Compile BP_Car
[2026.03.16-01.48.32:725][894]LogUObjectHash: Compacting FUObjectHashTables data took   2.24ms
[2026.03.16-01.48.34:044][ 25]Cmd: OBJ SAVEPACKAGE PACKAGE="/Game/Blueprints/BP_Car" FILE="C:/Users/titan/Desktop/Titan_RoadHopper/RoadHopper4.27/Content/Blueprints/BP_Car.uasset" SILENT=true
[2026.03.16-01.48.34:053][ 25]LogSavePackage: Moving 'C:/Users/titan/Desktop/Titan_RoadHopper/RoadHopper4.27/Saved/BP_Car0B77B0264722168AEB5A829AFA32687E.tmp' to 'C:/Users/titan/Desktop/Titan_RoadHopper/RoadHopper4.27/Content/Blueprints/BP_Car.uasset'
[2026.03.16-01.48.34:070][ 25]AssetCheck: New page: Asset Save: BP_Car
[2026.03.16-01.48.34:070][ 25]LogContentValidation: Display: Validating Blueprint /Game/Blueprints/BP_Car.BP_Car
[2026.03.16-01.48.37:150][349]LogTemp: Repeating last play command: Selected Viewport
[2026.03.16-01.48.37:155][349]LogPlayLevel: PlayLevel: No blueprints needed recompiling
[2026.03.16-01.48.37:155][349]PIE: New page: PIE session: MainLevel (Mar. 15, 2026, 1:48:37 p.m.)
[2026.03.16-01.48.37:195][349]LogPlayLevel: Creating play world package: /Game/Levels/UEDPIE_0_MainLevel
[2026.03.16-01.48.37:348][349]LogPlayLevel: PIE: StaticDuplicateObject took: (0.153243s)
[2026.03.16-01.48.37:349][349]LogAIModule: Creating AISystem for world MainLevel
[2026.03.16-01.48.37:349][349]LogPlayLevel: PIE: World Init took: (0.001057s)
[2026.03.16-01.48.37:350][349]LogPlayLevel: PIE: Created PIE world by copying editor world from /Game/Levels/MainLevel.MainLevel to /Game/Levels/UEDPIE_0_MainLevel.MainLevel (0.154615s)
[2026.03.16-01.48.37:376][349]LogUObjectHash: Compacting FUObjectHashTables data took   2.58ms
[2026.03.16-01.48.37:378][349]LogAudio: Display: Creating Audio Device:                 Id: 20, Scope: Unique, Realtime: True
[2026.03.16-01.48.37:378][349]LogAudioMixer: Display: Audio Mixer Platform Settings:
[2026.03.16-01.48.37:378][349]LogAudioMixer: Display: 	Sample Rate:						  48000
[2026.03.16-01.48.37:378][349]LogAudioMixer: Display: 	Callback Buffer Frame Size Requested: 1024
[2026.03.16-01.48.37:378][349]LogAudioMixer: Display: 	Callback Buffer Frame Size To Use:	  1024
[2026.03.16-01.48.37:378][349]LogAudioMixer: Display: 	Number of buffers to queue:			  2
[2026.03.16-01.48.37:378][349]LogAudioMixer: Display: 	Max Channels (voices):				  32
[2026.03.16-01.48.37:378][349]LogAudioMixer: Display: 	Number of Async Source Workers:		  0
[2026.03.16-01.48.37:378][349]LogAudio: Display: AudioDevice MaxSources: 32
[2026.03.16-01.48.37:378][349]LogAudio: Display: Audio Spatialization Plugin: None (built-in).
[2026.03.16-01.48.37:378][349]LogAudio: Display: Audio Reverb Plugin: None (built-in).
[2026.03.16-01.48.37:378][349]LogAudio: Display: Audio Occlusion Plugin: None (built-in).
[2026.03.16-01.48.37:378][349]LogAudioMixer: Display: Initializing audio mixer.
[2026.03.16-01.48.37:381][349]LogAudioMixer: Display: 0: FrontLeft
[2026.03.16-01.48.37:382][349]LogAudioMixer: Display: 1: FrontRight
[2026.03.16-01.48.37:382][349]LogAudioMixer: Display: 2: FrontCenter
[2026.03.16-01.48.37:382][349]LogAudioMixer: Display: 3: LowFrequency
[2026.03.16-01.48.37:382][349]LogAudioMixer: Display: 4: BackLeft
[2026.03.16-01.48.37:382][349]LogAudioMixer: Display: 5: BackRight
[2026.03.16-01.48.37:382][349]LogAudioMixer: Display: 6: SideLeft
[2026.03.16-01.48.37:382][349]LogAudioMixer: Display: 7: SideRight
[2026.03.16-01.48.37:394][349]LogAudioMixer: Display: Using Audio Device Headset Earphone (CORSAIR VOID PRO Wireless Gaming Headset)
[2026.03.16-01.48.37:395][349]LogAudioMixer: Display: Initializing Sound Submixes...
[2026.03.16-01.48.37:395][349]LogAudioMixer: Display: Creating Master Submix 'MasterSubmixDefault'
[2026.03.16-01.48.37:395][349]LogAudioMixer: Display: Creating Master Submix 'MasterReverbSubmixDefault'
[2026.03.16-01.48.37:395][349]LogAudioMixer: Display: Creating Master Submix 'MasterEQSubmixDefault'
[2026.03.16-01.48.37:395][349]LogAudioMixer: FMixerPlatformXAudio2::StartAudioStream() called
[2026.03.16-01.48.37:395][349]LogAudioMixer: Display: Output buffers initialized: Frames=1024, Channels=8, Samples=8192
[2026.03.16-01.48.37:396][349]LogAudioMixer: Display: Starting AudioMixerPlatformInterface::RunInternal()
[2026.03.16-01.48.37:396][349]LogAudioMixer: Display: FMixerPlatformXAudio2::SubmitBuffer() called for the first time
[2026.03.16-01.48.37:396][349]LogInit: FAudioDevice initialized.
[2026.03.16-01.48.37:396][349]LogAudio: Display: Audio Device (ID: 20) registered with world 'MainLevel'.
[2026.03.16-01.48.37:406][349]LogLoad: Game class is 'GM_RoadHopper_C'
[2026.03.16-01.48.37:465][349]LogWorld: Bringing World /Game/Levels/UEDPIE_0_MainLevel.MainLevel up for play (max tick rate 0) at 2026.03.15-19.48.37
[2026.03.16-01.48.37:466][349]LogWorld: Bringing up level for play took: 0.059884
[2026.03.16-01.48.37:466][349]LogOnline: OSS: Creating online subsystem instance for: :Context_37
[2026.03.16-01.48.37:480][349]PIE: Server logged in
[2026.03.16-01.48.37:480][349]PIE: Play in editor total start time 0.326 seconds.
[2026.03.16-01.49.08:206][548]LogSlate: Updating window title bar state: overlay mode, drag disabled, window buttons hidden, title bar hidden
[2026.03.16-01.49.08:206][548]LogWorld: BeginTearingDown for /Game/Levels/UEDPIE_0_MainLevel
[2026.03.16-01.49.08:208][548]LogWorld: UWorld::CleanupWorld for MainLevel, bSessionEnded=true, bCleanupResources=true
[2026.03.16-01.49.08:286][548]LogSlate: InvalidateAllWidgets triggered.  All widgets were invalidated
[2026.03.16-01.49.08:298][548]LogPlayLevel: Display: Shutting down PIE online subsystems
[2026.03.16-01.49.08:309][548]LogSlate: InvalidateAllWidgets triggered.  All widgets were invalidated
[2026.03.16-01.49.08:345][548]LogAudio: Display: Audio Device unregistered from world 'None'.
[2026.03.16-01.49.08:345][548]LogAudioMixer: FMixerPlatformXAudio2::StopAudioStream() called
[2026.03.16-01.49.08:346][548]LogAudioMixer: FMixerPlatformXAudio2::StopAudioStream() called
[2026.03.16-01.49.08:351][548]LogSlate: Updating window title bar state: overlay mode, drag disabled, window buttons hidden, title bar hidden
[2026.03.16-01.49.08:364][548]LogUObjectHash: Compacting FUObjectHashTables data took   2.07ms
[2026.03.16-01.49.08:396][549]LogPlayLevel: Display: Destroying online subsystem :Context_37
[2026.03.16-01.50.08:241][645]Cmd: OBJ SAVEPACKAGE PACKAGE="/Game/Levels/MainLevel" FILE="C:/Users/titan/Desktop/Titan_RoadHopper/RoadHopper4.27/Content/Levels/MainLevel.umap" SILENT=true AUTOSAVING=false KEEPDIRTY=false
[2026.03.16-01.50.08:265][645]LogUObjectHash: Compacting FUObjectHashTables data took   1.90ms
[2026.03.16-01.50.08:907][645]LogSavePackage: Moving 'C:/Users/titan/Desktop/Titan_RoadHopper/RoadHopper4.27/Saved/MainLevelEAC11CB14CCBD8F506DF42B4483D437F.tmp' to 'C:/Users/titan/Desktop/Titan_RoadHopper/RoadHopper4.27/Content/Levels/MainLevel.umap'
[2026.03.16-01.50.08:922][645]Cmd: OBJ SAVEPACKAGE PACKAGE="/Game/Levels/MainLevel_BuiltData" FILE="C:/Users/titan/Desktop/Titan_RoadHopper/RoadHopper4.27/Content/Levels/MainLevel_BuiltData.uasset" SILENT=true
[2026.03.16-01.50.08:932][645]LogSavePackage: Moving 'C:/Users/titan/Desktop/Titan_RoadHopper/RoadHopper4.27/Saved/MainLevel_BuiltDataE2BB5F404439CEF9FF8822819DDBDB72.tmp' to 'C:/Users/titan/Desktop/Titan_RoadHopper/RoadHopper4.27/Content/Levels/MainLevel_BuiltData.uasset'
[2026.03.16-01.50.08:965][645]AssetCheck: New page: Asset Save: multiple assets
[2026.03.16-01.50.08:965][645]LogContentValidation: Display: Validating MapBuildDataRegistry /Game/Levels/MainLevel_BuiltData.MainLevel_BuiltData
[2026.03.16-01.50.08:965][645]LogContentValidation: Display: Validating World /Game/Levels/MainLevel.MainLevel
[2026.03.16-01.50.10:097][778]LogUObjectHash: Compacting FUObjectHashTables data took   1.91ms
[2026.03.16-01.50.11:595][949]LogUObjectHash: Compacting FUObjectHashTables data took   0.55ms
[2026.03.16-02.00.16:167][420]LogUObjectHash: Compacting FUObjectHashTables data took   0.88ms
[2026.03.16-02.00.16:225][420]LogWorld: UWorld::CleanupWorld for World_8, bSessionEnded=true, bCleanupResources=true
[2026.03.16-02.00.16:225][420]LogSlate: InvalidateAllWidgets triggered.  All widgets were invalidated
[2026.03.16-02.00.16:306][420]LogActorComponent: UnregisterComponent: (/Engine/Transient.EditorFloorComp) Not registered. Aborting.
[2026.03.16-02.00.16:306][420]LogWorld: UWorld::CleanupWorld for World_10, bSessionEnded=true, bCleanupResources=true
[2026.03.16-02.00.16:306][420]LogSlate: InvalidateAllWidgets triggered.  All widgets were invalidated
[2026.03.16-02.00.16:374][420]LogWorld: UWorld::CleanupWorld for World_12, bSessionEnded=true, bCleanupResources=true
[2026.03.16-02.00.16:374][420]LogSlate: InvalidateAllWidgets triggered.  All widgets were invalidated
[2026.03.16-02.00.16:381][420]LogWorld: UWorld::CleanupWorld for World_11, bSessionEnded=true, bCleanupResources=true
[2026.03.16-02.00.16:381][420]LogSlate: InvalidateAllWidgets triggered.  All widgets were invalidated
[2026.03.16-02.00.16:451][420]LogWorld: UWorld::CleanupWorld for World_16, bSessionEnded=true, bCleanupResources=true
[2026.03.16-02.00.16:451][420]LogSlate: InvalidateAllWidgets triggered.  All widgets were invalidated
[2026.03.16-02.00.16:456][420]LogWorld: UWorld::CleanupWorld for World_15, bSessionEnded=true, bCleanupResources=true
[2026.03.16-02.00.16:456][420]LogSlate: InvalidateAllWidgets triggered.  All widgets were invalidated
[2026.03.16-02.00.16:506][420]LogActorComponent: UnregisterComponent: (/Engine/Transient.EditorFloorComp) Not registered. Aborting.
[2026.03.16-02.00.16:506][420]LogWorld: UWorld::CleanupWorld for World_19, bSessionEnded=true, bCleanupResources=true
[2026.03.16-02.00.16:506][420]LogSlate: InvalidateAllWidgets triggered.  All widgets were invalidated
[2026.03.16-02.00.16:544][420]LogSlate: Window 'BP_Car' being destroyed
[2026.03.16-02.00.16:554][420]LogActorComponent: UnregisterComponent: (/Engine/Transient.EditorFloorComp) Not registered. Aborting.
[2026.03.16-02.00.16:554][420]LogWorld: UWorld::CleanupWorld for World_21, bSessionEnded=true, bCleanupResources=true
[2026.03.16-02.00.16:554][420]LogSlate: InvalidateAllWidgets triggered.  All widgets were invalidated
[2026.03.16-02.00.16:621][420]LogSlate: Window 'RoadHopper - Unreal Editor' being destroyed
[2026.03.16-02.00.16:622][420]LogWindowsTextInputMethodSystem: Display: IME system deactivated.
[2026.03.16-02.00.16:749][421]Cmd: QUIT_EDITOR
[2026.03.16-02.00.16:749][421]LogCore: Engine exit requested (reason: UUnrealEdEngine::CloseEditor())
[2026.03.16-02.00.16:757][421]LogCore: Engine exit requested (reason: EngineExit() was called; note: exit was already requested)
[2026.03.16-02.00.17:291][421]LogAudio: Display: Beginning Audio Device Manager Shutdown (Module: AudioMixerXAudio2)...
[2026.03.16-02.00.17:291][421]LogAudio: Display: Destroying 1 Remaining Audio Device(s)...
[2026.03.16-02.00.17:291][421]LogAudio: Display: Audio Device unregistered from world 'MainLevel'.
[2026.03.16-02.00.17:291][421]LogAudioMixer: FMixerPlatformXAudio2::StopAudioStream() called
[2026.03.16-02.00.17:293][421]LogAudioMixer: FMixerPlatformXAudio2::StopAudioStream() called
[2026.03.16-02.00.17:298][421]LogAudio: Display: Audio Device Manager Shutdown
[2026.03.16-02.00.17:308][421]LogExit: Preparing to exit.
[2026.03.16-02.00.18:048][421]LogUObjectHash: Compacting FUObjectHashTables data took   2.48ms
[2026.03.16-02.00.18:179][421]LogWorld: UWorld::CleanupWorld for World_0, bSessionEnded=true, bCleanupResources=true
[2026.03.16-02.00.18:180][421]LogActorComponent: UnregisterComponent: (None.None) Not registered. Aborting.
[2026.03.16-02.00.18:180][421]LogActorComponent: UnregisterComponent: (None.None) Not registered. Aborting.
[2026.03.16-02.00.18:180][421]LogActorComponent: UnregisterComponent: (None.None) Not registered. Aborting.
[2026.03.16-02.00.18:180][421]LogActorComponent: UnregisterComponent: (None.None) Not registered. Aborting.
[2026.03.16-02.00.18:180][421]LogActorComponent: UnregisterComponent: (None.None) Not registered. Aborting.
[2026.03.16-02.00.18:180][421]LogActorComponent: UnregisterComponent: (None.None) Not registered. Aborting.
[2026.03.16-02.00.18:180][421]LogActorComponent: UnregisterComponent: (None.None) Not registered. Aborting.
[2026.03.16-02.00.18:180][421]LogWorld: UWorld::CleanupWorld for World_1, bSessionEnded=true, bCleanupResources=true
[2026.03.16-02.00.18:181][421]LogActorComponent: UnregisterComponent: (None.None) Not registered. Aborting.
[2026.03.16-02.00.18:182][421]LogActorComponent: UnregisterComponent: (None.None) Not registered. Aborting.
[2026.03.16-02.00.18:182][421]LogActorComponent: UnregisterComponent: (None.None) Not registered. Aborting.
[2026.03.16-02.00.18:182][421]LogActorComponent: UnregisterComponent: (None.None) Not registered. Aborting.
[2026.03.16-02.00.18:182][421]LogActorComponent: UnregisterComponent: (None.None) Not registered. Aborting.
[2026.03.16-02.00.18:182][421]LogActorComponent: UnregisterComponent: (None.None) Not registered. Aborting.
[2026.03.16-02.00.18:182][421]LogActorComponent: UnregisterComponent: (None.None) Not registered. Aborting.
[2026.03.16-02.00.18:182][421]LogWorld: UWorld::CleanupWorld for None, bSessionEnded=true, bCleanupResources=true
[2026.03.16-02.00.18:183][421]LogActorComponent: UnregisterComponent: (None.None) Not registered. Aborting.
[2026.03.16-02.00.18:183][421]LogActorComponent: UnregisterComponent: (None.None) Not registered. Aborting.
[2026.03.16-02.00.18:183][421]LogActorComponent: UnregisterComponent: (None.None) Not registered. Aborting.
[2026.03.16-02.00.18:183][421]LogActorComponent: UnregisterComponent: (None.None) Not registered. Aborting.
[2026.03.16-02.00.18:183][421]LogActorComponent: UnregisterComponent: (None.None) Not registered. Aborting.
[2026.03.16-02.00.18:183][421]LogActorComponent: UnregisterComponent: (None.None) Not registered. Aborting.
[2026.03.16-02.00.18:183][421]LogActorComponent: UnregisterComponent: (None.None) Not registered. Aborting.
[2026.03.16-02.00.18:183][421]LogWorld: UWorld::CleanupWorld for None, bSessionEnded=true, bCleanupResources=true
[2026.03.16-02.00.18:183][421]LogActorComponent: UnregisterComponent: (None.None) Not registered. Aborting.
[2026.03.16-02.00.18:183][421]LogActorComponent: UnregisterComponent: (None.None) Not registered. Aborting.
[2026.03.16-02.00.18:183][421]LogActorComponent: UnregisterComponent: (None.None) Not registered. Aborting.
[2026.03.16-02.00.18:183][421]LogActorComponent: UnregisterComponent: (None.None) Not registered. Aborting.
[2026.03.16-02.00.18:183][421]LogActorComponent: UnregisterComponent: (None.None) Not registered. Aborting.
[2026.03.16-02.00.18:183][421]LogActorComponent: UnregisterComponent: (None.None) Not registered. Aborting.
[2026.03.16-02.00.18:183][421]LogActorComponent: UnregisterComponent: (None.None) Not registered. Aborting.
[2026.03.16-02.00.18:183][421]LogWorld: UWorld::CleanupWorld for None, bSessionEnded=true, bCleanupResources=true
[2026.03.16-02.00.18:184][421]LogActorComponent: UnregisterComponent: (None.None) Not registered. Aborting.
[2026.03.16-02.00.18:184][421]LogActorComponent: UnregisterComponent: (None.None) Not registered. Aborting.
[2026.03.16-02.00.18:184][421]LogActorComponent: UnregisterComponent: (None.None) Not registered. Aborting.
[2026.03.16-02.00.18:184][421]LogActorComponent: UnregisterComponent: (None.None) Not registered. Aborting.
[2026.03.16-02.00.18:184][421]LogActorComponent: UnregisterComponent: (None.None) Not registered. Aborting.
[2026.03.16-02.00.18:184][421]LogActorComponent: UnregisterComponent: (None.None) Not registered. Aborting.
[2026.03.16-02.00.18:184][421]LogActorComponent: UnregisterComponent: (None.None) Not registered. Aborting.
[2026.03.16-02.00.18:184][421]LogWorld: UWorld::CleanupWorld for None, bSessionEnded=true, bCleanupResources=true
[2026.03.16-02.00.18:185][421]LogActorComponent: UnregisterComponent: (None.None) Not registered. Aborting.
[2026.03.16-02.00.18:185][421]LogActorComponent: UnregisterComponent: (None.None) Not registered. Aborting.
[2026.03.16-02.00.18:185][421]LogActorComponent: UnregisterComponent: (None.None) Not registered. Aborting.
[2026.03.16-02.00.18:185][421]LogActorComponent: UnregisterComponent: (None.None) Not registered. Aborting.
[2026.03.16-02.00.18:185][421]LogActorComponent: UnregisterComponent: (None.None) Not registered. Aborting.
[2026.03.16-02.00.18:185][421]LogActorComponent: UnregisterComponent: (None.None) Not registered. Aborting.
[2026.03.16-02.00.18:185][421]LogActorComponent: UnregisterComponent: (None.None) Not registered. Aborting.
[2026.03.16-02.00.18:185][421]LogWorld: UWorld::CleanupWorld for None, bSessionEnded=true, bCleanupResources=true
[2026.03.16-02.00.18:185][421]LogActorComponent: UnregisterComponent: (None.None) Not registered. Aborting.
[2026.03.16-02.00.18:185][421]LogActorComponent: UnregisterComponent: (None.None) Not registered. Aborting.
[2026.03.16-02.00.18:185][421]LogActorComponent: UnregisterComponent: (None.None) Not registered. Aborting.
[2026.03.16-02.00.18:185][421]LogActorComponent: UnregisterComponent: (None.None) Not registered. Aborting.
[2026.03.16-02.00.18:185][421]LogActorComponent: UnregisterComponent: (None.None) Not registered. Aborting.
[2026.03.16-02.00.18:185][421]LogActorComponent: UnregisterComponent: (None.None) Not registered. Aborting.
[2026.03.16-02.00.18:185][421]LogActorComponent: UnregisterComponent: (None.None) Not registered. Aborting.
[2026.03.16-02.00.18:185][421]LogWorld: UWorld::CleanupWorld for None, bSessionEnded=true, bCleanupResources=true
[2026.03.16-02.00.18:186][421]LogWorld: UWorld::CleanupWorld for World_18, bSessionEnded=true, bCleanupResources=true
[2026.03.16-02.00.18:186][421]LogWorld: UWorld::CleanupWorld for World_9, bSessionEnded=true, bCleanupResources=true
[2026.03.16-02.00.18:274][421]LogDemo: Cleaned up 0 splitscreen connections with owner deletion
[2026.03.16-02.00.18:283][421]LogWorld: UWorld::CleanupWorld for None, bSessionEnded=true, bCleanupResources=true
[2026.03.16-02.00.18:288][421]LogExit: Editor shut down
[2026.03.16-02.00.18:289][421]LogExit: Transaction tracking system shut down
[2026.03.16-02.00.18:613][421]LogExit: Object subsystem successfully closed.
[2026.03.16-02.00.18:636][421]LogShaderCompilers: Display: === FShaderJobCache stats ===
[2026.03.16-02.00.18:636][421]LogShaderCompilers: Display: Total job queries 0, among them cache hits 0 (0.00%)
[2026.03.16-02.00.18:636][421]LogShaderCompilers: Display: Tracking 0 distinct input hashes that result in 0 distinct outputs (0.00%)
[2026.03.16-02.00.18:636][421]LogShaderCompilers: Display: RAM used: 0.00 MB (0.00 GB) of 1638.40 MB (1.60 GB) budget. Usage: 0.00%
[2026.03.16-02.00.18:636][421]LogShaderCompilers: Display: ================================================
[2026.03.16-02.00.18:660][421]LogShaderCompilers: Display: Shaders left to compile 0
[2026.03.16-02.00.18:674][421]LogModuleManager: Shutting down and abandoning module MovieSceneCapture (878)
[2026.03.16-02.00.18:674][421]LogModuleManager: Shutting down and abandoning module Voice (876)
[2026.03.16-02.00.18:674][421]LogModuleManager: Shutting down and abandoning module SequencerWidgets (874)
[2026.03.16-02.00.18:674][421]LogModuleManager: Shutting down and abandoning module BlueprintGraph (872)
[2026.03.16-02.00.18:674][421]LogModuleManager: Shutting down and abandoning module HierarchicalLODOutliner (870)
[2026.03.16-02.00.18:674][421]LogModuleManager: Shutting down and abandoning module SceneOutliner (868)
[2026.03.16-02.00.18:674][421]LogModuleManager: Shutting down and abandoning module AddContentDialog (866)
[2026.03.16-02.00.18:677][421]LogModuleManager: Shutting down and abandoning module WidgetCarousel (865)
[2026.03.16-02.00.18:677][421]LogModuleManager: Shutting down and abandoning module EditorWidgets (862)
[2026.03.16-02.00.18:677][421]LogModuleManager: Shutting down and abandoning module StatsViewer (860)
[2026.03.16-02.00.18:677][421]LogModuleManager: Shutting down and abandoning module PIEPreviewDeviceProfileSelector (858)
[2026.03.16-02.00.18:677][421]LogModuleManager: Shutting down and abandoning module SequenceRecorderSections (856)
[2026.03.16-02.00.18:677][421]LogModuleManager: Shutting down and abandoning module AutomationWorker (854)
[2026.03.16-02.00.18:677][421]LogModuleManager: Shutting down and abandoning module SteamVREditor (852)
[2026.03.16-02.00.18:677][421]LogModuleManager: Shutting down and abandoning module OculusMR (850)
[2026.03.16-02.00.18:677][421]LogModuleManager: Shutting down and abandoning module OpenXRInput (848)
[2026.03.16-02.00.18:677][421]LogModuleManager: Shutting down and abandoning module GooglePADEditor (846)
[2026.03.16-02.00.18:677][421]LogModuleManager: Shutting down and abandoning module AudioCaptureEditor (844)
[2026.03.16-02.00.18:677][421]LogModuleManager: Shutting down and abandoning module TakeRecorderSources (842)
[2026.03.16-02.00.18:677][421]LogModuleManager: Shutting down and abandoning module TakeRecorder (841)
[2026.03.16-02.00.18:677][421]LogModuleManager: Shutting down and abandoning module TakeTrackRecorders (838)
[2026.03.16-02.00.18:677][421]LogModuleManager: Shutting down and abandoning module TakesCore (836)
[2026.03.16-02.00.18:677][421]LogModuleManager: Shutting down and abandoning module TemplateSequenceEditor (834)
[2026.03.16-02.00.18:677][421]LogModuleManager: Shutting down and abandoning module MatineeToLevelSequence (832)
[2026.03.16-02.00.18:677][421]LogModuleManager: Shutting down and abandoning module ActorSequenceEditor (830)
[2026.03.16-02.00.18:677][421]LogModuleManager: Shutting down and abandoning module LevelSequenceEditor (828)
[2026.03.16-02.00.18:677][421]LogModuleManager: Shutting down and abandoning module PlanarCut (826)
[2026.03.16-02.00.18:677][421]LogModuleManager: Shutting down and abandoning module WebMMediaFactory (824)
[2026.03.16-02.00.18:677][421]LogModuleManager: Shutting down and abandoning module WebMMediaEditor (822)
[2026.03.16-02.00.18:677][421]LogModuleManager: Shutting down and abandoning module WebMMedia (820)
[2026.03.16-02.00.18:677][421]LogModuleManager: Shutting down and abandoning module WmfMediaFactory (818)
[2026.03.16-02.00.18:677][421]LogModuleManager: Shutting down and abandoning module WmfMediaEditor (816)
[2026.03.16-02.00.18:677][421]LogModuleManager: Shutting down and abandoning module MediaPlayerEditor (814)
[2026.03.16-02.00.18:677][421]LogModuleManager: Shutting down and abandoning module CharacterAI (812)
[2026.03.16-02.00.18:677][421]LogModuleManager: Shutting down and abandoning module MediaCompositingEditor (810)
[2026.03.16-02.00.18:677][421]LogModuleManager: Shutting down and abandoning module SequenceRecorder (809)
[2026.03.16-02.00.18:677][421]LogModuleManager: Shutting down and abandoning module OpenExrWrapper (806)
[2026.03.16-02.00.18:677][421]LogModuleManager: Shutting down and abandoning module ImgMediaFactory (804)
[2026.03.16-02.00.18:677][421]LogModuleManager: Shutting down and abandoning module ImgMediaEditor (802)
[2026.03.16-02.00.18:677][421]LogModuleManager: Shutting down and abandoning module AndroidMediaFactory (800)
[2026.03.16-02.00.18:677][421]LogModuleManager: Shutting down and abandoning module AndroidMediaEditor (798)
[2026.03.16-02.00.18:677][421]LogModuleManager: Shutting down and abandoning module MagicLeapMediaCodecFactory (796)
[2026.03.16-02.00.18:677][421]LogModuleManager: Shutting down and abandoning module MagicLeapMediaFactory (794)
[2026.03.16-02.00.18:677][421]LogModuleManager: Shutting down and abandoning module MagicLeapMediaEditor (792)
[2026.03.16-02.00.18:677][421]LogModuleManager: Shutting down and abandoning module AvfMediaFactory (790)
[2026.03.16-02.00.18:677][421]LogModuleManager: Shutting down and abandoning module AvfMediaEditor (788)
[2026.03.16-02.00.18:677][421]LogModuleManager: Shutting down and abandoning module TextureAlignMode (786)
[2026.03.16-02.00.18:677][421]LogModuleManager: Shutting down and abandoning module BspMode (784)
[2026.03.16-02.00.18:677][421]LogModuleManager: Shutting down and abandoning module GeometryMode (782)
[2026.03.16-02.00.18:677][421]LogModuleManager: Shutting down and abandoning module CameraShakePreviewer (780)
[2026.03.16-02.00.18:677][421]LogModuleManager: Shutting down and abandoning module SmartSnapping (778)
[2026.03.16-02.00.18:677][421]LogModuleManager: Shutting down and abandoning module SessionServices (776)
[2026.03.16-02.00.18:679][421]LogModuleManager: Shutting down and abandoning module MeshPaint (774)
[2026.03.16-02.00.18:679][421]LogModuleManager: Shutting down and abandoning module VirtualTexturingEditor (772)
[2026.03.16-02.00.18:679][421]LogModuleManager: Shutting down and abandoning module FoliageEdit (770)
[2026.03.16-02.00.18:679][421]LogModuleManager: Shutting down and abandoning module LandscapeEditor (768)
[2026.03.16-02.00.18:679][421]LogModuleManager: Shutting down and abandoning module MeshPaintMode (766)
[2026.03.16-02.00.18:679][421]LogModuleManager: Shutting down and abandoning module SceneDepthPickerMode (764)
[2026.03.16-02.00.18:679][421]LogModuleManager: Shutting down and abandoning module ActorPickerMode (762)
[2026.03.16-02.00.18:679][421]LogModuleManager: Shutting down and abandoning module PlacementMode (760)
[2026.03.16-02.00.18:679][421]LogModuleManager: Shutting down and abandoning module ViewportSnapping (758)
[2026.03.16-02.00.18:679][421]LogModuleManager: Shutting down and abandoning module ViewportInteraction (756)
[2026.03.16-02.00.18:679][421]LogModuleManager: Shutting down and abandoning module ClothPainter (754)
[2026.03.16-02.00.18:679][421]LogModuleManager: Shutting down and abandoning module SkeletalMeshEditor (753)
[2026.03.16-02.00.18:679][421]LogModuleManager: Shutting down and abandoning module LogVisualizer (750)
[2026.03.16-02.00.18:679][421]LogModuleManager: Shutting down and abandoning module IntroTutorials (748)
[2026.03.16-02.00.18:679][421]LogModuleManager: Shutting down and abandoning module GameProjectGeneration (747)
[2026.03.16-02.00.18:679][421]LogModuleManager: Shutting down and abandoning module LuminPlatformEditor (744)
[2026.03.16-02.00.18:679][421]LogModuleManager: Shutting down and abandoning module IOSPlatformEditor (742)
[2026.03.16-02.00.18:679][421]LogModuleManager: Shutting down and abandoning module AndroidPlatformEditor (740)
[2026.03.16-02.00.18:679][421]LogModuleManager: Shutting down and abandoning module AndroidDeviceDetection (739)
[2026.03.16-02.00.19:015][421]LogModuleManager: Shutting down and abandoning module WindowsPlatformEditor (736)
[2026.03.16-02.00.19:015][421]LogModuleManager: Shutting down and abandoning module LuminRuntimeSettings (734)
[2026.03.16-02.00.19:015][421]LogModuleManager: Shutting down and abandoning module IOSRuntimeSettings (732)
[2026.03.16-02.00.19:015][421]LogModuleManager: Shutting down and abandoning module AndroidRuntimeSettings (730)
[2026.03.16-02.00.19:015][421]LogModuleManager: Shutting down and abandoning module TraceInsights (728)
[2026.03.16-02.00.19:015][421]MemoryProfiler: Shutdown
[2026.03.16-02.00.19:015][421]NetworkingProfiler: Shutdown
[2026.03.16-02.00.19:015][421]LoadingProfiler: Shutdown
[2026.03.16-02.00.19:015][421]TimingProfiler: Shutdown
[2026.03.16-02.00.19:016][421]LogModuleManager: Shutting down and abandoning module TraceServices (727)
[2026.03.16-02.00.19:016][421]LogModuleManager: Shutting down and abandoning module EditorInteractiveToolsFramework (724)
[2026.03.16-02.00.19:016][421]LogModuleManager: Shutting down and abandoning module TimeManagementEditor (722)
[2026.03.16-02.00.19:016][421]LogModuleManager: Shutting down and abandoning module InputBindingEditor (720)
[2026.03.16-02.00.19:016][421]LogModuleManager: Shutting down and abandoning module MergeActors (718)
[2026.03.16-02.00.19:016][421]LogModuleManager: Shutting down and abandoning module LocalizationDashboard (716)
[2026.03.16-02.00.19:016][421]LogModuleManager: Shutting down and abandoning module LocalizationService (715)
[2026.03.16-02.00.19:017][421]LogModuleManager: Shutting down and abandoning module HardwareTargeting (712)
[2026.03.16-02.00.19:017][421]LogModuleManager: Shutting down and abandoning module DeviceProfileEditor (710)
[2026.03.16-02.00.19:017][421]LogModuleManager: Shutting down and abandoning module UndoHistory (708)
[2026.03.16-02.00.19:017][421]LogModuleManager: Shutting down and abandoning module XmlParser (706)
[2026.03.16-02.00.19:017][421]LogModuleManager: Shutting down and abandoning module Blutility (704)
[2026.03.16-02.00.19:017][421]LogModuleManager: Shutting down and abandoning module ProjectSettingsViewer (702)
[2026.03.16-02.00.19:018][421]LogModuleManager: Shutting down and abandoning module ProjectTargetPlatformEditor (701)
[2026.03.16-02.00.19:019][421]LogModuleManager: Shutting down and abandoning module EditorSettingsViewer (698)
[2026.03.16-02.00.19:019][421]LogModuleManager: Shutting down and abandoning module InternationalizationSettings (697)
[2026.03.16-02.00.19:020][421]LogModuleManager: Shutting down and abandoning module SettingsEditor (694)
[2026.03.16-02.00.19:020][421]LogModuleManager: Shutting down and abandoning module ProjectLauncher (692)
[2026.03.16-02.00.19:020][421]LogModuleManager: Shutting down and abandoning module SessionFrontend (690)
[2026.03.16-02.00.19:020][421]LogModuleManager: Shutting down and abandoning module ProfilerClient (688)
[2026.03.16-02.00.19:020][421]LogModuleManager: Shutting down and abandoning module DeviceManager (686)
[2026.03.16-02.00.19:020][421]LogModuleManager: Shutting down and abandoning module TargetDeviceServices (685)
[2026.03.16-02.00.19:052][421]LogModuleManager: Shutting down and abandoning module AutomationController (682)
[2026.03.16-02.00.19:052][421]LogModuleManager: Shutting down and abandoning module AutomationWindow (680)
[2026.03.16-02.00.19:053][421]LogModuleManager: Shutting down and abandoning module Layers (678)
[2026.03.16-02.00.19:053][421]LogModuleManager: Shutting down and abandoning module ComponentVisualizers (676)
[2026.03.16-02.00.19:053][421]LogModuleManager: Shutting down and abandoning module DetailCustomizations (674)
[2026.03.16-02.00.19:053][421]LogModuleManager: Shutting down and abandoning module PackagesDialog (672)
[2026.03.16-02.00.19:054][421]LogModuleManager: Shutting down and abandoning module AnimationBlueprintEditor (670)
[2026.03.16-02.00.19:054][421]LogModuleManager: Shutting down and abandoning module Persona (668)
[2026.03.16-02.00.19:055][421]LogModuleManager: Shutting down and abandoning module AdvancedPreviewScene (667)
[2026.03.16-02.00.19:055][421]LogModuleManager: Shutting down and abandoning module AnimGraph (665)
[2026.03.16-02.00.19:055][421]LogModuleManager: Shutting down and abandoning module Kismet (662)
[2026.03.16-02.00.19:102][421]LogModuleManager: Shutting down and abandoning module KismetWidgets (661)
[2026.03.16-02.00.19:102][421]LogModuleManager: Shutting down and abandoning module GraphEditor (658)
[2026.03.16-02.00.19:102][421]LogModuleManager: Shutting down and abandoning module StructViewer (656)
[2026.03.16-02.00.19:102][421]LogModuleManager: Shutting down and abandoning module ClassViewer (654)
[2026.03.16-02.00.19:106][421]LogModuleManager: Shutting down and abandoning module Toolbox (652)
[2026.03.16-02.00.19:106][421]LogModuleManager: Shutting down and abandoning module ModuleUI (650)
[2026.03.16-02.00.19:106][421]LogModuleManager: Shutting down and abandoning module OutputLog (648)
[2026.03.16-02.00.19:108][421]LogModuleManager: Shutting down and abandoning module GammaUI (646)
[2026.03.16-02.00.19:108][421]LogModuleManager: Shutting down and abandoning module Documentation (644)
[2026.03.16-02.00.19:109][421]LogModuleManager: Shutting down and abandoning module LiveCoding (642)
[2026.03.16-02.00.19:110][421]LogModuleManager: Shutting down and abandoning module LevelSequence (640)
[2026.03.16-02.00.19:110][421]LogModuleManager: Shutting down and abandoning module MovieSceneTracks (638)
[2026.03.16-02.00.19:110][421]LogModuleManager: Shutting down and abandoning module MovieScene (636)
[2026.03.16-02.00.19:110][421]LogModuleManager: Shutting down and abandoning module StreamingPauseRendering (634)
[2026.03.16-02.00.19:110][421]LogModuleManager: Shutting down and abandoning module LauncherPlatform (632)
[2026.03.16-02.00.19:110][421]LogModuleManager: Shutting down and abandoning module AnalyticsET (630)
[2026.03.16-02.00.19:110][421]LogModuleManager: Shutting down and abandoning module PortalServices (628)
[2026.03.16-02.00.19:110][421]LogModuleManager: Shutting down and abandoning module PortalRpc (626)
[2026.03.16-02.00.19:110][421]LogModuleManager: Shutting down and abandoning module MessagingRpc (624)
[2026.03.16-02.00.19:110][421]LogModuleManager: Shutting down and abandoning module AudioMixerXAudio2 (622)
[2026.03.16-02.00.19:110][421]LogModuleManager: Shutting down and abandoning module AudioMixerCore (621)
[2026.03.16-02.00.19:110][421]LogModuleManager: Shutting down and abandoning module AIModule (618)
[2026.03.16-02.00.19:110][421]LogModuleManager: Shutting down and abandoning module GameplayDebugger (617)
[2026.03.16-02.00.19:110][421]LogModuleManager: Shutting down and abandoning module AITestSuite (615)
[2026.03.16-02.00.19:110][421]LogModuleManager: Shutting down and abandoning module NavigationSystem (613)
[2026.03.16-02.00.19:110][421]LogModuleManager: Shutting down and abandoning module ImageWriteQueue (610)
[2026.03.16-02.00.19:117][421]LogModuleManager: Shutting down and abandoning module ProfilerService (608)
[2026.03.16-02.00.19:176][421]LogModuleManager: Shutting down and abandoning module TaskGraph (606)
[2026.03.16-02.00.19:176][421]LogModuleManager: Shutting down and abandoning module AudioSynesthesiaEditor (604)
[2026.03.16-02.00.19:176][421]LogModuleManager: Shutting down and abandoning module OculusEditor (602)
[2026.03.16-02.00.19:177][421]LogModuleManager: Shutting down and abandoning module OculusInput (600)
[2026.03.16-02.00.19:177][421]LogModuleManager: Shutting down and abandoning module ContentBrowserFileDataSource (598)
[2026.03.16-02.00.19:177][421]LogModuleManager: Shutting down and abandoning module ContentBrowserAssetDataSource (596)
[2026.03.16-02.00.19:177][421]LogModuleManager: Shutting down and abandoning module ContentBrowserClassDataSource (594)
[2026.03.16-02.00.19:177][421]LogModuleManager: Shutting down and abandoning module CollectionManager (593)
[2026.03.16-02.00.19:177][421]LogModuleManager: Shutting down and abandoning module SynthesisEditor (590)
[2026.03.16-02.00.19:177][421]LogModuleManager: Shutting down and abandoning module Synthesis (588)
[2026.03.16-02.00.19:177][421]LogModuleManager: Shutting down and abandoning module ProceduralMeshComponentEditor (586)
[2026.03.16-02.00.19:177][421]LogModuleManager: Shutting down and abandoning module ProceduralMeshComponent (584)
[2026.03.16-02.00.19:177][421]LogModuleManager: Shutting down and abandoning module OpenXREditor (582)
[2026.03.16-02.00.19:177][421]LogModuleManager: Shutting down and abandoning module MobilePatchingUtils (580)
[2026.03.16-02.00.19:177][421]LogModuleManager: Shutting down and abandoning module GooglePAD (578)
[2026.03.16-02.00.19:177][421]LogModuleManager: Shutting down and abandoning module EditableMesh (576)
[2026.03.16-02.00.19:177][421]LogModuleManager: Shutting down and abandoning module CustomMeshComponent (574)
[2026.03.16-02.00.19:177][421]LogModuleManager: Shutting down and abandoning module AssetTags (572)
[2026.03.16-02.00.19:177][421]LogModuleManager: Shutting down and abandoning module CableComponent (570)
[2026.03.16-02.00.19:177][421]LogModuleManager: Shutting down and abandoning module AudioCapture (568)
[2026.03.16-02.00.19:177][421]LogModuleManager: Shutting down and abandoning module AudioCaptureRtAudio (567)
[2026.03.16-02.00.19:177][421]LogModuleManager: Shutting down and abandoning module ArchVisCharacter (564)
[2026.03.16-02.00.19:177][421]LogModuleManager: Shutting down and abandoning module AppleImageUtilsBlueprintSupport (562)
[2026.03.16-02.00.19:177][421]LogModuleManager: Shutting down and abandoning module AppleImageUtils (560)
[2026.03.16-02.00.19:177][421]LogModuleManager: Shutting down and abandoning module AndroidPermission (558)
[2026.03.16-02.00.19:177][421]LogModuleManager: Shutting down and abandoning module TakeSequencer (556)
[2026.03.16-02.00.19:177][421]LogModuleManager: Shutting down and abandoning module TakeMovieScene (554)
[2026.03.16-02.00.19:177][421]LogModuleManager: Shutting down and abandoning module ActorLayerUtilitiesEditor (552)
[2026.03.16-02.00.19:177][421]LogModuleManager: Shutting down and abandoning module ActorLayerUtilities (550)
[2026.03.16-02.00.19:177][421]LogModuleManager: Shutting down and abandoning module ScreenshotTools (548)
[2026.03.16-02.00.19:177][421]LogModuleManager: Shutting down and abandoning module TemplateSequence (546)
[2026.03.16-02.00.19:177][421]LogModuleManager: Shutting down and abandoning module OpenImageDenoise (544)
[2026.03.16-02.00.19:178][421]LogOpenImageDenoise: OIDN shutting down
[2026.03.16-02.00.19:178][421]LogModuleManager: Shutting down and abandoning module MotoSynthEditor (542)
[2026.03.16-02.00.19:178][421]LogModuleManager: Shutting down and abandoning module MotoSynth (540)
[2026.03.16-02.00.19:178][421]LogModuleManager: Shutting down and abandoning module MeshConversion (538)
[2026.03.16-02.00.19:178][421]LogModuleManager: Shutting down and abandoning module DynamicMesh (536)
[2026.03.16-02.00.19:178][421]LogModuleManager: Shutting down and abandoning module GeometryAlgorithms (534)
[2026.03.16-02.00.19:178][421]LogModuleManager: Shutting down and abandoning module GeometricObjects (532)
[2026.03.16-02.00.19:178][421]LogModuleManager: Shutting down and abandoning module GeometryCacheTracks (530)
[2026.03.16-02.00.19:178][421]LogModuleManager: Shutting down and abandoning module GeometryCacheStreamer (528)
[2026.03.16-02.00.19:178][421]LogModuleManager: Shutting down and abandoning module GeometryCacheSequencer (526)
[2026.03.16-02.00.19:178][421]LogModuleManager: Shutting down and abandoning module GeometryCollectionTracks (524)
[2026.03.16-02.00.19:178][421]LogModuleManager: Shutting down and abandoning module GeometryCollectionSequencer (523)
[2026.03.16-02.00.19:178][421]LogModuleManager: Shutting down and abandoning module GeometryCollectionEditor (520)
[2026.03.16-02.00.19:178][421]LogModuleManager: Shutting down and abandoning module ChaosSolverEditor (518)
[2026.03.16-02.00.19:178][421]LogModuleManager: Shutting down and abandoning module FractureEditor (516)
[2026.03.16-02.00.19:178][421]LogModuleManager: Shutting down and abandoning module ChaosNiagara (514)
[2026.03.16-02.00.19:178][421]LogModuleManager: Shutting down and abandoning module FieldSystemEngine (513)
[2026.03.16-02.00.19:178][421]LogModuleManager: Shutting down and abandoning module MediaCompositing (510)
[2026.03.16-02.00.19:178][421]LogModuleManager: Shutting down and abandoning module ChaosClothEditor (508)
[2026.03.16-02.00.19:178][421]LogModuleManager: Shutting down and abandoning module ImgMedia (506)
[2026.03.16-02.00.19:178][421]LogModuleManager: Shutting down and abandoning module BackChannel (504)
[2026.03.16-02.00.19:178][421]LogModuleManager: Shutting down and abandoning module AutomationUtilsEditor (502)
[2026.03.16-02.00.19:178][421]LogModuleManager: Shutting down and abandoning module AutomationUtils (500)
[2026.03.16-02.00.19:178][421]LogModuleManager: Shutting down and abandoning module AlembicImporter (498)
[2026.03.16-02.00.19:178][421]LogModuleManager: Shutting down and abandoning module AlembicLibrary (497)
[2026.03.16-02.00.19:178][421]LogModuleManager: Shutting down and abandoning module GeometryCache (496)
[2026.03.16-02.00.19:178][421]LogModuleManager: Shutting down and abandoning module GeometryCacheEd (495)
[2026.03.16-02.00.19:178][421]LogModuleManager: Shutting down and abandoning module MagicLeapSharedWorld (490)
[2026.03.16-02.00.19:178][421]LogModuleManager: Shutting down and abandoning module MagicLeapLightEstimation (488)
[2026.03.16-02.00.19:178][421]LogModuleManager: Shutting down and abandoning module SpeedTreeImporter (486)
[2026.03.16-02.00.19:178][421]LogModuleManager: Shutting down and abandoning module PluginBrowser (484)
[2026.03.16-02.00.19:178][421]LogModuleManager: Shutting down and abandoning module MobileLauncherProfileWizard (482)
[2026.03.16-02.00.19:179][421]LogModuleManager: Shutting down and abandoning module MagicLeapHelperVulkan (480)
[2026.03.16-02.00.19:179][421]LogModuleManager: Shutting down and abandoning module MagicLeapHelperOpenGL (478)
[2026.03.16-02.00.19:179][421]LogModuleManager: Shutting down and abandoning module MagicLeapAudio (476)
[2026.03.16-02.00.19:179][421]LogModuleManager: Shutting down and abandoning module MaterialAnalyzer (474)
[2026.03.16-02.00.19:179][421]LogModuleManager: Shutting down and abandoning module CryptoKeysOpenSSL (472)
[2026.03.16-02.00.19:179][421]LogModuleManager: Shutting down and abandoning module CryptoKeys (470)
[2026.03.16-02.00.19:179][421]LogModuleManager: Shutting down and abandoning module CurveEditorTools (468)
[2026.03.16-02.00.19:179][421]LogModuleManager: Shutting down and abandoning module VariantManagerContentEditor (466)
[2026.03.16-02.00.19:179][421]LogModuleManager: Shutting down and abandoning module NiagaraEditorWidgets (464)
[2026.03.16-02.00.19:179][421]LogModuleManager: Shutting down and abandoning module VisualStudioCodeSourceCodeAccess (462)
[2026.03.16-02.00.19:179][421]LogModuleManager: Shutting down and abandoning module UObjectPlugin (460)
[2026.03.16-02.00.19:179][421]LogModuleManager: Shutting down and abandoning module DatasmithContentEditor (458)
[2026.03.16-02.00.19:179][421]LogModuleManager: Shutting down and abandoning module VisualStudioSourceCodeAccess (456)
[2026.03.16-02.00.19:179][421]LogModuleManager: Shutting down and abandoning module SubversionSourceControl (454)
[2026.03.16-02.00.19:179][421]LogModuleManager: Shutting down and abandoning module RiderSourceCodeAccess (452)
[2026.03.16-02.00.19:179][421]LogModuleManager: Shutting down and abandoning module PluginUtils (450)
[2026.03.16-02.00.19:180][421]LogModuleManager: Shutting down and abandoning module PlasticSourceControl (448)
[2026.03.16-02.00.19:180][421]LogModuleManager: Shutting down and abandoning module PerforceSourceControl (446)
[2026.03.16-02.00.19:180][421]LogModuleManager: Shutting down and abandoning module GitSourceControl (444)
[2026.03.16-02.00.19:180][421]LogModuleManager: Shutting down and abandoning module SourceControl (443)
[2026.03.16-02.00.19:181][421]LogModuleManager: Shutting down and abandoning module CLionSourceCodeAccess (440)
[2026.03.16-02.00.19:182][421]LogModuleManager: Shutting down and abandoning module OodleNetworkHandlerComponent (438)
[2026.03.16-02.00.19:182][421]LogModuleManager: Shutting down and abandoning module AnimationSharingEd (436)
[2026.03.16-02.00.19:182][421]LogModuleManager: Shutting down and abandoning module LightPropagationVolumeEditor (434)
[2026.03.16-02.00.19:182][421]LogModuleManager: Shutting down and abandoning module LiveLinkSequencer (432)
[2026.03.16-02.00.19:182][421]LogModuleManager: Shutting down and abandoning module LiveLinkMovieScene (430)
[2026.03.16-02.00.19:182][421]LogModuleManager: Shutting down and abandoning module LiveLinkGraphNode (428)
[2026.03.16-02.00.19:182][421]LogModuleManager: Shutting down and abandoning module LiveLinkEditor (426)
[2026.03.16-02.00.19:182][421]LogModuleManager: Shutting down and abandoning module LiveLinkComponents (424)
[2026.03.16-02.00.19:182][421]LogModuleManager: Shutting down and abandoning module LiveLink (422)
[2026.03.16-02.00.20:110][421]LogModuleManager: Shutting down and abandoning module PaperTiledImporter (420)
[2026.03.16-02.00.20:110][421]LogModuleManager: Shutting down and abandoning module PaperSpriteSheetImporter (418)
[2026.03.16-02.00.20:110][421]LogModuleManager: Shutting down and abandoning module Paper2DEditor (416)
[2026.03.16-02.00.20:111][421]LogModuleManager: Shutting down and abandoning module MeshPaintingToolset (414)
[2026.03.16-02.00.20:111][421]LogModuleManager: Shutting down and abandoning module MeshPaintEditorMode (412)
[2026.03.16-02.00.20:111][421]LogModuleManager: Shutting down and abandoning module SoundFields (410)
[2026.03.16-02.00.20:111][421]LogModuleManager: Shutting down and abandoning module SignificanceManager (408)
[2026.03.16-02.00.20:111][421]LogModuleManager: Shutting down and abandoning module RuntimePhysXCooking (406)
[2026.03.16-02.00.20:111][421]LogModuleManager: Shutting down and abandoning module PropertyAccessEditor (404)
[2026.03.16-02.00.20:111][421]LogModuleManager: Shutting down and abandoning module PhysXVehiclesEditor (402)
[2026.03.16-02.00.20:111][421]LogModuleManager: Shutting down and abandoning module LocationServicesBPLibrary (398)
[2026.03.16-02.00.20:111][421]LogModuleManager: Shutting down and abandoning module AudioSynesthesia (396)
[2026.03.16-02.00.20:111][421]LogModuleManager: Shutting down and abandoning module AudioSynesthesiaCore (394)
[2026.03.16-02.00.20:112][421]LogModuleManager: Shutting down and abandoning module ActorSequence (392)
[2026.03.16-02.00.20:112][421]LogModuleManager: Shutting down and abandoning module UdpMessaging (390)
[2026.03.16-02.00.20:213][421]LogModuleManager: Shutting down and abandoning module TcpMessaging (388)
[2026.03.16-02.00.20:313][421]LogModuleManager: Shutting down and abandoning module PythonScriptPlugin (386)
[2026.03.16-02.00.20:313][421]LogModuleManager: Shutting down and abandoning module ImgMediaEngine (384)
[2026.03.16-02.00.20:313][421]LogModuleManager: Shutting down and abandoning module MagicLeapARPin (382)
[2026.03.16-02.00.20:314][421]LogModuleManager: Shutting down and abandoning module MagicLeapHandMeshing (380)
[2026.03.16-02.00.20:314][421]LogModuleManager: Shutting down and abandoning module MagicLeapSecureStorage (378)
[2026.03.16-02.00.20:314][421]LogModuleManager: Shutting down and abandoning module MagicLeapPrivileges (376)
[2026.03.16-02.00.20:314][421]LogModuleManager: Shutting down and abandoning module MagicLeapPlanes (374)
[2026.03.16-02.00.20:314][421]LogMagicLeapPlanes: Planes tracker already destroyed.
[2026.03.16-02.00.20:314][421]LogModuleManager: Shutting down and abandoning module MagicLeapImageTracker (372)
[2026.03.16-02.00.20:314][421]LogModuleManager: Shutting down and abandoning module MagicLeapIdentity (370)
[2026.03.16-02.00.20:314][421]LogModuleManager: Shutting down and abandoning module MagicLeapHandTracking (368)
[2026.03.16-02.00.20:314][421]LogModuleManager: Shutting down and abandoning module MagicLeapEyeTracker (366)
[2026.03.16-02.00.20:314][421]LogModuleManager: Shutting down and abandoning module MagicLeapController (364)
[2026.03.16-02.00.20:315][421]LogModuleManager: Shutting down and abandoning module MagicLeapARPinImpl (362)
[2026.03.16-02.00.20:315][421]LogModuleManager: Shutting down and abandoning module MagicLeapAR (360)
[2026.03.16-02.00.20:315][421]LogModuleManager: Shutting down and abandoning module GameplayTagsEditor (358)
[2026.03.16-02.00.20:315][421]LogModuleManager: Shutting down and abandoning module FacialAnimationEditor (356)
[2026.03.16-02.00.20:315][421]LogModuleManager: Shutting down and abandoning module FacialAnimation (354)
[2026.03.16-02.00.20:315][421]LogModuleManager: Shutting down and abandoning module DataValidation (352)
[2026.03.16-02.00.20:315][421]LogModuleManager: Shutting down and abandoning module AssetManagerEditor (350)
[2026.03.16-02.00.20:316][421]LogModuleManager: Shutting down and abandoning module LevelEditor (349)
[2026.03.16-02.00.20:323][421]LogModuleManager: Shutting down and abandoning module PixelInspectorModule (348)
[2026.03.16-02.00.20:323][421]LogModuleManager: Shutting down and abandoning module CommonMenuExtensions (346)
[2026.03.16-02.00.20:324][421]LogModuleManager: Shutting down and abandoning module MainFrame (344)
[2026.03.16-02.00.20:324][421]LogModuleManager: Shutting down and abandoning module HotReload (343)
[2026.03.16-02.00.20:325][421]LogModuleManager: Shutting down and abandoning module ToolMenus (339)
[2026.03.16-02.00.20:325][421]LogModuleManager: Shutting down and abandoning module TreeMap (337)
[2026.03.16-02.00.20:325][421]LogModuleManager: Shutting down and abandoning module NiagaraAnimNotifies (334)
[2026.03.16-02.00.20:325][421]LogModuleManager: Shutting down and abandoning module Niagara (332)
[2026.03.16-02.00.20:325][421]LogModuleManager: Shutting down and abandoning module SignalProcessing (331)
[2026.03.16-02.00.20:325][421]LogModuleManager: Shutting down and abandoning module NiagaraEditor (329)
[2026.03.16-02.00.20:326][421]LogModuleManager: Shutting down and abandoning module ContentBrowser (328)
[2026.03.16-02.00.20:326][421]LogModuleManager: Shutting down and abandoning module ContentBrowserData (327)
[2026.03.16-02.00.20:326][421]LogModuleManager: Shutting down and abandoning module NiagaraCore (322)
[2026.03.16-02.00.20:326][421]LogModuleManager: Shutting down and abandoning module PropertyAccessNode (320)
[2026.03.16-02.00.20:326][421]LogModuleManager: Shutting down and abandoning module AnimationSharing (318)
[2026.03.16-02.00.20:326][421]LogModuleManager: Shutting down and abandoning module GameplayCameras (316)
[2026.03.16-02.00.20:326][421]LogModuleManager: Shutting down and abandoning module LightPropagationVolumeRuntime (314)
[2026.03.16-02.00.20:326][421]LogModuleManager: Shutting down and abandoning module EnvironmentQueryEditor (312)
[2026.03.16-02.00.20:326][421]LogModuleManager: Shutting down and abandoning module Paper2D (310)
[2026.03.16-02.00.20:327][421]LogModuleManager: Shutting down and abandoning module WindowsMoviePlayer (308)
[2026.03.16-02.00.20:334][421]LogModuleManager: Shutting down and abandoning module WebMMoviePlayer (306)
[2026.03.16-02.00.20:334][421]LogModuleManager: Shutting down and abandoning module NetworkReplayStreaming (304)
[2026.03.16-02.00.20:334][421]LogModuleManager: Shutting down and abandoning module PacketHandler (302)
[2026.03.16-02.00.20:334][421]LogModuleManager: Shutting down and abandoning module ClothingSystemEditor (300)
[2026.03.16-02.00.20:334][421]LogModuleManager: Shutting down and abandoning module ClothingSystemRuntimeNv (298)
[2026.03.16-02.00.20:334][421]LogModuleManager: Shutting down and abandoning module MediaAssets (296)
[2026.03.16-02.00.20:334][421]LogModuleManager: Shutting down and abandoning module Overlay (294)
[2026.03.16-02.00.20:334][421]LogModuleManager: Shutting down and abandoning module OverlayEditor (293)
[2026.03.16-02.00.20:334][421]LogModuleManager: Shutting down and abandoning module VREditor (290)
[2026.03.16-02.00.20:334][421]LogModuleManager: Shutting down and abandoning module StringTableEditor (288)
[2026.03.16-02.00.20:334][421]LogModuleManager: Shutting down and abandoning module GameplayTasksEditor (286)
[2026.03.16-02.00.20:334][421]LogModuleManager: Shutting down and abandoning module BehaviorTreeEditor (284)
[2026.03.16-02.00.20:334][421]LogModuleManager: Shutting down and abandoning module FunctionalTesting (282)
[2026.03.16-02.00.20:334][421]LogModuleManager: Shutting down and abandoning module CollisionAnalyzer (280)
[2026.03.16-02.00.20:334][421]LogModuleManager: Shutting down and abandoning module WorkspaceMenuStructure (279)
[2026.03.16-02.00.20:334][421]LogModuleManager: Shutting down and abandoning module UMG (276)
[2026.03.16-02.00.20:334][421]LogModuleManager: Shutting down and abandoning module UMGEditor (275)
[2026.03.16-02.00.20:334][421]LogModuleManager: Shutting down and abandoning module MessageLog (273)
[2026.03.16-02.00.20:334][421]LogModuleManager: Shutting down and abandoning module SlateReflector (268)
[2026.03.16-02.00.20:335][421]LogModuleManager: Shutting down and abandoning module Slate (266)
[2026.03.16-02.00.20:335][421]LogModuleManager: Shutting down and abandoning module SlateCore (264)
[2026.03.16-02.00.20:337][421]LogModuleManager: Shutting down and abandoning module LandscapeEditorUtilities (262)
[2026.03.16-02.00.20:337][421]LogModuleManager: Shutting down and abandoning module UnrealEd (260)
[2026.03.16-02.00.20:337][421]LogModuleManager: Shutting down and abandoning module MRMesh (258)
[2026.03.16-02.00.20:337][421]LogModuleManager: Shutting down and abandoning module SourceCodeAccess (256)
[2026.03.16-02.00.20:337][421]LogModuleManager: Shutting down and abandoning module HeadMountedDisplay (254)
[2026.03.16-02.00.20:337][421]LogModuleManager: Shutting down and abandoning module XAudio2 (252)
[2026.03.16-02.00.20:337][421]LogModuleManager: Shutting down and abandoning module Networking (250)
[2026.03.16-02.00.20:337][421]LogModuleManager: Shutting down and abandoning module Core (248)
[2026.03.16-02.00.20:337][421]LogModuleManager: Shutting down and abandoning module MaterialEditor (246)
[2026.03.16-02.00.20:337][421]LogModuleManager: Shutting down and abandoning module MovieSceneTools (244)
[2026.03.16-02.00.20:337][421]LogModuleManager: Shutting down and abandoning module CurveEditor (243)
[2026.03.16-02.00.20:337][421]LogModuleManager: Shutting down and abandoning module Sequencer (241)
[2026.03.16-02.00.20:337][421]LogModuleManager: Shutting down and abandoning module EditorStyle (240)
[2026.03.16-02.00.20:339][421]LogModuleManager: Shutting down and abandoning module KismetCompiler (236)
[2026.03.16-02.00.20:339][421]LogModuleManager: Shutting down and abandoning module MeshBuilder (234)
[2026.03.16-02.00.20:339][421]LogModuleManager: Shutting down and abandoning module MeshUtilities (232)
[2026.03.16-02.00.20:339][421]LogModuleManager: Shutting down and abandoning module MeshMergeUtilities (231)
[2026.03.16-02.00.20:339][421]LogModuleManager: Shutting down and abandoning module MeshReductionInterface (230)
[2026.03.16-02.00.20:339][421]LogModuleManager: Shutting down and abandoning module MeshBoneReduction (229)
[2026.03.16-02.00.20:339][421]LogModuleManager: Shutting down and abandoning module SkeletalMeshReduction (227)
[2026.03.16-02.00.20:340][421]LogModuleManager: Shutting down and abandoning module ProxyLODMeshReduction (225)
[2026.03.16-02.00.20:340][421]LogModuleManager: Shutting down and abandoning module QuadricMeshReduction (223)
[2026.03.16-02.00.20:340][421]LogModuleManager: Shutting down and abandoning module MaterialBaking (219)
[2026.03.16-02.00.20:340][421]LogModuleManager: Shutting down and abandoning module NullInstallBundleManager (214)
[2026.03.16-02.00.20:340][421]LogModuleManager: Shutting down and abandoning module DerivedDataCache (212)
[2026.03.16-02.00.20:340][421]LogModuleManager: Shutting down and abandoning module TargetPlatform (210)
[2026.03.16-02.00.20:340][421]LogModuleManager: Shutting down and abandoning module VulkanShaderFormat (209)
[2026.03.16-02.00.20:340][421]LogModuleManager: Shutting down and abandoning module ShaderFormatVectorVM (207)
[2026.03.16-02.00.20:340][421]LogModuleManager: Shutting down and abandoning module ShaderFormatOpenGL (205)
[2026.03.16-02.00.20:340][421]LogModuleManager: Shutting down and abandoning module ShaderFormatD3D (203)
[2026.03.16-02.00.20:340][421]LogModuleManager: Shutting down and abandoning module MetalShaderFormat (201)
[2026.03.16-02.00.20:340][421]LogModuleManager: Shutting down and abandoning module TextureFormatOodle (199)
[2026.03.16-02.00.20:340][421]LogModuleManager: Shutting down and abandoning module TextureFormatUncompressed (197)
[2026.03.16-02.00.20:340][421]LogModuleManager: Shutting down and abandoning module TextureFormatPVR (195)
[2026.03.16-02.00.20:341][421]LogModuleManager: Shutting down and abandoning module TextureFormatETC2 (193)
[2026.03.16-02.00.20:341][421]LogModuleManager: Shutting down and abandoning module TextureFormatDXT (191)
[2026.03.16-02.00.20:341][421]LogModuleManager: Shutting down and abandoning module TextureFormatIntelISPCTexComp (189)
[2026.03.16-02.00.20:341][421]LogModuleManager: Shutting down and abandoning module TextureFormatASTC (187)
[2026.03.16-02.00.20:341][421]LogModuleManager: Shutting down and abandoning module ImageWrapper (186)
[2026.03.16-02.00.20:341][421]LogModuleManager: Shutting down and abandoning module AudioFormatOpus (183)
[2026.03.16-02.00.20:341][421]LogModuleManager: Shutting down and abandoning module AudioFormatOgg (181)
[2026.03.16-02.00.20:341][421]LogModuleManager: Shutting down and abandoning module AudioFormatADPCM (179)
[2026.03.16-02.00.20:341][421]LogModuleManager: Shutting down and abandoning module WindowsServerTargetPlatform (177)
[2026.03.16-02.00.20:341][421]LogModuleManager: Shutting down and abandoning module WindowsClientTargetPlatform (175)
[2026.03.16-02.00.20:341][421]LogModuleManager: Shutting down and abandoning module WindowsTargetPlatform (173)
[2026.03.16-02.00.20:341][421]LogModuleManager: Shutting down and abandoning module WindowsNoEditorTargetPlatform (171)
[2026.03.16-02.00.20:341][421]LogModuleManager: Shutting down and abandoning module TVOSTargetPlatform (169)
[2026.03.16-02.00.20:344][421]LogModuleManager: Shutting down and abandoning module MacServerTargetPlatform (167)
[2026.03.16-02.00.20:344][421]LogModuleManager: Shutting down and abandoning module MacClientTargetPlatform (165)
[2026.03.16-02.00.20:344][421]LogModuleManager: Shutting down and abandoning module MacTargetPlatform (163)
[2026.03.16-02.00.20:344][421]LogModuleManager: Shutting down and abandoning module MacNoEditorTargetPlatform (161)
[2026.03.16-02.00.20:344][421]LogModuleManager: Shutting down and abandoning module LuminTargetPlatform (159)
[2026.03.16-02.00.20:350][421]LogModuleManager: Shutting down and abandoning module LinuxAArch64ServerTargetPlatform (157)
[2026.03.16-02.00.20:350][421]LogModuleManager: Shutting down and abandoning module LinuxAArch64ClientTargetPlatform (155)
[2026.03.16-02.00.20:350][421]LogModuleManager: Shutting down and abandoning module LinuxAArch64NoEditorTargetPlatform (153)
[2026.03.16-02.00.20:350][421]LogModuleManager: Shutting down and abandoning module LinuxServerTargetPlatform (151)
[2026.03.16-02.00.20:350][421]LogModuleManager: Shutting down and abandoning module LinuxClientTargetPlatform (149)
[2026.03.16-02.00.20:350][421]LogModuleManager: Shutting down and abandoning module LinuxNoEditorTargetPlatform (147)
[2026.03.16-02.00.20:350][421]LogModuleManager: Shutting down and abandoning module LinuxTargetPlatform (145)
[2026.03.16-02.00.20:350][421]LogModuleManager: Shutting down and abandoning module Messaging (143)
[2026.03.16-02.00.20:351][421]LogModuleManager: Shutting down and abandoning module IOSTargetPlatform (141)
[2026.03.16-02.00.20:353][421]LogModuleManager: Shutting down and abandoning module AndroidTargetPlatform (139)
[2026.03.16-02.00.20:362][421]LogModuleManager: Shutting down and abandoning module AllDesktopTargetPlatform (137)
[2026.03.16-02.00.20:362][421]LogModuleManager: Shutting down and abandoning module D3D11RHI (134)
[2026.03.16-02.00.20:362][421]LogModuleManager: Shutting down and abandoning module InputCore (132)
[2026.03.16-02.00.20:362][421]LogModuleManager: Shutting down and abandoning module Settings (130)
[2026.03.16-02.00.20:362][421]LogModuleManager: Shutting down and abandoning module DirectoryWatcher (128)
[2026.03.16-02.00.20:362][421]LogModuleManager: Shutting down and abandoning module PhysXCooking (126)
[2026.03.16-02.00.20:362][421]LogModuleManager: Shutting down and abandoning module Chaos (124)
[2026.03.16-02.00.20:362][421]LogModuleManager: Shutting down and abandoning module WindowsPlatformFeatures (122)
[2026.03.16-02.00.20:362][421]LogModuleManager: Shutting down and abandoning module GameplayMediaEncoder (121)
[2026.03.16-02.00.20:362][421]LogModuleManager: Shutting down and abandoning module AVEncoder (120)
[2026.03.16-02.00.20:362][421]LogModuleManager: Shutting down and abandoning module SteamVRInputDevice (116)
[2026.03.16-02.00.20:362][421]LogModuleManager: Shutting down and abandoning module SteamVRInput (114)
[2026.03.16-02.00.20:362][421]LogModuleManager: Shutting down and abandoning module SteamVR (112)
[2026.03.16-02.00.20:362][421]LogHMD: Freeing OpenVRDLLHandle.
[2026.03.16-02.00.20:362][421]LogModuleManager: Shutting down and abandoning module OculusHMD (110)
[2026.03.16-02.00.20:362][421]LogModuleManager: Shutting down and abandoning module OpenXRHandTracking (108)
[2026.03.16-02.00.20:363][421]LogSlate: Slate User Destroyed.  User Index 0, Is Virtual User: 0
[2026.03.16-02.00.20:363][421]LogModuleManager: Shutting down and abandoning module OpenXREyeTracker (106)
[2026.03.16-02.00.20:363][421]LogModuleManager: Shutting down and abandoning module OpenXRAR (104)
[2026.03.16-02.00.20:363][421]LogModuleManager: Shutting down and abandoning module AugmentedReality (103)
[2026.03.16-02.00.20:363][421]LogModuleManager: Shutting down and abandoning module OpenXRHMD (100)
[2026.03.16-02.00.20:363][421]LogModuleManager: Shutting down and abandoning module ExampleDeviceProfileSelector (98)
[2026.03.16-02.00.20:363][421]LogModuleManager: Shutting down and abandoning module ChunkDownloader (96)
[2026.03.16-02.00.20:363][421]LogModuleManager: Shutting down and abandoning module OnlineBlueprintSupport (94)
[2026.03.16-02.00.20:363][421]LogModuleManager: Shutting down and abandoning module LauncherChunkInstaller (90)
[2026.03.16-02.00.20:363][421]LogModuleManager: Shutting down and abandoning module OnlineSubsystem (88)
[2026.03.16-02.00.20:364][421]LogModuleManager: Shutting down and abandoning module XMPP (83)
[2026.03.16-02.00.20:364][421]LogModuleManager: Shutting down and abandoning module WebSockets (82)
[2026.03.16-02.00.20:389][421]LogModuleManager: Shutting down and abandoning module HTTP (79)
[2026.03.16-02.00.20:389][421]LogHttp: Display: Http module shutting down, but needs to wait on 1 outstanding Http requests:
[2026.03.16-02.00.20:389][421]LogHttp: Display: 	verb=[POST] url=[https://datarouter.ol.epicgames.com/datarouter/api/v1/public/data?SessionID=%7BE79ACCA6-4208-9F14-D84C-4E96DFDA62EC%7D&AppID=UEEditor.Rocket.Release&AppVersion=4.27.2-18319896%2B%2B%2BUE4%2BRelease-4.27&UserID=504006f14ff8eea1c5ef6a844afcb810%7Ce54e35c6cf81428ab071018d8aa2cafb%7Ce89cadd4-c3bb-4e27-b5a1-93be281c4197&AppEnvironment=datacollector-binary&UploadType=eteventstream] refs=[1] status=Processing
[2026.03.16-02.00.20:389][421]LogHttp: Display: cleaning up 1 outstanding Http requests.
[2026.03.16-02.00.20:412][421]LogModuleManager: Shutting down and abandoning module SSL (78)
[2026.03.16-02.00.20:414][421]LogModuleManager: Shutting down and abandoning module WmfMedia (74)
[2026.03.16-02.00.20:416][421]LogModuleManager: Shutting down and abandoning module Media (73)
[2026.03.16-02.00.20:417][421]LogModuleManager: Shutting down and abandoning module MediaInfo (72)
[2026.03.16-02.00.20:417][421]LogModuleManager: Shutting down and abandoning module ChaosCloth (68)
[2026.03.16-02.00.20:417][421]LogModuleManager: Shutting down and abandoning module ExrReaderGpu (66)
[2026.03.16-02.00.20:417][421]LogModuleManager: Shutting down and abandoning module MLSDK (64)
[2026.03.16-02.00.20:417][421]LogModuleManager: Shutting down and abandoning module MagicLeap (62)
[2026.03.16-02.00.20:417][421]LogModuleManager: Shutting down and abandoning module VariantManagerContent (60)
[2026.03.16-02.00.20:417][421]LogModuleManager: Shutting down and abandoning module NiagaraVertexFactories (58)
[2026.03.16-02.00.20:417][421]LogModuleManager: Shutting down and abandoning module NiagaraShader (56)
[2026.03.16-02.00.20:417][421]LogModuleManager: Shutting down and abandoning module DatasmithContent (54)
[2026.03.16-02.00.20:417][421]LogModuleManager: Shutting down and abandoning module PixWinPlugin (52)
[2026.03.16-02.00.20:417][421]LogModuleManager: Shutting down and abandoning module AISupportModule (50)
[2026.03.16-02.00.20:417][421]LogModuleManager: Shutting down and abandoning module DesktopPlatform (48)
[2026.03.16-02.00.20:417][421]LogModuleManager: Shutting down and abandoning module PythonScriptPluginPreload (46)
[2026.03.16-02.00.20:417][421]LogModuleManager: Shutting down and abandoning module PlatformCryptoOpenSSL (44)
[2026.03.16-02.00.20:417][421]LogModuleManager: Shutting down and abandoning module PlatformCryptoTypes (42)
[2026.03.16-02.00.20:417][421]LogModuleManager: Shutting down and abandoning module PlatformCrypto (40)
[2026.03.16-02.00.20:417][421]LogModuleManager: Shutting down and abandoning module OodleDataCompressionFormat (38)
[2026.03.16-02.00.20:417][421]LogModuleManager: Shutting down and abandoning module XGEController (36)
[2026.03.16-02.00.20:417][421]LogXGEController: Cleaning working directory: C:/Users/titan/AppData/Local/Temp/UnrealXGEWorkingDir/
[2026.03.16-02.00.20:417][421]LogModuleManager: Shutting down and abandoning module AnimationModifiers (34)
[2026.03.16-02.00.20:417][421]LogModuleManager: Shutting down and abandoning module AudioEditor (32)
[2026.03.16-02.00.20:418][421]LogModuleManager: Shutting down and abandoning module PropertyEditor (31)
[2026.03.16-02.00.20:418][421]LogModuleManager: Shutting down and abandoning module TextureCompressor (28)
[2026.03.16-02.00.20:418][421]LogModuleManager: Shutting down and abandoning module RenderCore (26)
[2026.03.16-02.00.20:418][421]LogModuleManager: Shutting down and abandoning module Landscape (24)
[2026.03.16-02.00.20:418][421]LogModuleManager: Shutting down and abandoning module SlateRHIRenderer (22)
[2026.03.16-02.00.20:422][421]LogModuleManager: Shutting down and abandoning module AnimGraphRuntime (20)
[2026.03.16-02.00.20:422][421]LogModuleManager: Shutting down and abandoning module Renderer (18)
[2026.03.16-02.00.20:422][421]LogModuleManager: Shutting down and abandoning module Engine (16)
[2026.03.16-02.00.20:422][421]LogModuleManager: Shutting down and abandoning module CoreUObject (14)
[2026.03.16-02.00.20:422][421]LogModuleManager: Shutting down and abandoning module NetworkFile (12)
[2026.03.16-02.00.20:422][421]LogModuleManager: Shutting down and abandoning module CookedIterativeFile (10)
[2026.03.16-02.00.20:422][421]LogModuleManager: Shutting down and abandoning module StreamingFile (8)
[2026.03.16-02.00.20:422][421]LogModuleManager: Shutting down and abandoning module SandboxFile (6)
[2026.03.16-02.00.20:422][421]LogModuleManager: Shutting down and abandoning module PakFile (4)
[2026.03.16-02.00.20:422][421]LogModuleManager: Shutting down and abandoning module RSA (3)
[2026.03.16-02.00.20:422][421]LogContentStreaming: Display: There are 1 unreleased StreamingManagers
[2026.03.16-02.00.20:442][421]LogD3D11RHI: Shutdown
[2026.03.16-02.00.20:442][421]LogD3D11RHI: CleanupD3DDevice
[2026.03.16-02.00.20:462][421]LogExit: Exiting.
[2026.03.16-02.00.20:471][421]Log file closed, 03/15/26 20:00:20
