Log file open, 03/04/26 00:32:34
LogWindows: Failed to load 'aqProf.dll' (GetLastError=126)
LogWindows: File 'aqProf.dll' does not exist
LogWindows: Failed to load 'VtuneApi.dll' (GetLastError=126)
LogWindows: File 'VtuneApi.dll' does not exist
LogWindows: Failed to load 'VtuneApi32e.dll' (GetLastError=126)
LogWindows: File 'VtuneApi32e.dll' does not exist
LogConsoleResponse: Display: Failed to find resolution value strings in scalability ini. Falling back to default.
LogConsoleResponse: Display: Failed to find resolution value strings in scalability ini. Falling back to default.
LogInit: Display: Running engine for game: RoadHopper
LogPlatformFile: Not using cached read wrapper
LogTaskGraph: Started task graph with 5 named threads and 47 total threads with 3 sets of task threads.
LogStats: Stats thread started at 0.190762
LogICUInternationalization: ICU TimeZone Detection - Raw Offset: -7:00, Platform Override: ''
LogInit: Display: Loading text-based GConfig....
LogPluginManager: Mounting plugin MeshPainting
LogPluginManager: Mounting plugin XGEController
LogPluginManager: Mounting plugin Paper2D
LogPluginManager: Mounting plugin CameraShakePreviewer
LogPluginManager: Mounting plugin LightPropagationVolume
LogPluginManager: Mounting plugin AnimationSharing
LogPluginManager: Mounting plugin GameplayCameras
LogPluginManager: Mounting plugin LiveLink
LogPluginManager: Mounting plugin CLionSourceCodeAccess
LogPluginManager: Mounting plugin KDevelopSourceCodeAccess
LogPluginManager: Mounting plugin CodeLiteSourceCodeAccess
LogPluginManager: Mounting plugin NullSourceCodeAccess
LogPluginManager: Mounting plugin PlasticSourceControl
LogPluginManager: Mounting plugin PixWinPlugin
LogPluginManager: Mounting plugin PluginUtils
LogPluginManager: Mounting plugin AISupport
LogPluginManager: Mounting plugin EnvironmentQueryEditor
LogPluginManager: Mounting plugin PerforceSourceControl
LogPluginManager: Mounting plugin SubversionSourceControl
LogPluginManager: Mounting plugin RiderSourceCodeAccess
LogPluginManager: Mounting plugin GitSourceControl
LogPluginManager: Mounting plugin PropertyAccessNode
LogPluginManager: Mounting plugin OodleNetwork
LogPluginManager: Mounting plugin AssetManagerEditor
LogPluginManager: Mounting plugin TextureFormatOodle
LogPluginManager: Mounting plugin OodleData
LogPluginManager: Mounting plugin CryptoKeys
LogPluginManager: Mounting plugin UObjectPlugin
LogPluginManager: Mounting plugin CurveEditorTools
LogPluginManager: Mounting plugin VisualStudioSourceCodeAccess
LogPluginManager: Mounting plugin XCodeSourceCodeAccess
LogPluginManager: Mounting plugin DataValidation
LogPluginManager: Mounting plugin VisualStudioCodeSourceCodeAccess
LogPluginManager: Mounting plugin DatasmithContent
LogPluginManager: Mounting plugin GeometryMode
LogPluginManager: Mounting plugin FacialAnimation
LogPluginManager: Mounting plugin VariantManagerContent
LogPluginManager: Mounting plugin AlembicImporter
LogPluginManager: Mounting plugin GameplayTagsEditor
LogPluginManager: Mounting plugin MaterialAnalyzer
LogPluginManager: Mounting plugin PluginBrowser
LogPluginManager: Mounting plugin MobileLauncherProfileWizard
LogPluginManager: Mounting plugin MacGraphicsSwitching
LogPluginManager: Mounting plugin SpeedTreeImporter
LogPluginManager: Mounting plugin AutomationUtils
LogPluginManager: Mounting plugin BackChannel
LogPluginManager: Mounting plugin ChaosCloth
LogPluginManager: Mounting plugin ChaosClothEditor
LogPluginManager: Mounting plugin ChaosEditor
LogPluginManager: Mounting plugin ChaosSolverPlugin
LogPluginManager: Mounting plugin ChaosNiagara
LogPluginManager: Mounting plugin CharacterAI
LogPluginManager: Mounting plugin GeometryCache
LogPluginManager: Mounting plugin GeometryCollectionPlugin
LogPluginManager: Mounting plugin GeometryProcessing
LogPluginManager: Mounting plugin OpenImageDenoise
LogPluginManager: Mounting plugin MotoSynth
LogPluginManager: Mounting plugin PlanarCut
LogPluginManager: Mounting plugin PlatformCrypto
LogPluginManager: Mounting plugin ProxyLODPlugin
LogPluginManager: Mounting plugin PythonScriptPlugin
LogPluginManager: Mounting plugin Niagara
LogPluginManager: Mounting plugin MagicLeap
LogPluginManager: Mounting plugin SkeletalReduction
LogPluginManager: Mounting plugin LuminPlatformFeatures
LogPluginManager: Mounting plugin MagicLeapLightEstimation
LogPluginManager: Mounting plugin MagicLeapMedia
LogPluginManager: Mounting plugin MagicLeapPassableWorld
LogPluginManager: Mounting plugin AndroidMedia
LogPluginManager: Mounting plugin MLSDK
LogPluginManager: Mounting plugin AvfMedia
LogPluginManager: Mounting plugin ImgMedia
LogPluginManager: Mounting plugin MediaCompositing
LogPluginManager: Mounting plugin UdpMessaging
LogPluginManager: Mounting plugin ActorSequence
LogPluginManager: Mounting plugin TcpMessaging
LogPluginManager: Mounting plugin MediaPlayerEditor
LogPluginManager: Mounting plugin WebMMedia
LogPluginManager: Mounting plugin WmfMedia
LogPluginManager: Mounting plugin LevelSequenceEditor
LogPluginManager: Mounting plugin MatineeToLevelSequence
LogPluginManager: Mounting plugin TemplateSequence
LogPluginManager: Mounting plugin OnlineSubsystem
LogPluginManager: Mounting plugin LauncherChunkInstaller
LogPluginManager: Mounting plugin ActorLayerUtilities
LogPluginManager: Mounting plugin OnlineSubsystemNull
LogPluginManager: Mounting plugin OnlineSubsystemUtils
LogPluginManager: Mounting plugin AndroidDeviceProfileSelector
LogPluginManager: Mounting plugin AndroidMoviePlayer
LogPluginManager: Mounting plugin AndroidPermission
LogPluginManager: Mounting plugin AppleImageUtils
LogPluginManager: Mounting plugin AppleMoviePlayer
LogPluginManager: Mounting plugin AssetTags
LogPluginManager: Mounting plugin AudioCapture
LogPluginManager: Mounting plugin ArchVisCharacter
LogPluginManager: Mounting plugin AudioSynesthesia
LogPluginManager: Mounting plugin ChunkDownloader
LogPluginManager: Mounting plugin CustomMeshComponent
LogPluginManager: Mounting plugin CableComponent
LogPluginManager: Mounting plugin EditableMesh
LogPluginManager: Mounting plugin ExampleDeviceProfileSelector
LogPluginManager: Mounting plugin GoogleCloudMessaging
LogPluginManager: Mounting plugin GooglePAD
LogPluginManager: Mounting plugin IOSDeviceProfileSelector
LogPluginManager: Mounting plugin LinuxDeviceProfileSelector
LogPluginManager: Mounting plugin LocationServicesBPLibrary
LogPluginManager: Mounting plugin MobilePatchingUtils
LogPluginManager: Mounting plugin OpenXR
LogPluginManager: Mounting plugin OpenXREyeTracker
LogPluginManager: Mounting plugin OpenXRHandTracking
LogPluginManager: Mounting plugin PhysXVehicles
LogPluginManager: Mounting plugin PostSplashScreen
LogPluginManager: Mounting plugin ProceduralMeshComponent
LogPluginManager: Mounting plugin PropertyAccessEditor
LogPluginManager: Mounting plugin RuntimePhysXCooking
LogPluginManager: Mounting plugin SignificanceManager
LogPluginManager: Mounting plugin SoundFields
LogPluginManager: Mounting plugin Synthesis
LogPluginManager: Mounting plugin ScreenshotTools
LogPluginManager: Mounting plugin WebMMoviePlayer
LogPluginManager: Mounting plugin WindowsMoviePlayer
LogPluginManager: Mounting plugin Takes
LogPluginManager: Mounting plugin ContentBrowserClassDataSource
LogPluginManager: Mounting plugin ContentBrowserFileDataSource
LogPluginManager: Mounting plugin ContentBrowserAssetDataSource
LogPluginManager: Mounting plugin OnlineSubsystemGooglePlay
LogPluginManager: Mounting plugin OnlineSubsystemIOS
LogPluginManager: Mounting plugin OculusVR
LogPluginManager: Mounting plugin SteamVR
PixWinPlugin: PIX capture plugin failed to initialize! Check that the process is launched from PIX.
LogInit: Using libcurl 7.55.1-DEV
LogInit:  - built for x86_64-pc-win32
LogInit:  - supports SSL with OpenSSL/1.1.1
LogInit:  - supports HTTP deflate (compression) using libz 1.2.8
LogInit:  - other features:
LogInit:      CURL_VERSION_SSL
LogInit:      CURL_VERSION_LIBZ
LogInit:      CURL_VERSION_IPV6
LogInit:      CURL_VERSION_ASYNCHDNS
LogInit:      CURL_VERSION_LARGEFILE
LogInit:      CURL_VERSION_IDN
LogInit:  CurlRequestOptions (configurable via config and command line):
LogInit:  - bVerifyPeer = true  - Libcurl will verify peer certificate
LogInit:  - bUseHttpProxy = false  - Libcurl will NOT use HTTP proxy
LogInit:  - bDontReuseConnections = false  - Libcurl will reuse connections
LogInit:  - MaxHostConnections = 16  - Libcurl will limit the number of connections to a host
LogInit:  - LocalHostAddr = Default
LogInit:  - BufferSize = 65536
LogOnline: OSS: Creating online subsystem instance for: NULL
LogInit: WinSock: version 1.1 (2.2), MaxSocks=32767, MaxUdp=65467
LogOnline: OSS: TryLoadSubsystemAndSetDefault: Loaded subsystem for module [NULL]
LogOculusPluginWrapper: OculusPlugin initialized successfully
LogHMD: Failed initializing OVRPlugin 1.59.0
LogInit: Build: ++UE4+Release-4.27-CL-18319896
LogInit: Engine Version: 4.27.2-18319896+++UE4+Release-4.27
LogInit: Compatible Engine Version: 4.27.0-17155196+++UE4+Release-4.27
LogInit: Net CL: 17155196
LogInit: OS: Windows 10 (Release 2009) (), CPU: 12th Gen Intel(R) Core(TM) i5-12600K, GPU: NVIDIA GeForce RTX 3080
LogInit: Compiled (64-bit): Nov 30 2021 07:12:08
LogInit: Compiled with Visual C++: 19.24.28315.00
LogInit: Build Configuration: Development
LogInit: Branch Name: ++UE4+Release-4.27
LogInit: Command Line: 
LogInit: Base Directory: D:/Epic Games/UE_4.27/Engine/Binaries/Win64/
LogInit: Allocator: TBB
LogInit: Installed Engine Build: 1
LogDevObjectVersion: Number of dev versions registered: 29
LogDevObjectVersion:   Dev-Blueprints (B0D832E4-1F89-4F0D-ACCF-7EB736FD4AA2): 10
LogDevObjectVersion:   Dev-Build (E1C64328-A22C-4D53-A36C-8E866417BD8C): 0
LogDevObjectVersion:   Dev-Core (375EC13C-06E4-48FB-B500-84F0262A717E): 4
LogDevObjectVersion:   Dev-Editor (E4B068ED-F494-42E9-A231-DA0B2E46BB41): 40
LogDevObjectVersion:   Dev-Framework (CFFC743F-43B0-4480-9391-14DF171D2073): 37
LogDevObjectVersion:   Dev-Mobile (B02B49B5-BB20-44E9-A304-32B752E40360): 3
LogDevObjectVersion:   Dev-Networking (A4E4105C-59A1-49B5-A7C5-40C4547EDFEE): 0
LogDevObjectVersion:   Dev-Online (39C831C9-5AE6-47DC-9A44-9C173E1C8E7C): 0
LogDevObjectVersion:   Dev-Physics (78F01B33-EBEA-4F98-B9B4-84EACCB95AA2): 14
LogDevObjectVersion:   Dev-Platform (6631380F-2D4D-43E0-8009-CF276956A95A): 0
LogDevObjectVersion:   Dev-Rendering (12F88B9F-8875-4AFC-A67C-D90C383ABD29): 45
LogDevObjectVersion:   Dev-Sequencer (7B5AE74C-D270-4C10-A958-57980B212A5A): 13
LogDevObjectVersion:   Dev-VR (D7296918-1DD6-4BDD-9DE2-64A83CC13884): 3
LogDevObjectVersion:   Dev-LoadTimes (C2A15278-BFE7-4AFE-6C17-90FF531DF755): 1
LogDevObjectVersion:   Private-Geometry (6EACA3D4-40EC-4CC1-B786-8BED09428FC5): 3
LogDevObjectVersion:   Dev-AnimPhys (29E575DD-E0A3-4627-9D10-D276232CDCEA): 17
LogDevObjectVersion:   Dev-Anim (AF43A65D-7FD3-4947-9873-3E8ED9C1BB05): 15
LogDevObjectVersion:   Dev-ReflectionCapture (6B266CEC-1EC7-4B8F-A30B-E4D90942FC07): 1
LogDevObjectVersion:   Dev-Automation (0DF73D61-A23F-47EA-B727-89E90C41499A): 1
LogDevObjectVersion:   FortniteMain (601D1886-AC64-4F84-AA16-D3DE0DEAC7D6): 47
LogDevObjectVersion:   FortniteRelease (E7086368-6B23-4C58-8439-1B7016265E91): 1
LogDevObjectVersion:   Dev-Enterprise (9DFFBCD6-494F-0158-E221-12823C92A888): 10
LogDevObjectVersion:   Dev-Niagara (F2AED0AC-9AFE-416F-8664-AA7FFA26D6FC): 1
LogDevObjectVersion:   Dev-Destruction (174F1F0B-B4C6-45A5-B13F-2EE8D0FB917D): 10
LogDevObjectVersion:   Dev-Physics-Ext (35F94A83-E258-406C-A318-09F59610247C): 41
LogDevObjectVersion:   Dev-PhysicsMaterial-Chaos (B68FC16E-8B1B-42E2-B453-215C058844FE): 1
LogDevObjectVersion:   Dev-CineCamera (B2E18506-4273-CFC2-A54E-F4BB758BBA07): 1
LogDevObjectVersion:   Dev-VirtualProduction (64F58936-FD1B-42BA-BA96-7289D5D0FA4E): 1
LogDevObjectVersion:   Dev-MediaFramework (6F0ED827-A609-4895-9C91-998D90180EA4): 2
LogInit: Presizing for max 25165824 objects, including 0 objects not considered by GC, pre-allocating 0 bytes for permanent pool.
LogConfig: Applying CVar settings from Section [/Script/Engine.StreamingSettings] File [C:/Users/titan/Desktop/Titan_RoadHopper/RoadHopper4.27/Saved/Config/Windows/Engine.ini]
LogConfig: Setting CVar [[s.MinBulkDataSizeForAsyncLoading:131072]]
LogConfig: Setting CVar [[s.AsyncLoadingThreadEnabled:0]]
LogConfig: Setting CVar [[s.EventDrivenLoaderEnabled:1]]
LogConfig: Setting CVar [[s.WarnIfTimeLimitExceeded:0]]
LogConfig: Setting CVar [[s.TimeLimitExceededMultiplier:1.5]]
LogConfig: Setting CVar [[s.TimeLimitExceededMinTime:0.005]]
LogConfig: Setting CVar [[s.UseBackgroundLevelStreaming:1]]
LogConfig: Setting CVar [[s.PriorityAsyncLoadingExtraTime:15.0]]
LogConfig: Setting CVar [[s.LevelStreamingActorsUpdateTimeLimit:5.0]]
LogConfig: Setting CVar [[s.PriorityLevelStreamingActorsUpdateExtraTime:5.0]]
LogConfig: Setting CVar [[s.LevelStreamingComponentsRegistrationGranularity:10]]
LogConfig: Setting CVar [[s.UnregisterComponentsTimeLimit:1.0]]
LogConfig: Setting CVar [[s.LevelStreamingComponentsUnregistrationGranularity:5]]
LogConfig: Setting CVar [[s.FlushStreamingOnExit:1]]
LogInit: Object subsystem initialized
LogConfig: Setting CVar [[con.DebugEarlyDefault:1]]
LogConfig: Setting CVar [[r.setres:1280x720]]
[2026.03.04-07.32.34:548][  0]LogConfig: Setting CVar [[r.VSync:0]]
[2026.03.04-07.32.34:548][  0]LogConfig: Setting CVar [[r.RHICmdBypass:0]]
[2026.03.04-07.32.34:548][  0]LogConfig: Applying CVar settings from Section [/Script/Engine.RendererSettings] File [C:/Users/titan/Desktop/Titan_RoadHopper/RoadHopper4.27/Saved/Config/Windows/Engine.ini]
[2026.03.04-07.32.34:548][  0]LogConfig: Setting CVar [[r.GPUCrashDebugging:0]]
[2026.03.04-07.32.34:548][  0]LogConfig: Setting CVar [[r.Mobile.DisableVertexFog:1]]
[2026.03.04-07.32.34:548][  0]LogConfig: Setting CVar [[r.Shadow.CSM.MaxMobileCascades:2]]
[2026.03.04-07.32.34:548][  0]LogConfig: Setting CVar [[r.MobileMSAA:1]]
[2026.03.04-07.32.34:548][  0]LogConfig: Setting CVar [[r.Mobile.AllowDitheredLODTransition:0]]
[2026.03.04-07.32.34:548][  0]LogConfig: Setting CVar [[r.Mobile.AllowSoftwareOcclusion:0]]
[2026.03.04-07.32.34:548][  0]LogConfig: Setting CVar [[r.Mobile.VirtualTextures:0]]
[2026.03.04-07.32.34:548][  0]LogConfig: Setting CVar [[r.DiscardUnusedQuality:0]]
[2026.03.04-07.32.34:548][  0]LogConfig: Setting CVar [[r.AllowOcclusionQueries:1]]
[2026.03.04-07.32.34:548][  0]LogConfig: Setting CVar [[r.MinScreenRadiusForLights:0.030000]]
[2026.03.04-07.32.34:548][  0]LogConfig: Setting CVar [[r.MinScreenRadiusForDepthPrepass:0.030000]]
[2026.03.04-07.32.34:548][  0]LogConfig: Setting CVar [[r.MinScreenRadiusForCSMDepth:0.010000]]
[2026.03.04-07.32.34:548][  0]LogConfig: Setting CVar [[r.PrecomputedVisibilityWarning:0]]
[2026.03.04-07.32.34:548][  0]LogConfig: Setting CVar [[r.TextureStreaming:1]]
[2026.03.04-07.32.34:548][  0]LogConfig: Setting CVar [[Compat.UseDXT5NormalMaps:0]]
[2026.03.04-07.32.34:548][  0]LogConfig: Setting CVar [[r.VirtualTextures:0]]
[2026.03.04-07.32.34:548][  0]LogConfig: Setting CVar [[r.VT.EnableAutoImport:1]]
[2026.03.04-07.32.34:548][  0]LogConfig: Setting CVar [[r.VirtualTexturedLightmaps:0]]
[2026.03.04-07.32.34:548][  0]LogConfig: Setting CVar [[r.VT.TileSize:128]]
[2026.03.04-07.32.34:548][  0]LogConfig: Setting CVar [[r.VT.TileBorderSize:4]]
[2026.03.04-07.32.34:548][  0]LogConfig: Setting CVar [[r.vt.FeedbackFactor:16]]
[2026.03.04-07.32.34:548][  0]LogConfig: Setting CVar [[r.VT.EnableCompressZlib:1]]
[2026.03.04-07.32.34:548][  0]LogConfig: Setting CVar [[r.VT.EnableCompressCrunch:0]]
[2026.03.04-07.32.34:548][  0]LogConfig: Setting CVar [[r.ClearCoatNormal:0]]
[2026.03.04-07.32.34:548][  0]LogConfig: Setting CVar [[r.ReflectionCaptureResolution:128]]
[2026.03.04-07.32.34:548][  0]LogConfig: Setting CVar [[r.Mobile.ReflectionCaptureCompression:0]]
[2026.03.04-07.32.34:548][  0]LogConfig: Setting CVar [[r.ReflectionEnvironmentLightmapMixBasedOnRoughness:1]]
[2026.03.04-07.32.34:548][  0]LogConfig: Setting CVar [[r.ForwardShading:0]]
[2026.03.04-07.32.34:548][  0]LogConfig: Setting CVar [[r.VertexFoggingForOpaque:1]]
[2026.03.04-07.32.34:548][  0]LogConfig: Setting CVar [[r.AllowStaticLighting:1]]
[2026.03.04-07.32.34:548][  0]LogConfig: Setting CVar [[r.NormalMapsForStaticLighting:0]]
[2026.03.04-07.32.34:548][  0]LogConfig: Setting CVar [[r.GenerateMeshDistanceFields:0]]
[2026.03.04-07.32.34:548][  0]LogConfig: Setting CVar [[r.DistanceFieldBuild.EightBit:0]]
[2026.03.04-07.32.34:548][  0]LogConfig: Setting CVar [[r.GenerateLandscapeGIData:0]]
[2026.03.04-07.32.34:548][  0]LogConfig: Setting CVar [[r.DistanceFieldBuild.Compress:0]]
[2026.03.04-07.32.34:548][  0]LogConfig: Setting CVar [[r.TessellationAdaptivePixelsPerTriangle:48.000000]]
[2026.03.04-07.32.34:548][  0]LogConfig: Setting CVar [[r.SeparateTranslucency:1]]
[2026.03.04-07.32.34:548][  0]LogConfig: Setting CVar [[r.TranslucentSortPolicy:0]]
[2026.03.04-07.32.34:548][  0]LogConfig: Setting CVar [[vr.VRS.HMDFixedFoveationLevel:0]]
[2026.03.04-07.32.34:548][  0]LogConfig: Setting CVar [[r.CustomDepth:1]]
[2026.03.04-07.32.34:548][  0]LogConfig: Setting CVar [[r.CustomDepthTemporalAAJitter:1]]
[2026.03.04-07.32.34:548][  0]LogConfig: Setting CVar [[r.PostProcessing.PropagateAlpha:0]]
[2026.03.04-07.32.34:548][  0]LogConfig: Setting CVar [[r.DefaultFeature.Bloom:1]]
[2026.03.04-07.32.34:548][  0]LogConfig: Setting CVar [[r.DefaultFeature.AmbientOcclusion:1]]
[2026.03.04-07.32.34:548][  0]LogConfig: Setting CVar [[r.DefaultFeature.AmbientOcclusionStaticFraction:1]]
[2026.03.04-07.32.34:548][  0]LogConfig: Setting CVar [[r.DefaultFeature.AutoExposure:0]]
[2026.03.04-07.32.34:548][  0]LogConfig: Setting CVar [[r.DefaultFeature.AutoExposure.Method:0]]
[2026.03.04-07.32.34:548][  0]LogConfig: Setting CVar [[r.DefaultFeature.AutoExposure.Bias:1.000000]]
[2026.03.04-07.32.34:548][  0]LogConfig: Setting CVar [[r.DefaultFeature.AutoExposure.ExtendDefaultLuminanceRange:0]]
[2026.03.04-07.32.34:548][  0]LogConfig: Setting CVar [[r.UsePreExposure:1]]
[2026.03.04-07.32.34:548][  0]LogConfig: Setting CVar [[r.EyeAdaptation.EditorOnly:0]]
[2026.03.04-07.32.34:548][  0]LogConfig: Setting CVar [[r.DefaultFeature.MotionBlur:0]]
[2026.03.04-07.32.34:548][  0]LogConfig: Setting CVar [[r.DefaultFeature.LensFlare:0]]
[2026.03.04-07.32.34:548][  0]LogConfig: Setting CVar [[r.TemporalAA.Upsampling:0]]
[2026.03.04-07.32.34:548][  0]LogConfig: Setting CVar [[r.SSGI.Enable:0]]
[2026.03.04-07.32.34:548][  0]LogConfig: Setting CVar [[r.DefaultFeature.AntiAliasing:0]]
[2026.03.04-07.32.34:548][  0]LogConfig: Setting CVar [[r.DefaultFeature.LightUnits:1]]
[2026.03.04-07.32.34:548][  0]LogConfig: Setting CVar [[r.DefaultBackBufferPixelFormat:4]]
[2026.03.04-07.32.34:548][  0]LogConfig: Setting CVar [[r.Shadow.UnbuiltPreviewInGame:1]]
[2026.03.04-07.32.34:548][  0]LogConfig: Setting CVar [[r.StencilForLODDither:0]]
[2026.03.04-07.32.34:549][  0]LogConfig: Setting CVar [[r.EarlyZPass:3]]
[2026.03.04-07.32.34:549][  0]LogConfig: Setting CVar [[r.EarlyZPassOnlyMaterialMasking:0]]
[2026.03.04-07.32.34:549][  0]LogConfig: Setting CVar [[r.DBuffer:1]]
[2026.03.04-07.32.34:549][  0]LogConfig: Setting CVar [[r.ClearSceneMethod:1]]
[2026.03.04-07.32.34:549][  0]LogConfig: Setting CVar [[r.BasePassOutputsVelocity:0]]
[2026.03.04-07.32.34:549][  0]LogConfig: Setting CVar [[r.VertexDeformationOutputsVelocity:0]]
[2026.03.04-07.32.34:549][  0]LogConfig: Setting CVar [[r.SelectiveBasePassOutputs:0]]
[2026.03.04-07.32.34:549][  0]LogConfig: Setting CVar [[fx.GPUSimulationTextureSizeX:1024]]
[2026.03.04-07.32.34:549][  0]LogConfig: Setting CVar [[fx.GPUSimulationTextureSizeY:1024]]
[2026.03.04-07.32.34:549][  0]LogConfig: Setting CVar [[r.AllowGlobalClipPlane:0]]
[2026.03.04-07.32.34:549][  0]LogConfig: Setting CVar [[r.GBufferFormat:1]]
[2026.03.04-07.32.34:549][  0]LogConfig: Setting CVar [[r.MorphTarget.Mode:1]]
[2026.03.04-07.32.34:549][  0]LogConfig: Setting CVar [[vr.InstancedStereo:0]]
[2026.03.04-07.32.34:549][  0]LogConfig: Setting CVar [[r.MobileHDR:1]]
[2026.03.04-07.32.34:549][  0]LogConfig: Setting CVar [[vr.MobileMultiView:0]]
[2026.03.04-07.32.34:549][  0]LogConfig: Setting CVar [[r.Mobile.UseHWsRGBEncoding:0]]
[2026.03.04-07.32.34:549][  0]LogConfig: Setting CVar [[vr.RoundRobinOcclusion:0]]
[2026.03.04-07.32.34:549][  0]LogConfig: Setting CVar [[vr.ODSCapture:0]]
[2026.03.04-07.32.34:549][  0]LogConfig: Setting CVar [[r.MeshStreaming:0]]
[2026.03.04-07.32.34:549][  0]LogConfig: Setting CVar [[r.WireframeCullThreshold:5.000000]]
[2026.03.04-07.32.34:549][  0]LogConfig: Setting CVar [[r.RayTracing:0]]
[2026.03.04-07.32.34:549][  0]LogConfig: Setting CVar [[r.RayTracing.UseTextureLod:0]]
[2026.03.04-07.32.34:549][  0]LogConfig: Setting CVar [[r.SupportStationarySkylight:1]]
[2026.03.04-07.32.34:549][  0]LogConfig: Setting CVar [[r.SupportLowQualityLightmaps:1]]
[2026.03.04-07.32.34:549][  0]LogConfig: Setting CVar [[r.SupportPointLightWholeSceneShadows:1]]
[2026.03.04-07.32.34:549][  0]LogConfig: Setting CVar [[r.SupportAtmosphericFog:1]]
[2026.03.04-07.32.34:549][  0]LogConfig: Setting CVar [[r.SupportSkyAtmosphere:1]]
[2026.03.04-07.32.34:549][  0]LogConfig: Setting CVar [[r.SupportSkyAtmosphereAffectsHeightFog:0]]
[2026.03.04-07.32.34:549][  0]LogConfig: Setting CVar [[r.SkinCache.CompileShaders:0]]
[2026.03.04-07.32.34:549][  0]LogConfig: Setting CVar [[r.SkinCache.DefaultBehavior:1]]
[2026.03.04-07.32.34:549][  0]LogConfig: Setting CVar [[r.SkinCache.SceneMemoryLimitInMB:128.000000]]
[2026.03.04-07.32.34:549][  0]LogConfig: Setting CVar [[r.Mobile.EnableStaticAndCSMShadowReceivers:1]]
[2026.03.04-07.32.34:549][  0]LogConfig: Setting CVar [[r.Mobile.EnableMovableLightCSMShaderCulling:1]]
[2026.03.04-07.32.34:549][  0]LogConfig: Setting CVar [[r.Mobile.AllowDistanceFieldShadows:1]]
[2026.03.04-07.32.34:549][  0]LogConfig: Setting CVar [[r.Mobile.AllowMovableDirectionalLights:1]]
[2026.03.04-07.32.34:549][  0]LogConfig: Setting CVar [[r.MobileNumDynamicPointLights:4]]
[2026.03.04-07.32.34:549][  0]LogConfig: Setting CVar [[r.MobileDynamicPointLightsUseStaticBranch:1]]
[2026.03.04-07.32.34:549][  0]LogConfig: Setting CVar [[r.Mobile.EnableMovableSpotlights:0]]
[2026.03.04-07.32.34:549][  0]LogConfig: Setting CVar [[r.Mobile.EnableMovableSpotlightsShadow:0]]
[2026.03.04-07.32.34:549][  0]LogConfig: Setting CVar [[r.GPUSkin.Support16BitBoneIndex:0]]
[2026.03.04-07.32.34:549][  0]LogConfig: Setting CVar [[r.GPUSkin.Limit2BoneInfluences:0]]
[2026.03.04-07.32.34:549][  0]LogConfig: Setting CVar [[r.SupportDepthOnlyIndexBuffers:1]]
[2026.03.04-07.32.34:549][  0]LogConfig: Setting CVar [[r.SupportReversedIndexBuffers:1]]
[2026.03.04-07.32.34:549][  0]LogConfig: Setting CVar [[r.LightPropagationVolume:0]]
[2026.03.04-07.32.34:549][  0]LogConfig: Setting CVar [[r.Mobile.AmbientOcclusion:0]]
[2026.03.04-07.32.34:549][  0]LogConfig: Setting CVar [[r.GPUSkin.UnlimitedBoneInfluences:0]]
[2026.03.04-07.32.34:549][  0]LogConfig: Setting CVar [[r.GPUSkin.UnlimitedBoneInfluencesThreshold:8]]
[2026.03.04-07.32.34:549][  0]LogConfig: Setting CVar [[r.Mobile.PlanarReflectionMode:0]]
[2026.03.04-07.32.34:549][  0]LogConfig: Setting CVar [[r.Mobile.SupportsGen4TAA:0]]
[2026.03.04-07.32.34:549][  0]LogConfig: Applying CVar settings from Section [/Script/Engine.RendererOverrideSettings] File [C:/Users/titan/Desktop/Titan_RoadHopper/RoadHopper4.27/Saved/Config/Windows/Engine.ini]
[2026.03.04-07.32.34:549][  0]LogConfig: Applying CVar settings from Section [/Script/Engine.StreamingSettings] File [C:/Users/titan/Desktop/Titan_RoadHopper/RoadHopper4.27/Saved/Config/Windows/Engine.ini]
[2026.03.04-07.32.34:549][  0]LogConfig: Setting CVar [[s.MinBulkDataSizeForAsyncLoading:131072]]
[2026.03.04-07.32.34:549][  0]LogConfig: Setting CVar [[s.AsyncLoadingThreadEnabled:0]]
[2026.03.04-07.32.34:549][  0]LogConfig: Setting CVar [[s.EventDrivenLoaderEnabled:1]]
[2026.03.04-07.32.34:549][  0]LogConfig: Setting CVar [[s.WarnIfTimeLimitExceeded:0]]
[2026.03.04-07.32.34:549][  0]LogConfig: Setting CVar [[s.TimeLimitExceededMultiplier:1.5]]
[2026.03.04-07.32.34:549][  0]LogConfig: Setting CVar [[s.TimeLimitExceededMinTime:0.005]]
[2026.03.04-07.32.34:549][  0]LogConfig: Setting CVar [[s.UseBackgroundLevelStreaming:1]]
[2026.03.04-07.32.34:549][  0]LogConfig: Setting CVar [[s.PriorityAsyncLoadingExtraTime:15.0]]
[2026.03.04-07.32.34:549][  0]LogConfig: Setting CVar [[s.LevelStreamingActorsUpdateTimeLimit:5.0]]
[2026.03.04-07.32.34:549][  0]LogConfig: Setting CVar [[s.PriorityLevelStreamingActorsUpdateExtraTime:5.0]]
[2026.03.04-07.32.34:549][  0]LogConfig: Setting CVar [[s.LevelStreamingComponentsRegistrationGranularity:10]]
[2026.03.04-07.32.34:549][  0]LogConfig: Setting CVar [[s.UnregisterComponentsTimeLimit:1.0]]
[2026.03.04-07.32.34:549][  0]LogConfig: Setting CVar [[s.LevelStreamingComponentsUnregistrationGranularity:5]]
[2026.03.04-07.32.34:549][  0]LogConfig: Setting CVar [[s.FlushStreamingOnExit:1]]
[2026.03.04-07.32.34:549][  0]LogConfig: Applying CVar settings from Section [/Script/Engine.GarbageCollectionSettings] File [C:/Users/titan/Desktop/Titan_RoadHopper/RoadHopper4.27/Saved/Config/Windows/Engine.ini]
[2026.03.04-07.32.34:549][  0]LogConfig: Setting CVar [[gc.MaxObjectsNotConsideredByGC:1]]
[2026.03.04-07.32.34:549][  0]LogConfig: Setting CVar [[gc.SizeOfPermanentObjectPool:0]]
[2026.03.04-07.32.34:549][  0]LogConfig: Setting CVar [[gc.FlushStreamingOnGC:0]]
[2026.03.04-07.32.34:549][  0]LogConfig: Setting CVar [[gc.NumRetriesBeforeForcingGC:10]]
[2026.03.04-07.32.34:549][  0]LogConfig: Setting CVar [[gc.AllowParallelGC:1]]
[2026.03.04-07.32.34:549][  0]LogConfig: Setting CVar [[gc.TimeBetweenPurgingPendingKillObjects:61.1]]
[2026.03.04-07.32.34:549][  0]LogConfig: Setting CVar [[gc.MaxObjectsInEditor:25165824]]
[2026.03.04-07.32.34:549][  0]LogConfig: Setting CVar [[gc.IncrementalBeginDestroyEnabled:1]]
[2026.03.04-07.32.34:549][  0]LogConfig: Setting CVar [[gc.CreateGCClusters:1]]
[2026.03.04-07.32.34:549][  0]LogConfig: Setting CVar [[gc.MinGCClusterSize:5]]
[2026.03.04-07.32.34:549][  0]LogConfig: Setting CVar [[gc.ActorClusteringEnabled:0]]
[2026.03.04-07.32.34:549][  0]LogConfig: Setting CVar [[gc.BlueprintClusteringEnabled:0]]
[2026.03.04-07.32.34:549][  0]LogConfig: Setting CVar [[gc.UseDisregardForGCOnDedicatedServers:0]]
[2026.03.04-07.32.34:549][  0]LogConfig: Setting CVar [[gc.MultithreadedDestructionEnabled:1]]
[2026.03.04-07.32.34:549][  0]LogConfig: Applying CVar settings from Section [/Script/Engine.NetworkSettings] File [C:/Users/titan/Desktop/Titan_RoadHopper/RoadHopper4.27/Saved/Config/Windows/Engine.ini]
[2026.03.04-07.32.34:549][  0]LogConfig: Applying CVar settings from Section [/Script/UnrealEd.CookerSettings] File [C:/Users/titan/Desktop/Titan_RoadHopper/RoadHopper4.27/Saved/Config/Windows/Engine.ini]
[2026.03.04-07.32.34:569][  0]LogConfig: Applying CVar settings from Section [ViewDistanceQuality@3] File [C:/Users/titan/Desktop/Titan_RoadHopper/RoadHopper4.27/Saved/Config/Windows/Scalability.ini]
[2026.03.04-07.32.34:569][  0]LogConfig: Setting CVar [[r.SkeletalMeshLODBias:0]]
[2026.03.04-07.32.34:569][  0]LogConfig: Setting CVar [[r.ViewDistanceScale:1.0]]
[2026.03.04-07.32.34:569][  0]LogConfig: Applying CVar settings from Section [AntiAliasingQuality@3] File [C:/Users/titan/Desktop/Titan_RoadHopper/RoadHopper4.27/Saved/Config/Windows/Scalability.ini]
[2026.03.04-07.32.34:569][  0]LogConfig: Setting CVar [[r.PostProcessAAQuality:4]]
[2026.03.04-07.32.34:569][  0]LogConfig: Applying CVar settings from Section [ShadowQuality@3] File [C:/Users/titan/Desktop/Titan_RoadHopper/RoadHopper4.27/Saved/Config/Windows/Scalability.ini]
[2026.03.04-07.32.34:569][  0]LogConfig: Setting CVar [[r.LightFunctionQuality:1]]
[2026.03.04-07.32.34:569][  0]LogConfig: Setting CVar [[r.ShadowQuality:5]]
[2026.03.04-07.32.34:569][  0]LogConfig: Setting CVar [[r.Shadow.CSM.MaxCascades:10]]
[2026.03.04-07.32.34:569][  0]LogConfig: Setting CVar [[r.Shadow.MaxResolution:2048]]
[2026.03.04-07.32.34:569][  0]LogConfig: Setting CVar [[r.Shadow.MaxCSMResolution:2048]]
[2026.03.04-07.32.34:569][  0]LogConfig: Setting CVar [[r.Shadow.RadiusThreshold:0.01]]
[2026.03.04-07.32.34:569][  0]LogConfig: Setting CVar [[r.Shadow.DistanceScale:1.0]]
[2026.03.04-07.32.34:569][  0]LogConfig: Setting CVar [[r.Shadow.CSM.TransitionScale:1.0]]
[2026.03.04-07.32.34:569][  0]LogConfig: Setting CVar [[r.Shadow.PreShadowResolutionFactor:1.0]]
[2026.03.04-07.32.34:569][  0]LogConfig: Setting CVar [[r.DistanceFieldShadowing:1]]
[2026.03.04-07.32.34:569][  0]LogConfig: Setting CVar [[r.DistanceFieldAO:1]]
[2026.03.04-07.32.34:569][  0]LogConfig: Setting CVar [[r.AOQuality:2]]
[2026.03.04-07.32.34:569][  0]LogConfig: Setting CVar [[r.VolumetricFog:1]]
[2026.03.04-07.32.34:569][  0]LogConfig: Setting CVar [[r.VolumetricFog.GridPixelSize:8]]
[2026.03.04-07.32.34:569][  0]LogConfig: Setting CVar [[r.VolumetricFog.GridSizeZ:128]]
[2026.03.04-07.32.34:569][  0]LogConfig: Setting CVar [[r.VolumetricFog.HistoryMissSupersampleCount:4]]
[2026.03.04-07.32.34:569][  0]LogConfig: Setting CVar [[r.LightMaxDrawDistanceScale:1]]
[2026.03.04-07.32.34:569][  0]LogConfig: Setting CVar [[r.CapsuleShadows:1]]
[2026.03.04-07.32.34:569][  0]LogConfig: Applying CVar settings from Section [PostProcessQuality@3] File [C:/Users/titan/Desktop/Titan_RoadHopper/RoadHopper4.27/Saved/Config/Windows/Scalability.ini]
[2026.03.04-07.32.34:569][  0]LogConfig: Setting CVar [[r.MotionBlurQuality:4]]
[2026.03.04-07.32.34:569][  0]LogConfig: Setting CVar [[r.AmbientOcclusionMipLevelFactor:0.4]]
[2026.03.04-07.32.34:569][  0]LogConfig: Setting CVar [[r.AmbientOcclusionMaxQuality:100]]
[2026.03.04-07.32.34:569][  0]LogConfig: Setting CVar [[r.AmbientOcclusionLevels:-1]]
[2026.03.04-07.32.34:569][  0]LogConfig: Setting CVar [[r.AmbientOcclusionRadiusScale:1.0]]
[2026.03.04-07.32.34:569][  0]LogConfig: Setting CVar [[r.DepthOfFieldQuality:2]]
[2026.03.04-07.32.34:569][  0]LogConfig: Setting CVar [[r.RenderTargetPoolMin:400]]
[2026.03.04-07.32.34:569][  0]LogConfig: Setting CVar [[r.LensFlareQuality:2]]
[2026.03.04-07.32.34:569][  0]LogConfig: Setting CVar [[r.SceneColorFringeQuality:1]]
[2026.03.04-07.32.34:569][  0]LogConfig: Setting CVar [[r.EyeAdaptationQuality:2]]
[2026.03.04-07.32.34:569][  0]LogConfig: Setting CVar [[r.BloomQuality:5]]
[2026.03.04-07.32.34:569][  0]LogConfig: Setting CVar [[r.FastBlurThreshold:100]]
[2026.03.04-07.32.34:569][  0]LogConfig: Setting CVar [[r.Upscale.Quality:3]]
[2026.03.04-07.32.34:569][  0]LogConfig: Setting CVar [[r.Tonemapper.GrainQuantization:1]]
[2026.03.04-07.32.34:569][  0]LogConfig: Setting CVar [[r.LightShaftQuality:1]]
[2026.03.04-07.32.34:569][  0]LogConfig: Setting CVar [[r.Filter.SizeScale:1]]
[2026.03.04-07.32.34:569][  0]LogConfig: Setting CVar [[r.Tonemapper.Quality:5]]
[2026.03.04-07.32.34:569][  0]LogConfig: Setting CVar [[r.DOF.Gather.AccumulatorQuality:1        ; higher gathering accumulator quality]]
[2026.03.04-07.32.34:569][  0]LogConfig: Setting CVar [[r.DOF.Gather.PostfilterMethod:1          ; Median3x3 postfilering method]]
[2026.03.04-07.32.34:569][  0]LogConfig: Setting CVar [[r.DOF.Gather.EnableBokehSettings:0       ; no bokeh simulation when gathering]]
[2026.03.04-07.32.34:569][  0]LogConfig: Setting CVar [[r.DOF.Gather.RingCount:4                 ; medium number of samples when gathering]]
[2026.03.04-07.32.34:569][  0]LogConfig: Setting CVar [[r.DOF.Scatter.ForegroundCompositing:1    ; additive foreground scattering]]
[2026.03.04-07.32.34:569][  0]LogConfig: Setting CVar [[r.DOF.Scatter.BackgroundCompositing:2    ; additive background scattering]]
[2026.03.04-07.32.34:569][  0]LogConfig: Setting CVar [[r.DOF.Scatter.EnableBokehSettings:1      ; bokeh simulation when scattering]]
[2026.03.04-07.32.34:569][  0]LogConfig: Setting CVar [[r.DOF.Scatter.MaxSpriteRatio:0.1         ; only a maximum of 10% of scattered bokeh]]
[2026.03.04-07.32.34:569][  0]LogConfig: Setting CVar [[r.DOF.Recombine.Quality:1                ; cheap slight out of focus]]
[2026.03.04-07.32.34:569][  0]LogConfig: Setting CVar [[r.DOF.Recombine.EnableBokehSettings:0    ; no bokeh simulation on slight out of focus]]
[2026.03.04-07.32.34:569][  0]LogConfig: Setting CVar [[r.DOF.TemporalAAQuality:1                ; more stable temporal accumulation]]
[2026.03.04-07.32.34:569][  0]LogConfig: Setting CVar [[r.DOF.Kernel.MaxForegroundRadius:0.025]]
[2026.03.04-07.32.34:569][  0]LogConfig: Setting CVar [[r.DOF.Kernel.MaxBackgroundRadius:0.025]]
[2026.03.04-07.32.34:569][  0]LogConfig: Applying CVar settings from Section [TextureQuality@3] File [C:/Users/titan/Desktop/Titan_RoadHopper/RoadHopper4.27/Saved/Config/Windows/Scalability.ini]
[2026.03.04-07.32.34:569][  0]LogConfig: Setting CVar [[r.Streaming.MipBias:0]]
[2026.03.04-07.32.34:569][  0]LogConfig: Setting CVar [[r.Streaming.AmortizeCPUToGPUCopy:0]]
[2026.03.04-07.32.34:569][  0]LogConfig: Setting CVar [[r.Streaming.MaxNumTexturesToStreamPerFrame:0]]
[2026.03.04-07.32.34:569][  0]LogConfig: Setting CVar [[r.Streaming.Boost:1]]
[2026.03.04-07.32.34:569][  0]LogConfig: Setting CVar [[r.MaxAnisotropy:8]]
[2026.03.04-07.32.34:569][  0]LogConfig: Setting CVar [[r.VT.MaxAnisotropy:8]]
[2026.03.04-07.32.34:569][  0]LogConfig: Setting CVar [[r.Streaming.LimitPoolSizeToVRAM:0]]
[2026.03.04-07.32.34:569][  0]LogConfig: Setting CVar [[r.Streaming.PoolSize:1000]]
[2026.03.04-07.32.34:569][  0]LogConfig: Setting CVar [[r.Streaming.MaxEffectiveScreenSize:0]]
[2026.03.04-07.32.34:569][  0]LogConfig: Applying CVar settings from Section [EffectsQuality@3] File [C:/Users/titan/Desktop/Titan_RoadHopper/RoadHopper4.27/Saved/Config/Windows/Scalability.ini]
[2026.03.04-07.32.34:569][  0]LogConfig: Setting CVar [[r.TranslucencyLightingVolumeDim:64]]
[2026.03.04-07.32.34:569][  0]LogConfig: Setting CVar [[r.RefractionQuality:2]]
[2026.03.04-07.32.34:569][  0]LogConfig: Setting CVar [[r.SSR.Quality:3]]
[2026.03.04-07.32.34:569][  0]LogConfig: Setting CVar [[r.SSR.HalfResSceneColor:0]]
[2026.03.04-07.32.34:569][  0]LogConfig: Setting CVar [[r.SceneColorFormat:4]]
[2026.03.04-07.32.34:569][  0]LogConfig: Setting CVar [[r.DetailMode:2]]
[2026.03.04-07.32.34:569][  0]LogConfig: Setting CVar [[r.TranslucencyVolumeBlur:1]]
[2026.03.04-07.32.34:569][  0]LogConfig: Setting CVar [[r.MaterialQualityLevel:1 ; High quality]]
[2026.03.04-07.32.34:569][  0]LogConfig: Setting CVar [[r.AnisotropicMaterials:1]]
[2026.03.04-07.32.34:569][  0]LogConfig: Setting CVar [[r.SSS.Scale:1]]
[2026.03.04-07.32.34:569][  0]LogConfig: Setting CVar [[r.SSS.SampleSet:2]]
[2026.03.04-07.32.34:569][  0]LogConfig: Setting CVar [[r.SSS.Quality:1]]
[2026.03.04-07.32.34:569][  0]LogConfig: Setting CVar [[r.SSS.HalfRes:0]]
[2026.03.04-07.32.34:569][  0]LogConfig: Setting CVar [[r.SSGI.Quality:3]]
[2026.03.04-07.32.34:569][  0]LogConfig: Setting CVar [[r.EmitterSpawnRateScale:1.0]]
[2026.03.04-07.32.34:569][  0]LogConfig: Setting CVar [[r.ParticleLightQuality:2]]
[2026.03.04-07.32.34:569][  0]LogConfig: Setting CVar [[r.SkyAtmosphere.AerialPerspectiveLUT.FastApplyOnOpaque:1 ; Always have FastSkyLUT 1 in this case to avoid wrong sky]]
[2026.03.04-07.32.34:569][  0]LogConfig: Setting CVar [[r.SkyAtmosphere.AerialPerspectiveLUT.SampleCountMaxPerSlice:4]]
[2026.03.04-07.32.34:569][  0]LogConfig: Setting CVar [[r.SkyAtmosphere.AerialPerspectiveLUT.DepthResolution:16.0]]
[2026.03.04-07.32.34:569][  0]LogConfig: Setting CVar [[r.SkyAtmosphere.FastSkyLUT:1]]
[2026.03.04-07.32.34:569][  0]LogConfig: Setting CVar [[r.SkyAtmosphere.FastSkyLUT.SampleCountMin:4.0]]
[2026.03.04-07.32.34:569][  0]LogConfig: Setting CVar [[r.SkyAtmosphere.FastSkyLUT.SampleCountMax:128.0]]
[2026.03.04-07.32.34:569][  0]LogConfig: Setting CVar [[r.SkyAtmosphere.SampleCountMin:4.0]]
[2026.03.04-07.32.34:569][  0]LogConfig: Setting CVar [[r.SkyAtmosphere.SampleCountMax:128.0]]
[2026.03.04-07.32.34:569][  0]LogConfig: Setting CVar [[r.SkyAtmosphere.TransmittanceLUT.UseSmallFormat:0]]
[2026.03.04-07.32.34:569][  0]LogConfig: Setting CVar [[r.SkyAtmosphere.TransmittanceLUT.SampleCount:10.0]]
[2026.03.04-07.32.34:569][  0]LogConfig: Setting CVar [[r.SkyAtmosphere.MultiScatteringLUT.SampleCount:15.0]]
[2026.03.04-07.32.34:570][  0]LogConfig: Setting CVar [[r.SkyLight.RealTimeReflectionCapture:1]]
[2026.03.04-07.32.34:570][  0]LogConfig: Applying CVar settings from Section [FoliageQuality@3] File [C:/Users/titan/Desktop/Titan_RoadHopper/RoadHopper4.27/Saved/Config/Windows/Scalability.ini]
[2026.03.04-07.32.34:570][  0]LogConfig: Setting CVar [[foliage.DensityScale:1.0]]
[2026.03.04-07.32.34:570][  0]LogConfig: Setting CVar [[grass.DensityScale:1.0]]
[2026.03.04-07.32.34:570][  0]LogConfig: Applying CVar settings from Section [ShadingQuality@3] File [C:/Users/titan/Desktop/Titan_RoadHopper/RoadHopper4.27/Saved/Config/Windows/Scalability.ini]
[2026.03.04-07.32.34:570][  0]LogConfig: Setting CVar [[r.HairStrands.SkyLighting.IntegrationType:2]]
[2026.03.04-07.32.34:570][  0]LogConfig: Setting CVar [[r.HairStrands.SkyAO.SampleCount:4]]
[2026.03.04-07.32.34:570][  0]LogConfig: Setting CVar [[r.HairStrands.Visibility.MSAA.SamplePerPixel:4]]
[2026.03.04-07.32.34:570][  0]LogInit: Selected Device Profile: [Windows]
[2026.03.04-07.32.34:570][  0]LogInit: Applying CVar settings loaded from the selected device profile: [Windows]
[2026.03.04-07.32.34:570][  0]LogHAL: Display: Platform has ~ 32 GB [34088599552 / 34359738368 / 32], which maps to Largest [LargestMinGB=32, LargerMinGB=12, DefaultMinGB=8, SmallerMinGB=6, SmallestMinGB=0)
[2026.03.04-07.32.34:570][  0]LogInit: Going up to parent DeviceProfile []
[2026.03.04-07.32.34:570][  0]LogConfig: Applying CVar settings from Section [ViewDistanceQuality@3] File [C:/Users/titan/Desktop/Titan_RoadHopper/RoadHopper4.27/Saved/Config/Windows/Scalability.ini]
[2026.03.04-07.32.34:570][  0]LogConfig: Setting CVar [[r.SkeletalMeshLODBias:0]]
[2026.03.04-07.32.34:570][  0]LogConfig: Setting CVar [[r.ViewDistanceScale:1.0]]
[2026.03.04-07.32.34:570][  0]LogConfig: Applying CVar settings from Section [AntiAliasingQuality@3] File [C:/Users/titan/Desktop/Titan_RoadHopper/RoadHopper4.27/Saved/Config/Windows/Scalability.ini]
[2026.03.04-07.32.34:570][  0]LogConfig: Setting CVar [[r.PostProcessAAQuality:4]]
[2026.03.04-07.32.34:570][  0]LogConfig: Applying CVar settings from Section [ShadowQuality@3] File [C:/Users/titan/Desktop/Titan_RoadHopper/RoadHopper4.27/Saved/Config/Windows/Scalability.ini]
[2026.03.04-07.32.34:570][  0]LogConfig: Setting CVar [[r.LightFunctionQuality:1]]
[2026.03.04-07.32.34:570][  0]LogConfig: Setting CVar [[r.ShadowQuality:5]]
[2026.03.04-07.32.34:570][  0]LogConfig: Setting CVar [[r.Shadow.CSM.MaxCascades:10]]
[2026.03.04-07.32.34:570][  0]LogConfig: Setting CVar [[r.Shadow.MaxResolution:2048]]
[2026.03.04-07.32.34:570][  0]LogConfig: Setting CVar [[r.Shadow.MaxCSMResolution:2048]]
[2026.03.04-07.32.34:570][  0]LogConfig: Setting CVar [[r.Shadow.RadiusThreshold:0.01]]
[2026.03.04-07.32.34:570][  0]LogConfig: Setting CVar [[r.Shadow.DistanceScale:1.0]]
[2026.03.04-07.32.34:570][  0]LogConfig: Setting CVar [[r.Shadow.CSM.TransitionScale:1.0]]
[2026.03.04-07.32.34:570][  0]LogConfig: Setting CVar [[r.Shadow.PreShadowResolutionFactor:1.0]]
[2026.03.04-07.32.34:570][  0]LogConfig: Setting CVar [[r.DistanceFieldShadowing:1]]
[2026.03.04-07.32.34:570][  0]LogConfig: Setting CVar [[r.DistanceFieldAO:1]]
[2026.03.04-07.32.34:570][  0]LogConfig: Setting CVar [[r.AOQuality:2]]
[2026.03.04-07.32.34:570][  0]LogConfig: Setting CVar [[r.VolumetricFog:1]]
[2026.03.04-07.32.34:570][  0]LogConfig: Setting CVar [[r.VolumetricFog.GridPixelSize:8]]
[2026.03.04-07.32.34:570][  0]LogConfig: Setting CVar [[r.VolumetricFog.GridSizeZ:128]]
[2026.03.04-07.32.34:570][  0]LogConfig: Setting CVar [[r.VolumetricFog.HistoryMissSupersampleCount:4]]
[2026.03.04-07.32.34:570][  0]LogConfig: Setting CVar [[r.LightMaxDrawDistanceScale:1]]
[2026.03.04-07.32.34:570][  0]LogConfig: Setting CVar [[r.CapsuleShadows:1]]
[2026.03.04-07.32.34:570][  0]LogConfig: Applying CVar settings from Section [PostProcessQuality@3] File [C:/Users/titan/Desktop/Titan_RoadHopper/RoadHopper4.27/Saved/Config/Windows/Scalability.ini]
[2026.03.04-07.32.34:570][  0]LogConfig: Setting CVar [[r.MotionBlurQuality:4]]
[2026.03.04-07.32.34:570][  0]LogConfig: Setting CVar [[r.AmbientOcclusionMipLevelFactor:0.4]]
[2026.03.04-07.32.34:570][  0]LogConfig: Setting CVar [[r.AmbientOcclusionMaxQuality:100]]
[2026.03.04-07.32.34:570][  0]LogConfig: Setting CVar [[r.AmbientOcclusionLevels:-1]]
[2026.03.04-07.32.34:570][  0]LogConfig: Setting CVar [[r.AmbientOcclusionRadiusScale:1.0]]
[2026.03.04-07.32.34:570][  0]LogConfig: Setting CVar [[r.DepthOfFieldQuality:2]]
[2026.03.04-07.32.34:570][  0]LogConfig: Setting CVar [[r.RenderTargetPoolMin:400]]
[2026.03.04-07.32.34:570][  0]LogConfig: Setting CVar [[r.LensFlareQuality:2]]
[2026.03.04-07.32.34:570][  0]LogConfig: Setting CVar [[r.SceneColorFringeQuality:1]]
[2026.03.04-07.32.34:570][  0]LogConfig: Setting CVar [[r.EyeAdaptationQuality:2]]
[2026.03.04-07.32.34:570][  0]LogConfig: Setting CVar [[r.BloomQuality:5]]
[2026.03.04-07.32.34:570][  0]LogConfig: Setting CVar [[r.FastBlurThreshold:100]]
[2026.03.04-07.32.34:570][  0]LogConfig: Setting CVar [[r.Upscale.Quality:3]]
[2026.03.04-07.32.34:570][  0]LogConfig: Setting CVar [[r.Tonemapper.GrainQuantization:1]]
[2026.03.04-07.32.34:570][  0]LogConfig: Setting CVar [[r.LightShaftQuality:1]]
[2026.03.04-07.32.34:570][  0]LogConfig: Setting CVar [[r.Filter.SizeScale:1]]
[2026.03.04-07.32.34:570][  0]LogConfig: Setting CVar [[r.Tonemapper.Quality:5]]
[2026.03.04-07.32.34:570][  0]LogConfig: Setting CVar [[r.DOF.Gather.AccumulatorQuality:1        ; higher gathering accumulator quality]]
[2026.03.04-07.32.34:570][  0]LogConfig: Setting CVar [[r.DOF.Gather.PostfilterMethod:1          ; Median3x3 postfilering method]]
[2026.03.04-07.32.34:570][  0]LogConfig: Setting CVar [[r.DOF.Gather.EnableBokehSettings:0       ; no bokeh simulation when gathering]]
[2026.03.04-07.32.34:570][  0]LogConfig: Setting CVar [[r.DOF.Gather.RingCount:4                 ; medium number of samples when gathering]]
[2026.03.04-07.32.34:570][  0]LogConfig: Setting CVar [[r.DOF.Scatter.ForegroundCompositing:1    ; additive foreground scattering]]
[2026.03.04-07.32.34:570][  0]LogConfig: Setting CVar [[r.DOF.Scatter.BackgroundCompositing:2    ; additive background scattering]]
[2026.03.04-07.32.34:570][  0]LogConfig: Setting CVar [[r.DOF.Scatter.EnableBokehSettings:1      ; bokeh simulation when scattering]]
[2026.03.04-07.32.34:570][  0]LogConfig: Setting CVar [[r.DOF.Scatter.MaxSpriteRatio:0.1         ; only a maximum of 10% of scattered bokeh]]
[2026.03.04-07.32.34:570][  0]LogConfig: Setting CVar [[r.DOF.Recombine.Quality:1                ; cheap slight out of focus]]
[2026.03.04-07.32.34:570][  0]LogConfig: Setting CVar [[r.DOF.Recombine.EnableBokehSettings:0    ; no bokeh simulation on slight out of focus]]
[2026.03.04-07.32.34:570][  0]LogConfig: Setting CVar [[r.DOF.TemporalAAQuality:1                ; more stable temporal accumulation]]
[2026.03.04-07.32.34:570][  0]LogConfig: Setting CVar [[r.DOF.Kernel.MaxForegroundRadius:0.025]]
[2026.03.04-07.32.34:570][  0]LogConfig: Setting CVar [[r.DOF.Kernel.MaxBackgroundRadius:0.025]]
[2026.03.04-07.32.34:570][  0]LogConfig: Applying CVar settings from Section [TextureQuality@3] File [C:/Users/titan/Desktop/Titan_RoadHopper/RoadHopper4.27/Saved/Config/Windows/Scalability.ini]
[2026.03.04-07.32.34:570][  0]LogConfig: Setting CVar [[r.Streaming.MipBias:0]]
[2026.03.04-07.32.34:570][  0]LogConfig: Setting CVar [[r.Streaming.AmortizeCPUToGPUCopy:0]]
[2026.03.04-07.32.34:570][  0]LogConfig: Setting CVar [[r.Streaming.MaxNumTexturesToStreamPerFrame:0]]
[2026.03.04-07.32.34:570][  0]LogConfig: Setting CVar [[r.Streaming.Boost:1]]
[2026.03.04-07.32.34:570][  0]LogConfig: Setting CVar [[r.MaxAnisotropy:8]]
[2026.03.04-07.32.34:570][  0]LogConfig: Setting CVar [[r.VT.MaxAnisotropy:8]]
[2026.03.04-07.32.34:570][  0]LogConfig: Setting CVar [[r.Streaming.LimitPoolSizeToVRAM:0]]
[2026.03.04-07.32.34:570][  0]LogConfig: Setting CVar [[r.Streaming.PoolSize:1000]]
[2026.03.04-07.32.34:570][  0]LogConfig: Setting CVar [[r.Streaming.MaxEffectiveScreenSize:0]]
[2026.03.04-07.32.34:570][  0]LogConfig: Applying CVar settings from Section [EffectsQuality@3] File [C:/Users/titan/Desktop/Titan_RoadHopper/RoadHopper4.27/Saved/Config/Windows/Scalability.ini]
[2026.03.04-07.32.34:570][  0]LogConfig: Setting CVar [[r.TranslucencyLightingVolumeDim:64]]
[2026.03.04-07.32.34:570][  0]LogConfig: Setting CVar [[r.RefractionQuality:2]]
[2026.03.04-07.32.34:570][  0]LogConfig: Setting CVar [[r.SSR.Quality:3]]
[2026.03.04-07.32.34:570][  0]LogConfig: Setting CVar [[r.SSR.HalfResSceneColor:0]]
[2026.03.04-07.32.34:570][  0]LogConfig: Setting CVar [[r.SceneColorFormat:4]]
[2026.03.04-07.32.34:570][  0]LogConfig: Setting CVar [[r.DetailMode:2]]
[2026.03.04-07.32.34:570][  0]LogConfig: Setting CVar [[r.TranslucencyVolumeBlur:1]]
[2026.03.04-07.32.34:570][  0]LogConfig: Setting CVar [[r.MaterialQualityLevel:1 ; High quality]]
[2026.03.04-07.32.34:570][  0]LogConfig: Setting CVar [[r.AnisotropicMaterials:1]]
[2026.03.04-07.32.34:570][  0]LogConfig: Setting CVar [[r.SSS.Scale:1]]
[2026.03.04-07.32.34:570][  0]LogConfig: Setting CVar [[r.SSS.SampleSet:2]]
[2026.03.04-07.32.34:570][  0]LogConfig: Setting CVar [[r.SSS.Quality:1]]
[2026.03.04-07.32.34:570][  0]LogConfig: Setting CVar [[r.SSS.HalfRes:0]]
[2026.03.04-07.32.34:570][  0]LogConfig: Setting CVar [[r.SSGI.Quality:3]]
[2026.03.04-07.32.34:570][  0]LogConfig: Setting CVar [[r.EmitterSpawnRateScale:1.0]]
[2026.03.04-07.32.34:570][  0]LogConfig: Setting CVar [[r.ParticleLightQuality:2]]
[2026.03.04-07.32.34:570][  0]LogConfig: Setting CVar [[r.SkyAtmosphere.AerialPerspectiveLUT.FastApplyOnOpaque:1 ; Always have FastSkyLUT 1 in this case to avoid wrong sky]]
[2026.03.04-07.32.34:570][  0]LogConfig: Setting CVar [[r.SkyAtmosphere.AerialPerspectiveLUT.SampleCountMaxPerSlice:4]]
[2026.03.04-07.32.34:570][  0]LogConfig: Setting CVar [[r.SkyAtmosphere.AerialPerspectiveLUT.DepthResolution:16.0]]
[2026.03.04-07.32.34:570][  0]LogConfig: Setting CVar [[r.SkyAtmosphere.FastSkyLUT:1]]
[2026.03.04-07.32.34:570][  0]LogConfig: Setting CVar [[r.SkyAtmosphere.FastSkyLUT.SampleCountMin:4.0]]
[2026.03.04-07.32.34:570][  0]LogConfig: Setting CVar [[r.SkyAtmosphere.FastSkyLUT.SampleCountMax:128.0]]
[2026.03.04-07.32.34:570][  0]LogConfig: Setting CVar [[r.SkyAtmosphere.SampleCountMin:4.0]]
[2026.03.04-07.32.34:570][  0]LogConfig: Setting CVar [[r.SkyAtmosphere.SampleCountMax:128.0]]
[2026.03.04-07.32.34:570][  0]LogConfig: Setting CVar [[r.SkyAtmosphere.TransmittanceLUT.UseSmallFormat:0]]
[2026.03.04-07.32.34:570][  0]LogConfig: Setting CVar [[r.SkyAtmosphere.TransmittanceLUT.SampleCount:10.0]]
[2026.03.04-07.32.34:570][  0]LogConfig: Setting CVar [[r.SkyAtmosphere.MultiScatteringLUT.SampleCount:15.0]]
[2026.03.04-07.32.34:570][  0]LogConfig: Setting CVar [[r.SkyLight.RealTimeReflectionCapture:1]]
[2026.03.04-07.32.34:570][  0]LogConfig: Applying CVar settings from Section [FoliageQuality@3] File [C:/Users/titan/Desktop/Titan_RoadHopper/RoadHopper4.27/Saved/Config/Windows/Scalability.ini]
[2026.03.04-07.32.34:570][  0]LogConfig: Setting CVar [[foliage.DensityScale:1.0]]
[2026.03.04-07.32.34:570][  0]LogConfig: Setting CVar [[grass.DensityScale:1.0]]
[2026.03.04-07.32.34:570][  0]LogConfig: Applying CVar settings from Section [ShadingQuality@3] File [C:/Users/titan/Desktop/Titan_RoadHopper/RoadHopper4.27/Saved/Config/Windows/Scalability.ini]
[2026.03.04-07.32.34:570][  0]LogConfig: Setting CVar [[r.HairStrands.SkyLighting.IntegrationType:2]]
[2026.03.04-07.32.34:570][  0]LogConfig: Setting CVar [[r.HairStrands.SkyAO.SampleCount:4]]
[2026.03.04-07.32.34:570][  0]LogConfig: Setting CVar [[r.HairStrands.Visibility.MSAA.SamplePerPixel:4]]
[2026.03.04-07.32.34:570][  0]LogConfig: Applying CVar settings from Section [Startup] File [../../../Engine/Config/ConsoleVariables.ini]
[2026.03.04-07.32.34:571][  0]LogConfig: Setting CVar [[net.UseAdaptiveNetUpdateFrequency:0]]
[2026.03.04-07.32.34:571][  0]LogConfig: Setting CVar [[p.chaos.AllowCreatePhysxBodies:1]]
[2026.03.04-07.32.34:571][  0]LogConfig: Setting CVar [[fx.SkipVectorVMBackendOptimizations:1]]
[2026.03.04-07.32.34:571][  0]LogConfig: Applying CVar settings from Section [ConsoleVariables] File [C:/Users/titan/Desktop/Titan_RoadHopper/RoadHopper4.27/Saved/Config/Windows/Engine.ini]
[2026.03.04-07.32.34:571][  0]LogConfig: Applying CVar settings from Section [ConsoleVariables] File [C:/Users/titan/Desktop/Titan_RoadHopper/RoadHopper4.27/Saved/Config/Windows/Editor.ini]
[2026.03.04-07.32.34:571][  0]LogInit: Computer: TITANPC
[2026.03.04-07.32.34:571][  0]LogInit: User: titan
[2026.03.04-07.32.34:571][  0]LogInit: CPU Page size=4096, Cores=10
[2026.03.04-07.32.34:571][  0]LogInit: High frequency timer resolution =10.000000 MHz
[2026.03.04-07.32.34:571][  0]LogMemory: Memory total: Physical=31.7GB (32GB approx)
[2026.03.04-07.32.34:571][  0]LogMemory: Platform Memory Stats for Windows
[2026.03.04-07.32.34:571][  0]LogMemory: Process Physical Memory: 158.02 MB used, 158.02 MB peak
[2026.03.04-07.32.34:571][  0]LogMemory: Process Virtual Memory: 131.41 MB used, 131.41 MB peak
[2026.03.04-07.32.34:571][  0]LogMemory: Physical Memory: 12904.68 MB used,  19604.74 MB free, 32509.42 MB total
[2026.03.04-07.32.34:571][  0]LogMemory: Virtual Memory: 134201176.00 MB used,  16551.24 MB free, 134217728.00 MB total
[2026.03.04-07.32.34:575][  0]LogWindows: WindowsPlatformFeatures enabled
[2026.03.04-07.32.34:610][  0]LogInit: Physics initialised using underlying interface: PhysX
[2026.03.04-07.32.34:610][  0]LogInit: Using OS detected language (en-US).
[2026.03.04-07.32.34:610][  0]LogInit: Using OS detected locale (en-CA).
[2026.03.04-07.32.34:612][  0]LogTextLocalizationManager: No specific localization for 'en-US' exists, so the 'en' localization will be used.
[2026.03.04-07.32.34:742][  0]LogInit: Setting process to per monitor DPI aware
[2026.03.04-07.32.34:760][  0]LogWindowsTextInputMethodSystem: Display: IME system deactivated.
[2026.03.04-07.32.34:776][  0]LogSlate: New Slate User Created.  User Index 0, Is Virtual User: 0
[2026.03.04-07.32.34:776][  0]LogSlate: Slate User Registered.  User Index 0, Is Virtual User: 0
[2026.03.04-07.32.34:893][  0]LogD3D11RHI: Loaded GFSDK_Aftermath_Lib.x64.dll
[2026.03.04-07.32.34:907][  0]LogHMD: Failed to initialize OpenVR with code 110
[2026.03.04-07.32.34:907][  0]LogD3D11RHI: D3D11 min allowed feature level: 11_0
[2026.03.04-07.32.34:907][  0]LogD3D11RHI: D3D11 max allowed feature level: 11_0
[2026.03.04-07.32.34:907][  0]LogD3D11RHI: D3D11 adapters:
[2026.03.04-07.32.35:067][  0]LogD3D11RHI:    0. 'NVIDIA GeForce RTX 3080' (Feature Level 11_0)
[2026.03.04-07.32.35:067][  0]LogD3D11RHI:       12093/0/16254 MB DedicatedVideo/DedicatedSystem/SharedSystem, Outputs:3, VendorId:0x10de
[2026.03.04-07.32.35:071][  0]LogD3D11RHI:    1. 'Microsoft Basic Render Driver' (Feature Level 11_0)
[2026.03.04-07.32.35:071][  0]LogD3D11RHI:       0/0/16254 MB DedicatedVideo/DedicatedSystem/SharedSystem, Outputs:0, VendorId:0x1414
[2026.03.04-07.32.35:071][  0]LogD3D11RHI: Chosen D3D11 Adapter:
[2026.03.04-07.32.35:071][  0]LogD3D11RHI:     Description : NVIDIA GeForce RTX 3080
[2026.03.04-07.32.35:071][  0]LogD3D11RHI:     VendorId    : 10de
[2026.03.04-07.32.35:071][  0]LogD3D11RHI:     DeviceId    : 220a
[2026.03.04-07.32.35:071][  0]LogD3D11RHI:     SubSysId    : 48773842
[2026.03.04-07.32.35:071][  0]LogD3D11RHI:     Revision    : 00a1
[2026.03.04-07.32.35:071][  0]LogD3D11RHI:     DedicatedVideoMemory : 12680429568 bytes
[2026.03.04-07.32.35:071][  0]LogD3D11RHI:     DedicatedSystemMemory : 0 bytes
[2026.03.04-07.32.35:071][  0]LogD3D11RHI:     SharedSystemMemory : 17044299776 bytes
[2026.03.04-07.32.35:071][  0]LogD3D11RHI:     AdapterLuid : 0 54500
[2026.03.04-07.32.35:077][  0]LogD3D11RHI: Creating new Direct3DDevice
[2026.03.04-07.32.35:077][  0]LogD3D11RHI:     GPU DeviceId: 0x220a (for the marketing name, search the web for "GPU Device Id")
[2026.03.04-07.32.35:077][  0]LogWindows: EnumDisplayDevices:
[2026.03.04-07.32.35:077][  0]LogWindows:    0. 'NVIDIA GeForce RTX 3080' (P:1 D:1)
[2026.03.04-07.32.35:078][  0]LogWindows:    1. 'NVIDIA GeForce RTX 3080' (P:0 D:1)
[2026.03.04-07.32.35:078][  0]LogWindows:    2. 'NVIDIA GeForce RTX 3080' (P:0 D:1)
[2026.03.04-07.32.35:078][  0]LogWindows:    3. 'NVIDIA GeForce RTX 3080' (P:0 D:0)
[2026.03.04-07.32.35:078][  0]LogWindows: DebugString: FoundDriverCount:4 
[2026.03.04-07.32.35:078][  0]LogD3D11RHI:     Adapter Name: NVIDIA GeForce RTX 3080
[2026.03.04-07.32.35:078][  0]LogD3D11RHI:   Driver Version: 591.86 (internal:32.0.15.9186, unified:591.86)
[2026.03.04-07.32.35:078][  0]LogD3D11RHI:      Driver Date: 1-20-2026
[2026.03.04-07.32.35:078][  0]LogRHI: Texture pool is 8465 MB (70% of 12093 MB)
[2026.03.04-07.32.35:078][  0]LogD3D11RHI: Creating D3DDevice using adapter:
[2026.03.04-07.32.35:078][  0]LogD3D11RHI:     Description : NVIDIA GeForce RTX 3080
[2026.03.04-07.32.35:078][  0]LogD3D11RHI:     VendorId    : 10de
[2026.03.04-07.32.35:078][  0]LogD3D11RHI:     DeviceId    : 220a
[2026.03.04-07.32.35:078][  0]LogD3D11RHI:     SubSysId    : 48773842
[2026.03.04-07.32.35:078][  0]LogD3D11RHI:     Revision    : 00a1
[2026.03.04-07.32.35:078][  0]LogD3D11RHI:     DedicatedVideoMemory : 12680429568 bytes
[2026.03.04-07.32.35:078][  0]LogD3D11RHI:     DedicatedSystemMemory : 0 bytes
[2026.03.04-07.32.35:078][  0]LogD3D11RHI:     SharedSystemMemory : 17044299776 bytes
[2026.03.04-07.32.35:078][  0]LogD3D11RHI:     AdapterLuid : 0 54500
[2026.03.04-07.32.35:189][  0]LogD3D11RHI: RHI has support for 64 bit atomics
[2026.03.04-07.32.35:189][  0]LogD3D11RHI: Async texture creation enabled
[2026.03.04-07.32.35:189][  0]LogD3D11RHI: Array index from any shader is supported
[2026.03.04-07.32.35:191][  0]LogD3D11RHI: HDR output is supported on display 0 (NvId: 0x80061082).
[2026.03.04-07.32.35:207][  0]LogD3D11RHI: GPU Timing Frequency: 1000.000000 (Debug: 2 2)
[2026.03.04-07.32.35:232][  0]LogRHI: GeForceNow SDK initialized: 1
[2026.03.04-07.32.35:458][  0]LogTargetPlatformManager: Display: Loaded TargetPlatform 'AllDesktop'
[2026.03.04-07.32.35:473][  0]LogTargetPlatformManager: Display: Loaded TargetPlatform 'Android'
[2026.03.04-07.32.35:473][  0]LogTargetPlatformManager: Display: Loaded TargetPlatform 'Android_ASTC'
[2026.03.04-07.32.35:473][  0]LogTargetPlatformManager: Display: Loaded TargetPlatform 'Android_DXT'
[2026.03.04-07.32.35:473][  0]LogTargetPlatformManager: Display: Loaded TargetPlatform 'Android_ETC2'
[2026.03.04-07.32.35:473][  0]LogTargetPlatformManager: Display: Loaded TargetPlatform 'AndroidClient'
[2026.03.04-07.32.35:473][  0]LogTargetPlatformManager: Display: Loaded TargetPlatform 'Android_ASTCClient'
[2026.03.04-07.32.35:473][  0]LogTargetPlatformManager: Display: Loaded TargetPlatform 'Android_DXTClient'
[2026.03.04-07.32.35:473][  0]LogTargetPlatformManager: Display: Loaded TargetPlatform 'Android_ETC2Client'
[2026.03.04-07.32.35:473][  0]LogTargetPlatformManager: Display: Loaded TargetPlatform 'Android_Multi'
[2026.03.04-07.32.35:473][  0]LogTargetPlatformManager: Display: Loaded TargetPlatform 'Android_MultiClient'
[2026.03.04-07.32.35:486][  0]LogTargetPlatformManager: Display: Loaded TargetPlatform 'IOSClient'
[2026.03.04-07.32.35:486][  0]LogTargetPlatformManager: Display: Loaded TargetPlatform 'IOS'
[2026.03.04-07.32.35:492][  0]LogTargetPlatformManager: Display: Loaded TargetPlatform 'Linux'
[2026.03.04-07.32.35:497][  0]LogTargetPlatformManager: Display: Loaded TargetPlatform 'LinuxNoEditor'
[2026.03.04-07.32.35:500][  0]LogTargetPlatformManager: Display: Loaded TargetPlatform 'LinuxClient'
[2026.03.04-07.32.35:503][  0]LogTargetPlatformManager: Display: Loaded TargetPlatform 'LinuxServer'
[2026.03.04-07.32.35:509][  0]LogTargetPlatformManager: Display: Loaded TargetPlatform 'LinuxAArch64NoEditor'
[2026.03.04-07.32.35:514][  0]LogTargetPlatformManager: Display: Loaded TargetPlatform 'LinuxAArch64Client'
[2026.03.04-07.32.35:517][  0]LogTargetPlatformManager: Display: Loaded TargetPlatform 'LinuxAArch64Server'
[2026.03.04-07.32.35:534][  0]LogTargetPlatformManager: Display: Loaded TargetPlatform 'Lumin'
[2026.03.04-07.32.35:534][  0]LogTargetPlatformManager: Display: Loaded TargetPlatform 'LuminClient'
[2026.03.04-07.32.35:540][  0]LogTargetPlatformManager: Display: Loaded TargetPlatform 'MacNoEditor'
[2026.03.04-07.32.35:544][  0]LogTargetPlatformManager: Display: Loaded TargetPlatform 'Mac'
[2026.03.04-07.32.35:547][  0]LogTargetPlatformManager: Display: Loaded TargetPlatform 'MacClient'
[2026.03.04-07.32.35:550][  0]LogTargetPlatformManager: Display: Loaded TargetPlatform 'MacServer'
[2026.03.04-07.32.35:557][  0]LogTargetPlatformManager: Display: Loaded TargetPlatform 'TVOSClient'
[2026.03.04-07.32.35:557][  0]LogTargetPlatformManager: Display: Loaded TargetPlatform 'TVOS'
[2026.03.04-07.32.35:563][  0]LogTargetPlatformManager: Display: Loaded TargetPlatform 'WindowsNoEditor'
[2026.03.04-07.32.35:567][  0]LogTargetPlatformManager: Display: Loaded TargetPlatform 'Windows'
[2026.03.04-07.32.35:570][  0]LogTargetPlatformManager: Display: Loaded TargetPlatform 'WindowsClient'
[2026.03.04-07.32.35:574][  0]LogTargetPlatformManager: Display: Loaded TargetPlatform 'WindowsServer'
[2026.03.04-07.32.35:574][  0]LogTargetPlatformManager: Display: Building Assets For Windows
[2026.03.04-07.32.35:581][  0]LogAudioDebug: Display: Lib vorbis DLL was dynamically loaded.
[2026.03.04-07.32.35:604][  0]LogTextureFormatOodle: Display: Oodle Texture 2.9.0 init RDO Off
[2026.03.04-07.32.35:630][  0]LogRendererCore: Ray tracing is disabled. Reason: r.RayTracing=0.
[2026.03.04-07.32.35:630][  0]LogShaderCompilers: Guid format shader working directory is -9 characters bigger than the processId version (C:/Users/titan/Desktop/Titan_RoadHopper/RoadHopper4.27/Intermediate/Shaders/WorkingDirectory/24256/).
[2026.03.04-07.32.35:630][  0]LogShaderCompilers: Cleaned the shader compiler working directory 'C:/Users/titan/AppData/Local/Temp/UnrealShaderWorkingDir/F98CDCFD4A337C1037BB6095D3DE8347/'.
[2026.03.04-07.32.35:630][  0]LogXGEController: Cannot use XGE Controller as Incredibuild is not installed on this machine.
[2026.03.04-07.32.35:630][  0]LogShaderCompilers: Cannot use XGE Shader Compiler as Incredibuild is not installed on this machine.
[2026.03.04-07.32.35:630][  0]LogShaderCompilers: Display: Using Local Shader Compiler.
[2026.03.04-07.32.36:177][  0]LogDerivedDataCache: Display: Max Cache Size: 512 MB
[2026.03.04-07.32.36:225][  0]LogDerivedDataCache: Loaded boot cache 0.05s 96MB C:/Users/titan/AppData/Local/UnrealEngine/4.27/DerivedDataCache/Boot.ddc.
[2026.03.04-07.32.36:225][  0]LogDerivedDataCache: Display: Loaded Boot cache: C:/Users/titan/AppData/Local/UnrealEngine/4.27/DerivedDataCache/Boot.ddc
[2026.03.04-07.32.36:225][  0]LogDerivedDataCache: FDerivedDataBackendGraph:  Pak pak cache file C:/Users/titan/Desktop/Titan_RoadHopper/RoadHopper4.27/DerivedDataCache/DDC.ddp not found, will not use a pak cache.
[2026.03.04-07.32.36:225][  0]LogDerivedDataCache: Unable to find inner node Pak for hierarchical cache Hierarchy.
[2026.03.04-07.32.36:225][  0]LogDerivedDataCache: FDerivedDataBackendGraph:  CompressedPak pak cache file C:/Users/titan/Desktop/Titan_RoadHopper/RoadHopper4.27/DerivedDataCache/Compressed.ddp not found, will not use a pak cache.
[2026.03.04-07.32.36:225][  0]LogDerivedDataCache: Unable to find inner node CompressedPak for hierarchical cache Hierarchy.
[2026.03.04-07.32.36:238][  0]LogDerivedDataCache: Display: Pak cache opened for reading ../../../Engine/DerivedDataCache/Compressed.ddp.
[2026.03.04-07.32.36:238][  0]LogDerivedDataCache: FDerivedDataBackendGraph:  EnterprisePak pak cache file ../../../Enterprise/DerivedDataCache/Compressed.ddp not found, will not use a pak cache.
[2026.03.04-07.32.36:238][  0]LogDerivedDataCache: Unable to find inner node EnterprisePak for hierarchical cache Hierarchy.
[2026.03.04-07.32.36:244][  0]LogDerivedDataCache: Speed tests for C:/Users/titan/AppData/Local/UnrealEngine/Common/DerivedDataCache took 0.01 seconds
[2026.03.04-07.32.36:244][  0]LogDerivedDataCache: Display: Performance to C:/Users/titan/AppData/Local/UnrealEngine/Common/DerivedDataCache: Latency=0.03ms. RandomReadSpeed=1489.65MBs, RandomWriteSpeed=206.54MBs. Assigned SpeedClass 'Local'
[2026.03.04-07.32.36:245][  0]LogDerivedDataCache: Using Local data cache path C:/Users/titan/AppData/Local/UnrealEngine/Common/DerivedDataCache: Writable
[2026.03.04-07.32.36:245][  0]LogDerivedDataCache: Shared data cache path not found in *engine.ini, will not use an Shared cache.
[2026.03.04-07.32.36:245][  0]LogDerivedDataCache: Unable to find inner node Shared for hierarchical cache Hierarchy.
[2026.03.04-07.32.36:277][  0]LogSlate: Using FreeType 2.10.0
[2026.03.04-07.32.36:278][  0]LogSlate: SlateFontServices - WITH_FREETYPE: 1, WITH_HARFBUZZ: 1
[2026.03.04-07.32.36:298][  0]LogAssetRegistry: FAssetRegistry took 0.0020 seconds to start up
[2026.03.04-07.32.36:446][  0]LogInit: Selected Device Profile: [Windows]
[2026.03.04-07.32.36:446][  0]LogInit: Active device profile: [000002B6ED62C900][000002B6E3519B40 49] Windows
[2026.03.04-07.32.36:446][  0]LogInit: Profiles: [000002B6ED62C900][000002B6E3519B40 49] Windows, [000002B6ED5F3800][000002B6E6B9C140 49] WindowsNoEditor, [000002B6ED62F500][000002B6E89962C0 49] WindowsServer, [000002B6ED5F0E00][000002B6E899A440 49] WindowsClient, [000002B6ED62F800][000002B6E899E5C0 49] IOS, [000002B6ED5F2800][000002B6E89A2740 49] iPadAir, [000002B6ED62E000][000002B6E6B98880 49] iPadAir2, [000002B6ED598A00][000002B6E89AAAC0 49] IPadPro, [000002B6ED598B00][000002B6E89A6B00 49] iPadAir3, [000002B6ED5F1900][000002B6E89B2C80 49] iPadAir4, [000002B6ED59B400][000002B6E89B6E00 49] iPadMini2, [000002B6ED5F2A00][000002B6EBFCCF80 49] iPadMini3, [000002B6ED599700][000002B6EBFD1100 49] iPadMini4, [000002B6ED62D100][000002B6EBFD5280 49] iPadMini5, [000002B6ED5D8300][000002B6EBFDD540 49] iPhone6, [000002B6ED5D8400][000002B6EBFD9580 49] iPodTouch6, [000002B6ED587F00][000002B6EBFE5840 49] iPhone7, [000002B6ED587E00][000002B6EBFE1880 49] iPodTouch7, [000002B6ED5F2000][000002B6EBFE9A00 49] iPhone5S, [000002B6ED585A00][000002B6EBFEDB80 49] iPhone6Plus, [000002B6ED5D8200][000002B6EBFF0180 49] iPhone6S, [000002B6ED584600][000002B6EBFF4300 49] iPhone6SPlus, [000002B6ED5DA900][000002B6EBFF8480 49] iPhone7Plus, [000002B6ED587100][000002B6EBFFC600 49] iPhoneSE, [000002B6ED5DA200][000002B6EC000780 49] iPhone8, [000002B6ED587B00][000002B6EE392900 49] iPhone8Plus, [000002B6ED5D8A00][000002B6E89AEA40 49] iPhoneX, [000002B6ED585400][000002B6EE396B80 49] iPhoneXS, [000002B6ED5DB900][000002B6EE39ACC0 49] iPhoneXSMax, [000002B6ED584900][000002B6EE3A2E40 49] iPhoneXR, [000002B6ED5DAF00][000002B6EE3A6FC0 49] iPhone11, [000002B6ED585300][000002B6EE3AB140 49] iPhone11Pro, [000002B6ED5D9000][000002B6EE3AF2C0 49] iPhone11ProMax, [000002B6ED586A00][000002B6EE3B3440 49] iPhoneSE2, [000002B6ED5D9400][000002B6EE3B75C0 49] iPhone12Mini, [000002B6ED586400][000002B6EE3BB740 49] iPhone12, [000002B6ED5D8D00][000002B6EE3BF8C0 49] iPhone12Pro, [000002B6ED586B00][000002B6EE3C3A40 49] iPhone12ProMax, [000002B6ED5DB000][000002B6EE3C7BC0 49] iPadPro105, [000002B6ED584700][000002B6EE3CA1C0 49] iPadPro129, [000002B6ED5DA800][000002B6EE3CE340 49] iPadPro97, [000002B6ED586600][000002B6EE3DE4C0 49] iPadPro2_129, [000002B6ED5DBC00][000002B6EE3E6640 49] iPad5, [000002B6ED586200][000002B6EE4667C0 49] iPad6, [000002B6ED5D8F00][000002B6EE46A940 49] iPad7, [000002B6ED586D00][000002B6EE476AC0 49] iPad8, [000002B6ED5D9100][000002B6EE39EC00 49] iPadPro11, [000002B6ED585600][000002B6EE4F8D40 49] iPadPro2_11, [000002B6ED5DB400][000002B6EE4FCE80 49] iPadPro3_129, [000002B6ED586800][000002B6EE500FC0 49] iPadPro4_129, [000002B6ED5DBA00][000002B6EE525140 49] AppleTV, [000002B6ED586100][000002B6EE5292C0 49] AppleTV4K, [000002B6ED5D9F00][000002B6EF6B9440 49] TVOS, [000002B6ED587400][000002B6EF6BD5C0 49] Mac, [000002B6ED5DB800][000002B6E6311740 49] MacClient, [000002B6ED585E00][000002B6E63158C0 49] MacNoEditor, [000002B6ED5DBF00][000002B6E6319A40 49] MacServer, [000002B6ED587500][000002B6E6321BC0 49] Linux, [000002B6ED5D8C00][000002B6E63241C0 49] LinuxAArch64, [000002B6ED586F00][000002B6E6338340 49] LinuxNoEditor, [000002B6ED5D8B00][000002B6E633C4C0 49] LinuxAArch64NoEditor, [000002B6ED587700][000002B6E6340640 49] LinuxClient, [000002B6ED5D9A00][000002B6E63447C0 49] LinuxAArch64Client, [000002B6ED585000][000002B6E6348940 49] LinuxServer, [000002B6ED5DA500][000002B6E6350AC0 49] LinuxAArch64Server, [000002B6ED585900][000002B6EF944C40 49] Android, [000002B6ED5D9300][000002B6EE520D80 49] Android_Low, [000002B6ED586700][000002B6E6360EC0 49] Android_Mid, [000002B6ED5DAB00][000002B6E6365000 49] Android_High, [000002B6ED587800][000002B6E6A73140 49] Android_Default, [000002B6ED5D9600][000002B6EE4D32C0 49] Android_Adreno4xx, [000002B6ED585500][000002B6EF5BF440 49] Android_Adreno5xx_Low, [000002B6ED59B600][000002B6EF5C35C0 49] Android_Adreno5xx, [000002B6ED5F1800][000002B6EF5C7740 49] Android_Adreno6xx, [000002B6ED599200][000002B6E63558C0 49] Android_Adreno6xx_Vulkan, [000002B6ED5F3C00][000002B6EE451A40 49] Android_Mali_T6xx, [000002B6ED599100][000002B6EC0D1BC0 49] Android_Mali_T7xx, [000002B6ED5F1600][000002B6EC0D41C0 49] Android_Mali_T8xx, [000002B6ED599E00][000002B6EC0D8340 49] Android_Mali_G71, [000002B6ED5F0500][000002B6EE4DA4C0 49] Android_Mali_G72, [000002B6ED598800][000002B6EE4EA640 49] Android_Mali_G72_Vulkan, [000002B6ED5F1300][000002B6EFD247C0 49] Android_Mali_G76, [000002B6ED598100][000002B6EFD2C940 49] Android_Mali_G76_Vulkan, [000002B6ED5F1F00][000002B6EFD30AC0 49] Android_Mali_G77, [000002B6ED599000][000002B6EFD34C40 49] Android_Mali_G77_Vulkan, [000002B6ED5F0A00][000002B6EFD5CDC0 49] Android_Mali_G78, [000002B6ED59AC00][000002B6EF8A8F40 49] Android_Mali_G78_Vulkan, [000002B6ED5F3600][000002B6EE4CF080 49] Android_Mali_G710, [000002B6ED59AA00][000002B6EF8B71C0 49] Android_Mali_G710_Vulkan, [000002B6ED5F3F00][000002B6EF8BB300 49] Android_Vulkan_SM5, [000002B6ED59BB00][000002B6EF8C3480 49] Android_PowerVR_G6xxx, [000002B6ED5F3B00][000002B6EF8C7600 49] Android_PowerVR_GT7xxx, [000002B6ED59B900][000002B6EF65B780 49] Android_PowerVR_GE8xxx, [000002B6ED5F0C00][000002B6EF65F900 49] Android_PowerVR_GM9xxx, [000002B6ED59A700][000002B6EF663A80 49] Android_PowerVR_GM9xxx_Vulkan, [000002B6ED5F2700][000002B6EF667C00 49] Android_TegraK1, [000002B6ED598900][000002B6EF66A200 49] Android_Unknown_Vulkan, [000002B6ED5F1D00][000002B6EF66E380 49] Lumin, [000002B6ED598500][000002B6EF672500 49] Lumin_Desktop, [000002B6ED5F3300][000002B6EF8E6680 49] HoloLens, 
[2026.03.04-07.32.36:534][  0]LogMeshReduction: Using QuadricMeshReduction for automatic static mesh reduction
[2026.03.04-07.32.36:534][  0]LogMeshReduction: Using SimplygonMeshReduction for automatic skeletal mesh reduction
[2026.03.04-07.32.36:534][  0]LogMeshReduction: Using ProxyLODMeshReduction for automatic mesh merging
[2026.03.04-07.32.36:534][  0]LogMeshReduction: No distributed automatic mesh merging module available
[2026.03.04-07.32.36:534][  0]LogMeshMerging: No distributed automatic mesh merging module available
[2026.03.04-07.32.36:546][  0]LogNetVersion: RoadHopper 1.0.0, NetCL: 17155196, EngineNetVer: 17, GameNetVer: 0 (Checksum: 3032267352)
[2026.03.04-07.32.36:831][  0]LogTexture: Default maximum texture size for cubemaps generated from long-lat sources has been changed from 512 to unlimited. In order to preserve old behaiour for '/Engine/MapTemplates/Sky/DaylightAmbientCubemap.DaylightAmbientCubemap', its maximum texture size has been explicitly set to 512.
[2026.03.04-07.32.36:870][  0]LogHMD: PokeAHoleMaterial loaded successfully
[2026.03.04-07.32.36:874][  0]LogUObjectArray: 17178 objects as part of root set at end of initial load.
[2026.03.04-07.32.36:874][  0]LogUObjectAllocator: 4302048 out of 0 bytes used by permanent object pool.
[2026.03.04-07.32.36:874][  0]LogUObjectArray: CloseDisregardForGC: 0/0 objects in disregard for GC pool
[2026.03.04-07.32.37:109][  0]LogPython: Using Python 3.7.7
[2026.03.04-07.32.37:444][  0]LogNiagaraDebuggerClient: Niagara Debugger Client Initialized | Session: 2F4443DE4EC9D0CA31AA15BF75BF442E | Instance: F2DC653D40B1171E5065D093F3703D7A (TITANPC-24256).
[2026.03.04-07.32.37:554][  0]LogUdpMessaging: Initializing bridge on interface 0.0.0.0:0 to multicast group 230.0.0.1:6666.
[2026.03.04-07.32.37:563][  0]LogTcpMessaging: Initializing TcpMessaging bridge
[2026.03.04-07.32.37:670][  0]SourceControl: Source control is disabled
[2026.03.04-07.32.37:670][  0]SourceControl: Source control is disabled
[2026.03.04-07.32.37:674][  0]SourceControl: Source control is disabled
[2026.03.04-07.32.37:677][  0]SourceControl: Source control is disabled
[2026.03.04-07.32.37:682][  0]SourceControl: Source control is disabled
[2026.03.04-07.32.37:702][  0]LogUProjectInfo: Found projects:
[2026.03.04-07.32.37:705][  0]LogVSAccessor: Display: Unable to create Visual Studio setup instance: 80040154
[2026.03.04-07.32.37:706][  0]LogVSAccessor: Display: Unable to create Visual Studio setup instance: 80040154
[2026.03.04-07.32.37:706][  0]LogVSAccessor: Display: Unable to create Visual Studio setup instance: 80040154
[2026.03.04-07.32.37:838][  0]LogOpenImageDenoise: OIDN starting up
[2026.03.04-07.32.37:883][  0]LogAndroidPermission: UAndroidPermissionCallbackProxy::GetInstance
[2026.03.04-07.32.37:897][  0]LogAudioCaptureCore: Display: No Audio Capture implementations found. Audio input will be silent.
[2026.03.04-07.32.37:897][  0]LogAudioCaptureCore: Display: No Audio Capture implementations found. Audio input will be silent.
[2026.03.04-07.32.37:996][  0]LogCollectionManager: Loaded 0 collections in 0.000487 seconds
[2026.03.04-07.32.38:014][  0]LogFileCache: Scanning file cache for directory 'C:/Users/titan/Desktop/Titan_RoadHopper/RoadHopper4.27/Saved/Collections/' took 0.00s
[2026.03.04-07.32.38:014][  0]LogFileCache: Scanning file cache for directory 'C:/Users/titan/Desktop/Titan_RoadHopper/RoadHopper4.27/Content/Developers/titan/Collections/' took 0.00s
[2026.03.04-07.32.38:014][  0]LogFileCache: Scanning file cache for directory 'C:/Users/titan/Desktop/Titan_RoadHopper/RoadHopper4.27/Content/Collections/' took 0.00s
[2026.03.04-07.32.38:014][  0]LogOcInput: OculusInput pre-init called
[2026.03.04-07.32.38:201][  0]LogEngine: Initializing Engine...
[2026.03.04-07.32.38:204][  0]LogHMD: Failed to enumerate extensions. Please check that you have a valid OpenXR runtime installed.
[2026.03.04-07.32.38:204][  0]LogHMD: Failed to initialize OpenVR with code 110
[2026.03.04-07.32.38:204][  0]LogMagicLeap: Warning: VR disabled because ZI is not enabled.  To enable, in the editor, Edit -> Project Settings -> Plugins -> Magic Leap Plugin -> Enable Zero Iteration
[2026.03.04-07.32.38:204][  0]LogStats: UGameplayTagsManager::InitializeManager -  0.000 s
[2026.03.04-07.32.38:293][  0]LogInit: Initializing FReadOnlyCVARCache
[2026.03.04-07.32.38:303][  0]LogAIModule: Creating AISystem for world Untitled
[2026.03.04-07.32.38:304][  0]LogAudio: Display: Initializing Audio Device Manager...
[2026.03.04-07.32.38:307][  0]LogAudio: Display: Loading Default Audio Settings Objects...
[2026.03.04-07.32.38:307][  0]LogAudio: Display: No default SoundConcurrencyObject specified (or failed to load).
[2026.03.04-07.32.38:307][  0]LogAudio: Display: Audio Device Manager Initialized
[2026.03.04-07.32.38:307][  0]LogAudio: Display: Creating Audio Device:                 Id: 1, Scope: Shared, Realtime: True
[2026.03.04-07.32.38:307][  0]LogAudioMixer: Display: Audio Mixer Platform Settings:
[2026.03.04-07.32.38:307][  0]LogAudioMixer: Display: 	Sample Rate:						  48000
[2026.03.04-07.32.38:308][  0]LogAudioMixer: Display: 	Callback Buffer Frame Size Requested: 1024
[2026.03.04-07.32.38:308][  0]LogAudioMixer: Display: 	Callback Buffer Frame Size To Use:	  1024
[2026.03.04-07.32.38:308][  0]LogAudioMixer: Display: 	Number of buffers to queue:			  2
[2026.03.04-07.32.38:308][  0]LogAudioMixer: Display: 	Max Channels (voices):				  32
[2026.03.04-07.32.38:308][  0]LogAudioMixer: Display: 	Number of Async Source Workers:		  0
[2026.03.04-07.32.38:308][  0]LogAudio: Display: AudioDevice MaxSources: 32
[2026.03.04-07.32.38:308][  0]LogAudio: Display: Audio Spatialization Plugin: None (built-in).
[2026.03.04-07.32.38:308][  0]LogAudio: Display: Audio Reverb Plugin: None (built-in).
[2026.03.04-07.32.38:308][  0]LogAudio: Display: Audio Occlusion Plugin: None (built-in).
[2026.03.04-07.32.38:308][  0]LogAudioMixer: Display: Initializing audio mixer.
[2026.03.04-07.32.38:316][  0]LogAudioMixer: Display: 0: FrontLeft
[2026.03.04-07.32.38:316][  0]LogAudioMixer: Display: 1: FrontRight
[2026.03.04-07.32.38:316][  0]LogAudioMixer: Display: 2: FrontCenter
[2026.03.04-07.32.38:316][  0]LogAudioMixer: Display: 3: LowFrequency
[2026.03.04-07.32.38:316][  0]LogAudioMixer: Display: 4: BackLeft
[2026.03.04-07.32.38:316][  0]LogAudioMixer: Display: 5: BackRight
[2026.03.04-07.32.38:316][  0]LogAudioMixer: Display: 6: SideLeft
[2026.03.04-07.32.38:316][  0]LogAudioMixer: Display: 7: SideRight
[2026.03.04-07.32.38:332][  0]LogAudioMixer: Display: Using Audio Device Headset Earphone (CORSAIR VOID PRO Wireless Gaming Headset)
[2026.03.04-07.32.38:334][  0]LogAudioMixer: Display: Initializing Sound Submixes...
[2026.03.04-07.32.38:336][  0]LogAudioMixer: Display: Creating Master Submix 'MasterSubmixDefault'
[2026.03.04-07.32.38:336][  0]LogAudioMixer: Display: Creating Master Submix 'MasterReverbSubmixDefault'
[2026.03.04-07.32.38:337][  0]LogAudioMixer: Display: Creating Master Submix 'MasterEQSubmixDefault'
[2026.03.04-07.32.38:337][  0]LogAudioMixer: FMixerPlatformXAudio2::StartAudioStream() called
[2026.03.04-07.32.38:337][  0]LogAudioMixer: Display: Output buffers initialized: Frames=1024, Channels=8, Samples=8192
[2026.03.04-07.32.38:338][  0]LogAudioMixer: Display: Starting AudioMixerPlatformInterface::RunInternal()
[2026.03.04-07.32.38:338][  0]LogAudioMixer: Display: FMixerPlatformXAudio2::SubmitBuffer() called for the first time
[2026.03.04-07.32.38:338][  0]LogInit: FAudioDevice initialized.
[2026.03.04-07.32.38:338][  0]LogAudio: Display: Audio Device (ID: 1) registered with world 'Untitled'.
[2026.03.04-07.32.38:338][  0]LogNetVersion: Set ProjectVersion to 1.0.0.0. Version Checksum will be recalculated on next use.
[2026.03.04-07.32.38:411][  0]LogDerivedDataCache: Saved boot cache 0.07s 94MB C:/Users/titan/AppData/Local/UnrealEngine/4.27/DerivedDataCache/Boot.ddc.
[2026.03.04-07.32.38:411][  0]LogInit: Texture streaming: Enabled
[2026.03.04-07.32.38:421][  0]LogAnalytics: Display: [UEEditor.Rocket.Release] APIServer = https://datarouter.ol.epicgames.com/. AppVersion = 4.27.2-18319896+++UE4+Release-4.27
[2026.03.04-07.32.38:424][  0]LogEngineSessionManager: EngineSessionManager initialized
[2026.03.04-07.32.38:424][  0]LogEditorSessionSummary: Verbose: Initializing EditorSessionSummaryWriter for editor session tracking
[2026.03.04-07.32.38:425][  0]LogEditorSessionSummary: EditorSessionSummaryWriter initialized
[2026.03.04-07.32.38:444][  0]LogInit: Transaction tracking system initialized
[2026.03.04-07.32.38:461][  0]BlueprintLog: New page: Editor Load
[2026.03.04-07.32.38:507][  0]LocalizationService: Localization service is disabled
[2026.03.04-07.32.38:528][  0]TimingProfiler: Initialize
[2026.03.04-07.32.38:528][  0]TimingProfiler: OnSessionChanged
[2026.03.04-07.32.38:528][  0]LoadingProfiler: Initialize
[2026.03.04-07.32.38:528][  0]LoadingProfiler: OnSessionChanged
[2026.03.04-07.32.38:528][  0]NetworkingProfiler: Initialize
[2026.03.04-07.32.38:528][  0]NetworkingProfiler: OnSessionChanged
[2026.03.04-07.32.38:528][  0]MemoryProfiler: Initialize
[2026.03.04-07.32.38:528][  0]MemoryProfiler: OnSessionChanged
[2026.03.04-07.32.38:572][  0]LogVSAccessor: Display: Unable to create Visual Studio setup instance: 80040154
[2026.03.04-07.32.38:573][  0]LogVSAccessor: Display: Unable to create Visual Studio setup instance: 80040154
[2026.03.04-07.32.38:573][  0]LogVSAccessor: Display: Unable to create Visual Studio setup instance: 80040154
[2026.03.04-07.32.38:636][  0]LogCook: Display: CookSettings for Memory: MemoryMaxUsedVirtual 0MiB, MemoryMaxUsedPhysical 16384MiB, MemoryMinFreeVirtual 0MiB, MemoryMinFreePhysical 1024MiB
[2026.03.04-07.32.38:636][  0]LogCook: Display: Mobile HDR setting 1
[2026.03.04-07.32.38:787][  0]LogFileCache: Scanning file cache for directory 'C:/Users/titan/Desktop/Titan_RoadHopper/RoadHopper4.27/Content/' took 0.00s
[2026.03.04-07.32.38:940][  0]LogInit: Display: Engine is initialized. Leaving FEngineLoop::Init()
[2026.03.04-07.32.38:943][  0]SourceControl: Source control is disabled
[2026.03.04-07.32.38:943][  0]LogUnrealEdMisc: Loading editor; pre map load, took 5.225
[2026.03.04-07.32.38:943][  0]Cmd: MAP LOAD FILE="../../../Engine/Content/Maps/Templates/Template_Default.umap" TEMPLATE=1 SHOWPROGRESS=1 FEATURELEVEL=3
[2026.03.04-07.32.38:943][  0]LightingResults: New page: Lighting Build
[2026.03.04-07.32.38:944][  0]LogWorld: UWorld::CleanupWorld for Untitled, bSessionEnded=true, bCleanupResources=true
[2026.03.04-07.32.38:944][  0]LogSlate: InvalidateAllWidgets triggered.  All widgets were invalidated
[2026.03.04-07.32.38:944][  0]MapCheck: New page: Map Check
[2026.03.04-07.32.38:944][  0]LightingResults: New page: Lighting Build
[2026.03.04-07.32.38:947][  0]LogAudio: Display: Audio Device unregistered from world 'None'.
[2026.03.04-07.32.38:949][  0]LogUObjectHash: Compacting FUObjectHashTables data took   0.50ms
[2026.03.04-07.32.38:979][  0]LogTexture: Display: Building textures: DeprecatedTextureEB9CBE3C423008B5E8E130901E171C89 (BGRA8, 128X128)
[2026.03.04-07.32.38:988][  0]LogAudio: Display: Audio Device (ID: 1) registered with world 'Untitled_1'.
[2026.03.04-07.32.38:989][  0]LogAIModule: Creating AISystem for world Untitled_1
[2026.03.04-07.32.38:993][  0]LogEditorServer: Finished looking for orphan Actors (0.000 secs)
[2026.03.04-07.32.39:000][  0]LogUObjectHash: Compacting FUObjectHashTables data took   0.77ms
[2026.03.04-07.32.39:000][  0]Cmd: MAP CHECKDEP NOCLEARLOG
[2026.03.04-07.32.39:001][  0]MapCheck: Map check complete: 0 Error(s), 0 Warning(s), took 0.284ms to complete.
[2026.03.04-07.32.39:001][  0]LogFileHelpers: Loading map 'Template_Default' took 0.058
[2026.03.04-07.32.39:003][  0]LogUnrealEdMisc: Total Editor Startup Time, took 5.286
[2026.03.04-07.32.39:106][  0]LogSlate: Updating window title bar state: overlay mode, drag disabled, window buttons hidden, title bar hidden
[2026.03.04-07.32.39:110][  0]LogSlate: Updating window title bar state: overlay mode, drag disabled, window buttons hidden, title bar hidden
[2026.03.04-07.32.39:114][  0]LogSlate: Updating window title bar state: overlay mode, drag disabled, window buttons hidden, title bar hidden
[2026.03.04-07.32.39:118][  0]LogSlate: Updating window title bar state: overlay mode, drag disabled, window buttons hidden, title bar hidden
[2026.03.04-07.32.39:128][  0]LogNativeClassHierarchy: Verbose: Native class hierarchy populated in 0.0067 seconds. Added 3822 classes and 928 folders.
[2026.03.04-07.32.39:132][  0]LogNativeClassHierarchy: Verbose: Native class hierarchy updated for 'WidgetCarousel' in 0.0002 seconds. Added 0 classes and 0 folders.
[2026.03.04-07.32.39:133][  0]LogPakFile: PakFile PrimaryIndexSize=187
[2026.03.04-07.32.39:133][  0]LogPakFile: PakFile PathHashIndexSize=101
[2026.03.04-07.32.39:133][  0]LogPakFile: PakFile FullDirectoryIndexSize=148
[2026.03.04-07.32.39:133][  0]LogShaderLibrary: Display: ShaderCodeLibraryPakFileMountedCallback: PakFile 'D:/Epic Games/UE_4.27/FeaturePacks/FP_FirstPerson.upack' (chunk index -1, root 'root:/') mounted
[2026.03.04-07.32.39:133][  0]LogShaderLibrary: Display: ShaderCodeLibraryPakFileMountedCallback: pending pak file info (ChunkID:-1 Root:root:/ File:D:/Epic Games/UE_4.27/FeaturePacks/FP_FirstPerson.upack)
[2026.03.04-07.32.39:133][  0]LogPakFile: OnPakFileMounted2Time == 0.000042
[2026.03.04-07.32.39:134][  0]LogPakFile: PakFile PrimaryIndexSize=189
[2026.03.04-07.32.39:134][  0]LogPakFile: PakFile PathHashIndexSize=101
[2026.03.04-07.32.39:134][  0]LogPakFile: PakFile FullDirectoryIndexSize=152
[2026.03.04-07.32.39:134][  0]LogShaderLibrary: Display: ShaderCodeLibraryPakFileMountedCallback: PakFile 'D:/Epic Games/UE_4.27/FeaturePacks/FP_FirstPersonBP.upack' (chunk index -1, root 'root:/') mounted
[2026.03.04-07.32.39:134][  0]LogShaderLibrary: Display: ShaderCodeLibraryPakFileMountedCallback: pending pak file info (ChunkID:-1 Root:root:/ File:D:/Epic Games/UE_4.27/FeaturePacks/FP_FirstPersonBP.upack)
[2026.03.04-07.32.39:134][  0]LogPakFile: OnPakFileMounted2Time == 0.000025
[2026.03.04-07.32.39:134][  0]LogPakFile: PakFile PrimaryIndexSize=191
[2026.03.04-07.32.39:134][  0]LogPakFile: PakFile PathHashIndexSize=101
[2026.03.04-07.32.39:134][  0]LogPakFile: PakFile FullDirectoryIndexSize=160
[2026.03.04-07.32.39:134][  0]LogShaderLibrary: Display: ShaderCodeLibraryPakFileMountedCallback: PakFile 'D:/Epic Games/UE_4.27/FeaturePacks/MobileStarterContent.upack' (chunk index -1, root 'root:/') mounted
[2026.03.04-07.32.39:134][  0]LogShaderLibrary: Display: ShaderCodeLibraryPakFileMountedCallback: pending pak file info (ChunkID:-1 Root:root:/ File:D:/Epic Games/UE_4.27/FeaturePacks/MobileStarterContent.upack)
[2026.03.04-07.32.39:134][  0]LogPakFile: OnPakFileMounted2Time == 0.000023
[2026.03.04-07.32.39:134][  0]LogPakFile: PakFile PrimaryIndexSize=185
[2026.03.04-07.32.39:134][  0]LogPakFile: PakFile PathHashIndexSize=101
[2026.03.04-07.32.39:134][  0]LogPakFile: PakFile FullDirectoryIndexSize=148
[2026.03.04-07.32.39:134][  0]LogShaderLibrary: Display: ShaderCodeLibraryPakFileMountedCallback: PakFile 'D:/Epic Games/UE_4.27/FeaturePacks/StarterContent.upack' (chunk index -1, root 'root:/') mounted
[2026.03.04-07.32.39:134][  0]LogShaderLibrary: Display: ShaderCodeLibraryPakFileMountedCallback: pending pak file info (ChunkID:-1 Root:root:/ File:D:/Epic Games/UE_4.27/FeaturePacks/StarterContent.upack)
[2026.03.04-07.32.39:134][  0]LogPakFile: OnPakFileMounted2Time == 0.000021
[2026.03.04-07.32.39:135][  0]LogPakFile: PakFile PrimaryIndexSize=190
[2026.03.04-07.32.39:135][  0]LogPakFile: PakFile PathHashIndexSize=101
[2026.03.04-07.32.39:135][  0]LogPakFile: PakFile FullDirectoryIndexSize=154
[2026.03.04-07.32.39:135][  0]LogShaderLibrary: Display: ShaderCodeLibraryPakFileMountedCallback: PakFile 'D:/Epic Games/UE_4.27/FeaturePacks/TP_2DSideScroller.upack' (chunk index -1, root 'root:/') mounted
[2026.03.04-07.32.39:135][  0]LogShaderLibrary: Display: ShaderCodeLibraryPakFileMountedCallback: pending pak file info (ChunkID:-1 Root:root:/ File:D:/Epic Games/UE_4.27/FeaturePacks/TP_2DSideScroller.upack)
[2026.03.04-07.32.39:135][  0]LogPakFile: OnPakFileMounted2Time == 0.000020
[2026.03.04-07.32.39:136][  0]LogPakFile: PakFile PrimaryIndexSize=192
[2026.03.04-07.32.39:136][  0]LogPakFile: PakFile PathHashIndexSize=101
[2026.03.04-07.32.39:136][  0]LogPakFile: PakFile FullDirectoryIndexSize=158
[2026.03.04-07.32.39:136][  0]LogShaderLibrary: Display: ShaderCodeLibraryPakFileMountedCallback: PakFile 'D:/Epic Games/UE_4.27/FeaturePacks/TP_2DSideScrollerBP.upack' (chunk index -1, root 'root:/') mounted
[2026.03.04-07.32.39:136][  0]LogShaderLibrary: Display: ShaderCodeLibraryPakFileMountedCallback: pending pak file info (ChunkID:-1 Root:root:/ File:D:/Epic Games/UE_4.27/FeaturePacks/TP_2DSideScrollerBP.upack)
[2026.03.04-07.32.39:136][  0]LogPakFile: OnPakFileMounted2Time == 0.000019
[2026.03.04-07.32.39:136][  0]LogPakFile: PakFile PrimaryIndexSize=182
[2026.03.04-07.32.39:136][  0]LogPakFile: PakFile PathHashIndexSize=101
[2026.03.04-07.32.39:136][  0]LogPakFile: PakFile FullDirectoryIndexSize=138
[2026.03.04-07.32.39:136][  0]LogShaderLibrary: Display: ShaderCodeLibraryPakFileMountedCallback: PakFile 'D:/Epic Games/UE_4.27/FeaturePacks/TP_Flying.upack' (chunk index -1, root 'root:/') mounted
[2026.03.04-07.32.39:136][  0]LogShaderLibrary: Display: ShaderCodeLibraryPakFileMountedCallback: pending pak file info (ChunkID:-1 Root:root:/ File:D:/Epic Games/UE_4.27/FeaturePacks/TP_Flying.upack)
[2026.03.04-07.32.39:136][  0]LogPakFile: OnPakFileMounted2Time == 0.000024
[2026.03.04-07.32.39:137][  0]LogPakFile: PakFile PrimaryIndexSize=184
[2026.03.04-07.32.39:137][  0]LogPakFile: PakFile PathHashIndexSize=101
[2026.03.04-07.32.39:137][  0]LogPakFile: PakFile FullDirectoryIndexSize=142
[2026.03.04-07.32.39:137][  0]LogShaderLibrary: Display: ShaderCodeLibraryPakFileMountedCallback: PakFile 'D:/Epic Games/UE_4.27/FeaturePacks/TP_FlyingBP.upack' (chunk index -1, root 'root:/') mounted
[2026.03.04-07.32.39:137][  0]LogShaderLibrary: Display: ShaderCodeLibraryPakFileMountedCallback: pending pak file info (ChunkID:-1 Root:root:/ File:D:/Epic Games/UE_4.27/FeaturePacks/TP_FlyingBP.upack)
[2026.03.04-07.32.39:137][  0]LogPakFile: OnPakFileMounted2Time == 0.000021
[2026.03.04-07.32.39:137][  0]LogPakFile: PakFile PrimaryIndexSize=188
[2026.03.04-07.32.39:137][  0]LogPakFile: PakFile PathHashIndexSize=101
[2026.03.04-07.32.39:137][  0]LogPakFile: PakFile FullDirectoryIndexSize=150
[2026.03.04-07.32.39:137][  0]LogShaderLibrary: Display: ShaderCodeLibraryPakFileMountedCallback: PakFile 'D:/Epic Games/UE_4.27/FeaturePacks/TP_HandheldARBP.upack' (chunk index -1, root 'root:/') mounted
[2026.03.04-07.32.39:137][  0]LogShaderLibrary: Display: ShaderCodeLibraryPakFileMountedCallback: pending pak file info (ChunkID:-1 Root:root:/ File:D:/Epic Games/UE_4.27/FeaturePacks/TP_HandheldARBP.upack)
[2026.03.04-07.32.39:137][  0]LogPakFile: OnPakFileMounted2Time == 0.000020
[2026.03.04-07.32.39:138][  0]LogPakFile: PakFile PrimaryIndexSize=182
[2026.03.04-07.32.39:138][  0]LogPakFile: PakFile PathHashIndexSize=101
[2026.03.04-07.32.39:138][  0]LogPakFile: PakFile FullDirectoryIndexSize=138
[2026.03.04-07.32.39:138][  0]LogShaderLibrary: Display: ShaderCodeLibraryPakFileMountedCallback: PakFile 'D:/Epic Games/UE_4.27/FeaturePacks/TP_Puzzle.upack' (chunk index -1, root 'root:/') mounted
[2026.03.04-07.32.39:138][  0]LogShaderLibrary: Display: ShaderCodeLibraryPakFileMountedCallback: pending pak file info (ChunkID:-1 Root:root:/ File:D:/Epic Games/UE_4.27/FeaturePacks/TP_Puzzle.upack)
[2026.03.04-07.32.39:138][  0]LogPakFile: OnPakFileMounted2Time == 0.000022
[2026.03.04-07.32.39:138][  0]LogPakFile: PakFile PrimaryIndexSize=184
[2026.03.04-07.32.39:138][  0]LogPakFile: PakFile PathHashIndexSize=101
[2026.03.04-07.32.39:138][  0]LogPakFile: PakFile FullDirectoryIndexSize=142
[2026.03.04-07.32.39:138][  0]LogShaderLibrary: Display: ShaderCodeLibraryPakFileMountedCallback: PakFile 'D:/Epic Games/UE_4.27/FeaturePacks/TP_PuzzleBP.upack' (chunk index -1, root 'root:/') mounted
[2026.03.04-07.32.39:138][  0]LogShaderLibrary: Display: ShaderCodeLibraryPakFileMountedCallback: pending pak file info (ChunkID:-1 Root:root:/ File:D:/Epic Games/UE_4.27/FeaturePacks/TP_PuzzleBP.upack)
[2026.03.04-07.32.39:138][  0]LogPakFile: OnPakFileMounted2Time == 0.000019
[2026.03.04-07.32.39:139][  0]LogPakFile: PakFile PrimaryIndexSize=183
[2026.03.04-07.32.39:139][  0]LogPakFile: PakFile PathHashIndexSize=101
[2026.03.04-07.32.39:139][  0]LogPakFile: PakFile FullDirectoryIndexSize=140
[2026.03.04-07.32.39:139][  0]LogShaderLibrary: Display: ShaderCodeLibraryPakFileMountedCallback: PakFile 'D:/Epic Games/UE_4.27/FeaturePacks/TP_Rolling.upack' (chunk index -1, root 'root:/') mounted
[2026.03.04-07.32.39:139][  0]LogShaderLibrary: Display: ShaderCodeLibraryPakFileMountedCallback: pending pak file info (ChunkID:-1 Root:root:/ File:D:/Epic Games/UE_4.27/FeaturePacks/TP_Rolling.upack)
[2026.03.04-07.32.39:139][  0]LogPakFile: OnPakFileMounted2Time == 0.000019
[2026.03.04-07.32.39:139][  0]LogPakFile: PakFile PrimaryIndexSize=185
[2026.03.04-07.32.39:139][  0]LogPakFile: PakFile PathHashIndexSize=101
[2026.03.04-07.32.39:139][  0]LogPakFile: PakFile FullDirectoryIndexSize=144
[2026.03.04-07.32.39:139][  0]LogShaderLibrary: Display: ShaderCodeLibraryPakFileMountedCallback: PakFile 'D:/Epic Games/UE_4.27/FeaturePacks/TP_RollingBP.upack' (chunk index -1, root 'root:/') mounted
[2026.03.04-07.32.39:139][  0]LogShaderLibrary: Display: ShaderCodeLibraryPakFileMountedCallback: pending pak file info (ChunkID:-1 Root:root:/ File:D:/Epic Games/UE_4.27/FeaturePacks/TP_RollingBP.upack)
[2026.03.04-07.32.39:139][  0]LogPakFile: OnPakFileMounted2Time == 0.000019
[2026.03.04-07.32.39:140][  0]LogPakFile: PakFile PrimaryIndexSize=188
[2026.03.04-07.32.39:140][  0]LogPakFile: PakFile PathHashIndexSize=101
[2026.03.04-07.32.39:140][  0]LogPakFile: PakFile FullDirectoryIndexSize=150
[2026.03.04-07.32.39:140][  0]LogShaderLibrary: Display: ShaderCodeLibraryPakFileMountedCallback: PakFile 'D:/Epic Games/UE_4.27/FeaturePacks/TP_SideScroller.upack' (chunk index -1, root 'root:/') mounted
[2026.03.04-07.32.39:140][  0]LogShaderLibrary: Display: ShaderCodeLibraryPakFileMountedCallback: pending pak file info (ChunkID:-1 Root:root:/ File:D:/Epic Games/UE_4.27/FeaturePacks/TP_SideScroller.upack)
[2026.03.04-07.32.39:140][  0]LogPakFile: OnPakFileMounted2Time == 0.000019
[2026.03.04-07.32.39:140][  0]LogPakFile: PakFile PrimaryIndexSize=190
[2026.03.04-07.32.39:140][  0]LogPakFile: PakFile PathHashIndexSize=101
[2026.03.04-07.32.39:140][  0]LogPakFile: PakFile FullDirectoryIndexSize=154
[2026.03.04-07.32.39:140][  0]LogShaderLibrary: Display: ShaderCodeLibraryPakFileMountedCallback: PakFile 'D:/Epic Games/UE_4.27/FeaturePacks/TP_SideScrollerBP.upack' (chunk index -1, root 'root:/') mounted
[2026.03.04-07.32.39:140][  0]LogShaderLibrary: Display: ShaderCodeLibraryPakFileMountedCallback: pending pak file info (ChunkID:-1 Root:root:/ File:D:/Epic Games/UE_4.27/FeaturePacks/TP_SideScrollerBP.upack)
[2026.03.04-07.32.39:140][  0]LogPakFile: OnPakFileMounted2Time == 0.000020
[2026.03.04-07.32.39:140][  0]LogPakFile: PakFile PrimaryIndexSize=187
[2026.03.04-07.32.39:140][  0]LogPakFile: PakFile PathHashIndexSize=101
[2026.03.04-07.32.39:140][  0]LogPakFile: PakFile FullDirectoryIndexSize=148
[2026.03.04-07.32.39:140][  0]LogShaderLibrary: Display: ShaderCodeLibraryPakFileMountedCallback: PakFile 'D:/Epic Games/UE_4.27/FeaturePacks/TP_ThirdPerson.upack' (chunk index -1, root 'root:/') mounted
[2026.03.04-07.32.39:140][  0]LogShaderLibrary: Display: ShaderCodeLibraryPakFileMountedCallback: pending pak file info (ChunkID:-1 Root:root:/ File:D:/Epic Games/UE_4.27/FeaturePacks/TP_ThirdPerson.upack)
[2026.03.04-07.32.39:140][  0]LogPakFile: OnPakFileMounted2Time == 0.000020
[2026.03.04-07.32.39:141][  0]LogPakFile: PakFile PrimaryIndexSize=189
[2026.03.04-07.32.39:141][  0]LogPakFile: PakFile PathHashIndexSize=101
[2026.03.04-07.32.39:141][  0]LogPakFile: PakFile FullDirectoryIndexSize=152
[2026.03.04-07.32.39:141][  0]LogShaderLibrary: Display: ShaderCodeLibraryPakFileMountedCallback: PakFile 'D:/Epic Games/UE_4.27/FeaturePacks/TP_ThirdPersonBP.upack' (chunk index -1, root 'root:/') mounted
[2026.03.04-07.32.39:141][  0]LogShaderLibrary: Display: ShaderCodeLibraryPakFileMountedCallback: pending pak file info (ChunkID:-1 Root:root:/ File:D:/Epic Games/UE_4.27/FeaturePacks/TP_ThirdPersonBP.upack)
[2026.03.04-07.32.39:141][  0]LogPakFile: OnPakFileMounted2Time == 0.000019
[2026.03.04-07.32.39:141][  0]LogPakFile: PakFile PrimaryIndexSize=183
[2026.03.04-07.32.39:141][  0]LogPakFile: PakFile PathHashIndexSize=101
[2026.03.04-07.32.39:141][  0]LogPakFile: PakFile FullDirectoryIndexSize=140
[2026.03.04-07.32.39:141][  0]LogShaderLibrary: Display: ShaderCodeLibraryPakFileMountedCallback: PakFile 'D:/Epic Games/UE_4.27/FeaturePacks/TP_TopDown.upack' (chunk index -1, root 'root:/') mounted
[2026.03.04-07.32.39:141][  0]LogShaderLibrary: Display: ShaderCodeLibraryPakFileMountedCallback: pending pak file info (ChunkID:-1 Root:root:/ File:D:/Epic Games/UE_4.27/FeaturePacks/TP_TopDown.upack)
[2026.03.04-07.32.39:141][  0]LogPakFile: OnPakFileMounted2Time == 0.000026
[2026.03.04-07.32.39:142][  0]LogPakFile: PakFile PrimaryIndexSize=185
[2026.03.04-07.32.39:142][  0]LogPakFile: PakFile PathHashIndexSize=101
[2026.03.04-07.32.39:142][  0]LogPakFile: PakFile FullDirectoryIndexSize=144
[2026.03.04-07.32.39:142][  0]LogShaderLibrary: Display: ShaderCodeLibraryPakFileMountedCallback: PakFile 'D:/Epic Games/UE_4.27/FeaturePacks/TP_TopDownBP.upack' (chunk index -1, root 'root:/') mounted
[2026.03.04-07.32.39:142][  0]LogShaderLibrary: Display: ShaderCodeLibraryPakFileMountedCallback: pending pak file info (ChunkID:-1 Root:root:/ File:D:/Epic Games/UE_4.27/FeaturePacks/TP_TopDownBP.upack)
[2026.03.04-07.32.39:142][  0]LogPakFile: OnPakFileMounted2Time == 0.000020
[2026.03.04-07.32.39:142][  0]LogPakFile: PakFile PrimaryIndexSize=185
[2026.03.04-07.32.39:142][  0]LogPakFile: PakFile PathHashIndexSize=101
[2026.03.04-07.32.39:142][  0]LogPakFile: PakFile FullDirectoryIndexSize=144
[2026.03.04-07.32.39:142][  0]LogShaderLibrary: Display: ShaderCodeLibraryPakFileMountedCallback: PakFile 'D:/Epic Games/UE_4.27/FeaturePacks/TP_TwinStick.upack' (chunk index -1, root 'root:/') mounted
[2026.03.04-07.32.39:142][  0]LogShaderLibrary: Display: ShaderCodeLibraryPakFileMountedCallback: pending pak file info (ChunkID:-1 Root:root:/ File:D:/Epic Games/UE_4.27/FeaturePacks/TP_TwinStick.upack)
[2026.03.04-07.32.39:142][  0]LogPakFile: OnPakFileMounted2Time == 0.000023
[2026.03.04-07.32.39:142][  0]LogPakFile: PakFile PrimaryIndexSize=187
[2026.03.04-07.32.39:142][  0]LogPakFile: PakFile PathHashIndexSize=101
[2026.03.04-07.32.39:142][  0]LogPakFile: PakFile FullDirectoryIndexSize=148
[2026.03.04-07.32.39:142][  0]LogShaderLibrary: Display: ShaderCodeLibraryPakFileMountedCallback: PakFile 'D:/Epic Games/UE_4.27/FeaturePacks/TP_TwinStickBP.upack' (chunk index -1, root 'root:/') mounted
[2026.03.04-07.32.39:142][  0]LogShaderLibrary: Display: ShaderCodeLibraryPakFileMountedCallback: pending pak file info (ChunkID:-1 Root:root:/ File:D:/Epic Games/UE_4.27/FeaturePacks/TP_TwinStickBP.upack)
[2026.03.04-07.32.39:142][  0]LogPakFile: OnPakFileMounted2Time == 0.000019
[2026.03.04-07.32.39:143][  0]LogPakFile: PakFile PrimaryIndexSize=183
[2026.03.04-07.32.39:143][  0]LogPakFile: PakFile PathHashIndexSize=101
[2026.03.04-07.32.39:143][  0]LogPakFile: PakFile FullDirectoryIndexSize=140
[2026.03.04-07.32.39:143][  0]LogShaderLibrary: Display: ShaderCodeLibraryPakFileMountedCallback: PakFile 'D:/Epic Games/UE_4.27/FeaturePacks/TP_Vehicle.upack' (chunk index -1, root 'root:/') mounted
[2026.03.04-07.32.39:143][  0]LogShaderLibrary: Display: ShaderCodeLibraryPakFileMountedCallback: pending pak file info (ChunkID:-1 Root:root:/ File:D:/Epic Games/UE_4.27/FeaturePacks/TP_Vehicle.upack)
[2026.03.04-07.32.39:143][  0]LogPakFile: OnPakFileMounted2Time == 0.000019
[2026.03.04-07.32.39:143][  0]LogPakFile: PakFile PrimaryIndexSize=186
[2026.03.04-07.32.39:143][  0]LogPakFile: PakFile PathHashIndexSize=101
[2026.03.04-07.32.39:143][  0]LogPakFile: PakFile FullDirectoryIndexSize=146
[2026.03.04-07.32.39:143][  0]LogShaderLibrary: Display: ShaderCodeLibraryPakFileMountedCallback: PakFile 'D:/Epic Games/UE_4.27/FeaturePacks/TP_VehicleAdv.upack' (chunk index -1, root 'root:/') mounted
[2026.03.04-07.32.39:143][  0]LogShaderLibrary: Display: ShaderCodeLibraryPakFileMountedCallback: pending pak file info (ChunkID:-1 Root:root:/ File:D:/Epic Games/UE_4.27/FeaturePacks/TP_VehicleAdv.upack)
[2026.03.04-07.32.39:143][  0]LogPakFile: OnPakFileMounted2Time == 0.000020
[2026.03.04-07.32.39:144][  0]LogPakFile: PakFile PrimaryIndexSize=188
[2026.03.04-07.32.39:144][  0]LogPakFile: PakFile PathHashIndexSize=101
[2026.03.04-07.32.39:144][  0]LogPakFile: PakFile FullDirectoryIndexSize=150
[2026.03.04-07.32.39:144][  0]LogShaderLibrary: Display: ShaderCodeLibraryPakFileMountedCallback: PakFile 'D:/Epic Games/UE_4.27/FeaturePacks/TP_VehicleAdvBP.upack' (chunk index -1, root 'root:/') mounted
[2026.03.04-07.32.39:144][  0]LogShaderLibrary: Display: ShaderCodeLibraryPakFileMountedCallback: pending pak file info (ChunkID:-1 Root:root:/ File:D:/Epic Games/UE_4.27/FeaturePacks/TP_VehicleAdvBP.upack)
[2026.03.04-07.32.39:144][  0]LogPakFile: OnPakFileMounted2Time == 0.000019
[2026.03.04-07.32.39:144][  0]LogPakFile: PakFile PrimaryIndexSize=185
[2026.03.04-07.32.39:144][  0]LogPakFile: PakFile PathHashIndexSize=101
[2026.03.04-07.32.39:144][  0]LogPakFile: PakFile FullDirectoryIndexSize=144
[2026.03.04-07.32.39:144][  0]LogShaderLibrary: Display: ShaderCodeLibraryPakFileMountedCallback: PakFile 'D:/Epic Games/UE_4.27/FeaturePacks/TP_VehicleBP.upack' (chunk index -1, root 'root:/') mounted
[2026.03.04-07.32.39:144][  0]LogShaderLibrary: Display: ShaderCodeLibraryPakFileMountedCallback: pending pak file info (ChunkID:-1 Root:root:/ File:D:/Epic Games/UE_4.27/FeaturePacks/TP_VehicleBP.upack)
[2026.03.04-07.32.39:144][  0]LogPakFile: OnPakFileMounted2Time == 0.000021
[2026.03.04-07.32.39:144][  0]LogPakFile: PakFile PrimaryIndexSize=192
[2026.03.04-07.32.39:144][  0]LogPakFile: PakFile PathHashIndexSize=101
[2026.03.04-07.32.39:144][  0]LogPakFile: PakFile FullDirectoryIndexSize=158
[2026.03.04-07.32.39:144][  0]LogShaderLibrary: Display: ShaderCodeLibraryPakFileMountedCallback: PakFile 'D:/Epic Games/UE_4.27/FeaturePacks/TP_VirtualRealityBP.upack' (chunk index -1, root 'root:/') mounted
[2026.03.04-07.32.39:144][  0]LogShaderLibrary: Display: ShaderCodeLibraryPakFileMountedCallback: pending pak file info (ChunkID:-1 Root:root:/ File:D:/Epic Games/UE_4.27/FeaturePacks/TP_VirtualRealityBP.upack)
[2026.03.04-07.32.39:144][  0]LogPakFile: OnPakFileMounted2Time == 0.000020
[2026.03.04-07.32.39:182][  0]LogNativeClassHierarchy: Verbose: Native class hierarchy updated for 'AddContentDialog' in 0.0002 seconds. Added 0 classes and 0 folders.
[2026.03.04-07.32.39:183][  0]LogNativeClassHierarchy: Verbose: Native class hierarchy updated for 'SceneOutliner' in 0.0002 seconds. Added 2 classes and 0 folders.
[2026.03.04-07.32.39:204][  0]LogSlate: Took 0.000336 seconds to synchronously load lazily loaded font '../../../Engine/Content/Slate/Fonts/Roboto-Regular.ttf' (155K)
[2026.03.04-07.32.39:204][  0]LogSlate: Took 0.000315 seconds to synchronously load lazily loaded font '../../../Engine/Content/Editor/Slate/Fonts/FontAwesome.ttf' (139K)
[2026.03.04-07.32.39:206][  0]LogSlate: Took 0.000254 seconds to synchronously load lazily loaded font '../../../Engine/Content/Slate/Fonts/Roboto-Bold.ttf' (160K)
[2026.03.04-07.32.39:264][  0]LogRenderer: Reallocating scene render targets to support 1756x992 Format 10 NumSamples 1 (Frame:1).
[2026.03.04-07.32.39:335][  0]LogNativeClassHierarchy: Verbose: Native class hierarchy updated for 'HierarchicalLODOutliner' in 0.0002 seconds. Added 0 classes and 0 folders.
[2026.03.04-07.32.39:335][  0]LogLoad: (Engine Initialization) Total time: 5.62 seconds
[2026.03.04-07.32.39:335][  0]LogLoad: (Engine Initialization) Total Blueprint compile time: 0.00 seconds
[2026.03.04-07.32.39:366][  0]LogAssetRegistry: Asset discovery search completed in 3.0689 seconds
[2026.03.04-07.32.39:370][  0]LogCollectionManager: Fixed up redirectors for 0 collections in 0.000004 seconds (updated 0 objects)
[2026.03.04-07.32.39:372][  0]LogContentStreaming: Texture pool size now 1000 MB
[2026.03.04-07.32.39:458][  8]LogSlate: Took 0.000313 seconds to synchronously load lazily loaded font '../../../Engine/Content/Slate/Fonts/Roboto-Light.ttf' (167K)
[2026.03.04-07.32.43:403][476]LogLinker: Warning: Asset 'C:/Users/titan/Desktop/Titan_RoadHopper/RoadHopper4.27/Content/Blueprints/GM_RoadHopper.uasset' has been saved with empty engine version. The asset will be loaded but may be incompatible.
[2026.03.04-07.32.43:411][476]LogSlate: Took 0.000227 seconds to synchronously load lazily loaded font '../../../Engine/Content/Slate/Fonts/Roboto-Light.ttf' (167K)
[2026.03.04-07.32.43:423][476]LogAssetEditorSubsystem: Opening Asset editor for Blueprint /Game/Blueprints/GM_RoadHopper.GM_RoadHopper
[2026.03.04-07.32.43:557][476]LogNativeClassHierarchy: Verbose: Native class hierarchy updated for 'BlueprintGraph' in 0.0003 seconds. Added 126 classes and 0 folders.
[2026.03.04-07.32.44:060][476]LogSlate: Took 0.000238 seconds to synchronously load lazily loaded font '../../../Engine/Content/Slate/Fonts/Roboto-BoldCondensed.ttf' (158K)
[2026.03.04-07.32.46:214][730]LogSlate: Window 'GM_RoadHopper' being destroyed
[2026.03.04-07.32.46:220][730]LogSlate: Window 'GM_RoadHopper' being destroyed
[2026.03.04-07.32.46:222][730]LogWorld: UWorld::CleanupWorld for World_0, bSessionEnded=true, bCleanupResources=true
[2026.03.04-07.32.46:222][730]LogSlate: InvalidateAllWidgets triggered.  All widgets were invalidated
[2026.03.04-07.32.51:809][389]LogUObjectHash: Compacting FUObjectHashTables data took   1.29ms
[2026.03.04-07.32.51:833][389]LogLinker: Warning: Asset 'C:/Users/titan/Desktop/Titan_RoadHopper/RoadHopper4.27/Content/Blueprints/BP_Grass.uasset' has been saved with empty engine version. The asset will be loaded but may be incompatible.
[2026.03.04-07.32.51:833][389]LogLinker: Warning: Asset 'C:/Users/titan/Desktop/Titan_RoadHopper/RoadHopper4.27/Content/Models/MiniGolf/open.uasset' has been saved with empty engine version. The asset will be loaded but may be incompatible.
[2026.03.04-07.32.51:833][389]LogLinker: Warning: Asset 'C:/Users/titan/Desktop/Titan_RoadHopper/RoadHopper4.27/Content/Models/MiniGolf/colormap.uasset' has been saved with empty engine version. The asset will be loaded but may be incompatible.
[2026.03.04-07.32.51:833][389]LogLinker: Warning: Asset 'C:/Users/titan/Desktop/Titan_RoadHopper/RoadHopper4.27/Content/Models/MiniGolf/colormap_ncl1_1.uasset' has been saved with empty engine version. The asset will be loaded but may be incompatible.
[2026.03.04-07.32.51:836][389]LogLinker: Warning: Asset 'C:/Users/titan/Desktop/Titan_RoadHopper/RoadHopper4.27/Content/Models/MiniCharacters/character-female-d_head-mesh.uasset' has been saved with empty engine version. The asset will be loaded but may be incompatible.
[2026.03.04-07.32.51:837][389]LogLinker: Warning: Asset 'C:/Users/titan/Desktop/Titan_RoadHopper/RoadHopper4.27/Content/Models/MiniCharacters/colormap.uasset' has been saved with empty engine version. The asset will be loaded but may be incompatible.
[2026.03.04-07.32.51:837][389]LogLinker: Warning: Asset 'C:/Users/titan/Desktop/Titan_RoadHopper/RoadHopper4.27/Content/Models/MiniCharacters/colormap_ncl1_1.uasset' has been saved with empty engine version. The asset will be loaded but may be incompatible.
[2026.03.04-07.32.51:837][389]LogLinker: Warning: Asset 'C:/Users/titan/Desktop/Titan_RoadHopper/RoadHopper4.27/Content/Models/MiniCharacters/character-female-e_body-mesh.uasset' has been saved with empty engine version. The asset will be loaded but may be incompatible.
[2026.03.04-07.32.51:841][389]LogLinker: Warning: Asset 'C:/Users/titan/Desktop/Titan_RoadHopper/RoadHopper4.27/Content/Blueprints/BP_Road.uasset' has been saved with empty engine version. The asset will be loaded but may be incompatible.
[2026.03.04-07.32.51:841][389]LogLinker: Warning: Asset 'C:/Users/titan/Desktop/Titan_RoadHopper/RoadHopper4.27/Content/Models/City/driveway-long.uasset' has been saved with empty engine version. The asset will be loaded but may be incompatible.
[2026.03.04-07.32.51:841][389]LogLinker: Warning: Asset 'C:/Users/titan/Desktop/Titan_RoadHopper/RoadHopper4.27/Content/Models/City/colormap.uasset' has been saved with empty engine version. The asset will be loaded but may be incompatible.
[2026.03.04-07.32.51:842][389]LogLinker: Warning: Asset 'C:/Users/titan/Desktop/Titan_RoadHopper/RoadHopper4.27/Content/Models/City/colormap_ncl1_1.uasset' has been saved with empty engine version. The asset will be loaded but may be incompatible.
[2026.03.04-07.32.51:843][389]LogLinker: Warning: Asset 'C:/Users/titan/Desktop/Titan_RoadHopper/RoadHopper4.27/Content/Blueprints/BP_TileRow.uasset' has been saved with empty engine version. The asset will be loaded but may be incompatible.
[2026.03.04-07.32.51:849][389]LogLinker: Warning: Asset 'C:/Users/titan/Desktop/Titan_RoadHopper/RoadHopper4.27/Content/Models/MiniCharacters/character-male-b_body-mesh.uasset' has been saved with empty engine version. The asset will be loaded but may be incompatible.
[2026.03.04-07.32.51:850][389]LogLinker: Warning: Asset 'C:/Users/titan/Desktop/Titan_RoadHopper/RoadHopper4.27/Content/Models/MiniCharacters/character-male-e_head-mesh.uasset' has been saved with empty engine version. The asset will be loaded but may be incompatible.
[2026.03.04-07.32.52:274][389]LogAssetEditorSubsystem: Opening Asset editor for World /Game/Levels/MainLevel.MainLevel
[2026.03.04-07.32.52:274][389]Cmd: MAP LOAD FILE="C:/Users/titan/Desktop/Titan_RoadHopper/RoadHopper4.27/Content/Levels/MainLevel.umap" TEMPLATE=0 SHOWPROGRESS=1 FEATURELEVEL=3
[2026.03.04-07.32.52:274][389]LightingResults: New page: Lighting Build
[2026.03.04-07.32.52:274][389]LoadErrors: New page: Loading map: MainLevel.umap
[2026.03.04-07.32.52:296][389]LogWorld: UWorld::CleanupWorld for Untitled_1, bSessionEnded=true, bCleanupResources=true
[2026.03.04-07.32.52:296][389]LogSlate: InvalidateAllWidgets triggered.  All widgets were invalidated
[2026.03.04-07.32.52:297][389]MapCheck: New page: Map Check
[2026.03.04-07.32.52:297][389]LightingResults: New page: Lighting Build
[2026.03.04-07.32.52:310][389]LogAudio: Display: Audio Device unregistered from world 'None'.
[2026.03.04-07.32.52:324][389]LogUObjectHash: Compacting FUObjectHashTables data took   1.60ms
[2026.03.04-07.32.52:324][389]LogAudio: Display: Audio Device (ID: 1) registered with world 'MainLevel'.
[2026.03.04-07.32.53:018][389]LogEditorServer: Finished looking for orphan Actors (0.000 secs)
[2026.03.04-07.32.53:018][389]LogAIModule: Creating AISystem for world MainLevel
[2026.03.04-07.32.53:068][389]LogUObjectHash: Compacting FUObjectHashTables data took   1.43ms
[2026.03.04-07.32.53:071][389]Cmd: MAP CHECKDEP NOCLEARLOG
[2026.03.04-07.32.53:071][389]MapCheck: Map check complete: 0 Error(s), 0 Warning(s), took 0.169ms to complete.
[2026.03.04-07.32.53:071][389]LogFileHelpers: Loading map 'MainLevel' took 0.798
[2026.03.04-07.33.05:097][720]LogSlate: Took 0.000281 seconds to synchronously load lazily loaded font '../../../Engine/Content/Slate/Fonts/Roboto-Italic.ttf' (157K)
